{
"type": "FeatureCollection",
"name": "bukgu_safe_zones",
"crs": { "type": "name", "properties": { "name": "urn:ogc:def:crs:OGC:1.3:CRS84" } },
"features": [
{ "type": "Feature", "properties": { "element": "relation", "id": 6942750, "amenity": null, "name": null, "name:ko": null, "operator": null, "operator:type": null, "start_date": null, "website": null, "wikidata": null, "wikipedia": null, "leisure": "park", "sport": null, "indoor": null, "access": null, "addr:city": null, "addr:district": null, "addr:housenumber": "111", "addr:postcode": "61104", "addr:street": "비엔날레로", "name:en": null, "surface": null, "addr:housename": null, "internet_access": null, "name:ja": null, "name:zh": null, "phone": null, "name:ko-Latn": null, "lit": null, "alt_name": null, "tourism": null, "parking": null, "landuse": null, "natural": null, "fixme": null, "area": null, "hoops": null, "leaf_cycle": null, "leaf_type": null, "addr:subdistrict": null, "covered": null, "education": null, "type": "multipolygon" }, "geometry": { "type": "Polygon", "coordinates": [ [ [ 126.8850601, 35.1812835 ], [ 126.8849854, 35.1813517 ], [ 126.8851851, 35.1816264 ], [ 126.8850383, 35.1818107 ], [ 126.8850979, 35.181868 ], [ 126.8849321, 35.1820029 ], [ 126.8848622, 35.1819469 ], [ 126.8848359, 35.1819522 ], [ 126.8849166, 35.1820264 ], [ 126.8850437, 35.1821809 ], [ 126.885273, 35.1822953 ], [ 126.8854431, 35.1822876 ], [ 126.885536, 35.1822779 ], [ 126.8865377, 35.1822037 ], [ 126.8865595, 35.1823537 ], [ 126.8866959, 35.1823714 ], [ 126.8881987, 35.1825141 ], [ 126.8882195, 35.1823452 ], [ 126.8884989, 35.1822612 ], [ 126.8885138, 35.1820244 ], [ 126.8885123, 35.1819675 ], [ 126.8882014, 35.1819582 ], [ 126.888103, 35.1819919 ], [ 126.8880456, 35.1819782 ], [ 126.8879068, 35.1818511 ], [ 126.8878082, 35.1816607 ], [ 126.8874031, 35.1812673 ], [ 126.8868514, 35.1809382 ], [ 126.8866146, 35.1807969 ], [ 126.886591, 35.1806673 ], [ 126.8865073, 35.1804838 ], [ 126.8864937, 35.1804441 ], [ 126.8850376, 35.1800536 ], [ 126.8848389, 35.1801573 ], [ 126.884894, 35.1804037 ], [ 126.8849777, 35.1806208 ], [ 126.8851484, 35.1807085 ], [ 126.8852929, 35.1808842 ], [ 126.8851826, 35.181157 ], [ 126.8850601, 35.1812835 ] ] ] } },
{ "type": "Feature", "properties": { "element": "relation", "id": 8953310, "amenity": null, "name": null, "name:ko": null, "operator": null, "operator:type": null, "start_date": null, "website": null, "wikidata": null, "wikipedia": null, "leisure": "track", "sport": "running", "indoor": null, "access": null, "addr:city": null, "addr:district": null, "addr:housenumber": null, "addr:postcode": null, "addr:street": null, "name:en": null, "surface": null, "addr:housename": null, "internet_access": null, "name:ja": null, "name:zh": null, "phone": null, "name:ko-Latn": null, "lit": null, "alt_name": null, "tourism": null, "parking": null, "landuse": null, "natural": null, "fixme": null, "area": null, "hoops": null, "leaf_cycle": null, "leaf_type": null, "addr:subdistrict": null, "covered": null, "education": null, "type": "multipolygon" }, "geometry": { "type": "Polygon", "coordinates": [ [ [ 126.8951754, 35.2083305 ], [ 126.8947291, 35.2083344 ], [ 126.8947627, 35.2091332 ], [ 126.8953867, 35.2091342 ], [ 126.8955083, 35.2091343 ], [ 126.8955038, 35.208728 ], [ 126.895503, 35.2083268 ], [ 126.8951754, 35.2083305 ] ], [ [ 126.894787, 35.20836 ], [ 126.8954625, 35.2083506 ], [ 126.8954768, 35.2091045 ], [ 126.8948026, 35.2091106 ], [ 126.894787, 35.20836 ] ] ] } },
{ "type": "Feature", "properties": { "element": "relation", "id": 9903586, "amenity": null, "name": "장미어린이공원", "name:ko": "장미어린이공원", "operator": null, "operator:type": null, "start_date": null, "website": null, "wikidata": null, "wikipedia": null, "leisure": "park", "sport": null, "indoor": null, "access": null, "addr:city": null, "addr:district": null, "addr:housenumber": null, "addr:postcode": null, "addr:street": null, "name:en": null, "surface": null, "addr:housename": null, "internet_access": null, "name:ja": null, "name:zh": null, "phone": null, "name:ko-Latn": null, "lit": null, "alt_name": null, "tourism": null, "parking": null, "landuse": null, "natural": null, "fixme": null, "area": null, "hoops": null, "leaf_cycle": null, "leaf_type": null, "addr:subdistrict": null, "covered": null, "education": null, "type": "multipolygon" }, "geometry": { "type": "Polygon", "coordinates": [ [ [ 126.9191059, 35.1858596 ], [ 126.9191746, 35.1858604 ], [ 126.9191976, 35.1858323 ], [ 126.919268, 35.1858312 ], [ 126.9192901, 35.1858644 ], [ 126.9193553, 35.1859389 ], [ 126.9194989, 35.1861027 ], [ 126.9197217, 35.1859836 ], [ 126.9194448, 35.1855584 ], [ 126.9193998, 35.1855234 ], [ 126.9191323, 35.1855081 ], [ 126.9191059, 35.1858596 ] ] ] } },
{ "type": "Feature", "properties": { "element": "relation", "id": 16085981, "amenity": null, "name": null, "name:ko": null, "operator": null, "operator:type": null, "start_date": null, "website": null, "wikidata": null, "wikipedia": null, "leisure": "track", "sport": "running", "indoor": null, "access": null, "addr:city": null, "addr:district": null, "addr:housenumber": null, "addr:postcode": null, "addr:street": null, "name:en": null, "surface": null, "addr:housename": null, "internet_access": null, "name:ja": null, "name:zh": null, "phone": null, "name:ko-Latn": null, "lit": null, "alt_name": null, "tourism": null, "parking": null, "landuse": null, "natural": null, "fixme": null, "area": "yes", "hoops": null, "leaf_cycle": null, "leaf_type": null, "addr:subdistrict": null, "covered": null, "education": null, "type": "multipolygon" }, "geometry": { "type": "Polygon", "coordinates": [ [ [ 126.8800312, 35.1813722 ], [ 126.8800261, 35.1812975 ], [ 126.8800107, 35.1812337 ], [ 126.8799819, 35.1811699 ], [ 126.8799521, 35.181117 ], [ 126.8799131, 35.1810616 ], [ 126.8798679, 35.1810222 ], [ 126.8798197, 35.1809986 ], [ 126.8797601, 35.1809735 ], [ 126.8796841, 35.1809508 ], [ 126.8796091, 35.1809407 ], [ 126.8795341, 35.180939 ], [ 126.879452, 35.1809474 ], [ 126.8793688, 35.1809634 ], [ 126.879302, 35.1809877 ], [ 126.8792507, 35.1810196 ], [ 126.8785349, 35.1816173 ], [ 126.8784886, 35.1816677 ], [ 126.8784568, 35.1817239 ], [ 126.8784383, 35.1817843 ], [ 126.8784332, 35.1818465 ], [ 126.8784363, 35.1819086 ], [ 126.8784548, 35.1819673 ], [ 126.8784825, 35.1820244 ], [ 126.8785205, 35.1820907 ], [ 126.8785605, 35.1821268 ], [ 126.8786026, 35.1821604 ], [ 126.878656, 35.1821881 ], [ 126.8787207, 35.1822099 ], [ 126.8787865, 35.1822267 ], [ 126.8788481, 35.1822376 ], [ 126.8789149, 35.1822368 ], [ 126.8789775, 35.1822334 ], [ 126.8790514, 35.1822208 ], [ 126.8790997, 35.1822049 ], [ 126.8791367, 35.1821864 ], [ 126.8791685, 35.1822099 ], [ 126.8801072, 35.1814419 ], [ 126.8800312, 35.1813722 ] ], [ [ 126.8786062, 35.1816383 ], [ 126.8792714, 35.1810844 ], [ 126.8793431, 35.1810387 ], [ 126.8798937, 35.1814812 ], [ 126.8798444, 35.1815385 ], [ 126.8791946, 35.1820764 ], [ 126.8791145, 35.182131 ], [ 126.8785615, 35.1817007 ], [ 126.8786062, 35.1816383 ] ] ] } },
{ "type": "Feature", "properties": { "element": "relation", "id": 16162846, "amenity": "college", "name": null, "name:ko": null, "operator": null, "operator:type": null, "start_date": null, "website": null, "wikidata": null, "wikipedia": null, "leisure": null, "sport": null, "indoor": null, "access": null, "addr:city": null, "addr:district": null, "addr:housenumber": null, "addr:postcode": null, "addr:street": null, "name:en": null, "surface": null, "addr:housename": null, "internet_access": null, "name:ja": null, "name:zh": null, "phone": null, "name:ko-Latn": null, "lit": null, "alt_name": null, "tourism": null, "parking": null, "landuse": null, "natural": null, "fixme": null, "area": null, "hoops": null, "leaf_cycle": null, "leaf_type": null, "addr:subdistrict": null, "covered": null, "education": null, "type": "multipolygon" }, "geometry": { "type": "MultiPolygon", "coordinates": [ [ [ [ 126.9219868, 35.1703639 ], [ 126.9220781, 35.1702633 ], [ 126.9221924, 35.1703283 ], [ 126.9222171, 35.1703051 ], [ 126.9226263, 35.1703763 ], [ 126.9225924, 35.1706402 ], [ 126.9228883, 35.1705749 ], [ 126.9229326, 35.1707227 ], [ 126.9257715, 35.170103 ], [ 126.9256256, 35.1696647 ], [ 126.9264965, 35.1691493 ], [ 126.9265513, 35.1691169 ], [ 126.9265879, 35.1690952 ], [ 126.9273119, 35.1686669 ], [ 126.9271975, 35.1680649 ], [ 126.9274009, 35.1679285 ], [ 126.9271266, 35.1674697 ], [ 126.9274047, 35.1673466 ], [ 126.9273125, 35.1670802 ], [ 126.9269513, 35.1671792 ], [ 126.92682, 35.1671727 ], [ 126.9266155, 35.167175 ], [ 126.926414, 35.1671954 ], [ 126.926148, 35.1672557 ], [ 126.9259855, 35.1672664 ], [ 126.9255154, 35.1672299 ], [ 126.9255614, 35.1675082 ], [ 126.9251327, 35.1674778 ], [ 126.9250634, 35.16813 ], [ 126.925492, 35.1681605 ], [ 126.9254999, 35.1682195 ], [ 126.9255485, 35.1685808 ], [ 126.9255753, 35.1686378 ], [ 126.9255647, 35.1687113 ], [ 126.9251081, 35.168672 ], [ 126.924846, 35.1686461 ], [ 126.923995, 35.168562 ], [ 126.9239861, 35.1685192 ], [ 126.9240043, 35.1683661 ], [ 126.9240565, 35.1681585 ], [ 126.9238855, 35.1679438 ], [ 126.9234672, 35.1679204 ], [ 126.9233756, 35.1692637 ], [ 126.9232194, 35.1693446 ], [ 126.9227757, 35.1693061 ], [ 126.9227456, 35.1695392 ], [ 126.9227153, 35.1696289 ], [ 126.9228572, 35.1697938 ], [ 126.9229218, 35.1699351 ], [ 126.9224721, 35.1700724 ], [ 126.9221504, 35.1700511 ], [ 126.9221351, 35.1700642 ], [ 126.9218325, 35.1702581 ], [ 126.9219868, 35.1703639 ] ] ], [ [ [ 126.9261693, 35.1694617 ], [ 126.9262637, 35.1697545 ], [ 126.9269644, 35.1696036 ], [ 126.9268149, 35.1691397 ], [ 126.9267503, 35.1691194 ], [ 126.9261693, 35.1694617 ] ] ] ] } },
{ "type": "Feature", "properties": { "element": "way", "id": 105125651, "amenity": null, "name": "보조운동장", "name:ko": "보조운동장", "operator": null, "operator:type": null, "start_date": null, "website": null, "wikidata": null, "wikipedia": null, "leisure": "pitch", "sport": "multi;running", "indoor": null, "access": null, "addr:city": null, "addr:district": null, "addr:housenumber": null, "addr:postcode": null, "addr:street": null, "name:en": "Secondary Ground", "surface": "ground", "addr:housename": null, "internet_access": null, "name:ja": null, "name:zh": null, "phone": null, "name:ko-Latn": null, "lit": null, "alt_name": null, "tourism": null, "parking": null, "landuse": null, "natural": null, "fixme": null, "area": null, "hoops": null, "leaf_cycle": null, "leaf_type": null, "addr:subdistrict": null, "covered": null, "education": null, "type": null }, "geometry": { "type": "Polygon", "coordinates": [ [ [ 126.9089497, 35.1730881 ], [ 126.9078166, 35.1730464 ], [ 126.9077359, 35.1730642 ], [ 126.9075761, 35.1731556 ], [ 126.907509, 35.1732497 ], [ 126.9074713, 35.1733912 ], [ 126.9075155, 35.1735422 ], [ 126.9076726, 35.1736849 ], [ 126.9077446, 35.1737152 ], [ 126.9090086, 35.1737596 ], [ 126.909099, 35.1737242 ], [ 126.9091858, 35.1736649 ], [ 126.9092888, 35.173499 ], [ 126.909286, 35.1733508 ], [ 126.9092578, 35.173284 ], [ 126.9091353, 35.173157 ], [ 126.9089497, 35.1730881 ] ] ] } },
{ "type": "Feature", "properties": { "element": "way", "id": 105125653, "amenity": "university", "name": "전남대학교", "name:ko": "전남대학교", "operator": "전남대학교", "operator:type": null, "start_date": null, "website": "https://www.jnu.ac.kr/", "wikidata": "Q494681", "wikipedia": null, "leisure": null, "sport": null, "indoor": null, "access": null, "addr:city": null, "addr:district": null, "addr:housenumber": "77", "addr:postcode": "61186", "addr:street": "용봉로", "name:en": "Chonnam National University", "surface": null, "addr:housename": "전남대학교", "internet_access": "yes", "name:ja": "全南大学校", "name:zh": "全南大学", "phone": "+82 62 530 5114", "name:ko-Latn": null, "lit": null, "alt_name": null, "tourism": null, "parking": null, "landuse": null, "natural": null, "fixme": null, "area": null, "hoops": null, "leaf_cycle": null, "leaf_type": null, "addr:subdistrict": null, "covered": null, "education": null, "type": null }, "geometry": { "type": "Polygon", "coordinates": [ [ [ 126.8972459, 35.1740318 ], [ 126.8973803, 35.1738804 ], [ 126.8974999, 35.1736712 ], [ 126.8978273, 35.1732415 ], [ 126.8978464, 35.1731854 ], [ 126.8978562, 35.1731567 ], [ 126.8978617, 35.1730857 ], [ 126.8978613, 35.1730743 ], [ 126.8978952, 35.1730367 ], [ 126.8978418, 35.1729995 ], [ 126.8977724, 35.1729949 ], [ 126.8976778, 35.1729373 ], [ 126.897726, 35.1728631 ], [ 126.8977335, 35.1728294 ], [ 126.8977349, 35.1727983 ], [ 126.8977392, 35.1727568 ], [ 126.8977459, 35.1727187 ], [ 126.8977598, 35.1726469 ], [ 126.8977689, 35.1726335 ], [ 126.8977927, 35.1726085 ], [ 126.8978795, 35.1725172 ], [ 126.8979326, 35.1724336 ], [ 126.897942, 35.172378 ], [ 126.8979562, 35.1723142 ], [ 126.8979628, 35.1723062 ], [ 126.8979758, 35.1722975 ], [ 126.8979847, 35.1722928 ], [ 126.8979984, 35.1722459 ], [ 126.8980028, 35.1722311 ], [ 126.8980037, 35.1722215 ], [ 126.8980079, 35.1721769 ], [ 126.8980177, 35.1721272 ], [ 126.8980313, 35.1720651 ], [ 126.8980505, 35.1720172 ], [ 126.8980755, 35.1719861 ], [ 126.8983068, 35.1718737 ], [ 126.8985556, 35.1717632 ], [ 126.8986543, 35.1717289 ], [ 126.898781, 35.1717037 ], [ 126.8989657, 35.1716893 ], [ 126.8994847, 35.1716948 ], [ 126.8998719, 35.1717059 ], [ 126.9000226, 35.1717102 ], [ 126.9003181, 35.1717187 ], [ 126.9023868, 35.1717578 ], [ 126.9034758, 35.1717814 ], [ 126.9036026, 35.1718066 ], [ 126.9037192, 35.1718397 ], [ 126.9038708, 35.171908 ], [ 126.9043646, 35.172145 ], [ 126.9046171, 35.1723021 ], [ 126.9047888, 35.1724512 ], [ 126.904893, 35.1725965 ], [ 126.9049416, 35.1727318 ], [ 126.9066, 35.1726239 ], [ 126.9068813, 35.1726182 ], [ 126.9068899, 35.1727932 ], [ 126.9070543, 35.1727924 ], [ 126.9077838, 35.1727894 ], [ 126.9077857, 35.1728325 ], [ 126.9087464, 35.1728469 ], [ 126.9087874, 35.1728096 ], [ 126.9090738, 35.1728202 ], [ 126.9091911, 35.1728412 ], [ 126.9093161, 35.1728772 ], [ 126.9095276, 35.1729609 ], [ 126.909772, 35.1730385 ], [ 126.9098616, 35.173067 ], [ 126.9102154, 35.1731877 ], [ 126.9105259, 35.1732936 ], [ 126.9106035, 35.1733209 ], [ 126.9107985, 35.1734053 ], [ 126.9111076, 35.1735391 ], [ 126.9113472, 35.1736427 ], [ 126.9116178, 35.1738993 ], [ 126.9116878, 35.1739656 ], [ 126.9119997, 35.1744035 ], [ 126.9122601, 35.1748037 ], [ 126.9124815, 35.1749001 ], [ 126.9124703, 35.1749966 ], [ 126.9124033, 35.1756022 ], [ 126.9122478, 35.1768584 ], [ 126.9120428, 35.1783521 ], [ 126.9119914, 35.1787738 ], [ 126.9119745, 35.1789123 ], [ 126.9118859, 35.1796398 ], [ 126.9118458, 35.1799689 ], [ 126.9118403, 35.1800138 ], [ 126.9118215, 35.1800988 ], [ 126.9117579, 35.1802762 ], [ 126.9115604, 35.1808267 ], [ 126.9115534, 35.1808461 ], [ 126.9115506, 35.180854 ], [ 126.9112899, 35.1811711 ], [ 126.910931, 35.181452 ], [ 126.9106756, 35.1815889 ], [ 126.9103088, 35.1817664 ], [ 126.9094826, 35.1821349 ], [ 126.909437, 35.1820384 ], [ 126.9092701, 35.1819315 ], [ 126.9092439, 35.1819639 ], [ 126.9087155, 35.1816537 ], [ 126.9084889, 35.1815583 ], [ 126.908458, 35.1815923 ], [ 126.9083212, 35.1815369 ], [ 126.9081516, 35.181732 ], [ 126.907274, 35.1814556 ], [ 126.9070271, 35.1814125 ], [ 126.9067358, 35.1814272 ], [ 126.9065687, 35.1814635 ], [ 126.9061647, 35.1816162 ], [ 126.9053296, 35.1814123 ], [ 126.9047808, 35.1812783 ], [ 126.9045273, 35.1812186 ], [ 126.904447, 35.1807577 ], [ 126.9044314, 35.1806682 ], [ 126.9044196, 35.1806005 ], [ 126.9045785, 35.1803468 ], [ 126.904659, 35.1801642 ], [ 126.9047429, 35.1799718 ], [ 126.9048679, 35.1796999 ], [ 126.9051044, 35.1793255 ], [ 126.9051665, 35.1790657 ], [ 126.9051777, 35.179015 ], [ 126.9051317, 35.1789676 ], [ 126.905092, 35.1789266 ], [ 126.9050717, 35.1789001 ], [ 126.905078, 35.1786615 ], [ 126.9050726, 35.178591 ], [ 126.9050151, 35.1784831 ], [ 126.9048523, 35.1782608 ], [ 126.9048391, 35.1780866 ], [ 126.9046577, 35.1779165 ], [ 126.9046228, 35.1779019 ], [ 126.9043936, 35.1778151 ], [ 126.9043958, 35.177706 ], [ 126.9042867, 35.1776237 ], [ 126.9038345, 35.1775666 ], [ 126.9037858, 35.1775282 ], [ 126.9033002, 35.1774774 ], [ 126.9031709, 35.1774748 ], [ 126.9031365, 35.1775338 ], [ 126.9028368, 35.1774642 ], [ 126.9028435, 35.1774302 ], [ 126.9027923, 35.1773962 ], [ 126.902822, 35.177337 ], [ 126.9027535, 35.1772853 ], [ 126.902446, 35.1770587 ], [ 126.902185, 35.17705 ], [ 126.9016883, 35.1769497 ], [ 126.9014011, 35.1768701 ], [ 126.9013363, 35.1768482 ], [ 126.9009448, 35.1767721 ], [ 126.9006277, 35.176727 ], [ 126.9003656, 35.1767117 ], [ 126.8999035, 35.1767002 ], [ 126.8998311, 35.1767195 ], [ 126.8997441, 35.1767427 ], [ 126.8997281, 35.1768289 ], [ 126.8994756, 35.1767915 ], [ 126.8994359, 35.1767856 ], [ 126.8993367, 35.1767734 ], [ 126.8992034, 35.1767626 ], [ 126.8990607, 35.1767511 ], [ 126.8990045, 35.1766264 ], [ 126.898915, 35.1763902 ], [ 126.8988245, 35.1761995 ], [ 126.8986794, 35.1760994 ], [ 126.8984773, 35.1760155 ], [ 126.8981685, 35.1758728 ], [ 126.8980211, 35.1757965 ], [ 126.8979752, 35.175768 ], [ 126.8979308, 35.1757357 ], [ 126.897763, 35.1755699 ], [ 126.8975234, 35.1752587 ], [ 126.8974411, 35.1751277 ], [ 126.8974155, 35.1750868 ], [ 126.8973662, 35.1750322 ], [ 126.8973431, 35.1749713 ], [ 126.8973212, 35.1749006 ], [ 126.8972205, 35.1746345 ], [ 126.8972137, 35.1746165 ], [ 126.8972103, 35.1746009 ], [ 126.8971941, 35.1745263 ], [ 126.8971485, 35.1742665 ], [ 126.8972459, 35.1740318 ] ] ] } },
{ "type": "Feature", "properties": { "element": "way", "id": 105568793, "amenity": "university", "name": "광주교육대학교", "name:ko": "광주교육대학교", "operator": null, "operator:type": null, "start_date": null, "website": null, "wikidata": "Q484775", "wikipedia": null, "leisure": null, "sport": null, "indoor": null, "access": null, "addr:city": null, "addr:district": null, "addr:housenumber": null, "addr:postcode": null, "addr:street": null, "name:en": "Gwangju National University of Education", "surface": null, "addr:housename": null, "internet_access": null, "name:ja": "光州教育大学校", "name:zh": null, "phone": null, "name:ko-Latn": "Gwangjugyoyukdaehakgyo", "lit": null, "alt_name": null, "tourism": null, "parking": null, "landuse": null, "natural": null, "fixme": null, "area": null, "hoops": null, "leaf_cycle": null, "leaf_type": null, "addr:subdistrict": null, "covered": null, "education": null, "type": null }, "geometry": { "type": "Polygon", "coordinates": [ [ [ 126.9233368, 35.164367 ], [ 126.9231716, 35.1640534 ], [ 126.9255771, 35.1633548 ], [ 126.9259561, 35.1632491 ], [ 126.9269659, 35.1629891 ], [ 126.9272028, 35.1631685 ], [ 126.927366, 35.1633054 ], [ 126.9276868, 35.1635492 ], [ 126.9284217, 35.1641193 ], [ 126.9289193, 35.1645077 ], [ 126.9290534, 35.1644438 ], [ 126.9294013, 35.164916 ], [ 126.9298034, 35.1652717 ], [ 126.9299401, 35.1653784 ], [ 126.9299626, 35.165396 ], [ 126.9300777, 35.1654822 ], [ 126.9303696, 35.1657274 ], [ 126.9302429, 35.1658296 ], [ 126.9301877, 35.1658948 ], [ 126.9300364, 35.1660735 ], [ 126.9298755, 35.1662369 ], [ 126.9296676, 35.1663459 ], [ 126.9287767, 35.1666228 ], [ 126.9284028, 35.1666977 ], [ 126.9283846, 35.1666797 ], [ 126.9282725, 35.1665253 ], [ 126.9279368, 35.1666244 ], [ 126.9276251, 35.1667033 ], [ 126.9272832, 35.1664415 ], [ 126.9271979, 35.1663883 ], [ 126.9269906, 35.1664365 ], [ 126.9270005, 35.1664757 ], [ 126.9263465, 35.1665876 ], [ 126.9260019, 35.1663642 ], [ 126.9259486, 35.1663324 ], [ 126.9256787, 35.1662445 ], [ 126.9256587, 35.1661893 ], [ 126.9256393, 35.1661939 ], [ 126.9256032, 35.1660938 ], [ 126.9255697, 35.1661018 ], [ 126.925506, 35.1659251 ], [ 126.9254709, 35.1658419 ], [ 126.9243289, 35.1660976 ], [ 126.9241693, 35.1660485 ], [ 126.9239776, 35.1659214 ], [ 126.9238222, 35.1658007 ], [ 126.9238714, 35.1657478 ], [ 126.9239578, 35.1656602 ], [ 126.9239284, 35.165572 ], [ 126.9238265, 35.1653512 ], [ 126.9236327, 35.1649616 ], [ 126.9233368, 35.164367 ] ] ] } },
{ "type": "Feature", "properties": { "element": "way", "id": 105686364, "amenity": null, "name": "중외공원", "name:ko": "중외공원", "operator": null, "operator:type": null, "start_date": null, "website": null, "wikidata": null, "wikipedia": null, "leisure": "park", "sport": null, "indoor": null, "access": null, "addr:city": null, "addr:district": null, "addr:housenumber": null, "addr:postcode": null, "addr:street": null, "name:en": "Jungoe Park", "surface": null, "addr:housename": null, "internet_access": null, "name:ja": null, "name:zh": null, "phone": null, "name:ko-Latn": null, "lit": null, "alt_name": null, "tourism": null, "parking": null, "landuse": null, "natural": null, "fixme": null, "area": null, "hoops": null, "leaf_cycle": null, "leaf_type": null, "addr:subdistrict": null, "covered": null, "education": null, "type": null }, "geometry": { "type": "Polygon", "coordinates": [ [ [ 126.8805193, 35.1760731 ], [ 126.8808663, 35.1764238 ], [ 126.8809959, 35.1764489 ], [ 126.8810433, 35.1765109 ], [ 126.8811606, 35.1766925 ], [ 126.8812314, 35.1766812 ], [ 126.8813129, 35.1769819 ], [ 126.8819153, 35.1769942 ], [ 126.8820002, 35.1770481 ], [ 126.8822385, 35.1771159 ], [ 126.8824623, 35.177296 ], [ 126.8824597, 35.1773734 ], [ 126.8825298, 35.1774571 ], [ 126.8826885, 35.1775067 ], [ 126.8828865, 35.1776108 ], [ 126.8830468, 35.1776609 ], [ 126.8831836, 35.177605 ], [ 126.8833509, 35.1776146 ], [ 126.8833814, 35.1776318 ], [ 126.8836687, 35.1776197 ], [ 126.8836887, 35.1777417 ], [ 126.883879, 35.1777502 ], [ 126.8839495, 35.1777135 ], [ 126.8840164, 35.1777006 ], [ 126.8840798, 35.1777034 ], [ 126.8841289, 35.1777082 ], [ 126.8842285, 35.1777575 ], [ 126.8842246, 35.1779143 ], [ 126.8842205, 35.1780158 ], [ 126.8843106, 35.1780302 ], [ 126.8848912, 35.1780502 ], [ 126.8848902, 35.1781756 ], [ 126.8848847, 35.1788621 ], [ 126.8848741, 35.1789627 ], [ 126.8849663, 35.1790768 ], [ 126.8850775, 35.1791222 ], [ 126.8851574, 35.1791583 ], [ 126.8856019, 35.1791588 ], [ 126.885811, 35.1791575 ], [ 126.8858578, 35.1792599 ], [ 126.8854452, 35.1793948 ], [ 126.8850376, 35.1800536 ], [ 126.8864937, 35.1804441 ], [ 126.8865073, 35.1804838 ], [ 126.886591, 35.1806673 ], [ 126.8866146, 35.1807969 ], [ 126.8868514, 35.1809382 ], [ 126.8874031, 35.1812673 ], [ 126.8878577, 35.1816483 ], [ 126.8880623, 35.1818811 ], [ 126.8882014, 35.1819582 ], [ 126.8885123, 35.1819675 ], [ 126.8885856, 35.1819697 ], [ 126.8899736, 35.1819789 ], [ 126.8900448, 35.1819794 ], [ 126.891682, 35.183179 ], [ 126.8917115, 35.1834409 ], [ 126.8909232, 35.184046 ], [ 126.8907685, 35.1844855 ], [ 126.8891884, 35.1845548 ], [ 126.8856743, 35.1845484 ], [ 126.8851368, 35.1845101 ], [ 126.8847586, 35.184438 ], [ 126.8845431, 35.1843346 ], [ 126.8843476, 35.1841513 ], [ 126.8842996, 35.1839375 ], [ 126.8843642, 35.1834831 ], [ 126.884451, 35.1829182 ], [ 126.8843818, 35.1826359 ], [ 126.8842649, 35.182353 ], [ 126.8835949, 35.1816444 ], [ 126.883187, 35.1814815 ], [ 126.8822303, 35.1810804 ], [ 126.8813665, 35.1806948 ], [ 126.8812862, 35.1805952 ], [ 126.8802588, 35.1781678 ], [ 126.8797519, 35.1770487 ], [ 126.8797147, 35.1767669 ], [ 126.8797334, 35.1765828 ], [ 126.8800568, 35.1763147 ], [ 126.8802272, 35.1762195 ], [ 126.8805193, 35.1760731 ] ] ] } },
{ "type": "Feature", "properties": { "element": "way", "id": 229034526, "amenity": null, "name": "솔바람공원", "name:ko": null, "operator": null, "operator:type": null, "start_date": null, "website": null, "wikidata": null, "wikipedia": null, "leisure": "park", "sport": null, "indoor": null, "access": null, "addr:city": null, "addr:district": null, "addr:housenumber": null, "addr:postcode": null, "addr:street": null, "name:en": null, "surface": null, "addr:housename": null, "internet_access": null, "name:ja": null, "name:zh": null, "phone": null, "name:ko-Latn": null, "lit": null, "alt_name": null, "tourism": null, "parking": null, "landuse": null, "natural": null, "fixme": null, "area": null, "hoops": null, "leaf_cycle": null, "leaf_type": null, "addr:subdistrict": null, "covered": null, "education": null, "type": null }, "geometry": { "type": "Polygon", "coordinates": [ [ [ 126.8743148, 35.2122177 ], [ 126.8737193, 35.2116632 ], [ 126.8741973, 35.211519 ], [ 126.8743148, 35.2122177 ] ] ] } },
{ "type": "Feature", "properties": { "element": "way", "id": 229035424, "amenity": null, "name": "양산호수공원", "name:ko": "양산호수공원", "operator": null, "operator:type": null, "start_date": null, "website": null, "wikidata": null, "wikipedia": null, "leisure": "park", "sport": null, "indoor": null, "access": null, "addr:city": null, "addr:district": null, "addr:housenumber": null, "addr:postcode": null, "addr:street": null, "name:en": null, "surface": null, "addr:housename": null, "internet_access": null, "name:ja": null, "name:zh": null, "phone": null, "name:ko-Latn": null, "lit": null, "alt_name": null, "tourism": null, "parking": null, "landuse": null, "natural": null, "fixme": null, "area": null, "hoops": null, "leaf_cycle": null, "leaf_type": null, "addr:subdistrict": null, "covered": null, "education": null, "type": null }, "geometry": { "type": "Polygon", "coordinates": [ [ [ 126.8733679, 35.2047161 ], [ 126.8732293, 35.2047518 ], [ 126.8715138, 35.2040169 ], [ 126.8711015, 35.2038271 ], [ 126.8710797, 35.2035196 ], [ 126.871035, 35.2031732 ], [ 126.8711168, 35.2029493 ], [ 126.8712028, 35.2027339 ], [ 126.8713966, 35.2022987 ], [ 126.8715924, 35.2021015 ], [ 126.8718797, 35.2018625 ], [ 126.8723917, 35.2019074 ], [ 126.872818, 35.2019179 ], [ 126.8734019, 35.2023262 ], [ 126.8736015, 35.2032307 ], [ 126.8735074, 35.2042427 ], [ 126.8733679, 35.2047161 ] ] ] } },
{ "type": "Feature", "properties": { "element": "way", "id": 251170172, "amenity": null, "name": null, "name:ko": null, "operator": null, "operator:type": null, "start_date": null, "website": null, "wikidata": null, "wikipedia": null, "leisure": "park", "sport": null, "indoor": null, "access": null, "addr:city": null, "addr:district": null, "addr:housenumber": null, "addr:postcode": null, "addr:street": null, "name:en": null, "surface": null, "addr:housename": null, "internet_access": null, "name:ja": null, "name:zh": null, "phone": null, "name:ko-Latn": null, "lit": null, "alt_name": null, "tourism": null, "parking": null, "landuse": null, "natural": null, "fixme": null, "area": null, "hoops": null, "leaf_cycle": null, "leaf_type": null, "addr:subdistrict": null, "covered": null, "education": null, "type": null }, "geometry": { "type": "Polygon", "coordinates": [ [ [ 126.8811106, 35.1848125 ], [ 126.8810326, 35.1813156 ], [ 126.8811409, 35.1812284 ], [ 126.8813039, 35.1812101 ], [ 126.883046, 35.181973 ], [ 126.8833243, 35.1821612 ], [ 126.8836961, 35.1825579 ], [ 126.8838364, 35.1827415 ], [ 126.8839213, 35.1829303 ], [ 126.8839534, 35.1831459 ], [ 126.8839493, 35.1831707 ], [ 126.8838612, 35.1837051 ], [ 126.8838071, 35.1839632 ], [ 126.8837009, 35.1842089 ], [ 126.8835385, 35.1843712 ], [ 126.8832309, 35.1845428 ], [ 126.8828379, 35.1846256 ], [ 126.8825022, 35.1846623 ], [ 126.8816614, 35.1847147 ], [ 126.8811106, 35.1848125 ] ] ] } },
{ "type": "Feature", "properties": { "element": "way", "id": 270549905, "amenity": null, "name": "일곡제3근린공원", "name:ko": "일곡제3근린공원", "operator": null, "operator:type": null, "start_date": null, "website": null, "wikidata": null, "wikipedia": null, "leisure": "park", "sport": null, "indoor": null, "access": null, "addr:city": null, "addr:district": null, "addr:housenumber": null, "addr:postcode": null, "addr:street": null, "name:en": null, "surface": null, "addr:housename": null, "internet_access": null, "name:ja": null, "name:zh": null, "phone": null, "name:ko-Latn": null, "lit": null, "alt_name": null, "tourism": null, "parking": null, "landuse": null, "natural": null, "fixme": null, "area": null, "hoops": null, "leaf_cycle": null, "leaf_type": null, "addr:subdistrict": null, "covered": null, "education": null, "type": null }, "geometry": { "type": "Polygon", "coordinates": [ [ [ 126.8953735, 35.2030585 ], [ 126.896773, 35.2034318 ], [ 126.8970747, 35.2026012 ], [ 126.8970881, 35.2025267 ], [ 126.897035, 35.202432 ], [ 126.8957324, 35.2020934 ], [ 126.895575, 35.2025167 ], [ 126.8953735, 35.2030585 ] ] ] } },
{ "type": "Feature", "properties": { "element": "way", "id": 270550618, "amenity": null, "name": "대운동장", "name:ko": "대운동장", "operator": null, "operator:type": null, "start_date": null, "website": null, "wikidata": null, "wikipedia": null, "leisure": "pitch", "sport": "soccer", "indoor": null, "access": null, "addr:city": null, "addr:district": null, "addr:housenumber": null, "addr:postcode": null, "addr:street": null, "name:en": null, "surface": null, "addr:housename": null, "internet_access": null, "name:ja": null, "name:zh": null, "phone": null, "name:ko-Latn": null, "lit": null, "alt_name": null, "tourism": null, "parking": null, "landuse": null, "natural": null, "fixme": null, "area": null, "hoops": null, "leaf_cycle": null, "leaf_type": null, "addr:subdistrict": null, "covered": null, "education": null, "type": null }, "geometry": { "type": "Polygon", "coordinates": [ [ [ 126.9239799, 35.1653426 ], [ 126.9239426, 35.1652875 ], [ 126.9238116, 35.165052 ], [ 126.9237469, 35.164921 ], [ 126.923596, 35.1645041 ], [ 126.9236923, 35.1644841 ], [ 126.9236043, 35.1642433 ], [ 126.9245592, 35.1640088 ], [ 126.9245737, 35.1640496 ], [ 126.9249229, 35.1650305 ], [ 126.9248425, 35.1651364 ], [ 126.9246865, 35.1651737 ], [ 126.9246087, 35.1651923 ], [ 126.9241041, 35.1653129 ], [ 126.9239799, 35.1653426 ] ] ] } },
{ "type": "Feature", "properties": { "element": "way", "id": 270550636, "amenity": null, "name": null, "name:ko": null, "operator": null, "operator:type": null, "start_date": null, "website": null, "wikidata": null, "wikipedia": null, "leisure": "pitch", "sport": "soccer", "indoor": null, "access": null, "addr:city": null, "addr:district": null, "addr:housenumber": null, "addr:postcode": null, "addr:street": null, "name:en": null, "surface": null, "addr:housename": null, "internet_access": null, "name:ja": null, "name:zh": null, "phone": null, "name:ko-Latn": null, "lit": null, "alt_name": null, "tourism": null, "parking": null, "landuse": null, "natural": null, "fixme": null, "area": null, "hoops": null, "leaf_cycle": null, "leaf_type": null, "addr:subdistrict": null, "covered": null, "education": null, "type": null }, "geometry": { "type": "Polygon", "coordinates": [ [ [ 126.9252477, 35.1646449 ], [ 126.9249931, 35.1639938 ], [ 126.9256464, 35.163823 ], [ 126.9259011, 35.1644742 ], [ 126.9252477, 35.1646449 ] ] ] } },
{ "type": "Feature", "properties": { "element": "way", "id": 277768247, "amenity": null, "name": null, "name:ko": null, "operator": null, "operator:type": null, "start_date": null, "website": null, "wikidata": null, "wikipedia": null, "leisure": "pitch", "sport": "multi", "indoor": null, "access": null, "addr:city": null, "addr:district": null, "addr:housenumber": null, "addr:postcode": null, "addr:street": null, "name:en": null, "surface": "sand", "addr:housename": null, "internet_access": null, "name:ja": null, "name:zh": null, "phone": null, "name:ko-Latn": null, "lit": null, "alt_name": null, "tourism": null, "parking": null, "landuse": null, "natural": null, "fixme": null, "area": null, "hoops": null, "leaf_cycle": null, "leaf_type": null, "addr:subdistrict": null, "covered": null, "education": null, "type": null }, "geometry": { "type": "Polygon", "coordinates": [ [ [ 126.8931565, 35.2058396 ], [ 126.8931539, 35.2054726 ], [ 126.8931482, 35.2053579 ], [ 126.8932566, 35.2053298 ], [ 126.8941149, 35.205321 ], [ 126.8941228, 35.2058352 ], [ 126.8931565, 35.2058396 ] ] ] } },
{ "type": "Feature", "properties": { "element": "way", "id": 290374306, "amenity": null, "name": "테니스코트2", "name:ko": "테니스코트2", "operator": null, "operator:type": null, "start_date": null, "website": null, "wikidata": null, "wikipedia": null, "leisure": "pitch", "sport": "tennis", "indoor": null, "access": null, "addr:city": null, "addr:district": null, "addr:housenumber": null, "addr:postcode": null, "addr:street": null, "name:en": "Tennis Court 2", "surface": null, "addr:housename": null, "internet_access": null, "name:ja": null, "name:zh": null, "phone": null, "name:ko-Latn": null, "lit": null, "alt_name": null, "tourism": null, "parking": null, "landuse": null, "natural": null, "fixme": null, "area": null, "hoops": null, "leaf_cycle": null, "leaf_type": null, "addr:subdistrict": null, "covered": null, "education": null, "type": null }, "geometry": { "type": "Polygon", "coordinates": [ [ [ 126.907124, 35.1802856 ], [ 126.9073843, 35.1803607 ], [ 126.907643, 35.1804389 ], [ 126.9079247, 35.1797679 ], [ 126.9078102, 35.1797337 ], [ 126.9077818, 35.1797251 ], [ 126.9078102, 35.1796411 ], [ 126.9075335, 35.1795628 ], [ 126.9075041, 35.1796424 ], [ 126.9073882, 35.1796079 ], [ 126.907124, 35.1802856 ] ] ] } },
{ "type": "Feature", "properties": { "element": "way", "id": 468575820, "amenity": null, "name": "소망 어린이공원", "name:ko": null, "operator": null, "operator:type": null, "start_date": null, "website": null, "wikidata": null, "wikipedia": null, "leisure": "park", "sport": null, "indoor": null, "access": null, "addr:city": null, "addr:district": null, "addr:housenumber": null, "addr:postcode": null, "addr:street": null, "name:en": null, "surface": null, "addr:housename": null, "internet_access": null, "name:ja": null, "name:zh": null, "phone": null, "name:ko-Latn": null, "lit": null, "alt_name": null, "tourism": null, "parking": null, "landuse": null, "natural": null, "fixme": null, "area": null, "hoops": null, "leaf_cycle": null, "leaf_type": null, "addr:subdistrict": null, "covered": null, "education": null, "type": null }, "geometry": { "type": "Polygon", "coordinates": [ [ [ 126.9211553, 35.1848899 ], [ 126.9208731, 35.1844987 ], [ 126.9213507, 35.1842658 ], [ 126.9216394, 35.1846394 ], [ 126.9215123, 35.1847052 ], [ 126.9213946, 35.1847661 ], [ 126.9211553, 35.1848899 ] ] ] } },
{ "type": "Feature", "properties": { "element": "way", "id": 468623588, "amenity": null, "name": "하오치어린이공원", "name:ko": "하오치어린이공원", "operator": null, "operator:type": null, "start_date": null, "website": null, "wikidata": null, "wikipedia": null, "leisure": "park", "sport": null, "indoor": null, "access": null, "addr:city": null, "addr:district": null, "addr:housenumber": null, "addr:postcode": null, "addr:street": null, "name:en": null, "surface": null, "addr:housename": null, "internet_access": null, "name:ja": null, "name:zh": null, "phone": null, "name:ko-Latn": null, "lit": null, "alt_name": null, "tourism": null, "parking": null, "landuse": null, "natural": null, "fixme": null, "area": null, "hoops": null, "leaf_cycle": null, "leaf_type": null, "addr:subdistrict": null, "covered": null, "education": null, "type": null }, "geometry": { "type": "Polygon", "coordinates": [ [ [ 126.9071589, 35.1857259 ], [ 126.907418, 35.1858863 ], [ 126.9074926, 35.186066 ], [ 126.9079755, 35.1854146 ], [ 126.907524, 35.1852125 ], [ 126.9071589, 35.1857259 ] ] ] } },
{ "type": "Feature", "properties": { "element": "way", "id": 468628540, "amenity": null, "name": "머구재쉼터", "name:ko": "머구재쉼터", "operator": null, "operator:type": null, "start_date": null, "website": null, "wikidata": null, "wikipedia": null, "leisure": "park", "sport": null, "indoor": null, "access": null, "addr:city": null, "addr:district": null, "addr:housenumber": null, "addr:postcode": null, "addr:street": null, "name:en": null, "surface": null, "addr:housename": null, "internet_access": null, "name:ja": null, "name:zh": null, "phone": null, "name:ko-Latn": null, "lit": null, "alt_name": null, "tourism": null, "parking": null, "landuse": null, "natural": null, "fixme": null, "area": null, "hoops": null, "leaf_cycle": null, "leaf_type": null, "addr:subdistrict": null, "covered": null, "education": null, "type": null }, "geometry": { "type": "Polygon", "coordinates": [ [ [ 126.9112304, 35.1838658 ], [ 126.9072667, 35.184148 ], [ 126.9072568, 35.1840075 ], [ 126.9111913, 35.1837027 ], [ 126.9112304, 35.1838658 ] ] ] } },
{ "type": "Feature", "properties": { "element": "way", "id": 468962054, "amenity": null, "name": null, "name:ko": null, "operator": null, "operator:type": null, "start_date": null, "website": null, "wikidata": null, "wikipedia": null, "leisure": "pitch", "sport": null, "indoor": null, "access": null, "addr:city": null, "addr:district": null, "addr:housenumber": null, "addr:postcode": null, "addr:street": null, "name:en": null, "surface": null, "addr:housename": null, "internet_access": null, "name:ja": null, "name:zh": null, "phone": null, "name:ko-Latn": null, "lit": null, "alt_name": null, "tourism": null, "parking": null, "landuse": null, "natural": null, "fixme": null, "area": null, "hoops": null, "leaf_cycle": null, "leaf_type": null, "addr:subdistrict": null, "covered": null, "education": null, "type": null }, "geometry": { "type": "Polygon", "coordinates": [ [ [ 126.8850723, 35.1771784 ], [ 126.886228, 35.1771824 ], [ 126.8860903, 35.1764297 ], [ 126.8851123, 35.1764859 ], [ 126.8850723, 35.1771784 ] ] ] } },
{ "type": "Feature", "properties": { "element": "way", "id": 469043822, "amenity": null, "name": "태봉공원", "name:ko": "태봉공원", "operator": null, "operator:type": null, "start_date": null, "website": null, "wikidata": null, "wikipedia": null, "leisure": "park", "sport": null, "indoor": null, "access": null, "addr:city": null, "addr:district": null, "addr:housenumber": null, "addr:postcode": null, "addr:street": null, "name:en": null, "surface": null, "addr:housename": null, "internet_access": null, "name:ja": null, "name:zh": null, "phone": null, "name:ko-Latn": null, "lit": null, "alt_name": null, "tourism": null, "parking": null, "landuse": null, "natural": null, "fixme": null, "area": null, "hoops": null, "leaf_cycle": null, "leaf_type": null, "addr:subdistrict": null, "covered": null, "education": null, "type": null }, "geometry": { "type": "Polygon", "coordinates": [ [ [ 126.8980038, 35.1715155 ], [ 126.8984854, 35.1713961 ], [ 126.898343, 35.1710038 ], [ 126.8978533, 35.1711224 ], [ 126.8978896, 35.1712237 ], [ 126.8980038, 35.1715155 ] ] ] } },
{ "type": "Feature", "properties": { "element": "way", "id": 469083206, "amenity": null, "name": "일곡제1근린공원", "name:ko": "일곡제1근린공원", "operator": null, "operator:type": null, "start_date": null, "website": null, "wikidata": null, "wikipedia": null, "leisure": "park", "sport": null, "indoor": null, "access": null, "addr:city": null, "addr:district": null, "addr:housenumber": null, "addr:postcode": null, "addr:street": null, "name:en": null, "surface": null, "addr:housename": null, "internet_access": null, "name:ja": null, "name:zh": null, "phone": null, "name:ko-Latn": null, "lit": null, "alt_name": null, "tourism": null, "parking": null, "landuse": null, "natural": null, "fixme": null, "area": null, "hoops": null, "leaf_cycle": null, "leaf_type": null, "addr:subdistrict": null, "covered": null, "education": null, "type": null }, "geometry": { "type": "Polygon", "coordinates": [ [ [ 126.8944399, 35.2102427 ], [ 126.8945262, 35.2102981 ], [ 126.8946819, 35.2102935 ], [ 126.8955555, 35.2102766 ], [ 126.8955486, 35.2099352 ], [ 126.8959277, 35.2099309 ], [ 126.8959163, 35.2094567 ], [ 126.8958974, 35.2086691 ], [ 126.8958927, 35.2085837 ], [ 126.8958751, 35.2082142 ], [ 126.8950826, 35.2082204 ], [ 126.8950803, 35.2080139 ], [ 126.8950492, 35.2080139 ], [ 126.8946576, 35.2080137 ], [ 126.8946566, 35.2078098 ], [ 126.8944716, 35.2078128 ], [ 126.8944128, 35.2078785 ], [ 126.8944124, 35.2090223 ], [ 126.8944393, 35.2101157 ], [ 126.8944399, 35.2102427 ] ] ] } },
{ "type": "Feature", "properties": { "element": "way", "id": 469893458, "amenity": null, "name": null, "name:ko": null, "operator": null, "operator:type": null, "start_date": null, "website": null, "wikidata": null, "wikipedia": null, "leisure": "pitch", "sport": "tennis", "indoor": null, "access": null, "addr:city": null, "addr:district": null, "addr:housenumber": null, "addr:postcode": null, "addr:street": null, "name:en": null, "surface": null, "addr:housename": null, "internet_access": null, "name:ja": null, "name:zh": null, "phone": null, "name:ko-Latn": null, "lit": null, "alt_name": null, "tourism": null, "parking": null, "landuse": null, "natural": null, "fixme": null, "area": null, "hoops": null, "leaf_cycle": null, "leaf_type": null, "addr:subdistrict": null, "covered": null, "education": null, "type": null }, "geometry": { "type": "Polygon", "coordinates": [ [ [ 126.8849854, 35.1813517 ], [ 126.8851851, 35.1816264 ], [ 126.8847741, 35.181826 ], [ 126.8845744, 35.1815513 ], [ 126.8849854, 35.1813517 ] ] ] } },
{ "type": "Feature", "properties": { "element": "way", "id": 469895380, "amenity": null, "name": "운암초등학교 운동장", "name:ko": "운암초등학교 운동장", "operator": null, "operator:type": null, "start_date": null, "website": null, "wikidata": null, "wikipedia": null, "leisure": "pitch", "sport": null, "indoor": null, "access": null, "addr:city": null, "addr:district": null, "addr:housenumber": null, "addr:postcode": null, "addr:street": null, "name:en": null, "surface": null, "addr:housename": null, "internet_access": null, "name:ja": null, "name:zh": null, "phone": null, "name:ko-Latn": null, "lit": null, "alt_name": null, "tourism": null, "parking": null, "landuse": null, "natural": null, "fixme": null, "area": null, "hoops": null, "leaf_cycle": null, "leaf_type": null, "addr:subdistrict": null, "covered": null, "education": null, "type": null }, "geometry": { "type": "Polygon", "coordinates": [ [ [ 126.8706666, 35.1801276 ], [ 126.8709532, 35.1796544 ], [ 126.8716204, 35.1800577 ], [ 126.8712242, 35.1804722 ], [ 126.8706666, 35.1801276 ] ] ] } },
{ "type": "Feature", "properties": { "element": "way", "id": 469895714, "amenity": null, "name": "서강중고등학교 운동장", "name:ko": "서강중고등학교 운동장", "operator": null, "operator:type": null, "start_date": null, "website": null, "wikidata": null, "wikipedia": null, "leisure": "pitch", "sport": null, "indoor": null, "access": null, "addr:city": null, "addr:district": null, "addr:housenumber": null, "addr:postcode": null, "addr:street": null, "name:en": null, "surface": null, "addr:housename": null, "internet_access": null, "name:ja": null, "name:zh": null, "phone": null, "name:ko-Latn": null, "lit": null, "alt_name": null, "tourism": null, "parking": null, "landuse": null, "natural": null, "fixme": null, "area": null, "hoops": null, "leaf_cycle": null, "leaf_type": null, "addr:subdistrict": null, "covered": null, "education": null, "type": null }, "geometry": { "type": "Polygon", "coordinates": [ [ [ 126.869141, 35.1746091 ], [ 126.86916, 35.1746178 ], [ 126.870125, 35.174579 ], [ 126.8700481, 35.1739191 ], [ 126.8691442, 35.1739779 ], [ 126.8690705, 35.1740299 ], [ 126.869141, 35.1746091 ] ] ] } },
{ "type": "Feature", "properties": { "element": "way", "id": 469920009, "amenity": null, "name": null, "name:ko": null, "operator": null, "operator:type": null, "start_date": null, "website": null, "wikidata": null, "wikipedia": null, "leisure": "pitch", "sport": null, "indoor": null, "access": null, "addr:city": null, "addr:district": null, "addr:housenumber": null, "addr:postcode": null, "addr:street": null, "name:en": null, "surface": null, "addr:housename": null, "internet_access": null, "name:ja": null, "name:zh": null, "phone": null, "name:ko-Latn": null, "lit": null, "alt_name": null, "tourism": null, "parking": null, "landuse": null, "natural": null, "fixme": null, "area": null, "hoops": null, "leaf_cycle": null, "leaf_type": null, "addr:subdistrict": null, "covered": null, "education": null, "type": null }, "geometry": { "type": "Polygon", "coordinates": [ [ [ 126.8844818, 35.1750618 ], [ 126.8851038, 35.1746743 ], [ 126.884905, 35.1744544 ], [ 126.8847608, 35.1743091 ], [ 126.8841296, 35.1747117 ], [ 126.8844818, 35.1750618 ] ] ] } },
{ "type": "Feature", "properties": { "element": "way", "id": 469924825, "amenity": null, "name": "운암 어린이공원", "name:ko": "운암 어린이공원", "operator": null, "operator:type": null, "start_date": null, "website": null, "wikidata": null, "wikipedia": null, "leisure": "park", "sport": null, "indoor": null, "access": null, "addr:city": null, "addr:district": null, "addr:housenumber": null, "addr:postcode": null, "addr:street": null, "name:en": null, "surface": null, "addr:housename": null, "internet_access": null, "name:ja": null, "name:zh": null, "phone": null, "name:ko-Latn": null, "lit": null, "alt_name": null, "tourism": null, "parking": null, "landuse": null, "natural": null, "fixme": null, "area": null, "hoops": null, "leaf_cycle": null, "leaf_type": null, "addr:subdistrict": null, "covered": null, "education": null, "type": null }, "geometry": { "type": "Polygon", "coordinates": [ [ [ 126.8812777, 35.1743862 ], [ 126.8812319, 35.1738366 ], [ 126.8821543, 35.1737831 ], [ 126.8812777, 35.1743862 ] ] ] } },
{ "type": "Feature", "properties": { "element": "way", "id": 469924836, "amenity": "university", "name": "한국폴리텍5대학 광주캠퍼스", "name:ko": "한국폴리텍53대학 광주캠퍼스", "operator": null, "operator:type": null, "start_date": null, "website": null, "wikidata": null, "wikipedia": null, "leisure": null, "sport": null, "indoor": null, "access": null, "addr:city": null, "addr:district": null, "addr:housenumber": null, "addr:postcode": null, "addr:street": null, "name:en": "Korea Polytechnics Gwangju Campus", "surface": null, "addr:housename": null, "internet_access": null, "name:ja": null, "name:zh": null, "phone": null, "name:ko-Latn": null, "lit": null, "alt_name": null, "tourism": null, "parking": null, "landuse": null, "natural": null, "fixme": null, "area": null, "hoops": null, "leaf_cycle": null, "leaf_type": null, "addr:subdistrict": null, "covered": null, "education": null, "type": null }, "geometry": { "type": "Polygon", "coordinates": [ [ [ 126.8795129, 35.1827698 ], [ 126.8795143, 35.1828062 ], [ 126.8795308, 35.1832469 ], [ 126.8807531, 35.183619 ], [ 126.8808052, 35.1836349 ], [ 126.8808307, 35.1837269 ], [ 126.8808306, 35.1847864 ], [ 126.8805636, 35.1848713 ], [ 126.8801255, 35.1850194 ], [ 126.8796581, 35.185234 ], [ 126.8792723, 35.1854033 ], [ 126.8791762, 35.1853542 ], [ 126.8788002, 35.1853981 ], [ 126.8785973, 35.1852146 ], [ 126.8784672, 35.184845 ], [ 126.8783968, 35.1838713 ], [ 126.8784302, 35.1829462 ], [ 126.8785066, 35.1828181 ], [ 126.8795129, 35.1827698 ] ] ] } },
{ "type": "Feature", "properties": { "element": "way", "id": 469925621, "amenity": null, "name": null, "name:ko": null, "operator": null, "operator:type": null, "start_date": null, "website": null, "wikidata": null, "wikipedia": null, "leisure": "pitch", "sport": null, "indoor": null, "access": null, "addr:city": null, "addr:district": null, "addr:housenumber": null, "addr:postcode": null, "addr:street": null, "name:en": null, "surface": null, "addr:housename": null, "internet_access": null, "name:ja": null, "name:zh": null, "phone": null, "name:ko-Latn": null, "lit": null, "alt_name": null, "tourism": null, "parking": null, "landuse": null, "natural": null, "fixme": null, "area": null, "hoops": null, "leaf_cycle": null, "leaf_type": null, "addr:subdistrict": null, "covered": null, "education": null, "type": null }, "geometry": { "type": "Polygon", "coordinates": [ [ [ 126.8925419, 35.1743529 ], [ 126.8929856, 35.1745623 ], [ 126.8934297, 35.1740629 ], [ 126.8931781, 35.1739361 ], [ 126.8927502, 35.174052 ], [ 126.8925419, 35.1743529 ] ] ] } },
{ "type": "Feature", "properties": { "element": "way", "id": 470867055, "amenity": null, "name": "운암동 체육공원", "name:ko": "운암동 체육공원", "operator": null, "operator:type": null, "start_date": null, "website": null, "wikidata": null, "wikipedia": null, "leisure": "park", "sport": null, "indoor": null, "access": null, "addr:city": null, "addr:district": null, "addr:housenumber": null, "addr:postcode": null, "addr:street": null, "name:en": null, "surface": null, "addr:housename": null, "internet_access": null, "name:ja": null, "name:zh": null, "phone": null, "name:ko-Latn": null, "lit": null, "alt_name": null, "tourism": null, "parking": null, "landuse": null, "natural": null, "fixme": null, "area": null, "hoops": null, "leaf_cycle": null, "leaf_type": null, "addr:subdistrict": null, "covered": null, "education": null, "type": null }, "geometry": { "type": "Polygon", "coordinates": [ [ [ 126.882915, 35.1726424 ], [ 126.8828876, 35.172295 ], [ 126.8837947, 35.1722327 ], [ 126.8838305, 35.1725449 ], [ 126.8837855, 35.1725867 ], [ 126.882915, 35.1726424 ] ] ] } },
{ "type": "Feature", "properties": { "element": "way", "id": 470892616, "amenity": null, "name": null, "name:ko": null, "operator": null, "operator:type": null, "start_date": null, "website": null, "wikidata": null, "wikipedia": null, "leisure": "pitch", "sport": "tennis", "indoor": null, "access": null, "addr:city": null, "addr:district": null, "addr:housenumber": null, "addr:postcode": null, "addr:street": null, "name:en": null, "surface": null, "addr:housename": null, "internet_access": null, "name:ja": null, "name:zh": null, "phone": null, "name:ko-Latn": null, "lit": null, "alt_name": null, "tourism": null, "parking": null, "landuse": null, "natural": null, "fixme": null, "area": null, "hoops": null, "leaf_cycle": null, "leaf_type": null, "addr:subdistrict": null, "covered": null, "education": null, "type": null }, "geometry": { "type": "Polygon", "coordinates": [ [ [ 126.9089519, 35.1688403 ], [ 126.9088204, 35.1685009 ], [ 126.9096063, 35.168294 ], [ 126.9097457, 35.1686617 ], [ 126.9090013, 35.1688654 ], [ 126.9089519, 35.1688403 ] ] ] } },
{ "type": "Feature", "properties": { "element": "way", "id": 470899008, "amenity": null, "name": null, "name:ko": null, "operator": null, "operator:type": null, "start_date": null, "website": null, "wikidata": null, "wikipedia": null, "leisure": "park", "sport": null, "indoor": null, "access": null, "addr:city": null, "addr:district": null, "addr:housenumber": null, "addr:postcode": null, "addr:street": null, "name:en": null, "surface": null, "addr:housename": null, "internet_access": null, "name:ja": null, "name:zh": null, "phone": null, "name:ko-Latn": null, "lit": null, "alt_name": null, "tourism": null, "parking": null, "landuse": null, "natural": null, "fixme": null, "area": null, "hoops": null, "leaf_cycle": null, "leaf_type": null, "addr:subdistrict": null, "covered": null, "education": null, "type": null }, "geometry": { "type": "Polygon", "coordinates": [ [ [ 126.8746337, 35.1793738 ], [ 126.874505, 35.1792734 ], [ 126.8747966, 35.179145 ], [ 126.8748662, 35.1792011 ], [ 126.8746337, 35.1793738 ] ] ] } },
{ "type": "Feature", "properties": { "element": "way", "id": 470934159, "amenity": null, "name": "용주초등학교 운동장", "name:ko": "용주초등학교 운동장", "operator": null, "operator:type": null, "start_date": null, "website": null, "wikidata": null, "wikipedia": null, "leisure": "pitch", "sport": null, "indoor": null, "access": null, "addr:city": null, "addr:district": null, "addr:housenumber": null, "addr:postcode": null, "addr:street": null, "name:en": null, "surface": null, "addr:housename": null, "internet_access": null, "name:ja": null, "name:zh": null, "phone": null, "name:ko-Latn": null, "lit": null, "alt_name": null, "tourism": null, "parking": null, "landuse": null, "natural": null, "fixme": null, "area": null, "hoops": null, "leaf_cycle": null, "leaf_type": null, "addr:subdistrict": null, "covered": null, "education": null, "type": null }, "geometry": { "type": "Polygon", "coordinates": [ [ [ 126.8987849, 35.1812559 ], [ 126.8989609, 35.1809279 ], [ 126.8996213, 35.1811735 ], [ 126.8994236, 35.1815161 ], [ 126.8987849, 35.1812559 ] ] ] } },
{ "type": "Feature", "properties": { "element": "way", "id": 471387215, "amenity": null, "name": null, "name:ko": null, "operator": null, "operator:type": null, "start_date": null, "website": null, "wikidata": null, "wikipedia": null, "leisure": "pitch", "sport": null, "indoor": null, "access": null, "addr:city": null, "addr:district": null, "addr:housenumber": null, "addr:postcode": null, "addr:street": null, "name:en": null, "surface": null, "addr:housename": null, "internet_access": null, "name:ja": null, "name:zh": null, "phone": null, "name:ko-Latn": null, "lit": null, "alt_name": null, "tourism": null, "parking": null, "landuse": null, "natural": null, "fixme": null, "area": null, "hoops": null, "leaf_cycle": null, "leaf_type": null, "addr:subdistrict": null, "covered": null, "education": null, "type": null }, "geometry": { "type": "Polygon", "coordinates": [ [ [ 126.8865573, 35.1763755 ], [ 126.8875621, 35.1760918 ], [ 126.8874657, 35.1757998 ], [ 126.8872751, 35.1757462 ], [ 126.8870872, 35.1757185 ], [ 126.8868537, 35.1757571 ], [ 126.8866187, 35.1758188 ], [ 126.8864066, 35.175918 ], [ 126.8863933, 35.1760274 ], [ 126.8865573, 35.1763755 ] ] ] } },
{ "type": "Feature", "properties": { "element": "way", "id": 471448137, "amenity": null, "name": "금호고 축구장", "name:ko": "금호고 축구장", "operator": null, "operator:type": null, "start_date": null, "website": null, "wikidata": null, "wikipedia": null, "leisure": "pitch", "sport": "soccer", "indoor": null, "access": null, "addr:city": null, "addr:district": null, "addr:housenumber": null, "addr:postcode": null, "addr:street": null, "name:en": null, "surface": null, "addr:housename": null, "internet_access": null, "name:ja": null, "name:zh": null, "phone": null, "name:ko-Latn": null, "lit": null, "alt_name": null, "tourism": null, "parking": null, "landuse": null, "natural": null, "fixme": null, "area": null, "hoops": null, "leaf_cycle": null, "leaf_type": null, "addr:subdistrict": null, "covered": null, "education": null, "type": null }, "geometry": { "type": "Polygon", "coordinates": [ [ [ 126.8851231, 35.1774189 ], [ 126.8863298, 35.1774267 ], [ 126.8863233, 35.1780981 ], [ 126.8859385, 35.1780956 ], [ 126.8851166, 35.1780903 ], [ 126.8851231, 35.1774189 ] ] ] } },
{ "type": "Feature", "properties": { "element": "way", "id": 471479410, "amenity": null, "name": null, "name:ko": null, "operator": null, "operator:type": null, "start_date": null, "website": null, "wikidata": null, "wikipedia": null, "leisure": "pitch", "sport": "soccer", "indoor": null, "access": null, "addr:city": null, "addr:district": null, "addr:housenumber": null, "addr:postcode": null, "addr:street": null, "name:en": null, "surface": "artificial_turf", "addr:housename": null, "internet_access": null, "name:ja": null, "name:zh": null, "phone": null, "name:ko-Latn": null, "lit": null, "alt_name": null, "tourism": null, "parking": null, "landuse": null, "natural": null, "fixme": null, "area": null, "hoops": null, "leaf_cycle": null, "leaf_type": null, "addr:subdistrict": null, "covered": null, "education": null, "type": null }, "geometry": { "type": "Polygon", "coordinates": [ [ [ 126.8948026, 35.2091106 ], [ 126.894787, 35.20836 ], [ 126.8954625, 35.2083506 ], [ 126.8954768, 35.2091045 ], [ 126.8948026, 35.2091106 ] ] ] } },
{ "type": "Feature", "properties": { "element": "way", "id": 471479426, "amenity": null, "name": "근린공원", "name:ko": "근린공원", "operator": null, "operator:type": null, "start_date": null, "website": null, "wikidata": null, "wikipedia": null, "leisure": "park", "sport": null, "indoor": null, "access": null, "addr:city": null, "addr:district": null, "addr:housenumber": null, "addr:postcode": null, "addr:street": null, "name:en": null, "surface": null, "addr:housename": null, "internet_access": null, "name:ja": null, "name:zh": null, "phone": null, "name:ko-Latn": null, "lit": null, "alt_name": null, "tourism": null, "parking": null, "landuse": null, "natural": null, "fixme": null, "area": null, "hoops": null, "leaf_cycle": null, "leaf_type": null, "addr:subdistrict": null, "covered": null, "education": null, "type": null }, "geometry": { "type": "Polygon", "coordinates": [ [ [ 126.897805, 35.2057638 ], [ 126.8992017, 35.2061145 ], [ 126.8990453, 35.2066133 ], [ 126.8986652, 35.2066176 ], [ 126.8977289, 35.2066224 ], [ 126.8977466, 35.2065089 ], [ 126.8977372, 35.206019 ], [ 126.8977037, 35.2058196 ], [ 126.8977332, 35.2057747 ], [ 126.897805, 35.2057638 ] ] ] } },
{ "type": "Feature", "properties": { "element": "way", "id": 471479434, "amenity": null, "name": null, "name:ko": null, "operator": null, "operator:type": null, "start_date": null, "website": null, "wikidata": null, "wikipedia": null, "leisure": "pitch", "sport": "multi", "indoor": null, "access": null, "addr:city": null, "addr:district": null, "addr:housenumber": null, "addr:postcode": null, "addr:street": null, "name:en": null, "surface": "sand", "addr:housename": null, "internet_access": null, "name:ja": null, "name:zh": null, "phone": null, "name:ko-Latn": null, "lit": "no", "alt_name": null, "tourism": null, "parking": null, "landuse": null, "natural": null, "fixme": null, "area": null, "hoops": null, "leaf_cycle": null, "leaf_type": null, "addr:subdistrict": null, "covered": null, "education": null, "type": null }, "geometry": { "type": "Polygon", "coordinates": [ [ [ 126.8914049, 35.2161279 ], [ 126.8914404, 35.2153016 ], [ 126.892911, 35.2153437 ], [ 126.8928755, 35.2161702 ], [ 126.8914049, 35.2161279 ] ] ] } },
{ "type": "Feature", "properties": { "element": "way", "id": 471482107, "amenity": null, "name": null, "name:ko": null, "operator": null, "operator:type": null, "start_date": null, "website": null, "wikidata": null, "wikipedia": null, "leisure": "pitch", "sport": "multi", "indoor": null, "access": null, "addr:city": null, "addr:district": null, "addr:housenumber": null, "addr:postcode": null, "addr:street": null, "name:en": null, "surface": "sand", "addr:housename": null, "internet_access": null, "name:ja": null, "name:zh": null, "phone": null, "name:ko-Latn": null, "lit": null, "alt_name": null, "tourism": null, "parking": null, "landuse": null, "natural": null, "fixme": null, "area": null, "hoops": null, "leaf_cycle": null, "leaf_type": null, "addr:subdistrict": null, "covered": null, "education": null, "type": null }, "geometry": { "type": "Polygon", "coordinates": [ [ [ 126.8978396, 35.2091825 ], [ 126.8989586, 35.2091729 ], [ 126.8989642, 35.209607 ], [ 126.8980323, 35.2096133 ], [ 126.898031, 35.2093357 ], [ 126.8978402, 35.2093363 ], [ 126.8978396, 35.2091825 ] ] ] } },
{ "type": "Feature", "properties": { "element": "way", "id": 471489417, "amenity": null, "name": "당산공원", "name:ko": "당산공원", "operator": null, "operator:type": null, "start_date": null, "website": null, "wikidata": null, "wikipedia": null, "leisure": "park", "sport": null, "indoor": null, "access": null, "addr:city": null, "addr:district": null, "addr:housenumber": null, "addr:postcode": null, "addr:street": null, "name:en": null, "surface": null, "addr:housename": null, "internet_access": null, "name:ja": null, "name:zh": null, "phone": null, "name:ko-Latn": null, "lit": null, "alt_name": null, "tourism": null, "parking": null, "landuse": null, "natural": null, "fixme": null, "area": null, "hoops": null, "leaf_cycle": null, "leaf_type": null, "addr:subdistrict": null, "covered": null, "education": null, "type": null }, "geometry": { "type": "Polygon", "coordinates": [ [ [ 126.8989941, 35.2094628 ], [ 126.8993036, 35.2094598 ], [ 126.8993492, 35.2094837 ], [ 126.8993469, 35.2101568 ], [ 126.8993117, 35.210206 ], [ 126.8992567, 35.2102487 ], [ 126.8990046, 35.2102509 ], [ 126.8989941, 35.2094628 ] ] ] } },
{ "type": "Feature", "properties": { "element": "way", "id": 471494404, "amenity": null, "name": "돌샘 어린이 공원", "name:ko": "돌샘 어린이 공원", "operator": null, "operator:type": null, "start_date": null, "website": null, "wikidata": null, "wikipedia": null, "leisure": "park", "sport": null, "indoor": null, "access": null, "addr:city": null, "addr:district": null, "addr:housenumber": null, "addr:postcode": null, "addr:street": null, "name:en": null, "surface": null, "addr:housename": null, "internet_access": null, "name:ja": null, "name:zh": null, "phone": null, "name:ko-Latn": null, "lit": null, "alt_name": null, "tourism": null, "parking": null, "landuse": null, "natural": null, "fixme": null, "area": null, "hoops": null, "leaf_cycle": null, "leaf_type": null, "addr:subdistrict": null, "covered": null, "education": null, "type": null }, "geometry": { "type": "Polygon", "coordinates": [ [ [ 126.8965449, 35.2064813 ], [ 126.897184, 35.2064778 ], [ 126.8971788, 35.2061495 ], [ 126.8971748, 35.2058985 ], [ 126.897172, 35.2055962 ], [ 126.8965178, 35.2054226 ], [ 126.8965449, 35.2064813 ] ] ] } },
{ "type": "Feature", "properties": { "element": "way", "id": 471507787, "amenity": null, "name": "운동장", "name:ko": "운동장", "operator": null, "operator:type": null, "start_date": null, "website": null, "wikidata": null, "wikipedia": null, "leisure": "pitch", "sport": null, "indoor": null, "access": null, "addr:city": null, "addr:district": null, "addr:housenumber": null, "addr:postcode": null, "addr:street": null, "name:en": null, "surface": null, "addr:housename": null, "internet_access": null, "name:ja": null, "name:zh": null, "phone": null, "name:ko-Latn": null, "lit": null, "alt_name": null, "tourism": null, "parking": null, "landuse": null, "natural": null, "fixme": null, "area": null, "hoops": null, "leaf_cycle": null, "leaf_type": null, "addr:subdistrict": null, "covered": null, "education": null, "type": null }, "geometry": { "type": "Polygon", "coordinates": [ [ [ 126.8806157, 35.208305 ], [ 126.8810569, 35.2084048 ], [ 126.8811801, 35.2080412 ], [ 126.8807389, 35.2079413 ], [ 126.8806157, 35.208305 ] ] ] } },
{ "type": "Feature", "properties": { "element": "way", "id": 471511135, "amenity": null, "name": "한새공원", "name:ko": "한새공원", "operator": null, "operator:type": null, "start_date": null, "website": null, "wikidata": null, "wikipedia": null, "leisure": "park", "sport": null, "indoor": null, "access": null, "addr:city": null, "addr:district": null, "addr:housenumber": null, "addr:postcode": null, "addr:street": null, "name:en": null, "surface": null, "addr:housename": null, "internet_access": null, "name:ja": null, "name:zh": null, "phone": null, "name:ko-Latn": null, "lit": null, "alt_name": null, "tourism": null, "parking": null, "landuse": null, "natural": null, "fixme": null, "area": null, "hoops": null, "leaf_cycle": null, "leaf_type": null, "addr:subdistrict": null, "covered": null, "education": null, "type": null }, "geometry": { "type": "Polygon", "coordinates": [ [ [ 126.8965396, 35.2127047 ], [ 126.89745, 35.2127309 ], [ 126.8976404, 35.2127293 ], [ 126.8976532, 35.2132124 ], [ 126.8968936, 35.2132131 ], [ 126.8968887, 35.2129639 ], [ 126.8965539, 35.2129623 ], [ 126.8965396, 35.2127047 ] ] ] } },
{ "type": "Feature", "properties": { "element": "way", "id": 472070608, "amenity": null, "name": null, "name:ko": null, "operator": null, "operator:type": null, "start_date": null, "website": null, "wikidata": null, "wikipedia": null, "leisure": "pitch", "sport": "soccer", "indoor": null, "access": null, "addr:city": null, "addr:district": null, "addr:housenumber": null, "addr:postcode": null, "addr:street": null, "name:en": null, "surface": "sand", "addr:housename": null, "internet_access": null, "name:ja": null, "name:zh": null, "phone": null, "name:ko-Latn": null, "lit": null, "alt_name": null, "tourism": null, "parking": null, "landuse": null, "natural": null, "fixme": null, "area": null, "hoops": null, "leaf_cycle": null, "leaf_type": null, "addr:subdistrict": null, "covered": null, "education": null, "type": null }, "geometry": { "type": "Polygon", "coordinates": [ [ [ 126.8980415, 35.2118473 ], [ 126.8980315, 35.2114591 ], [ 126.8989183, 35.2114438 ], [ 126.8989283, 35.211832 ], [ 126.8980415, 35.2118473 ] ] ] } },
{ "type": "Feature", "properties": { "element": "way", "id": 472072627, "amenity": null, "name": "서일공원", "name:ko": "서일공원", "operator": null, "operator:type": null, "start_date": null, "website": null, "wikidata": null, "wikipedia": null, "leisure": "park", "sport": null, "indoor": null, "access": null, "addr:city": null, "addr:district": null, "addr:housenumber": null, "addr:postcode": null, "addr:street": null, "name:en": null, "surface": null, "addr:housename": null, "internet_access": null, "name:ja": null, "name:zh": null, "phone": null, "name:ko-Latn": null, "lit": null, "alt_name": null, "tourism": null, "parking": null, "landuse": null, "natural": null, "fixme": null, "area": null, "hoops": null, "leaf_cycle": null, "leaf_type": null, "addr:subdistrict": null, "covered": null, "education": null, "type": null }, "geometry": { "type": "Polygon", "coordinates": [ [ [ 126.9000265, 35.2129773 ], [ 126.900036, 35.2125537 ], [ 126.9008841, 35.2125503 ], [ 126.9009304, 35.2125968 ], [ 126.9009175, 35.2129629 ], [ 126.9000265, 35.2129773 ] ] ] } },
{ "type": "Feature", "properties": { "element": "way", "id": 473321727, "amenity": null, "name": null, "name:ko": null, "operator": null, "operator:type": null, "start_date": null, "website": null, "wikidata": null, "wikipedia": null, "leisure": "pitch", "sport": null, "indoor": null, "access": null, "addr:city": null, "addr:district": null, "addr:housenumber": null, "addr:postcode": null, "addr:street": null, "name:en": null, "surface": null, "addr:housename": null, "internet_access": null, "name:ja": null, "name:zh": null, "phone": null, "name:ko-Latn": null, "lit": null, "alt_name": null, "tourism": null, "parking": null, "landuse": null, "natural": null, "fixme": null, "area": null, "hoops": null, "leaf_cycle": null, "leaf_type": null, "addr:subdistrict": null, "covered": null, "education": null, "type": null }, "geometry": { "type": "Polygon", "coordinates": [ [ [ 126.8476412, 35.2275934 ], [ 126.8478813, 35.2271016 ], [ 126.8487502, 35.2273846 ], [ 126.8487327, 35.2274206 ], [ 126.8485465, 35.2278017 ], [ 126.84851, 35.2278765 ], [ 126.8484728, 35.2278644 ], [ 126.8481083, 35.2277456 ], [ 126.848004, 35.2277116 ], [ 126.8476727, 35.2276037 ], [ 126.8476412, 35.2275934 ] ] ] } },
{ "type": "Feature", "properties": { "element": "way", "id": 473783839, "amenity": null, "name": null, "name:ko": null, "operator": null, "operator:type": null, "start_date": null, "website": null, "wikidata": null, "wikipedia": null, "leisure": "pitch", "sport": "tennis", "indoor": null, "access": null, "addr:city": null, "addr:district": null, "addr:housenumber": null, "addr:postcode": null, "addr:street": null, "name:en": null, "surface": null, "addr:housename": null, "internet_access": null, "name:ja": null, "name:zh": null, "phone": null, "name:ko-Latn": null, "lit": null, "alt_name": null, "tourism": null, "parking": null, "landuse": null, "natural": null, "fixme": null, "area": null, "hoops": null, "leaf_cycle": null, "leaf_type": null, "addr:subdistrict": null, "covered": null, "education": null, "type": null }, "geometry": { "type": "Polygon", "coordinates": [ [ [ 126.8505109, 35.2233709 ], [ 126.8510572, 35.2233647 ], [ 126.851061, 35.2230331 ], [ 126.8505071, 35.2230424 ], [ 126.8505109, 35.2233709 ] ] ] } },
{ "type": "Feature", "properties": { "element": "way", "id": 473913470, "amenity": null, "name": null, "name:ko": null, "operator": null, "operator:type": null, "start_date": null, "website": null, "wikidata": null, "wikipedia": null, "leisure": "pitch", "sport": "soccer", "indoor": null, "access": null, "addr:city": null, "addr:district": null, "addr:housenumber": null, "addr:postcode": null, "addr:street": null, "name:en": null, "surface": null, "addr:housename": null, "internet_access": null, "name:ja": null, "name:zh": null, "phone": null, "name:ko-Latn": null, "lit": null, "alt_name": null, "tourism": null, "parking": null, "landuse": null, "natural": null, "fixme": null, "area": null, "hoops": null, "leaf_cycle": null, "leaf_type": null, "addr:subdistrict": null, "covered": null, "education": null, "type": null }, "geometry": { "type": "Polygon", "coordinates": [ [ [ 126.8481476, 35.2284928 ], [ 126.8482536, 35.2285119 ], [ 126.8483141, 35.2283422 ], [ 126.8481985, 35.2283231 ], [ 126.8481476, 35.2284928 ] ] ] } },
{ "type": "Feature", "properties": { "element": "way", "id": 473913494, "amenity": null, "name": "GIST 풋살경기장", "name:ko": "GIST 풋살경기장", "operator": null, "operator:type": null, "start_date": null, "website": null, "wikidata": null, "wikipedia": null, "leisure": "pitch", "sport": "soccer", "indoor": null, "access": null, "addr:city": null, "addr:district": null, "addr:housenumber": null, "addr:postcode": null, "addr:street": null, "name:en": null, "surface": null, "addr:housename": null, "internet_access": null, "name:ja": null, "name:zh": null, "phone": null, "name:ko-Latn": null, "lit": null, "alt_name": null, "tourism": null, "parking": null, "landuse": null, "natural": null, "fixme": null, "area": null, "hoops": null, "leaf_cycle": null, "leaf_type": null, "addr:subdistrict": null, "covered": null, "education": null, "type": null }, "geometry": { "type": "Polygon", "coordinates": [ [ [ 126.8467329, 35.2284275 ], [ 126.8469658, 35.2283485 ], [ 126.8467801, 35.2279832 ], [ 126.8465472, 35.2280622 ], [ 126.8467329, 35.2284275 ] ] ] } },
{ "type": "Feature", "properties": { "element": "way", "id": 474171336, "amenity": null, "name": "테니스장", "name:ko": "테니스장", "operator": null, "operator:type": null, "start_date": null, "website": null, "wikidata": null, "wikipedia": null, "leisure": "pitch", "sport": "tennis", "indoor": null, "access": null, "addr:city": null, "addr:district": null, "addr:housenumber": null, "addr:postcode": null, "addr:street": null, "name:en": null, "surface": null, "addr:housename": null, "internet_access": null, "name:ja": null, "name:zh": null, "phone": null, "name:ko-Latn": null, "lit": null, "alt_name": null, "tourism": null, "parking": null, "landuse": null, "natural": null, "fixme": null, "area": null, "hoops": null, "leaf_cycle": null, "leaf_type": null, "addr:subdistrict": null, "covered": null, "education": null, "type": null }, "geometry": { "type": "Polygon", "coordinates": [ [ [ 126.8374425, 35.226027 ], [ 126.8372854, 35.2257146 ], [ 126.8376159, 35.2256037 ], [ 126.8375479, 35.2254687 ], [ 126.837791, 35.2253871 ], [ 126.837703, 35.2252121 ], [ 126.8380236, 35.2251045 ], [ 126.8383367, 35.225727 ], [ 126.8374425, 35.226027 ] ] ] } },
{ "type": "Feature", "properties": { "element": "way", "id": 474171337, "amenity": null, "name": "축구장", "name:ko": "축구장", "operator": null, "operator:type": null, "start_date": null, "website": null, "wikidata": null, "wikipedia": null, "leisure": "pitch", "sport": "soccer", "indoor": null, "access": null, "addr:city": null, "addr:district": null, "addr:housenumber": null, "addr:postcode": null, "addr:street": null, "name:en": null, "surface": null, "addr:housename": null, "internet_access": null, "name:ja": null, "name:zh": null, "phone": null, "name:ko-Latn": null, "lit": null, "alt_name": null, "tourism": null, "parking": null, "landuse": null, "natural": null, "fixme": null, "area": null, "hoops": null, "leaf_cycle": null, "leaf_type": null, "addr:subdistrict": null, "covered": null, "education": null, "type": null }, "geometry": { "type": "Polygon", "coordinates": [ [ [ 126.8383164, 35.225535 ], [ 126.8379543, 35.2248382 ], [ 126.8392059, 35.2244041 ], [ 126.8395681, 35.2251008 ], [ 126.8383164, 35.225535 ] ] ] } },
{ "type": "Feature", "properties": { "element": "way", "id": 474360483, "amenity": null, "name": "광주교육대학교 제2운동장", "name:ko": "광주교육대학교 제2운동장", "operator": null, "operator:type": null, "start_date": null, "website": null, "wikidata": null, "wikipedia": null, "leisure": "pitch", "sport": null, "indoor": null, "access": null, "addr:city": null, "addr:district": null, "addr:housenumber": null, "addr:postcode": null, "addr:street": null, "name:en": null, "surface": null, "addr:housename": null, "internet_access": null, "name:ja": null, "name:zh": null, "phone": null, "name:ko-Latn": null, "lit": null, "alt_name": null, "tourism": null, "parking": null, "landuse": null, "natural": null, "fixme": null, "area": null, "hoops": null, "leaf_cycle": null, "leaf_type": null, "addr:subdistrict": null, "covered": null, "education": null, "type": null }, "geometry": { "type": "Polygon", "coordinates": [ [ [ 126.9281146, 35.1657737 ], [ 126.9277404, 35.1652436 ], [ 126.9285008, 35.1648848 ], [ 126.9288751, 35.1654149 ], [ 126.9281146, 35.1657737 ] ] ] } },
{ "type": "Feature", "properties": { "element": "way", "id": 474360504, "amenity": null, "name": null, "name:ko": null, "operator": null, "operator:type": null, "start_date": null, "website": null, "wikidata": null, "wikipedia": null, "leisure": "park", "sport": null, "indoor": null, "access": null, "addr:city": null, "addr:district": null, "addr:housenumber": null, "addr:postcode": null, "addr:street": null, "name:en": null, "surface": null, "addr:housename": null, "internet_access": null, "name:ja": null, "name:zh": null, "phone": null, "name:ko-Latn": null, "lit": null, "alt_name": null, "tourism": null, "parking": null, "landuse": null, "natural": null, "fixme": null, "area": null, "hoops": null, "leaf_cycle": null, "leaf_type": null, "addr:subdistrict": null, "covered": null, "education": null, "type": null }, "geometry": { "type": "Polygon", "coordinates": [ [ [ 126.9289144, 35.1654755 ], [ 126.9288751, 35.1654149 ], [ 126.9285008, 35.1648848 ], [ 126.9280713, 35.1642797 ], [ 126.9284217, 35.1641193 ], [ 126.9289193, 35.1645077 ], [ 126.9286575, 35.1646364 ], [ 126.9291945, 35.1653529 ], [ 126.9289144, 35.1654755 ] ] ] } },
{ "type": "Feature", "properties": { "element": "way", "id": 474360505, "amenity": null, "name": "두방쉼터", "name:ko": "두방쉼터", "operator": null, "operator:type": null, "start_date": null, "website": null, "wikidata": null, "wikipedia": null, "leisure": "park", "sport": null, "indoor": null, "access": null, "addr:city": null, "addr:district": null, "addr:housenumber": null, "addr:postcode": null, "addr:street": null, "name:en": null, "surface": null, "addr:housename": null, "internet_access": null, "name:ja": null, "name:zh": null, "phone": null, "name:ko-Latn": null, "lit": null, "alt_name": null, "tourism": null, "parking": null, "landuse": null, "natural": null, "fixme": null, "area": null, "hoops": null, "leaf_cycle": null, "leaf_type": null, "addr:subdistrict": null, "covered": null, "education": null, "type": null }, "geometry": { "type": "Polygon", "coordinates": [ [ [ 126.9295295, 35.1657341 ], [ 126.9292271, 35.1652301 ], [ 126.9293049, 35.1651988 ], [ 126.9294689, 35.1651329 ], [ 126.9298869, 35.1654324 ], [ 126.9299626, 35.165396 ], [ 126.9300777, 35.1654822 ], [ 126.9295295, 35.1657341 ] ] ] } },
{ "type": "Feature", "properties": { "element": "way", "id": 474360514, "amenity": null, "name": null, "name:ko": null, "operator": null, "operator:type": null, "start_date": null, "website": null, "wikidata": null, "wikipedia": null, "leisure": "park", "sport": null, "indoor": null, "access": null, "addr:city": null, "addr:district": null, "addr:housenumber": null, "addr:postcode": null, "addr:street": null, "name:en": null, "surface": null, "addr:housename": null, "internet_access": null, "name:ja": null, "name:zh": null, "phone": null, "name:ko-Latn": null, "lit": null, "alt_name": null, "tourism": null, "parking": null, "landuse": null, "natural": null, "fixme": null, "area": null, "hoops": null, "leaf_cycle": null, "leaf_type": null, "addr:subdistrict": null, "covered": null, "education": null, "type": null }, "geometry": { "type": "Polygon", "coordinates": [ [ [ 126.9253279, 35.1651662 ], [ 126.9252572, 35.1649774 ], [ 126.9255921, 35.1648937 ], [ 126.9257414, 35.1648564 ], [ 126.9259155, 35.1648128 ], [ 126.9260615, 35.1647763 ], [ 126.9261796, 35.1647468 ], [ 126.9262503, 35.1649356 ], [ 126.9253865, 35.1651516 ], [ 126.9253279, 35.1651662 ] ] ] } },
{ "type": "Feature", "properties": { "element": "way", "id": 475431872, "amenity": "university", "name": "광주과학기술원", "name:ko": "광주 과학 기술원", "operator": null, "operator:type": null, "start_date": null, "website": "https://www.gist.ac.kr/", "wikidata": "Q484900", "wikipedia": null, "leisure": null, "sport": null, "indoor": null, "access": null, "addr:city": null, "addr:district": null, "addr:housenumber": "123", "addr:postcode": "61005", "addr:street": "첨단과기로", "name:en": "Gwangju Institute of Science and Technology", "surface": null, "addr:housename": "광주과학기술원", "internet_access": null, "name:ja": null, "name:zh": null, "phone": null, "name:ko-Latn": null, "lit": null, "alt_name": "GIST", "tourism": null, "parking": null, "landuse": null, "natural": null, "fixme": null, "area": null, "hoops": null, "leaf_cycle": null, "leaf_type": null, "addr:subdistrict": null, "covered": null, "education": null, "type": null }, "geometry": { "type": "Polygon", "coordinates": [ [ [ 126.8365933, 35.2292478 ], [ 126.8365898, 35.2292921 ], [ 126.8366043, 35.2293361 ], [ 126.836628, 35.2293674 ], [ 126.8376865, 35.2296842 ], [ 126.8437193, 35.2318136 ], [ 126.8450781, 35.2322861 ], [ 126.8469332, 35.2329594 ], [ 126.846951, 35.2329342 ], [ 126.847829, 35.2311658 ], [ 126.8488676, 35.2290933 ], [ 126.8471055, 35.228504 ], [ 126.8478186, 35.2270811 ], [ 126.8478712, 35.2269792 ], [ 126.8466894, 35.2265844 ], [ 126.845849, 35.226306 ], [ 126.845729, 35.2262658 ], [ 126.842013, 35.225022 ], [ 126.8409419, 35.2247287 ], [ 126.8395839, 35.2243561 ], [ 126.8382323, 35.2239731 ], [ 126.8381779, 35.2239834 ], [ 126.8372604, 35.225716 ], [ 126.8368103, 35.2265658 ], [ 126.8363783, 35.2273816 ], [ 126.8364026, 35.227462 ], [ 126.837161, 35.2277373 ], [ 126.8371989, 35.2278073 ], [ 126.836872, 35.2285837 ], [ 126.8365933, 35.2292478 ] ] ] } },
{ "type": "Feature", "properties": { "element": "way", "id": 476359868, "amenity": null, "name": "우산근린공원", "name:ko": "우산근린공원", "operator": null, "operator:type": null, "start_date": null, "website": null, "wikidata": null, "wikipedia": null, "leisure": "park", "sport": null, "indoor": null, "access": null, "addr:city": null, "addr:district": null, "addr:housenumber": null, "addr:postcode": null, "addr:street": null, "name:en": null, "surface": null, "addr:housename": null, "internet_access": null, "name:ja": null, "name:zh": null, "phone": null, "name:ko-Latn": null, "lit": null, "alt_name": null, "tourism": null, "parking": null, "landuse": null, "natural": null, "fixme": null, "area": null, "hoops": null, "leaf_cycle": null, "leaf_type": null, "addr:subdistrict": null, "covered": null, "education": null, "type": null }, "geometry": { "type": "Polygon", "coordinates": [ [ [ 126.9259534, 35.176843 ], [ 126.9259509, 35.1768351 ], [ 126.9258943, 35.1766537 ], [ 126.925884, 35.1766206 ], [ 126.9257713, 35.1763284 ], [ 126.9257033, 35.1761522 ], [ 126.9257002, 35.1761394 ], [ 126.9256944, 35.1761232 ], [ 126.9256883, 35.1761063 ], [ 126.9256248, 35.1759507 ], [ 126.9254875, 35.1759981 ], [ 126.9254535, 35.1759234 ], [ 126.9253352, 35.1756636 ], [ 126.9251022, 35.1753668 ], [ 126.9251669, 35.1751974 ], [ 126.9253817, 35.1751405 ], [ 126.9254062, 35.175134 ], [ 126.9254653, 35.1751183 ], [ 126.9254706, 35.1751169 ], [ 126.9255268, 35.175102 ], [ 126.9255824, 35.1750873 ], [ 126.9256513, 35.175069 ], [ 126.9257442, 35.1750444 ], [ 126.9257752, 35.1750362 ], [ 126.9258159, 35.1750254 ], [ 126.9258322, 35.1750211 ], [ 126.9262313, 35.1749153 ], [ 126.9262765, 35.1749033 ], [ 126.926397, 35.1748714 ], [ 126.9264143, 35.1748726 ], [ 126.9265012, 35.1748785 ], [ 126.9266422, 35.1750751 ], [ 126.9269439, 35.1754956 ], [ 126.9270198, 35.1756024 ], [ 126.9270641, 35.1756646 ], [ 126.9275284, 35.176257 ], [ 126.9276004, 35.1763586 ], [ 126.9275855, 35.1764308 ], [ 126.927532, 35.1764741 ], [ 126.9271326, 35.1765709 ], [ 126.9268291, 35.1766482 ], [ 126.9259534, 35.176843 ] ] ] } },
{ "type": "Feature", "properties": { "element": "way", "id": 479409309, "amenity": null, "name": "광주호호수생태원", "name:ko": "광주호호수생태원", "operator": null, "operator:type": null, "start_date": null, "website": null, "wikidata": null, "wikipedia": null, "leisure": "park", "sport": null, "indoor": null, "access": null, "addr:city": null, "addr:district": null, "addr:housenumber": null, "addr:postcode": null, "addr:street": null, "name:en": "Gwangju Lake Ecology Park", "surface": null, "addr:housename": null, "internet_access": null, "name:ja": "光州湖生態公園", "name:zh": null, "phone": "+82 062-613-7891", "name:ko-Latn": null, "lit": null, "alt_name": null, "tourism": null, "parking": null, "landuse": null, "natural": null, "fixme": null, "area": null, "hoops": null, "leaf_cycle": null, "leaf_type": null, "addr:subdistrict": null, "covered": null, "education": null, "type": null }, "geometry": { "type": "Polygon", "coordinates": [ [ [ 126.9961669, 35.183518 ], [ 126.9964384, 35.1837385 ], [ 126.9968119, 35.1838703 ], [ 126.9973752, 35.1842013 ], [ 126.9977212, 35.1843614 ], [ 126.9980271, 35.184528 ], [ 126.9981246, 35.1841056 ], [ 126.9986137, 35.1839758 ], [ 126.9987743, 35.1840164 ], [ 126.9991574, 35.1840206 ], [ 126.9993056, 35.1839712 ], [ 126.9992821, 35.1838533 ], [ 126.9993447, 35.1837132 ], [ 126.9993993, 35.1837352 ], [ 126.9995843, 35.1836854 ], [ 126.9997529, 35.1837085 ], [ 126.9998543, 35.183779 ], [ 127.000152, 35.1839105 ], [ 127.0000729, 35.184144 ], [ 127.0001568, 35.1841884 ], [ 127.000093, 35.1842951 ], [ 127.000134, 35.1843751 ], [ 127.0005375, 35.1843735 ], [ 127.0005921, 35.1847915 ], [ 127.0006507, 35.1849094 ], [ 127.0007284, 35.1850179 ], [ 127.0007573, 35.1850567 ], [ 127.0008649, 35.1851565 ], [ 127.0008997, 35.1853047 ], [ 127.000974, 35.1853956 ], [ 127.0011155, 35.1854313 ], [ 127.0012834, 35.1856005 ], [ 127.0016869, 35.1861094 ], [ 127.0018277, 35.1862869 ], [ 127.0020141, 35.186495 ], [ 127.0022237, 35.1866711 ], [ 127.0023506, 35.1867298 ], [ 127.0026488, 35.1868895 ], [ 127.0025952, 35.1869424 ], [ 127.0024083, 35.1871408 ], [ 127.0019653, 35.1873415 ], [ 127.0012821, 35.1874898 ], [ 127.0011344, 35.1874961 ], [ 127.0009807, 35.1876321 ], [ 127.000698, 35.1878127 ], [ 127.0002439, 35.1880953 ], [ 126.9998764, 35.1878732 ], [ 126.9994727, 35.1879318 ], [ 126.9991538, 35.1876138 ], [ 126.9986402, 35.1868568 ], [ 126.9983845, 35.1867686 ], [ 126.9979915, 35.1862462 ], [ 126.9976557, 35.1857998 ], [ 126.9974941, 35.185585 ], [ 126.9971506, 35.1851877 ], [ 126.9965689, 35.1847545 ], [ 126.9962371, 35.1839471 ], [ 126.9959497, 35.1839126 ], [ 126.9955343, 35.1834203 ], [ 126.9953742, 35.1830937 ], [ 126.9944978, 35.1828176 ], [ 126.9938113, 35.1826441 ], [ 126.9932011, 35.182764 ], [ 126.9931716, 35.1826566 ], [ 126.993598, 35.1823585 ], [ 126.9938824, 35.1822883 ], [ 126.9946334, 35.1824659 ], [ 126.9948024, 35.1821173 ], [ 126.9948909, 35.1818762 ], [ 126.9950062, 35.1818148 ], [ 126.9951081, 35.181806 ], [ 126.995253, 35.181749 ], [ 126.9953307, 35.1816767 ], [ 126.99543, 35.1815386 ], [ 126.9954246, 35.1813785 ], [ 126.9953978, 35.181293 ], [ 126.9954112, 35.1811462 ], [ 126.9953066, 35.1809993 ], [ 126.995261, 35.1808897 ], [ 126.9950784, 35.1807677 ], [ 126.9952396, 35.1804775 ], [ 126.9953763, 35.1803679 ], [ 126.9955614, 35.1803416 ], [ 126.9965155, 35.1802746 ], [ 126.9968873, 35.180206 ], [ 126.9974674, 35.1804242 ], [ 126.99764, 35.18044 ], [ 126.9977483, 35.1805 ], [ 126.997663, 35.1805173 ], [ 126.9976356, 35.1805229 ], [ 126.9975999, 35.1805301 ], [ 126.9974121, 35.1805312 ], [ 126.9974068, 35.1806507 ], [ 126.9974506, 35.1806588 ], [ 126.9973695, 35.1808192 ], [ 126.9971158, 35.1810062 ], [ 126.996991, 35.1809839 ], [ 126.996873, 35.1811779 ], [ 126.9962172, 35.1821272 ], [ 126.9960348, 35.1823409 ], [ 126.9959885, 35.1824151 ], [ 126.9959933, 35.1825295 ], [ 126.996059, 35.1826375 ], [ 126.9961669, 35.183518 ] ] ] } },
{ "type": "Feature", "properties": { "element": "way", "id": 484710186, "amenity": null, "name": "광주제일고등학교 야구장", "name:ko": "광주제일고등학교 야구장", "operator": null, "operator:type": null, "start_date": null, "website": null, "wikidata": null, "wikipedia": null, "leisure": "pitch", "sport": "baseball", "indoor": null, "access": null, "addr:city": null, "addr:district": null, "addr:housenumber": null, "addr:postcode": null, "addr:street": null, "name:en": "Gwangju Jeil High School Baseball Stadium", "surface": null, "addr:housename": null, "internet_access": null, "name:ja": null, "name:zh": null, "phone": null, "name:ko-Latn": null, "lit": null, "alt_name": null, "tourism": null, "parking": null, "landuse": null, "natural": null, "fixme": null, "area": null, "hoops": null, "leaf_cycle": null, "leaf_type": null, "addr:subdistrict": null, "covered": null, "education": null, "type": null }, "geometry": { "type": "Polygon", "coordinates": [ [ [ 126.9074689, 35.1523792 ], [ 126.9076243, 35.1524092 ], [ 126.907617, 35.1524697 ], [ 126.9079062, 35.1527288 ], [ 126.9077868, 35.1528174 ], [ 126.9077137, 35.1528915 ], [ 126.907631, 35.152955 ], [ 126.9075618, 35.1529835 ], [ 126.9074887, 35.1530001 ], [ 126.9073934, 35.153003 ], [ 126.9072833, 35.1529696 ], [ 126.9071986, 35.1529076 ], [ 126.9071438, 35.1528384 ], [ 126.9071301, 35.1527736 ], [ 126.9070103, 35.1526631 ], [ 126.9072003, 35.1525485 ], [ 126.9074689, 35.1523792 ] ] ] } },
{ "type": "Feature", "properties": { "element": "way", "id": 484710188, "amenity": null, "name": "광주제일고등학교 축구장", "name:ko": "광주제일고등학교 축구장", "operator": null, "operator:type": null, "start_date": null, "website": null, "wikidata": null, "wikipedia": null, "leisure": "pitch", "sport": "soccer", "indoor": null, "access": null, "addr:city": null, "addr:district": null, "addr:housenumber": null, "addr:postcode": null, "addr:street": null, "name:en": "Gwangju Jeil High School Soccer Stadium", "surface": null, "addr:housename": null, "internet_access": null, "name:ja": null, "name:zh": null, "phone": null, "name:ko-Latn": null, "lit": null, "alt_name": null, "tourism": null, "parking": null, "landuse": null, "natural": null, "fixme": null, "area": null, "hoops": null, "leaf_cycle": null, "leaf_type": null, "addr:subdistrict": null, "covered": null, "education": null, "type": null }, "geometry": { "type": "Polygon", "coordinates": [ [ [ 126.9079062, 35.1527288 ], [ 126.9083818, 35.1531098 ], [ 126.9075878, 35.1536065 ], [ 126.9072701, 35.1538052 ], [ 126.9072221, 35.1538352 ], [ 126.9065697, 35.1531439 ], [ 126.9071301, 35.1527736 ], [ 126.9071438, 35.1528384 ], [ 126.9071986, 35.1529076 ], [ 126.9072833, 35.1529696 ], [ 126.9073934, 35.153003 ], [ 126.9074887, 35.1530001 ], [ 126.9075618, 35.1529835 ], [ 126.907631, 35.152955 ], [ 126.9077137, 35.1528915 ], [ 126.9077868, 35.1528174 ], [ 126.9079062, 35.1527288 ] ] ] } },
{ "type": "Feature", "properties": { "element": "way", "id": 485779126, "amenity": null, "name": "광주학생독립운동기념공원", "name:ko": "광주학생독립운동기념공원", "operator": null, "operator:type": null, "start_date": null, "website": null, "wikidata": null, "wikipedia": null, "leisure": "park", "sport": null, "indoor": null, "access": null, "addr:city": null, "addr:district": null, "addr:housenumber": null, "addr:postcode": null, "addr:street": null, "name:en": "Gwangju Student Independence Movement Memorial Park", "surface": null, "addr:housename": null, "internet_access": null, "name:ja": "光州学生独立運動記念公園", "name:zh": null, "phone": null, "name:ko-Latn": null, "lit": null, "alt_name": null, "tourism": "attraction", "parking": null, "landuse": null, "natural": null, "fixme": null, "area": null, "hoops": null, "leaf_cycle": null, "leaf_type": null, "addr:subdistrict": null, "covered": null, "education": null, "type": null }, "geometry": { "type": "Polygon", "coordinates": [ [ [ 126.9081308, 35.1537064 ], [ 126.9080393, 35.153592 ], [ 126.9079532, 35.1534843 ], [ 126.907931, 35.1534565 ], [ 126.9083591, 35.1531839 ], [ 126.9083818, 35.1531098 ], [ 126.9079062, 35.1527288 ], [ 126.907617, 35.1524697 ], [ 126.9076243, 35.1524092 ], [ 126.9079892, 35.1521388 ], [ 126.9085225, 35.1525782 ], [ 126.909092, 35.1530474 ], [ 126.909092, 35.1531205 ], [ 126.9090229, 35.1531803 ], [ 126.9087272, 35.1533547 ], [ 126.9081308, 35.1537064 ] ] ] } },
{ "type": "Feature", "properties": { "element": "way", "id": 486060905, "amenity": "college", "name": "서영대학교 광주캠퍼스", "name:ko": "서영대학교 광주캠퍼스", "operator": null, "operator:type": null, "start_date": null, "website": "http://www.seoyeong.ac.kr/", "wikidata": null, "wikipedia": null, "leisure": null, "sport": null, "indoor": null, "access": null, "addr:city": null, "addr:district": null, "addr:housenumber": "1", "addr:postcode": null, "addr:street": "서강로", "name:en": "Seoyeong University Gwangju campus", "surface": null, "addr:housename": null, "internet_access": null, "name:ja": null, "name:zh": null, "phone": null, "name:ko-Latn": null, "lit": null, "alt_name": null, "tourism": null, "parking": null, "landuse": null, "natural": null, "fixme": null, "area": null, "hoops": null, "leaf_cycle": null, "leaf_type": null, "addr:subdistrict": null, "covered": null, "education": null, "type": null }, "geometry": { "type": "Polygon", "coordinates": [ [ [ 126.8678662, 35.1753924 ], [ 126.8679316, 35.1765953 ], [ 126.8677478, 35.1779869 ], [ 126.8680896, 35.1781488 ], [ 126.8683458, 35.1780308 ], [ 126.8684294, 35.1776167 ], [ 126.8685554, 35.1774342 ], [ 126.8686079, 35.1771857 ], [ 126.8687949, 35.1769374 ], [ 126.8692857, 35.1770007 ], [ 126.869642, 35.176969 ], [ 126.8698705, 35.17686 ], [ 126.8703994, 35.1765606 ], [ 126.8708556, 35.176481 ], [ 126.8705498, 35.1750654 ], [ 126.8685977, 35.1751437 ], [ 126.8683671, 35.1753639 ], [ 126.8678662, 35.1753924 ] ] ] } },
{ "type": "Feature", "properties": { "element": "way", "id": 487642755, "amenity": null, "name": null, "name:ko": null, "operator": null, "operator:type": null, "start_date": null, "website": null, "wikidata": null, "wikipedia": null, "leisure": "park", "sport": null, "indoor": null, "access": null, "addr:city": null, "addr:district": null, "addr:housenumber": null, "addr:postcode": null, "addr:street": null, "name:en": null, "surface": null, "addr:housename": null, "internet_access": null, "name:ja": null, "name:zh": null, "phone": null, "name:ko-Latn": null, "lit": null, "alt_name": null, "tourism": null, "parking": null, "landuse": null, "natural": null, "fixme": null, "area": null, "hoops": null, "leaf_cycle": null, "leaf_type": null, "addr:subdistrict": null, "covered": null, "education": null, "type": null }, "geometry": { "type": "Polygon", "coordinates": [ [ [ 126.9033407, 35.1630279 ], [ 126.9031921, 35.16266 ], [ 126.9035833, 35.1625531 ], [ 126.9036081, 35.1625462 ], [ 126.903647, 35.1625661 ], [ 126.903693, 35.1626095 ], [ 126.9039248, 35.1628062 ], [ 126.9039271, 35.1628258 ], [ 126.9039248, 35.1628501 ], [ 126.9039041, 35.1628734 ], [ 126.9033407, 35.1630279 ] ] ] } },
{ "type": "Feature", "properties": { "element": "way", "id": 489694426, "amenity": null, "name": "백일홍 어린이공원", "name:ko": null, "operator": null, "operator:type": null, "start_date": null, "website": null, "wikidata": null, "wikipedia": null, "leisure": "park", "sport": null, "indoor": null, "access": null, "addr:city": null, "addr:district": null, "addr:housenumber": null, "addr:postcode": null, "addr:street": null, "name:en": null, "surface": null, "addr:housename": null, "internet_access": null, "name:ja": null, "name:zh": null, "phone": null, "name:ko-Latn": null, "lit": null, "alt_name": null, "tourism": null, "parking": null, "landuse": null, "natural": null, "fixme": null, "area": null, "hoops": null, "leaf_cycle": null, "leaf_type": null, "addr:subdistrict": null, "covered": null, "education": null, "type": null }, "geometry": { "type": "Polygon", "coordinates": [ [ [ 126.9250254, 35.1833481 ], [ 126.9248779, 35.1832341 ], [ 126.9246257, 35.1831442 ], [ 126.9245721, 35.1825479 ], [ 126.9250361, 35.1827342 ], [ 126.9252721, 35.1828899 ], [ 126.9253312, 35.1829798 ], [ 126.9253285, 35.1830828 ], [ 126.9253231, 35.1831047 ], [ 126.9252936, 35.1831376 ], [ 126.9250254, 35.1833481 ] ] ] } },
{ "type": "Feature", "properties": { "element": "way", "id": 500809328, "amenity": "university", "name": "광신대학교", "name:ko": "광신대학교", "operator": null, "operator:type": null, "start_date": null, "website": null, "wikidata": "Q16093043", "wikipedia": null, "leisure": null, "sport": null, "indoor": null, "access": null, "addr:city": null, "addr:district": null, "addr:housenumber": null, "addr:postcode": null, "addr:street": null, "name:en": null, "surface": null, "addr:housename": null, "internet_access": null, "name:ja": null, "name:zh": null, "phone": null, "name:ko-Latn": null, "lit": null, "alt_name": null, "tourism": null, "parking": null, "landuse": null, "natural": null, "fixme": null, "area": null, "hoops": null, "leaf_cycle": null, "leaf_type": null, "addr:subdistrict": null, "covered": null, "education": null, "type": null }, "geometry": { "type": "Polygon", "coordinates": [ [ [ 126.8845031, 35.2162883 ], [ 126.8846688, 35.2160688 ], [ 126.8847673, 35.2157851 ], [ 126.8847766, 35.2157203 ], [ 126.8847499, 35.2156816 ], [ 126.8845066, 35.2154389 ], [ 126.8846393, 35.215349 ], [ 126.8847811, 35.2152642 ], [ 126.8854946, 35.2150285 ], [ 126.8857496, 35.2149649 ], [ 126.8859404, 35.2157357 ], [ 126.8860823, 35.2163663 ], [ 126.8854141, 35.2168878 ], [ 126.8852444, 35.2169511 ], [ 126.8849786, 35.2165866 ], [ 126.8848473, 35.2164794 ], [ 126.8845031, 35.2162883 ] ] ] } },
{ "type": "Feature", "properties": { "element": "way", "id": 500856037, "amenity": "university", "name": "전남대학교 첨단캠퍼스", "name:ko": "전남대학교 첨단캠퍼스", "operator": null, "operator:type": null, "start_date": null, "website": null, "wikidata": null, "wikipedia": null, "leisure": null, "sport": null, "indoor": null, "access": null, "addr:city": null, "addr:district": null, "addr:housenumber": null, "addr:postcode": null, "addr:street": null, "name:en": null, "surface": null, "addr:housename": null, "internet_access": null, "name:ja": null, "name:zh": null, "phone": null, "name:ko-Latn": null, "lit": null, "alt_name": null, "tourism": null, "parking": null, "landuse": null, "natural": null, "fixme": null, "area": null, "hoops": null, "leaf_cycle": null, "leaf_type": null, "addr:subdistrict": null, "covered": null, "education": null, "type": null }, "geometry": { "type": "Polygon", "coordinates": [ [ [ 126.8525665, 35.2237399 ], [ 126.8511778, 35.2237444 ], [ 126.8511852, 35.2229273 ], [ 126.8525608, 35.2229194 ], [ 126.8525665, 35.2237399 ] ] ] } },
{ "type": "Feature", "properties": { "element": "way", "id": 503885207, "amenity": null, "name": "월산공원", "name:ko": "월산공원", "operator": null, "operator:type": null, "start_date": null, "website": null, "wikidata": null, "wikipedia": null, "leisure": "park", "sport": null, "indoor": null, "access": null, "addr:city": null, "addr:district": null, "addr:housenumber": null, "addr:postcode": null, "addr:street": null, "name:en": null, "surface": null, "addr:housename": null, "internet_access": null, "name:ja": null, "name:zh": null, "phone": null, "name:ko-Latn": null, "lit": null, "alt_name": null, "tourism": null, "parking": null, "landuse": null, "natural": null, "fixme": null, "area": null, "hoops": null, "leaf_cycle": null, "leaf_type": null, "addr:subdistrict": null, "covered": null, "education": null, "type": null }, "geometry": { "type": "Polygon", "coordinates": [ [ [ 126.8992694, 35.2057016 ], [ 126.8992402, 35.2056511 ], [ 126.8994629, 35.2050826 ], [ 126.8995304, 35.2050678 ], [ 126.8997684, 35.205128 ], [ 126.8997942, 35.2051781 ], [ 126.8995629, 35.2057426 ], [ 126.8995047, 35.205763 ], [ 126.8992694, 35.2057016 ] ] ] } },
{ "type": "Feature", "properties": { "element": "way", "id": 503885209, "amenity": null, "name": "일동 어린이공원", "name:ko": "일동 어린이공원", "operator": null, "operator:type": null, "start_date": null, "website": null, "wikidata": null, "wikipedia": null, "leisure": "park", "sport": null, "indoor": null, "access": null, "addr:city": null, "addr:district": null, "addr:housenumber": null, "addr:postcode": null, "addr:street": null, "name:en": null, "surface": null, "addr:housename": null, "internet_access": null, "name:ja": null, "name:zh": null, "phone": null, "name:ko-Latn": null, "lit": null, "alt_name": null, "tourism": null, "parking": null, "landuse": null, "natural": null, "fixme": null, "area": null, "hoops": null, "leaf_cycle": null, "leaf_type": null, "addr:subdistrict": null, "covered": null, "education": null, "type": null }, "geometry": { "type": "Polygon", "coordinates": [ [ [ 126.8911853, 35.2070265 ], [ 126.8911417, 35.2070052 ], [ 126.891131, 35.2067061 ], [ 126.8911497, 35.2066371 ], [ 126.8911891, 35.2065674 ], [ 126.8913053, 35.2065242 ], [ 126.8915585, 35.2065265 ], [ 126.8916151, 35.2065636 ], [ 126.8916228, 35.2070326 ], [ 126.8915789, 35.2070743 ], [ 126.8914957, 35.2070491 ], [ 126.8913697, 35.2070315 ], [ 126.8911853, 35.2070265 ] ] ] } },
{ "type": "Feature", "properties": { "element": "way", "id": 503885212, "amenity": null, "name": "소소리공원", "name:ko": "소소리공원", "operator": null, "operator:type": null, "start_date": null, "website": null, "wikidata": null, "wikipedia": null, "leisure": "park", "sport": null, "indoor": null, "access": null, "addr:city": null, "addr:district": null, "addr:housenumber": null, "addr:postcode": null, "addr:street": null, "name:en": null, "surface": null, "addr:housename": null, "internet_access": null, "name:ja": null, "name:zh": null, "phone": null, "name:ko-Latn": null, "lit": null, "alt_name": null, "tourism": null, "parking": null, "landuse": null, "natural": null, "fixme": null, "area": null, "hoops": null, "leaf_cycle": null, "leaf_type": null, "addr:subdistrict": null, "covered": null, "education": null, "type": null }, "geometry": { "type": "Polygon", "coordinates": [ [ [ 126.8915992, 35.2111079 ], [ 126.8916029, 35.2108053 ], [ 126.8916781, 35.2107177 ], [ 126.8917599, 35.210676 ], [ 126.892114, 35.2107275 ], [ 126.8921433, 35.2107536 ], [ 126.8921453, 35.2111012 ], [ 126.8921126, 35.211125 ], [ 126.8916272, 35.2111308 ], [ 126.8915992, 35.2111079 ] ] ] } },
{ "type": "Feature", "properties": { "element": "way", "id": 503885214, "amenity": null, "name": "한새봉 농업생태공원", "name:ko": "한새봉 농업생태공원", "operator": null, "operator:type": null, "start_date": null, "website": null, "wikidata": null, "wikipedia": null, "leisure": "park", "sport": null, "indoor": null, "access": null, "addr:city": null, "addr:district": null, "addr:housenumber": null, "addr:postcode": null, "addr:street": null, "name:en": null, "surface": null, "addr:housename": null, "internet_access": null, "name:ja": null, "name:zh": null, "phone": null, "name:ko-Latn": null, "lit": null, "alt_name": null, "tourism": null, "parking": null, "landuse": null, "natural": null, "fixme": null, "area": null, "hoops": null, "leaf_cycle": null, "leaf_type": null, "addr:subdistrict": null, "covered": null, "education": null, "type": null }, "geometry": { "type": "Polygon", "coordinates": [ [ [ 126.8924449, 35.2131813 ], [ 126.8924801, 35.2132931 ], [ 126.8926384, 35.213423 ], [ 126.8927753, 35.2134829 ], [ 126.8928623, 35.2134734 ], [ 126.8930252, 35.2134017 ], [ 126.8933302, 35.2133576 ], [ 126.8934775, 35.2132702 ], [ 126.8934886, 35.2132378 ], [ 126.8934095, 35.2130052 ], [ 126.893439, 35.2129409 ], [ 126.8934873, 35.2127952 ], [ 126.8934865, 35.2125731 ], [ 126.8935436, 35.2124599 ], [ 126.8936156, 35.2123352 ], [ 126.8931011, 35.2121313 ], [ 126.8929996, 35.2123745 ], [ 126.8928696, 35.2125694 ], [ 126.8928127, 35.2126735 ], [ 126.8927773, 35.2128138 ], [ 126.8925897, 35.2130157 ], [ 126.8924449, 35.2131813 ] ] ] } },
{ "type": "Feature", "properties": { "element": "way", "id": 537030318, "amenity": null, "name": null, "name:ko": null, "operator": null, "operator:type": null, "start_date": null, "website": null, "wikidata": null, "wikipedia": null, "leisure": "pitch", "sport": "baseball", "indoor": null, "access": null, "addr:city": null, "addr:district": null, "addr:housenumber": null, "addr:postcode": null, "addr:street": null, "name:en": null, "surface": null, "addr:housename": null, "internet_access": null, "name:ja": null, "name:zh": null, "phone": null, "name:ko-Latn": null, "lit": null, "alt_name": null, "tourism": null, "parking": null, "landuse": null, "natural": null, "fixme": null, "area": null, "hoops": null, "leaf_cycle": null, "leaf_type": null, "addr:subdistrict": null, "covered": null, "education": null, "type": null }, "geometry": { "type": "Polygon", "coordinates": [ [ [ 126.8888465, 35.1682241 ], [ 126.8888881, 35.1682226 ], [ 126.8889274, 35.1682183 ], [ 126.8889643, 35.1682091 ], [ 126.8889958, 35.1681966 ], [ 126.8890428, 35.1681706 ], [ 126.8890738, 35.1681411 ], [ 126.8891049, 35.168103 ], [ 126.8891329, 35.1680599 ], [ 126.889149, 35.1680148 ], [ 126.8891555, 35.1679601 ], [ 126.889153, 35.1679164 ], [ 126.8891435, 35.1678742 ], [ 126.8891238, 35.1678414 ], [ 126.8891019, 35.1678065 ], [ 126.8896724, 35.1677139 ], [ 126.8897391, 35.1677868 ], [ 126.8897879, 35.1678691 ], [ 126.8898149, 35.16795 ], [ 126.8898364, 35.1680315 ], [ 126.8898437, 35.1681152 ], [ 126.8898339, 35.1682042 ], [ 126.8898221, 35.1682451 ], [ 126.8898103, 35.1682833 ], [ 126.8897936, 35.1683318 ], [ 126.8897712, 35.1683778 ], [ 126.8897434, 35.1684262 ], [ 126.8897116, 35.1684747 ], [ 126.8896635, 35.168521 ], [ 126.8896114, 35.168564 ], [ 126.8895438, 35.1686043 ], [ 126.8894778, 35.168638 ], [ 126.8894122, 35.1686677 ], [ 126.8893548, 35.1686889 ], [ 126.8892953, 35.1687047 ], [ 126.8892351, 35.1687151 ], [ 126.8891415, 35.1687206 ], [ 126.8890569, 35.1687202 ], [ 126.8889686, 35.1687137 ], [ 126.8888804, 35.1687026 ], [ 126.8887453, 35.1682219 ], [ 126.8887965, 35.1682255 ], [ 126.8888465, 35.1682241 ] ] ] } },
{ "type": "Feature", "properties": { "element": "way", "id": 541286934, "amenity": "university", "name": "한국폴리텍5대학 광주제2캠퍼스", "name:ko": "한국폴리텍5대학 광주제2캠퍼스", "operator": null, "operator:type": null, "start_date": null, "website": null, "wikidata": null, "wikipedia": null, "leisure": null, "sport": null, "indoor": null, "access": null, "addr:city": null, "addr:district": null, "addr:housenumber": null, "addr:postcode": null, "addr:street": null, "name:en": null, "surface": null, "addr:housename": null, "internet_access": null, "name:ja": "韓国ポリテク5大学 光州第2キャンパス", "name:zh": null, "phone": null, "name:ko-Latn": null, "lit": null, "alt_name": null, "tourism": null, "parking": null, "landuse": null, "natural": null, "fixme": null, "area": null, "hoops": null, "leaf_cycle": null, "leaf_type": null, "addr:subdistrict": null, "covered": null, "education": null, "type": null }, "geometry": { "type": "Polygon", "coordinates": [ [ [ 126.8908113, 35.1962282 ], [ 126.8915936, 35.195559 ], [ 126.8916675, 35.1955052 ], [ 126.8922057, 35.195965 ], [ 126.8923367, 35.1961616 ], [ 126.8923367, 35.1963699 ], [ 126.8918058, 35.1969309 ], [ 126.8919323, 35.1972759 ], [ 126.8918159, 35.1974425 ], [ 126.8913938, 35.197496 ], [ 126.8906837, 35.1968195 ], [ 126.890921, 35.196607 ], [ 126.8910024, 35.1964769 ], [ 126.8908113, 35.1962282 ] ] ] } },
{ "type": "Feature", "properties": { "element": "way", "id": 542350526, "amenity": null, "name": null, "name:ko": null, "operator": null, "operator:type": null, "start_date": null, "website": null, "wikidata": null, "wikipedia": null, "leisure": "track", "sport": "running", "indoor": null, "access": null, "addr:city": null, "addr:district": null, "addr:housenumber": null, "addr:postcode": null, "addr:street": null, "name:en": null, "surface": null, "addr:housename": null, "internet_access": null, "name:ja": null, "name:zh": null, "phone": null, "name:ko-Latn": null, "lit": null, "alt_name": null, "tourism": null, "parking": null, "landuse": null, "natural": null, "fixme": null, "area": null, "hoops": null, "leaf_cycle": null, "leaf_type": null, "addr:subdistrict": null, "covered": null, "education": null, "type": null }, "geometry": { "type": "Polygon", "coordinates": [ [ [ 126.9128404, 35.1604679 ], [ 126.9127571, 35.1604454 ], [ 126.9127088, 35.160419 ], [ 126.912674, 35.1603807 ], [ 126.9126565, 35.1603434 ], [ 126.9126539, 35.1603083 ], [ 126.9126646, 35.1602765 ], [ 126.9126887, 35.1602337 ], [ 126.9127169, 35.1602118 ], [ 126.9131005, 35.1601 ], [ 126.9131434, 35.1600956 ], [ 126.9131836, 35.1601033 ], [ 126.9132319, 35.1601197 ], [ 126.9132667, 35.1601384 ], [ 126.9132895, 35.1601702 ], [ 126.9133003, 35.160203 ], [ 126.913303, 35.1602316 ], [ 126.9132936, 35.1602732 ], [ 126.9132735, 35.1603083 ], [ 126.9132145, 35.1603724 ], [ 126.9128404, 35.1604679 ] ] ] } },
{ "type": "Feature", "properties": { "element": "way", "id": 542900399, "amenity": null, "name": null, "name:ko": null, "operator": null, "operator:type": null, "start_date": null, "website": null, "wikidata": null, "wikipedia": null, "leisure": "park", "sport": null, "indoor": null, "access": null, "addr:city": null, "addr:district": null, "addr:housenumber": null, "addr:postcode": null, "addr:street": null, "name:en": null, "surface": null, "addr:housename": null, "internet_access": null, "name:ja": null, "name:zh": null, "phone": null, "name:ko-Latn": null, "lit": null, "alt_name": null, "tourism": null, "parking": null, "landuse": null, "natural": null, "fixme": null, "area": null, "hoops": null, "leaf_cycle": null, "leaf_type": null, "addr:subdistrict": null, "covered": null, "education": null, "type": null }, "geometry": { "type": "Polygon", "coordinates": [ [ [ 126.8622219, 35.1994889 ], [ 126.8622172, 35.199206 ], [ 126.862155, 35.1992039 ], [ 126.8619539, 35.199204 ], [ 126.8617721, 35.199204 ], [ 126.8616361, 35.1992052 ], [ 126.8614591, 35.1992104 ], [ 126.8613975, 35.1992128 ], [ 126.8613539, 35.1992153 ], [ 126.8613073, 35.1992248 ], [ 126.8611924, 35.199253 ], [ 126.8609552, 35.1993361 ], [ 126.8607949, 35.1994519 ], [ 126.8606563, 35.1996332 ], [ 126.86057, 35.1998145 ], [ 126.8605651, 35.2000325 ], [ 126.860563, 35.2001289 ], [ 126.8605625, 35.2001508 ], [ 126.8605757, 35.2004577 ], [ 126.8606342, 35.2005136 ], [ 126.8607172, 35.2005547 ], [ 126.8612498, 35.2005547 ], [ 126.8613879, 35.2005547 ], [ 126.8614268, 35.200564 ], [ 126.8614623, 35.2005683 ], [ 126.8622247, 35.2005613 ], [ 126.862223, 35.1998966 ], [ 126.8622219, 35.1994889 ] ] ] } },
{ "type": "Feature", "properties": { "element": "way", "id": 543437833, "amenity": null, "name": "신용근린공원", "name:ko": "신용근린공원", "operator": null, "operator:type": null, "start_date": null, "website": null, "wikidata": null, "wikipedia": null, "leisure": "park", "sport": null, "indoor": null, "access": null, "addr:city": null, "addr:district": null, "addr:housenumber": null, "addr:postcode": null, "addr:street": null, "name:en": null, "surface": null, "addr:housename": null, "internet_access": null, "name:ja": null, "name:zh": null, "phone": null, "name:ko-Latn": null, "lit": null, "alt_name": null, "tourism": null, "parking": null, "landuse": null, "natural": null, "fixme": null, "area": null, "hoops": null, "leaf_cycle": null, "leaf_type": null, "addr:subdistrict": null, "covered": null, "education": null, "type": null }, "geometry": { "type": "Polygon", "coordinates": [ [ [ 126.8620962, 35.2076483 ], [ 126.8621023, 35.2079156 ], [ 126.8620979, 35.2087605 ], [ 126.8620933, 35.2098992 ], [ 126.8615121, 35.2098977 ], [ 126.8605675, 35.2098995 ], [ 126.8605643, 35.2086627 ], [ 126.8605644, 35.2079877 ], [ 126.8605441, 35.2076488 ], [ 126.8607014, 35.2076568 ], [ 126.8610678, 35.2076593 ], [ 126.8612756, 35.2076603 ], [ 126.8613829, 35.2076608 ], [ 126.8615304, 35.2076363 ], [ 126.8616174, 35.207642 ], [ 126.8620962, 35.2076483 ] ] ] } },
{ "type": "Feature", "properties": { "element": "way", "id": 547794644, "amenity": null, "name": "영산강 대상공원", "name:ko": "영산강 대상공원", "operator": null, "operator:type": null, "start_date": null, "website": null, "wikidata": null, "wikipedia": null, "leisure": "park", "sport": null, "indoor": null, "access": null, "addr:city": null, "addr:district": null, "addr:housenumber": null, "addr:postcode": null, "addr:street": null, "name:en": null, "surface": null, "addr:housename": null, "internet_access": null, "name:ja": null, "name:zh": null, "phone": null, "name:ko-Latn": null, "lit": null, "alt_name": null, "tourism": null, "parking": null, "landuse": null, "natural": null, "fixme": null, "area": null, "hoops": null, "leaf_cycle": null, "leaf_type": null, "addr:subdistrict": null, "covered": null, "education": null, "type": null }, "geometry": { "type": "Polygon", "coordinates": [ [ [ 126.8627, 35.1893672 ], [ 126.8626677, 35.1893041 ], [ 126.8626855, 35.1892259 ], [ 126.8628167, 35.1890957 ], [ 126.8631344, 35.1887336 ], [ 126.8632657, 35.1886845 ], [ 126.8636225, 35.1896395 ], [ 126.8636351, 35.1901581 ], [ 126.8635521, 35.1905542 ], [ 126.8634829, 35.19075 ], [ 126.8633597, 35.191026 ], [ 126.8631452, 35.1913293 ], [ 126.8629777, 35.1915163 ], [ 126.8630452, 35.1904874 ], [ 126.863094, 35.1898815 ], [ 126.8627744, 35.1894549 ], [ 126.8627, 35.1893672 ] ] ] } },
{ "type": "Feature", "properties": { "element": "way", "id": 554448306, "amenity": null, "name": null, "name:ko": null, "operator": null, "operator:type": null, "start_date": null, "website": null, "wikidata": null, "wikipedia": null, "leisure": "park", "sport": null, "indoor": null, "access": null, "addr:city": null, "addr:district": null, "addr:housenumber": null, "addr:postcode": null, "addr:street": null, "name:en": null, "surface": null, "addr:housename": null, "internet_access": null, "name:ja": null, "name:zh": null, "phone": null, "name:ko-Latn": null, "lit": null, "alt_name": null, "tourism": null, "parking": "multi-storey", "landuse": null, "natural": null, "fixme": null, "area": null, "hoops": null, "leaf_cycle": null, "leaf_type": null, "addr:subdistrict": null, "covered": null, "education": null, "type": null }, "geometry": { "type": "Polygon", "coordinates": [ [ [ 126.8787998, 35.1742254 ], [ 126.8787848, 35.1739757 ], [ 126.879516, 35.1739463 ], [ 126.879531, 35.1741962 ], [ 126.8787998, 35.1742254 ] ] ] } },
{ "type": "Feature", "properties": { "element": "way", "id": 554449629, "amenity": null, "name": null, "name:ko": null, "operator": null, "operator:type": null, "start_date": null, "website": null, "wikidata": null, "wikipedia": null, "leisure": "park", "sport": null, "indoor": null, "access": null, "addr:city": null, "addr:district": null, "addr:housenumber": null, "addr:postcode": null, "addr:street": null, "name:en": null, "surface": null, "addr:housename": null, "internet_access": null, "name:ja": null, "name:zh": null, "phone": null, "name:ko-Latn": null, "lit": null, "alt_name": null, "tourism": null, "parking": null, "landuse": null, "natural": null, "fixme": null, "area": null, "hoops": null, "leaf_cycle": null, "leaf_type": null, "addr:subdistrict": null, "covered": null, "education": null, "type": null }, "geometry": { "type": "Polygon", "coordinates": [ [ [ 126.8788361, 35.1748803 ], [ 126.8795577, 35.1748624 ], [ 126.8795456, 35.1745382 ], [ 126.878824, 35.1745562 ], [ 126.8788361, 35.1748803 ] ] ] } },
{ "type": "Feature", "properties": { "element": "way", "id": 554450145, "amenity": null, "name": null, "name:ko": null, "operator": null, "operator:type": null, "start_date": null, "website": null, "wikidata": null, "wikipedia": null, "leisure": "park", "sport": null, "indoor": null, "access": null, "addr:city": null, "addr:district": null, "addr:housenumber": null, "addr:postcode": null, "addr:street": null, "name:en": null, "surface": null, "addr:housename": null, "internet_access": null, "name:ja": null, "name:zh": null, "phone": null, "name:ko-Latn": null, "lit": null, "alt_name": null, "tourism": null, "parking": null, "landuse": null, "natural": null, "fixme": null, "area": null, "hoops": null, "leaf_cycle": null, "leaf_type": null, "addr:subdistrict": null, "covered": null, "education": null, "type": null }, "geometry": { "type": "Polygon", "coordinates": [ [ [ 126.8793927, 35.1757028 ], [ 126.879814, 35.175449 ], [ 126.8796905, 35.1752807 ], [ 126.8791045, 35.1753843 ], [ 126.8793927, 35.1757028 ] ] ] } },
{ "type": "Feature", "properties": { "element": "way", "id": 555601938, "amenity": null, "name": "일곡 어린이공원", "name:ko": "일곡 어린이공원", "operator": null, "operator:type": null, "start_date": null, "website": null, "wikidata": null, "wikipedia": null, "leisure": "park", "sport": null, "indoor": null, "access": null, "addr:city": null, "addr:district": null, "addr:housenumber": null, "addr:postcode": null, "addr:street": null, "name:en": null, "surface": null, "addr:housename": null, "internet_access": null, "name:ja": null, "name:zh": null, "phone": null, "name:ko-Latn": null, "lit": null, "alt_name": null, "tourism": null, "parking": null, "landuse": null, "natural": null, "fixme": null, "area": null, "hoops": null, "leaf_cycle": null, "leaf_type": null, "addr:subdistrict": null, "covered": null, "education": null, "type": null }, "geometry": { "type": "Polygon", "coordinates": [ [ [ 126.8924899, 35.2084947 ], [ 126.8927944, 35.2082382 ], [ 126.89287, 35.208283 ], [ 126.892942, 35.2082969 ], [ 126.8929463, 35.2084197 ], [ 126.8929601, 35.2085523 ], [ 126.8929553, 35.2087008 ], [ 126.8928852, 35.2087003 ], [ 126.8928031, 35.208704 ], [ 126.8927145, 35.2087069 ], [ 126.8926477, 35.2086522 ], [ 126.8926371, 35.2086435 ], [ 126.8924905, 35.2085342 ], [ 126.8924899, 35.2084947 ] ] ] } },
{ "type": "Feature", "properties": { "element": "way", "id": 555606076, "amenity": null, "name": "비둘기 어린이공원", "name:ko": "비둘기 어린이공원", "operator": null, "operator:type": null, "start_date": null, "website": null, "wikidata": null, "wikipedia": null, "leisure": "park", "sport": null, "indoor": null, "access": null, "addr:city": null, "addr:district": null, "addr:housenumber": null, "addr:postcode": null, "addr:street": null, "name:en": null, "surface": null, "addr:housename": null, "internet_access": null, "name:ja": null, "name:zh": null, "phone": null, "name:ko-Latn": null, "lit": null, "alt_name": null, "tourism": null, "parking": null, "landuse": null, "natural": null, "fixme": null, "area": null, "hoops": null, "leaf_cycle": null, "leaf_type": null, "addr:subdistrict": null, "covered": null, "education": null, "type": null }, "geometry": { "type": "Polygon", "coordinates": [ [ [ 126.8968906, 35.2011192 ], [ 126.896995, 35.2007402 ], [ 126.8971418, 35.2007502 ], [ 126.8977453, 35.2008999 ], [ 126.8977499, 35.2009566 ], [ 126.8976467, 35.2012927 ], [ 126.8976181, 35.2013042 ], [ 126.8968906, 35.2011192 ] ] ] } },
{ "type": "Feature", "properties": { "element": "way", "id": 555606077, "amenity": null, "name": "용수 어린이공원", "name:ko": "용수 어린이공원", "operator": null, "operator:type": null, "start_date": null, "website": null, "wikidata": null, "wikipedia": null, "leisure": "park", "sport": null, "indoor": null, "access": null, "addr:city": null, "addr:district": null, "addr:housenumber": null, "addr:postcode": null, "addr:street": null, "name:en": null, "surface": null, "addr:housename": null, "internet_access": null, "name:ja": null, "name:zh": null, "phone": null, "name:ko-Latn": null, "lit": null, "alt_name": null, "tourism": null, "parking": null, "landuse": null, "natural": null, "fixme": null, "area": null, "hoops": null, "leaf_cycle": null, "leaf_type": null, "addr:subdistrict": null, "covered": null, "education": null, "type": null }, "geometry": { "type": "Polygon", "coordinates": [ [ [ 126.8952332, 35.2000094 ], [ 126.8950949, 35.2002837 ], [ 126.8956341, 35.2004722 ], [ 126.8957026, 35.2003464 ], [ 126.8952332, 35.2000094 ] ] ] } },
{ "type": "Feature", "properties": { "element": "way", "id": 555606078, "amenity": null, "name": "삼각 어린이공원", "name:ko": "삼각 어린이공원", "operator": null, "operator:type": null, "start_date": null, "website": null, "wikidata": null, "wikipedia": null, "leisure": "park", "sport": null, "indoor": null, "access": null, "addr:city": null, "addr:district": null, "addr:housenumber": null, "addr:postcode": null, "addr:street": null, "name:en": null, "surface": null, "addr:housename": null, "internet_access": null, "name:ja": null, "name:zh": null, "phone": null, "name:ko-Latn": null, "lit": null, "alt_name": null, "tourism": null, "parking": null, "landuse": null, "natural": null, "fixme": null, "area": null, "hoops": null, "leaf_cycle": null, "leaf_type": null, "addr:subdistrict": null, "covered": null, "education": null, "type": null }, "geometry": { "type": "Polygon", "coordinates": [ [ [ 126.9013124, 35.2011715 ], [ 126.9010135, 35.2011023 ], [ 126.901253, 35.200434 ], [ 126.9013287, 35.2004149 ], [ 126.9015159, 35.2005032 ], [ 126.9015339, 35.2005475 ], [ 126.9013124, 35.2011715 ] ] ] } },
{ "type": "Feature", "properties": { "element": "way", "id": 555606826, "amenity": null, "name": "본촌생태어린이공원", "name:ko": "본촌생태어린이공원", "operator": null, "operator:type": null, "start_date": null, "website": null, "wikidata": null, "wikipedia": null, "leisure": "park", "sport": null, "indoor": null, "access": null, "addr:city": null, "addr:district": null, "addr:housenumber": null, "addr:postcode": null, "addr:street": null, "name:en": null, "surface": null, "addr:housename": null, "internet_access": null, "name:ja": null, "name:zh": null, "phone": null, "name:ko-Latn": null, "lit": null, "alt_name": null, "tourism": null, "parking": null, "landuse": null, "natural": null, "fixme": null, "area": null, "hoops": null, "leaf_cycle": null, "leaf_type": null, "addr:subdistrict": null, "covered": null, "education": null, "type": null }, "geometry": { "type": "Polygon", "coordinates": [ [ [ 126.8793171, 35.2184116 ], [ 126.8792556, 35.2183881 ], [ 126.8790006, 35.2179832 ], [ 126.8790219, 35.2179295 ], [ 126.8794212, 35.2178515 ], [ 126.8799991, 35.217661 ], [ 126.8802866, 35.2175287 ], [ 126.8804628, 35.2178132 ], [ 126.880313, 35.2179042 ], [ 126.8803757, 35.2180382 ], [ 126.8799282, 35.218245 ], [ 126.8798958, 35.2181887 ], [ 126.8793171, 35.2184116 ] ] ] } },
{ "type": "Feature", "properties": { "element": "way", "id": 555643161, "amenity": null, "name": "물놀이장", "name:ko": "물놀이장", "operator": null, "operator:type": null, "start_date": null, "website": null, "wikidata": null, "wikipedia": null, "leisure": "park", "sport": null, "indoor": null, "access": null, "addr:city": null, "addr:district": null, "addr:housenumber": null, "addr:postcode": null, "addr:street": null, "name:en": null, "surface": null, "addr:housename": null, "internet_access": null, "name:ja": null, "name:zh": null, "phone": null, "name:ko-Latn": null, "lit": null, "alt_name": null, "tourism": null, "parking": null, "landuse": null, "natural": null, "fixme": null, "area": null, "hoops": null, "leaf_cycle": null, "leaf_type": null, "addr:subdistrict": null, "covered": null, "education": null, "type": null }, "geometry": { "type": "Polygon", "coordinates": [ [ [ 126.8583542, 35.2195986 ], [ 126.8587015, 35.2193734 ], [ 126.8587768, 35.2193246 ], [ 126.8576932, 35.2182899 ], [ 126.857649, 35.2183213 ], [ 126.857327, 35.2185461 ], [ 126.8583542, 35.2195986 ] ] ] } },
{ "type": "Feature", "properties": { "element": "way", "id": 565081129, "amenity": null, "name": null, "name:ko": null, "operator": null, "operator:type": null, "start_date": null, "website": null, "wikidata": null, "wikipedia": null, "leisure": "pitch", "sport": "skateboard", "indoor": null, "access": null, "addr:city": null, "addr:district": null, "addr:housenumber": null, "addr:postcode": null, "addr:street": null, "name:en": null, "surface": null, "addr:housename": null, "internet_access": null, "name:ja": null, "name:zh": null, "phone": null, "name:ko-Latn": null, "lit": null, "alt_name": null, "tourism": null, "parking": null, "landuse": null, "natural": null, "fixme": null, "area": null, "hoops": null, "leaf_cycle": null, "leaf_type": null, "addr:subdistrict": null, "covered": null, "education": null, "type": null }, "geometry": { "type": "Polygon", "coordinates": [ [ [ 126.8615637, 35.2210722 ], [ 126.8615389, 35.2210283 ], [ 126.8614997, 35.2209921 ], [ 126.8614387, 35.2209631 ], [ 126.8613693, 35.2209529 ], [ 126.8612997, 35.2209627 ], [ 126.8612385, 35.2209913 ], [ 126.8611929, 35.2210353 ], [ 126.8611684, 35.2210903 ], [ 126.861168, 35.221147 ], [ 126.8611917, 35.2212013 ], [ 126.861222, 35.2212617 ], [ 126.8616425, 35.2221004 ], [ 126.861679, 35.2221498 ], [ 126.8617339, 35.2221859 ], [ 126.8618007, 35.2222046 ], [ 126.8618713, 35.2222035 ], [ 126.8619371, 35.2221828 ], [ 126.8619828, 35.2221521 ], [ 126.8620158, 35.222112 ], [ 126.8620332, 35.2220658 ], [ 126.8620336, 35.2220175 ], [ 126.8620171, 35.2219711 ], [ 126.8615637, 35.2210722 ] ] ] } },
{ "type": "Feature", "properties": { "element": "way", "id": 566699776, "amenity": null, "name": null, "name:ko": null, "operator": null, "operator:type": null, "start_date": null, "website": null, "wikidata": null, "wikipedia": null, "leisure": "park", "sport": null, "indoor": null, "access": null, "addr:city": null, "addr:district": null, "addr:housenumber": null, "addr:postcode": null, "addr:street": null, "name:en": null, "surface": null, "addr:housename": null, "internet_access": null, "name:ja": null, "name:zh": null, "phone": null, "name:ko-Latn": null, "lit": null, "alt_name": null, "tourism": null, "parking": null, "landuse": null, "natural": null, "fixme": null, "area": null, "hoops": null, "leaf_cycle": null, "leaf_type": null, "addr:subdistrict": null, "covered": null, "education": null, "type": null }, "geometry": { "type": "Polygon", "coordinates": [ [ [ 126.94109, 35.179 ], [ 126.9409744, 35.1787545 ], [ 126.9405508, 35.1788917 ], [ 126.9403983, 35.1790504 ], [ 126.9399238, 35.1794974 ], [ 126.9401225, 35.1796132 ], [ 126.9402442, 35.1796636 ], [ 126.9403567, 35.1797076 ], [ 126.9404101, 35.1797216 ], [ 126.9407711, 35.1797681 ], [ 126.9409097, 35.1797744 ], [ 126.9410585, 35.1797808 ], [ 126.94109, 35.179 ] ] ] } },
{ "type": "Feature", "properties": { "element": "way", "id": 570302380, "amenity": null, "name": null, "name:ko": null, "operator": null, "operator:type": null, "start_date": null, "website": null, "wikidata": null, "wikipedia": null, "leisure": "pitch", "sport": "multi", "indoor": null, "access": null, "addr:city": null, "addr:district": null, "addr:housenumber": null, "addr:postcode": null, "addr:street": null, "name:en": null, "surface": "sand", "addr:housename": null, "internet_access": null, "name:ja": null, "name:zh": null, "phone": null, "name:ko-Latn": null, "lit": null, "alt_name": null, "tourism": null, "parking": null, "landuse": null, "natural": null, "fixme": null, "area": null, "hoops": null, "leaf_cycle": null, "leaf_type": null, "addr:subdistrict": null, "covered": null, "education": null, "type": null }, "geometry": { "type": "Polygon", "coordinates": [ [ [ 126.895575, 35.2025167 ], [ 126.8944877, 35.202245 ], [ 126.8946384, 35.2018277 ], [ 126.8957324, 35.2020934 ], [ 126.895575, 35.2025167 ] ] ] } },
{ "type": "Feature", "properties": { "element": "way", "id": 570302381, "amenity": null, "name": null, "name:ko": null, "operator": null, "operator:type": null, "start_date": null, "website": null, "wikidata": null, "wikipedia": null, "leisure": "pitch", "sport": "multi", "indoor": null, "access": null, "addr:city": null, "addr:district": null, "addr:housenumber": null, "addr:postcode": null, "addr:street": null, "name:en": null, "surface": "sand", "addr:housename": null, "internet_access": null, "name:ja": null, "name:zh": null, "phone": null, "name:ko-Latn": null, "lit": null, "alt_name": null, "tourism": null, "parking": null, "landuse": null, "natural": null, "fixme": null, "area": null, "hoops": null, "leaf_cycle": null, "leaf_type": null, "addr:subdistrict": null, "covered": null, "education": null, "type": null }, "geometry": { "type": "Polygon", "coordinates": [ [ [ 126.8977294, 35.2070733 ], [ 126.8986685, 35.2070672 ], [ 126.8986644, 35.2067748 ], [ 126.8986652, 35.2066176 ], [ 126.8977289, 35.2066224 ], [ 126.8977294, 35.2070733 ] ] ] } },
{ "type": "Feature", "properties": { "element": "way", "id": 570307412, "amenity": null, "name": "운동장", "name:ko": "운동장", "operator": null, "operator:type": null, "start_date": null, "website": null, "wikidata": null, "wikipedia": null, "leisure": "pitch", "sport": null, "indoor": null, "access": null, "addr:city": null, "addr:district": null, "addr:housenumber": null, "addr:postcode": null, "addr:street": null, "name:en": null, "surface": null, "addr:housename": null, "internet_access": null, "name:ja": null, "name:zh": null, "phone": null, "name:ko-Latn": null, "lit": null, "alt_name": null, "tourism": null, "parking": null, "landuse": null, "natural": null, "fixme": null, "area": null, "hoops": null, "leaf_cycle": null, "leaf_type": null, "addr:subdistrict": null, "covered": null, "education": null, "type": null }, "geometry": { "type": "Polygon", "coordinates": [ [ [ 126.8956798, 35.2109533 ], [ 126.894937, 35.2109675 ], [ 126.8949206, 35.2105089 ], [ 126.8956717, 35.2104848 ], [ 126.8956798, 35.2109533 ] ] ] } },
{ "type": "Feature", "properties": { "element": "way", "id": 573650260, "amenity": null, "name": "북구 종합운동장", "name:ko": "북구 종합운동장", "operator": null, "operator:type": null, "start_date": null, "website": null, "wikidata": null, "wikipedia": null, "leisure": "pitch", "sport": "baseball;soccer", "indoor": null, "access": null, "addr:city": null, "addr:district": null, "addr:housenumber": null, "addr:postcode": null, "addr:street": null, "name:en": null, "surface": null, "addr:housename": null, "internet_access": null, "name:ja": null, "name:zh": null, "phone": null, "name:ko-Latn": null, "lit": null, "alt_name": null, "tourism": null, "parking": null, "landuse": null, "natural": null, "fixme": null, "area": null, "hoops": null, "leaf_cycle": null, "leaf_type": null, "addr:subdistrict": null, "covered": null, "education": null, "type": null }, "geometry": { "type": "Polygon", "coordinates": [ [ [ 126.8565101, 35.1991446 ], [ 126.8575269, 35.1981237 ], [ 126.858492, 35.1970258 ], [ 126.8574047, 35.1963077 ], [ 126.8565494, 35.1957528 ], [ 126.8548168, 35.1974391 ], [ 126.8547459, 35.1979382 ], [ 126.8565101, 35.1991446 ] ] ] } },
{ "type": "Feature", "properties": { "element": "way", "id": 582396526, "amenity": null, "name": "우치공원", "name:ko": "우치공원", "operator": null, "operator:type": null, "start_date": null, "website": null, "wikidata": null, "wikipedia": null, "leisure": "park", "sport": null, "indoor": null, "access": null, "addr:city": null, "addr:district": null, "addr:housenumber": null, "addr:postcode": null, "addr:street": null, "name:en": "Uchi Park", "surface": null, "addr:housename": null, "internet_access": null, "name:ja": "ウチ公園", "name:zh": null, "phone": null, "name:ko-Latn": "Uchigongwon", "lit": null, "alt_name": null, "tourism": null, "parking": null, "landuse": null, "natural": null, "fixme": null, "area": null, "hoops": null, "leaf_cycle": null, "leaf_type": null, "addr:subdistrict": null, "covered": null, "education": null, "type": null }, "geometry": { "type": "Polygon", "coordinates": [ [ [ 126.8989987, 35.2254656 ], [ 126.8990708, 35.2253173 ], [ 126.8989073, 35.2251274 ], [ 126.8979082, 35.2251868 ], [ 126.8969031, 35.225191 ], [ 126.8968568, 35.2251996 ], [ 126.8968156, 35.2252251 ], [ 126.8967824, 35.2252513 ], [ 126.8967207, 35.2252754 ], [ 126.8966322, 35.225294 ], [ 126.8965276, 35.2252907 ], [ 126.896417, 35.2252709 ], [ 126.8962962, 35.2252144 ], [ 126.8961735, 35.2251818 ], [ 126.8954892, 35.225261 ], [ 126.895353, 35.2252832 ], [ 126.8953015, 35.2252857 ], [ 126.8952531, 35.2252857 ], [ 126.8951592, 35.2252709 ], [ 126.8950957, 35.2252461 ], [ 126.8942198, 35.2248871 ], [ 126.8941764, 35.2248786 ], [ 126.894104, 35.2248769 ], [ 126.8939696, 35.2248786 ], [ 126.8937608, 35.2248752 ], [ 126.8939469, 35.2251151 ], [ 126.8939861, 35.2251978 ], [ 126.8939882, 35.2252434 ], [ 126.8943313, 35.2252634 ], [ 126.8945092, 35.225294 ], [ 126.8946446, 35.2253481 ], [ 126.8946932, 35.2253752 ], [ 126.8948256, 35.2254833 ], [ 126.8948917, 35.2255694 ], [ 126.8950019, 35.2257143 ], [ 126.895345, 35.2258327 ], [ 126.8957306, 35.2258814 ], [ 126.8957978, 35.2259002 ], [ 126.8958231, 35.2259189 ], [ 126.8958466, 35.2259651 ], [ 126.895873, 35.2259982 ], [ 126.8958863, 35.2260279 ], [ 126.8961079, 35.2263712 ], [ 126.8962708, 35.2264843 ], [ 126.8964076, 35.2265518 ], [ 126.8964822, 35.2265804 ], [ 126.8965594, 35.2265801 ], [ 126.8966517, 35.2265629 ], [ 126.8967228, 35.2265517 ], [ 126.8968135, 35.2265176 ], [ 126.8970298, 35.2264613 ], [ 126.8970761, 35.2264574 ], [ 126.897241, 35.2264213 ], [ 126.8973396, 35.2263981 ], [ 126.8973955, 35.2264052 ], [ 126.8980899, 35.2260614 ], [ 126.8980544, 35.2258963 ], [ 126.8982026, 35.2258662 ], [ 126.8984396, 35.225721 ], [ 126.8989987, 35.2254656 ] ] ] } },
{ "type": "Feature", "properties": { "element": "way", "id": 593196491, "amenity": null, "name": "용흥어린이공원", "name:ko": "용흥어린이공원", "operator": null, "operator:type": null, "start_date": null, "website": null, "wikidata": null, "wikipedia": null, "leisure": "park", "sport": null, "indoor": null, "access": null, "addr:city": null, "addr:district": null, "addr:housenumber": null, "addr:postcode": null, "addr:street": null, "name:en": "Yongheung Children's Park", "surface": null, "addr:housename": null, "internet_access": null, "name:ja": null, "name:zh": null, "phone": null, "name:ko-Latn": null, "lit": null, "alt_name": null, "tourism": null, "parking": null, "landuse": null, "natural": null, "fixme": null, "area": null, "hoops": null, "leaf_cycle": null, "leaf_type": null, "addr:subdistrict": null, "covered": null, "education": null, "type": null }, "geometry": { "type": "Polygon", "coordinates": [ [ [ 126.9143915, 35.1765138 ], [ 126.9144311, 35.1764784 ], [ 126.9144414, 35.1763878 ], [ 126.9144706, 35.1761323 ], [ 126.9144234, 35.1760969 ], [ 126.9139889, 35.176067 ], [ 126.9138895, 35.1760602 ], [ 126.9138466, 35.1764763 ], [ 126.9143308, 35.1765096 ], [ 126.9143915, 35.1765138 ] ] ] } },
{ "type": "Feature", "properties": { "element": "way", "id": 596496166, "amenity": null, "name": null, "name:ko": null, "operator": null, "operator:type": null, "start_date": null, "website": null, "wikidata": null, "wikipedia": null, "leisure": "park", "sport": null, "indoor": null, "access": null, "addr:city": null, "addr:district": null, "addr:housenumber": null, "addr:postcode": null, "addr:street": null, "name:en": null, "surface": null, "addr:housename": null, "internet_access": null, "name:ja": null, "name:zh": null, "phone": null, "name:ko-Latn": null, "lit": null, "alt_name": null, "tourism": null, "parking": null, "landuse": null, "natural": null, "fixme": null, "area": null, "hoops": null, "leaf_cycle": null, "leaf_type": null, "addr:subdistrict": null, "covered": null, "education": null, "type": null }, "geometry": { "type": "Polygon", "coordinates": [ [ [ 126.9276469, 35.1691886 ], [ 126.9274536, 35.1686855 ], [ 126.9278427, 35.1684515 ], [ 126.9280497, 35.1691017 ], [ 126.9276469, 35.1691886 ] ] ] } },
{ "type": "Feature", "properties": { "element": "way", "id": 596513031, "amenity": null, "name": null, "name:ko": null, "operator": null, "operator:type": null, "start_date": null, "website": null, "wikidata": null, "wikipedia": null, "leisure": "park", "sport": null, "indoor": null, "access": null, "addr:city": null, "addr:district": null, "addr:housenumber": null, "addr:postcode": null, "addr:street": null, "name:en": null, "surface": null, "addr:housename": null, "internet_access": null, "name:ja": null, "name:zh": null, "phone": null, "name:ko-Latn": null, "lit": null, "alt_name": null, "tourism": null, "parking": null, "landuse": null, "natural": null, "fixme": null, "area": null, "hoops": null, "leaf_cycle": null, "leaf_type": null, "addr:subdistrict": null, "covered": null, "education": null, "type": null }, "geometry": { "type": "Polygon", "coordinates": [ [ [ 126.935578, 35.1708303 ], [ 126.9355623, 35.1706349 ], [ 126.9358327, 35.1704045 ], [ 126.9360331, 35.1706323 ], [ 126.9360435, 35.1708098 ], [ 126.935578, 35.1708303 ] ] ] } },
{ "type": "Feature", "properties": { "element": "way", "id": 596917917, "amenity": null, "name": "희망 어린이공원", "name:ko": null, "operator": null, "operator:type": null, "start_date": null, "website": null, "wikidata": null, "wikipedia": null, "leisure": "park", "sport": null, "indoor": null, "access": null, "addr:city": null, "addr:district": null, "addr:housenumber": null, "addr:postcode": null, "addr:street": null, "name:en": null, "surface": null, "addr:housename": null, "internet_access": null, "name:ja": null, "name:zh": null, "phone": null, "name:ko-Latn": null, "lit": null, "alt_name": null, "tourism": null, "parking": null, "landuse": null, "natural": null, "fixme": null, "area": null, "hoops": null, "leaf_cycle": null, "leaf_type": null, "addr:subdistrict": null, "covered": null, "education": null, "type": null }, "geometry": { "type": "Polygon", "coordinates": [ [ [ 126.9277941, 35.179859 ], [ 126.9277215, 35.179846 ], [ 126.9275587, 35.1794728 ], [ 126.9275764, 35.1794352 ], [ 126.9280065, 35.1793094 ], [ 126.9280489, 35.179321 ], [ 126.928217, 35.1797129 ], [ 126.9281958, 35.1797433 ], [ 126.9277941, 35.179859 ] ] ] } },
{ "type": "Feature", "properties": { "element": "way", "id": 597322846, "amenity": null, "name": null, "name:ko": null, "operator": null, "operator:type": null, "start_date": null, "website": null, "wikidata": null, "wikipedia": null, "leisure": "pitch", "sport": "badminton", "indoor": null, "access": null, "addr:city": null, "addr:district": null, "addr:housenumber": null, "addr:postcode": null, "addr:street": null, "name:en": null, "surface": null, "addr:housename": null, "internet_access": null, "name:ja": null, "name:zh": null, "phone": null, "name:ko-Latn": null, "lit": null, "alt_name": null, "tourism": null, "parking": null, "landuse": null, "natural": null, "fixme": null, "area": null, "hoops": null, "leaf_cycle": null, "leaf_type": null, "addr:subdistrict": null, "covered": null, "education": null, "type": null }, "geometry": { "type": "Polygon", "coordinates": [ [ [ 126.9072701, 35.1538052 ], [ 126.9072512, 35.1538424 ], [ 126.907255, 35.1538704 ], [ 126.9072806, 35.1538983 ], [ 126.9073033, 35.1539161 ], [ 126.9073318, 35.1539254 ], [ 126.9073982, 35.1539068 ], [ 126.9076808, 35.153723 ], [ 126.9077007, 35.153699 ], [ 126.9077111, 35.1536765 ], [ 126.9077073, 35.1536525 ], [ 126.9076846, 35.1536223 ], [ 126.9076523, 35.1536029 ], [ 126.9076125, 35.1536029 ], [ 126.9075878, 35.1536065 ], [ 126.9072701, 35.1538052 ] ] ] } },
{ "type": "Feature", "properties": { "element": "way", "id": 597423773, "amenity": null, "name": null, "name:ko": null, "operator": null, "operator:type": null, "start_date": null, "website": null, "wikidata": null, "wikipedia": null, "leisure": "pitch", "sport": "tennis", "indoor": null, "access": null, "addr:city": null, "addr:district": null, "addr:housenumber": null, "addr:postcode": null, "addr:street": null, "name:en": null, "surface": null, "addr:housename": null, "internet_access": null, "name:ja": null, "name:zh": null, "phone": null, "name:ko-Latn": null, "lit": null, "alt_name": null, "tourism": null, "parking": null, "landuse": null, "natural": null, "fixme": null, "area": null, "hoops": null, "leaf_cycle": null, "leaf_type": null, "addr:subdistrict": null, "covered": null, "education": null, "type": null }, "geometry": { "type": "Polygon", "coordinates": [ [ [ 126.9038135, 35.1605829 ], [ 126.9037177, 35.1603357 ], [ 126.9038829, 35.1602929 ], [ 126.9039787, 35.1605402 ], [ 126.9038135, 35.1605829 ] ] ] } },
{ "type": "Feature", "properties": { "element": "way", "id": 597423776, "amenity": null, "name": null, "name:ko": null, "operator": null, "operator:type": null, "start_date": null, "website": null, "wikidata": null, "wikipedia": null, "leisure": "pitch", "sport": null, "indoor": null, "access": null, "addr:city": null, "addr:district": null, "addr:housenumber": null, "addr:postcode": null, "addr:street": null, "name:en": null, "surface": null, "addr:housename": null, "internet_access": null, "name:ja": null, "name:zh": null, "phone": null, "name:ko-Latn": null, "lit": null, "alt_name": null, "tourism": null, "parking": null, "landuse": null, "natural": null, "fixme": null, "area": null, "hoops": null, "leaf_cycle": null, "leaf_type": null, "addr:subdistrict": null, "covered": null, "education": null, "type": null }, "geometry": { "type": "Polygon", "coordinates": [ [ [ 126.8989577, 35.1628186 ], [ 126.8987805, 35.1623199 ], [ 126.8987204, 35.162272 ], [ 126.8986742, 35.1622342 ], [ 126.8986249, 35.1621751 ], [ 126.8985864, 35.1621096 ], [ 126.8991656, 35.1617292 ], [ 126.8992534, 35.1617393 ], [ 126.8995461, 35.162136 ], [ 126.8997295, 35.1626209 ], [ 126.8989577, 35.1628186 ] ] ] } },
{ "type": "Feature", "properties": { "element": "way", "id": 597495358, "amenity": null, "name": null, "name:ko": null, "operator": null, "operator:type": null, "start_date": null, "website": null, "wikidata": null, "wikipedia": null, "leisure": "pitch", "sport": null, "indoor": null, "access": null, "addr:city": null, "addr:district": null, "addr:housenumber": null, "addr:postcode": null, "addr:street": null, "name:en": null, "surface": null, "addr:housename": null, "internet_access": null, "name:ja": null, "name:zh": null, "phone": null, "name:ko-Latn": null, "lit": null, "alt_name": null, "tourism": null, "parking": null, "landuse": null, "natural": null, "fixme": null, "area": null, "hoops": null, "leaf_cycle": null, "leaf_type": null, "addr:subdistrict": null, "covered": null, "education": null, "type": null }, "geometry": { "type": "Polygon", "coordinates": [ [ [ 126.9200585, 35.175796 ], [ 126.9198894, 35.1753457 ], [ 126.9206402, 35.1751573 ], [ 126.9208093, 35.1756077 ], [ 126.9200585, 35.175796 ] ] ] } },
{ "type": "Feature", "properties": { "element": "way", "id": 598113585, "amenity": null, "name": null, "name:ko": null, "operator": null, "operator:type": null, "start_date": null, "website": null, "wikidata": null, "wikipedia": null, "leisure": "park", "sport": null, "indoor": null, "access": null, "addr:city": null, "addr:district": null, "addr:housenumber": null, "addr:postcode": null, "addr:street": null, "name:en": null, "surface": null, "addr:housename": null, "internet_access": null, "name:ja": null, "name:zh": null, "phone": null, "name:ko-Latn": null, "lit": null, "alt_name": null, "tourism": null, "parking": null, "landuse": null, "natural": null, "fixme": null, "area": null, "hoops": null, "leaf_cycle": null, "leaf_type": null, "addr:subdistrict": null, "covered": null, "education": null, "type": null }, "geometry": { "type": "Polygon", "coordinates": [ [ [ 126.862381, 35.1892887 ], [ 126.8621445, 35.189094 ], [ 126.8620927, 35.1890513 ], [ 126.8621388, 35.189014 ], [ 126.8623502, 35.1888425 ], [ 126.8625077, 35.1889722 ], [ 126.8626385, 35.1890798 ], [ 126.8624938, 35.1891972 ], [ 126.862381, 35.1892887 ] ] ] } },
{ "type": "Feature", "properties": { "element": "way", "id": 598249218, "amenity": null, "name": null, "name:ko": null, "operator": null, "operator:type": null, "start_date": null, "website": null, "wikidata": null, "wikipedia": null, "leisure": "park", "sport": null, "indoor": null, "access": null, "addr:city": null, "addr:district": null, "addr:housenumber": null, "addr:postcode": null, "addr:street": null, "name:en": null, "surface": null, "addr:housename": null, "internet_access": null, "name:ja": null, "name:zh": null, "phone": null, "name:ko-Latn": null, "lit": null, "alt_name": null, "tourism": null, "parking": null, "landuse": null, "natural": null, "fixme": null, "area": null, "hoops": null, "leaf_cycle": null, "leaf_type": null, "addr:subdistrict": null, "covered": null, "education": null, "type": null }, "geometry": { "type": "Polygon", "coordinates": [ [ [ 126.9381663, 35.1697762 ], [ 126.9381368, 35.169237 ], [ 126.9384458, 35.1692278 ], [ 126.9384742, 35.169767 ], [ 126.9381663, 35.1697762 ] ] ] } },
{ "type": "Feature", "properties": { "element": "way", "id": 598249219, "amenity": null, "name": null, "name:ko": null, "operator": null, "operator:type": null, "start_date": null, "website": null, "wikidata": null, "wikipedia": null, "leisure": "pitch", "sport": "soccer", "indoor": null, "access": null, "addr:city": null, "addr:district": null, "addr:housenumber": null, "addr:postcode": null, "addr:street": null, "name:en": null, "surface": null, "addr:housename": null, "internet_access": null, "name:ja": null, "name:zh": null, "phone": null, "name:ko-Latn": null, "lit": null, "alt_name": null, "tourism": null, "parking": null, "landuse": null, "natural": null, "fixme": null, "area": null, "hoops": null, "leaf_cycle": null, "leaf_type": null, "addr:subdistrict": null, "covered": null, "education": null, "type": null }, "geometry": { "type": "Polygon", "coordinates": [ [ [ 126.9159821, 35.1843648 ], [ 126.9161408, 35.1833937 ], [ 126.9169466, 35.1834816 ], [ 126.916788, 35.1844527 ], [ 126.9159821, 35.1843648 ] ] ] } },
{ "type": "Feature", "properties": { "element": "way", "id": 598249220, "amenity": null, "name": null, "name:ko": null, "operator": null, "operator:type": null, "start_date": null, "website": null, "wikidata": null, "wikipedia": null, "leisure": "park", "sport": null, "indoor": null, "access": null, "addr:city": null, "addr:district": null, "addr:housenumber": null, "addr:postcode": null, "addr:street": null, "name:en": null, "surface": null, "addr:housename": null, "internet_access": null, "name:ja": null, "name:zh": null, "phone": null, "name:ko-Latn": null, "lit": null, "alt_name": null, "tourism": null, "parking": null, "landuse": null, "natural": null, "fixme": null, "area": null, "hoops": null, "leaf_cycle": null, "leaf_type": null, "addr:subdistrict": null, "covered": null, "education": null, "type": null }, "geometry": { "type": "Polygon", "coordinates": [ [ [ 126.924713, 35.1796621 ], [ 126.9245321, 35.1791861 ], [ 126.9248187, 35.1791046 ], [ 126.9250067, 35.1795873 ], [ 126.924713, 35.1796621 ] ] ] } },
{ "type": "Feature", "properties": { "element": "way", "id": 598249221, "amenity": null, "name": null, "name:ko": null, "operator": null, "operator:type": null, "start_date": null, "website": null, "wikidata": null, "wikipedia": null, "leisure": "pitch", "sport": null, "indoor": null, "access": null, "addr:city": null, "addr:district": null, "addr:housenumber": null, "addr:postcode": null, "addr:street": null, "name:en": null, "surface": null, "addr:housename": null, "internet_access": null, "name:ja": null, "name:zh": null, "phone": null, "name:ko-Latn": null, "lit": null, "alt_name": null, "tourism": null, "parking": null, "landuse": null, "natural": null, "fixme": null, "area": null, "hoops": null, "leaf_cycle": null, "leaf_type": null, "addr:subdistrict": null, "covered": null, "education": null, "type": null }, "geometry": { "type": "Polygon", "coordinates": [ [ [ 126.9312416, 35.1792023 ], [ 126.9311665, 35.1790445 ], [ 126.9311116, 35.1790598 ], [ 126.930909, 35.1785666 ], [ 126.9317325, 35.1783101 ], [ 126.931872, 35.1786356 ], [ 126.9319819, 35.1786038 ], [ 126.9321321, 35.1789393 ], [ 126.9312416, 35.1792023 ] ] ] } },
{ "type": "Feature", "properties": { "element": "way", "id": 598249222, "amenity": null, "name": null, "name:ko": null, "operator": null, "operator:type": null, "start_date": null, "website": null, "wikidata": null, "wikipedia": null, "leisure": "pitch", "sport": null, "indoor": null, "access": null, "addr:city": null, "addr:district": null, "addr:housenumber": null, "addr:postcode": null, "addr:street": null, "name:en": null, "surface": null, "addr:housename": null, "internet_access": null, "name:ja": null, "name:zh": null, "phone": null, "name:ko-Latn": null, "lit": null, "alt_name": null, "tourism": null, "parking": null, "landuse": null, "natural": null, "fixme": null, "area": null, "hoops": null, "leaf_cycle": null, "leaf_type": null, "addr:subdistrict": null, "covered": null, "education": null, "type": null }, "geometry": { "type": "Polygon", "coordinates": [ [ [ 126.9375169, 35.1811963 ], [ 126.9373388, 35.1807447 ], [ 126.9379242, 35.1805904 ], [ 126.9381023, 35.1810421 ], [ 126.9375169, 35.1811963 ] ] ] } },
{ "type": "Feature", "properties": { "element": "way", "id": 598249223, "amenity": null, "name": null, "name:ko": null, "operator": null, "operator:type": null, "start_date": null, "website": null, "wikidata": null, "wikipedia": null, "leisure": "pitch", "sport": null, "indoor": null, "access": null, "addr:city": null, "addr:district": null, "addr:housenumber": null, "addr:postcode": null, "addr:street": null, "name:en": null, "surface": null, "addr:housename": null, "internet_access": null, "name:ja": null, "name:zh": null, "phone": null, "name:ko-Latn": null, "lit": null, "alt_name": null, "tourism": null, "parking": null, "landuse": null, "natural": null, "fixme": null, "area": null, "hoops": null, "leaf_cycle": null, "leaf_type": null, "addr:subdistrict": null, "covered": null, "education": null, "type": null }, "geometry": { "type": "Polygon", "coordinates": [ [ [ 126.9355648, 35.1814888 ], [ 126.9361923, 35.1813039 ], [ 126.9364023, 35.1817797 ], [ 126.9357747, 35.1819647 ], [ 126.9355648, 35.1814888 ] ] ] } },
{ "type": "Feature", "properties": { "element": "way", "id": 598249224, "amenity": null, "name": null, "name:ko": null, "operator": null, "operator:type": null, "start_date": null, "website": null, "wikidata": null, "wikipedia": null, "leisure": "pitch", "sport": null, "indoor": null, "access": null, "addr:city": null, "addr:district": null, "addr:housenumber": null, "addr:postcode": null, "addr:street": null, "name:en": null, "surface": null, "addr:housename": null, "internet_access": null, "name:ja": null, "name:zh": null, "phone": null, "name:ko-Latn": null, "lit": null, "alt_name": null, "tourism": null, "parking": null, "landuse": null, "natural": null, "fixme": null, "area": null, "hoops": null, "leaf_cycle": null, "leaf_type": null, "addr:subdistrict": null, "covered": null, "education": null, "type": null }, "geometry": { "type": "Polygon", "coordinates": [ [ [ 126.9317413, 35.1735771 ], [ 126.9317105, 35.1735645 ], [ 126.9316335, 35.1731489 ], [ 126.9317382, 35.1731099 ], [ 126.9323404, 35.1730483 ], [ 126.9323668, 35.1731578 ], [ 126.9325501, 35.1731464 ], [ 126.9326132, 35.1731792 ], [ 126.9326333, 35.1732132 ], [ 126.9326579, 35.1734096 ], [ 126.9326179, 35.1734726 ], [ 126.9317413, 35.1735771 ] ] ] } },
{ "type": "Feature", "properties": { "element": "way", "id": 598249226, "amenity": null, "name": null, "name:ko": null, "operator": null, "operator:type": null, "start_date": null, "website": null, "wikidata": null, "wikipedia": null, "leisure": "pitch", "sport": null, "indoor": null, "access": null, "addr:city": null, "addr:district": null, "addr:housenumber": null, "addr:postcode": null, "addr:street": null, "name:en": null, "surface": null, "addr:housename": null, "internet_access": null, "name:ja": null, "name:zh": null, "phone": null, "name:ko-Latn": null, "lit": null, "alt_name": null, "tourism": null, "parking": null, "landuse": null, "natural": null, "fixme": null, "area": null, "hoops": null, "leaf_cycle": null, "leaf_type": null, "addr:subdistrict": null, "covered": null, "education": null, "type": null }, "geometry": { "type": "Polygon", "coordinates": [ [ [ 126.9236883, 35.1783536 ], [ 126.9234591, 35.1777648 ], [ 126.9241479, 35.1775856 ], [ 126.9241801, 35.1776682 ], [ 126.9243772, 35.1781744 ], [ 126.9236883, 35.1783536 ] ] ] } },
{ "type": "Feature", "properties": { "element": "way", "id": 598249227, "amenity": null, "name": null, "name:ko": null, "operator": null, "operator:type": null, "start_date": null, "website": null, "wikidata": null, "wikipedia": null, "leisure": "pitch", "sport": null, "indoor": null, "access": null, "addr:city": null, "addr:district": null, "addr:housenumber": null, "addr:postcode": null, "addr:street": null, "name:en": null, "surface": null, "addr:housename": null, "internet_access": null, "name:ja": null, "name:zh": null, "phone": null, "name:ko-Latn": null, "lit": null, "alt_name": null, "tourism": null, "parking": null, "landuse": null, "natural": null, "fixme": null, "area": null, "hoops": null, "leaf_cycle": null, "leaf_type": null, "addr:subdistrict": null, "covered": null, "education": null, "type": null }, "geometry": { "type": "Polygon", "coordinates": [ [ [ 126.9225363, 35.1786809 ], [ 126.9223244, 35.1781307 ], [ 126.9229308, 35.1779616 ], [ 126.9231547, 35.1785131 ], [ 126.9225363, 35.1786809 ] ] ] } },
{ "type": "Feature", "properties": { "element": "way", "id": 598327801, "amenity": null, "name": null, "name:ko": null, "operator": null, "operator:type": null, "start_date": null, "website": null, "wikidata": null, "wikipedia": null, "leisure": "pitch", "sport": "baseball", "indoor": null, "access": null, "addr:city": null, "addr:district": null, "addr:housenumber": null, "addr:postcode": null, "addr:street": null, "name:en": null, "surface": null, "addr:housename": null, "internet_access": null, "name:ja": null, "name:zh": null, "phone": null, "name:ko-Latn": null, "lit": null, "alt_name": null, "tourism": null, "parking": null, "landuse": null, "natural": null, "fixme": null, "area": null, "hoops": null, "leaf_cycle": null, "leaf_type": null, "addr:subdistrict": null, "covered": null, "education": null, "type": null }, "geometry": { "type": "Polygon", "coordinates": [ [ [ 126.8619049, 35.1906826 ], [ 126.8618325, 35.1907318 ], [ 126.8611238, 35.1907295 ], [ 126.8611219, 35.1912611 ], [ 126.86112, 35.1913402 ], [ 126.8610991, 35.19142 ], [ 126.8610811, 35.1914921 ], [ 126.8610204, 35.1915208 ], [ 126.8609891, 35.1915208 ], [ 126.8609891, 35.191575 ], [ 126.861009, 35.191582 ], [ 126.8610176, 35.1915998 ], [ 126.8610043, 35.191637 ], [ 126.8610384, 35.1916424 ], [ 126.8610659, 35.1916548 ], [ 126.8610745, 35.1916649 ], [ 126.8610602, 35.1916959 ], [ 126.8610299, 35.1917254 ], [ 126.8610963, 35.1917587 ], [ 126.86112, 35.1917261 ], [ 126.8611379, 35.1917387 ], [ 126.8611787, 35.1917396 ], [ 126.8611821, 35.1917845 ], [ 126.8612176, 35.1917905 ], [ 126.8612351, 35.1917971 ], [ 126.861229, 35.1918179 ], [ 126.8613148, 35.1918245 ], [ 126.8613289, 35.1918146 ], [ 126.8613336, 35.1918059 ], [ 126.8613256, 35.191796 ], [ 126.8613403, 35.1917872 ], [ 126.8613209, 35.1917719 ], [ 126.8613048, 35.1917648 ], [ 126.8612746, 35.1917587 ], [ 126.8612679, 35.1917489 ], [ 126.8612471, 35.1917412 ], [ 126.8612431, 35.191733 ], [ 126.8613564, 35.1917396 ], [ 126.8613685, 35.1917363 ], [ 126.8613772, 35.191722 ], [ 126.8613752, 35.1917127 ], [ 126.8614027, 35.191705 ], [ 126.8614765, 35.1916897 ], [ 126.8618663, 35.191692 ], [ 126.8618796, 35.1916874 ], [ 126.8618834, 35.1916696 ], [ 126.8618989, 35.1912968 ], [ 126.8619213, 35.1908062 ], [ 126.8619232, 35.190795 ], [ 126.8619033, 35.1907807 ], [ 126.8619578, 35.1907434 ], [ 126.8619576, 35.1907136 ], [ 126.8619049, 35.1906826 ] ] ] } },
{ "type": "Feature", "properties": { "element": "way", "id": 598327802, "amenity": null, "name": null, "name:ko": null, "operator": null, "operator:type": null, "start_date": null, "website": null, "wikidata": null, "wikipedia": null, "leisure": "pitch", "sport": "soccer", "indoor": null, "access": null, "addr:city": null, "addr:district": null, "addr:housenumber": null, "addr:postcode": null, "addr:street": null, "name:en": null, "surface": null, "addr:housename": null, "internet_access": null, "name:ja": null, "name:zh": null, "phone": null, "name:ko-Latn": null, "lit": null, "alt_name": null, "tourism": null, "parking": null, "landuse": null, "natural": null, "fixme": null, "area": null, "hoops": null, "leaf_cycle": null, "leaf_type": null, "addr:subdistrict": null, "covered": null, "education": null, "type": null }, "geometry": { "type": "Polygon", "coordinates": [ [ [ 126.861908, 35.1893979 ], [ 126.8611157, 35.189402 ], [ 126.8611231, 35.1903563 ], [ 126.8619154, 35.1903522 ], [ 126.861908, 35.1893979 ] ] ] } },
{ "type": "Feature", "properties": { "element": "way", "id": 598327804, "amenity": null, "name": null, "name:ko": null, "operator": null, "operator:type": null, "start_date": null, "website": null, "wikidata": null, "wikipedia": null, "leisure": "park", "sport": null, "indoor": null, "access": null, "addr:city": null, "addr:district": null, "addr:housenumber": null, "addr:postcode": null, "addr:street": null, "name:en": null, "surface": null, "addr:housename": null, "internet_access": null, "name:ja": null, "name:zh": null, "phone": null, "name:ko-Latn": null, "lit": null, "alt_name": null, "tourism": null, "parking": null, "landuse": null, "natural": null, "fixme": null, "area": null, "hoops": null, "leaf_cycle": null, "leaf_type": null, "addr:subdistrict": null, "covered": null, "education": null, "type": null }, "geometry": { "type": "Polygon", "coordinates": [ [ [ 126.8613684, 35.188861 ], [ 126.861157, 35.1890299 ], [ 126.8614487, 35.1892347 ], [ 126.8616434, 35.1890609 ], [ 126.8613684, 35.188861 ] ] ] } },
{ "type": "Feature", "properties": { "element": "way", "id": 598505178, "amenity": null, "name": "서산초등학교 운동장", "name:ko": "서산초등학교 운동장", "operator": null, "operator:type": null, "start_date": null, "website": null, "wikidata": null, "wikipedia": null, "leisure": "pitch", "sport": null, "indoor": null, "access": null, "addr:city": null, "addr:district": null, "addr:housenumber": null, "addr:postcode": null, "addr:street": null, "name:en": null, "surface": null, "addr:housename": null, "internet_access": null, "name:ja": null, "name:zh": null, "phone": null, "name:ko-Latn": null, "lit": null, "alt_name": null, "tourism": null, "parking": null, "landuse": null, "natural": null, "fixme": null, "area": null, "hoops": null, "leaf_cycle": null, "leaf_type": null, "addr:subdistrict": null, "covered": null, "education": null, "type": null }, "geometry": { "type": "Polygon", "coordinates": [ [ [ 126.9044314, 35.1889871 ], [ 126.9039147, 35.1884491 ], [ 126.904603, 35.1879979 ], [ 126.9047092, 35.1880109 ], [ 126.9047871, 35.1880239 ], [ 126.9048579, 35.1880485 ], [ 126.9049251, 35.1880832 ], [ 126.904987, 35.1881353 ], [ 126.9050136, 35.18817 ], [ 126.9050578, 35.1883132 ], [ 126.905095, 35.1884809 ], [ 126.9050932, 35.1884968 ], [ 126.9050844, 35.1885098 ], [ 126.9050702, 35.1885272 ], [ 126.9049853, 35.188546 ], [ 126.9050419, 35.1886053 ], [ 126.9044314, 35.1889871 ] ] ] } },
{ "type": "Feature", "properties": { "element": "way", "id": 598505179, "amenity": null, "name": null, "name:ko": null, "operator": null, "operator:type": null, "start_date": null, "website": null, "wikidata": null, "wikipedia": null, "leisure": "pitch", "sport": "multi", "indoor": null, "access": null, "addr:city": null, "addr:district": null, "addr:housenumber": null, "addr:postcode": null, "addr:street": null, "name:en": null, "surface": "sand", "addr:housename": null, "internet_access": null, "name:ja": null, "name:zh": null, "phone": null, "name:ko-Latn": null, "lit": null, "alt_name": null, "tourism": null, "parking": null, "landuse": null, "natural": null, "fixme": null, "area": null, "hoops": null, "leaf_cycle": null, "leaf_type": null, "addr:subdistrict": null, "covered": null, "education": null, "type": null }, "geometry": { "type": "Polygon", "coordinates": [ [ [ 126.9001587, 35.2000712 ], [ 126.9003268, 35.1995039 ], [ 126.9011664, 35.1999212 ], [ 126.9012296, 35.1999543 ], [ 126.901082, 35.200317 ], [ 126.9001587, 35.2000712 ] ] ] } },
{ "type": "Feature", "properties": { "element": "way", "id": 598505180, "amenity": null, "name": null, "name:ko": null, "operator": null, "operator:type": null, "start_date": null, "website": null, "wikidata": null, "wikipedia": null, "leisure": "park", "sport": null, "indoor": null, "access": null, "addr:city": null, "addr:district": null, "addr:housenumber": null, "addr:postcode": null, "addr:street": null, "name:en": null, "surface": null, "addr:housename": null, "internet_access": null, "name:ja": null, "name:zh": null, "phone": null, "name:ko-Latn": null, "lit": null, "alt_name": null, "tourism": null, "parking": null, "landuse": null, "natural": null, "fixme": null, "area": null, "hoops": null, "leaf_cycle": null, "leaf_type": null, "addr:subdistrict": null, "covered": null, "education": null, "type": null }, "geometry": { "type": "Polygon", "coordinates": [ [ [ 126.8936144, 35.1802916 ], [ 126.8935714, 35.1802463 ], [ 126.8935254, 35.1794147 ], [ 126.8939528, 35.1793989 ], [ 126.8939992, 35.180236 ], [ 126.8939706, 35.1802828 ], [ 126.8936144, 35.1802916 ] ] ] } },
{ "type": "Feature", "properties": { "element": "way", "id": 598553071, "amenity": null, "name": null, "name:ko": null, "operator": null, "operator:type": null, "start_date": null, "website": null, "wikidata": null, "wikipedia": null, "leisure": "park", "sport": null, "indoor": null, "access": null, "addr:city": null, "addr:district": null, "addr:housenumber": null, "addr:postcode": null, "addr:street": null, "name:en": null, "surface": null, "addr:housename": null, "internet_access": null, "name:ja": null, "name:zh": null, "phone": null, "name:ko-Latn": null, "lit": null, "alt_name": null, "tourism": null, "parking": null, "landuse": null, "natural": null, "fixme": null, "area": null, "hoops": null, "leaf_cycle": null, "leaf_type": null, "addr:subdistrict": null, "covered": null, "education": null, "type": null }, "geometry": { "type": "Polygon", "coordinates": [ [ [ 126.9099235, 35.1865317 ], [ 126.9099074, 35.1858796 ], [ 126.910287, 35.1858653 ], [ 126.9103259, 35.1858949 ], [ 126.9103567, 35.1865262 ], [ 126.9099235, 35.1865317 ] ] ] } },
{ "type": "Feature", "properties": { "element": "way", "id": 598553072, "amenity": null, "name": null, "name:ko": null, "operator": null, "operator:type": null, "start_date": null, "website": null, "wikidata": null, "wikipedia": null, "leisure": "pitch", "sport": null, "indoor": null, "access": null, "addr:city": null, "addr:district": null, "addr:housenumber": null, "addr:postcode": null, "addr:street": null, "name:en": null, "surface": "sand", "addr:housename": null, "internet_access": null, "name:ja": null, "name:zh": null, "phone": null, "name:ko-Latn": null, "lit": null, "alt_name": null, "tourism": null, "parking": null, "landuse": null, "natural": null, "fixme": null, "area": null, "hoops": null, "leaf_cycle": null, "leaf_type": null, "addr:subdistrict": null, "covered": null, "education": null, "type": null }, "geometry": { "type": "Polygon", "coordinates": [ [ [ 126.9159912, 35.1856246 ], [ 126.9158827, 35.1855817 ], [ 126.9158489, 35.1852268 ], [ 126.9166485, 35.1853041 ], [ 126.9166619, 35.1855555 ], [ 126.9166649, 35.1856122 ], [ 126.9159912, 35.1856246 ] ] ] } },
{ "type": "Feature", "properties": { "element": "way", "id": 598553073, "amenity": null, "name": null, "name:ko": null, "operator": null, "operator:type": null, "start_date": null, "website": null, "wikidata": null, "wikipedia": null, "leisure": "pitch", "sport": null, "indoor": null, "access": null, "addr:city": null, "addr:district": null, "addr:housenumber": null, "addr:postcode": null, "addr:street": null, "name:en": null, "surface": "sand", "addr:housename": null, "internet_access": null, "name:ja": null, "name:zh": null, "phone": null, "name:ko-Latn": null, "lit": null, "alt_name": null, "tourism": null, "parking": null, "landuse": null, "natural": null, "fixme": null, "area": null, "hoops": null, "leaf_cycle": null, "leaf_type": null, "addr:subdistrict": null, "covered": null, "education": null, "type": null }, "geometry": { "type": "Polygon", "coordinates": [ [ [ 126.9172731, 35.1860171 ], [ 126.9172717, 35.1855245 ], [ 126.9173497, 35.1854092 ], [ 126.9179576, 35.1854583 ], [ 126.9179589, 35.1857231 ], [ 126.9182251, 35.1857204 ], [ 126.918232, 35.1860084 ], [ 126.9172731, 35.1860171 ] ] ] } },
{ "type": "Feature", "properties": { "element": "way", "id": 603630445, "amenity": null, "name": null, "name:ko": null, "operator": null, "operator:type": null, "start_date": null, "website": null, "wikidata": null, "wikipedia": null, "leisure": "pitch", "sport": null, "indoor": null, "access": null, "addr:city": null, "addr:district": null, "addr:housenumber": null, "addr:postcode": null, "addr:street": null, "name:en": null, "surface": "sand", "addr:housename": null, "internet_access": null, "name:ja": null, "name:zh": null, "phone": null, "name:ko-Latn": null, "lit": null, "alt_name": null, "tourism": null, "parking": null, "landuse": null, "natural": null, "fixme": null, "area": null, "hoops": null, "leaf_cycle": null, "leaf_type": null, "addr:subdistrict": null, "covered": null, "education": null, "type": null }, "geometry": { "type": "Polygon", "coordinates": [ [ [ 126.9193521, 35.188707 ], [ 126.9193479, 35.1880567 ], [ 126.9198095, 35.1880547 ], [ 126.9198138, 35.188705 ], [ 126.9193521, 35.188707 ] ] ] } },
{ "type": "Feature", "properties": { "element": "way", "id": 603630447, "amenity": null, "name": null, "name:ko": null, "operator": null, "operator:type": null, "start_date": null, "website": null, "wikidata": null, "wikipedia": null, "leisure": "park", "sport": null, "indoor": null, "access": null, "addr:city": null, "addr:district": null, "addr:housenumber": null, "addr:postcode": null, "addr:street": null, "name:en": null, "surface": null, "addr:housename": null, "internet_access": null, "name:ja": null, "name:zh": null, "phone": null, "name:ko-Latn": null, "lit": null, "alt_name": null, "tourism": null, "parking": null, "landuse": null, "natural": null, "fixme": null, "area": null, "hoops": null, "leaf_cycle": null, "leaf_type": null, "addr:subdistrict": null, "covered": null, "education": null, "type": null }, "geometry": { "type": "Polygon", "coordinates": [ [ [ 126.9328548, 35.1773335 ], [ 126.932668, 35.1768878 ], [ 126.9330882, 35.1767701 ], [ 126.9331526, 35.1767986 ], [ 126.9333028, 35.1771702 ], [ 126.9332854, 35.177213 ], [ 126.9328548, 35.1773335 ] ] ] } },
{ "type": "Feature", "properties": { "element": "way", "id": 604237312, "amenity": null, "name": null, "name:ko": null, "operator": null, "operator:type": null, "start_date": null, "website": null, "wikidata": null, "wikipedia": null, "leisure": "pitch", "sport": null, "indoor": null, "access": null, "addr:city": null, "addr:district": null, "addr:housenumber": null, "addr:postcode": null, "addr:street": null, "name:en": null, "surface": null, "addr:housename": null, "internet_access": null, "name:ja": null, "name:zh": null, "phone": null, "name:ko-Latn": null, "lit": null, "alt_name": null, "tourism": null, "parking": null, "landuse": null, "natural": null, "fixme": null, "area": null, "hoops": null, "leaf_cycle": null, "leaf_type": null, "addr:subdistrict": null, "covered": null, "education": null, "type": null }, "geometry": { "type": "Polygon", "coordinates": [ [ [ 126.872508, 35.1735183 ], [ 126.872467, 35.1731264 ], [ 126.8731354, 35.1730796 ], [ 126.8731765, 35.1734716 ], [ 126.872508, 35.1735183 ] ] ] } },
{ "type": "Feature", "properties": { "element": "way", "id": 635360342, "amenity": null, "name": "본촌 초등학교 운동장", "name:ko": "본촌 초등학교 운동장", "operator": null, "operator:type": null, "start_date": null, "website": null, "wikidata": null, "wikipedia": null, "leisure": "pitch", "sport": null, "indoor": null, "access": null, "addr:city": null, "addr:district": null, "addr:housenumber": null, "addr:postcode": null, "addr:street": null, "name:en": null, "surface": null, "addr:housename": null, "internet_access": null, "name:ja": null, "name:zh": null, "phone": null, "name:ko-Latn": null, "lit": null, "alt_name": null, "tourism": null, "parking": null, "landuse": null, "natural": null, "fixme": null, "area": null, "hoops": null, "leaf_cycle": null, "leaf_type": null, "addr:subdistrict": null, "covered": null, "education": null, "type": null }, "geometry": { "type": "Polygon", "coordinates": [ [ [ 126.8817209, 35.215181 ], [ 126.8814999, 35.214757 ], [ 126.8818339, 35.2146311 ], [ 126.8820549, 35.2150635 ], [ 126.8817209, 35.215181 ] ] ] } },
{ "type": "Feature", "properties": { "element": "way", "id": 636203708, "amenity": null, "name": "교차로 화단", "name:ko": "교차로 화단", "operator": null, "operator:type": null, "start_date": null, "website": null, "wikidata": null, "wikipedia": null, "leisure": "park", "sport": null, "indoor": null, "access": null, "addr:city": null, "addr:district": null, "addr:housenumber": null, "addr:postcode": null, "addr:street": null, "name:en": null, "surface": null, "addr:housename": null, "internet_access": null, "name:ja": null, "name:zh": null, "phone": null, "name:ko-Latn": null, "lit": null, "alt_name": null, "tourism": null, "parking": null, "landuse": "village_green", "natural": null, "fixme": null, "area": null, "hoops": null, "leaf_cycle": null, "leaf_type": null, "addr:subdistrict": null, "covered": null, "education": null, "type": null }, "geometry": { "type": "Polygon", "coordinates": [ [ [ 126.8837367, 35.2044444 ], [ 126.883759, 35.2044721 ], [ 126.8837911, 35.2044922 ], [ 126.8838296, 35.2045025 ], [ 126.8838702, 35.2045019 ], [ 126.8839081, 35.2044903 ], [ 126.8839393, 35.204469 ], [ 126.8839594, 35.204442 ], [ 126.883968, 35.2044112 ], [ 126.8839642, 35.2043797 ], [ 126.8839485, 35.2043509 ], [ 126.8839224, 35.2043275 ], [ 126.8838886, 35.2043121 ], [ 126.8838505, 35.2043063 ], [ 126.8838122, 35.2043105 ], [ 126.883776, 35.2043254 ], [ 126.8837478, 35.2043492 ], [ 126.8837308, 35.2043793 ], [ 126.883727, 35.2044122 ], [ 126.8837367, 35.2044444 ] ] ] } },
{ "type": "Feature", "properties": { "element": "way", "id": 636232828, "amenity": null, "name": null, "name:ko": null, "operator": null, "operator:type": null, "start_date": null, "website": null, "wikidata": null, "wikipedia": null, "leisure": "pitch", "sport": null, "indoor": null, "access": null, "addr:city": null, "addr:district": null, "addr:housenumber": null, "addr:postcode": null, "addr:street": null, "name:en": null, "surface": null, "addr:housename": null, "internet_access": null, "name:ja": null, "name:zh": null, "phone": null, "name:ko-Latn": null, "lit": null, "alt_name": null, "tourism": null, "parking": null, "landuse": null, "natural": null, "fixme": null, "area": null, "hoops": null, "leaf_cycle": null, "leaf_type": null, "addr:subdistrict": null, "covered": null, "education": null, "type": null }, "geometry": { "type": "Polygon", "coordinates": [ [ [ 126.9005947, 35.1691742 ], [ 126.9005547, 35.1691742 ], [ 126.9005146, 35.1691591 ], [ 126.9004869, 35.1691314 ], [ 126.9003667, 35.1688392 ], [ 126.9003667, 35.1688064 ], [ 126.9003842, 35.1687785 ], [ 126.9004205, 35.1687621 ], [ 126.9007931, 35.1686548 ], [ 126.9008378, 35.1686522 ], [ 126.9008831, 35.1686687 ], [ 126.9009129, 35.168696 ], [ 126.9010359, 35.1689904 ], [ 126.901025, 35.1690226 ], [ 126.9010132, 35.1690478 ], [ 126.9009877, 35.169064 ], [ 126.9005947, 35.1691742 ] ] ] } },
{ "type": "Feature", "properties": { "element": "way", "id": 636333752, "amenity": null, "name": "지산중학교 운동장", "name:ko": "지산중학교 운동장", "operator": null, "operator:type": null, "start_date": null, "website": null, "wikidata": null, "wikipedia": null, "leisure": "pitch", "sport": "multi", "indoor": null, "access": null, "addr:city": null, "addr:district": null, "addr:housenumber": null, "addr:postcode": null, "addr:street": null, "name:en": null, "surface": null, "addr:housename": null, "internet_access": null, "name:ja": null, "name:zh": null, "phone": null, "name:ko-Latn": null, "lit": null, "alt_name": null, "tourism": null, "parking": null, "landuse": null, "natural": null, "fixme": null, "area": null, "hoops": null, "leaf_cycle": null, "leaf_type": null, "addr:subdistrict": null, "covered": null, "education": null, "type": null }, "geometry": { "type": "Polygon", "coordinates": [ [ [ 126.8809505, 35.2174005 ], [ 126.881305, 35.2172325 ], [ 126.8809758, 35.2167691 ], [ 126.8806213, 35.2169371 ], [ 126.8809505, 35.2174005 ] ] ] } },
{ "type": "Feature", "properties": { "element": "way", "id": 636359405, "amenity": null, "name": null, "name:ko": null, "operator": null, "operator:type": null, "start_date": null, "website": null, "wikidata": null, "wikipedia": null, "leisure": "pitch", "sport": null, "indoor": null, "access": null, "addr:city": null, "addr:district": null, "addr:housenumber": null, "addr:postcode": null, "addr:street": null, "name:en": null, "surface": null, "addr:housename": null, "internet_access": null, "name:ja": null, "name:zh": null, "phone": null, "name:ko-Latn": null, "lit": null, "alt_name": null, "tourism": null, "parking": null, "landuse": null, "natural": null, "fixme": null, "area": null, "hoops": null, "leaf_cycle": null, "leaf_type": null, "addr:subdistrict": null, "covered": null, "education": null, "type": null }, "geometry": { "type": "Polygon", "coordinates": [ [ [ 126.8935343, 35.1941237 ], [ 126.894239, 35.1941735 ], [ 126.8942853, 35.1938766 ], [ 126.8935757, 35.1938467 ], [ 126.8935343, 35.1941237 ] ] ] } },
{ "type": "Feature", "properties": { "element": "way", "id": 636468259, "amenity": null, "name": null, "name:ko": null, "operator": null, "operator:type": null, "start_date": null, "website": null, "wikidata": null, "wikipedia": null, "leisure": "pitch", "sport": "basketball", "indoor": null, "access": null, "addr:city": null, "addr:district": null, "addr:housenumber": null, "addr:postcode": null, "addr:street": null, "name:en": null, "surface": null, "addr:housename": null, "internet_access": null, "name:ja": null, "name:zh": null, "phone": null, "name:ko-Latn": null, "lit": null, "alt_name": null, "tourism": null, "parking": null, "landuse": null, "natural": null, "fixme": null, "area": null, "hoops": null, "leaf_cycle": null, "leaf_type": null, "addr:subdistrict": null, "covered": null, "education": null, "type": null }, "geometry": { "type": "Polygon", "coordinates": [ [ [ 126.8929691, 35.1867953 ], [ 126.8931867, 35.1867952 ], [ 126.8931867, 35.1866951 ], [ 126.8931866, 35.1866717 ], [ 126.8929691, 35.1866718 ], [ 126.8929691, 35.1867953 ] ] ] } },
{ "type": "Feature", "properties": { "element": "way", "id": 636485176, "amenity": null, "name": null, "name:ko": null, "operator": null, "operator:type": null, "start_date": null, "website": null, "wikidata": null, "wikipedia": null, "leisure": "pitch", "sport": "badminton", "indoor": null, "access": null, "addr:city": null, "addr:district": null, "addr:housenumber": null, "addr:postcode": null, "addr:street": null, "name:en": null, "surface": null, "addr:housename": null, "internet_access": null, "name:ja": null, "name:zh": null, "phone": null, "name:ko-Latn": null, "lit": null, "alt_name": null, "tourism": null, "parking": null, "landuse": null, "natural": null, "fixme": null, "area": null, "hoops": null, "leaf_cycle": null, "leaf_type": null, "addr:subdistrict": null, "covered": null, "education": null, "type": null }, "geometry": { "type": "Polygon", "coordinates": [ [ [ 126.8759465, 35.2167946 ], [ 126.876065, 35.2166799 ], [ 126.8761561, 35.2167428 ], [ 126.8760376, 35.2168575 ], [ 126.8759465, 35.2167946 ] ] ] } },
{ "type": "Feature", "properties": { "element": "way", "id": 636582182, "amenity": null, "name": "신용어린이공원", "name:ko": "신용어린이공원", "operator": null, "operator:type": null, "start_date": null, "website": null, "wikidata": null, "wikipedia": null, "leisure": "park", "sport": null, "indoor": null, "access": null, "addr:city": null, "addr:district": null, "addr:housenumber": null, "addr:postcode": null, "addr:street": null, "name:en": null, "surface": null, "addr:housename": null, "internet_access": null, "name:ja": null, "name:zh": null, "phone": null, "name:ko-Latn": null, "lit": null, "alt_name": null, "tourism": null, "parking": null, "landuse": null, "natural": null, "fixme": null, "area": null, "hoops": null, "leaf_cycle": null, "leaf_type": null, "addr:subdistrict": null, "covered": null, "education": null, "type": null }, "geometry": { "type": "Polygon", "coordinates": [ [ [ 126.8579863, 35.2103758 ], [ 126.8579854, 35.2108668 ], [ 126.8579864, 35.2109215 ], [ 126.8584522, 35.2109134 ], [ 126.8584509, 35.2108733 ], [ 126.8584791, 35.2108174 ], [ 126.8585354, 35.2107703 ], [ 126.8585826, 35.210765 ], [ 126.8585756, 35.2105763 ], [ 126.8585502, 35.210492 ], [ 126.8585483, 35.2103781 ], [ 126.8579863, 35.2103758 ] ] ] } },
{ "type": "Feature", "properties": { "element": "way", "id": 636586731, "amenity": null, "name": null, "name:ko": null, "operator": null, "operator:type": null, "start_date": null, "website": null, "wikidata": null, "wikipedia": null, "leisure": "park", "sport": null, "indoor": null, "access": null, "addr:city": null, "addr:district": null, "addr:housenumber": null, "addr:postcode": null, "addr:street": null, "name:en": null, "surface": null, "addr:housename": null, "internet_access": null, "name:ja": null, "name:zh": null, "phone": null, "name:ko-Latn": null, "lit": null, "alt_name": null, "tourism": null, "parking": null, "landuse": null, "natural": null, "fixme": null, "area": null, "hoops": null, "leaf_cycle": null, "leaf_type": null, "addr:subdistrict": null, "covered": null, "education": null, "type": null }, "geometry": { "type": "Polygon", "coordinates": [ [ [ 126.8618493, 35.2128499 ], [ 126.8617675, 35.2128522 ], [ 126.8617741, 35.2126098 ], [ 126.8617754, 35.2125616 ], [ 126.861789, 35.2120613 ], [ 126.8618435, 35.2121063 ], [ 126.8618792, 35.2121163 ], [ 126.8619083, 35.2121114 ], [ 126.861959, 35.2121747 ], [ 126.8620875, 35.212279 ], [ 126.8621731, 35.2123398 ], [ 126.8622466, 35.2124501 ], [ 126.8623201, 35.2125602 ], [ 126.8623732, 35.2126888 ], [ 126.8624192, 35.2128105 ], [ 126.8622785, 35.2128284 ], [ 126.8620799, 35.2128488 ], [ 126.8618493, 35.2128499 ] ] ] } },
{ "type": "Feature", "properties": { "element": "way", "id": 636593965, "amenity": null, "name": "건국어린이공원", "name:ko": "건국어린이공원", "operator": null, "operator:type": null, "start_date": null, "website": null, "wikidata": null, "wikipedia": null, "leisure": "park", "sport": null, "indoor": null, "access": null, "addr:city": null, "addr:district": null, "addr:housenumber": null, "addr:postcode": null, "addr:street": null, "name:en": null, "surface": null, "addr:housename": null, "internet_access": null, "name:ja": null, "name:zh": null, "phone": null, "name:ko-Latn": null, "lit": null, "alt_name": null, "tourism": null, "parking": null, "landuse": null, "natural": null, "fixme": null, "area": null, "hoops": null, "leaf_cycle": null, "leaf_type": null, "addr:subdistrict": null, "covered": null, "education": null, "type": null }, "geometry": { "type": "Polygon", "coordinates": [ [ [ 126.8646738, 35.2100887 ], [ 126.8646401, 35.2100882 ], [ 126.8646146, 35.2101207 ], [ 126.8645846, 35.2101448 ], [ 126.8645237, 35.2101548 ], [ 126.8645364, 35.2103336 ], [ 126.8645344, 35.2105446 ], [ 126.864504, 35.2106957 ], [ 126.8644864, 35.2107621 ], [ 126.8644845, 35.2109335 ], [ 126.8651469, 35.2109297 ], [ 126.8651451, 35.2107133 ], [ 126.8651425, 35.2104536 ], [ 126.864679, 35.2104514 ], [ 126.8646738, 35.2100887 ] ] ] } },
{ "type": "Feature", "properties": { "element": "way", "id": 636604061, "amenity": null, "name": "공터", "name:ko": "공터", "operator": null, "operator:type": null, "start_date": null, "website": null, "wikidata": null, "wikipedia": null, "leisure": "park", "sport": null, "indoor": null, "access": null, "addr:city": null, "addr:district": null, "addr:housenumber": null, "addr:postcode": null, "addr:street": null, "name:en": null, "surface": null, "addr:housename": null, "internet_access": null, "name:ja": null, "name:zh": null, "phone": null, "name:ko-Latn": null, "lit": null, "alt_name": null, "tourism": null, "parking": null, "landuse": null, "natural": null, "fixme": null, "area": null, "hoops": null, "leaf_cycle": null, "leaf_type": null, "addr:subdistrict": null, "covered": null, "education": null, "type": null }, "geometry": { "type": "Polygon", "coordinates": [ [ [ 126.8965694, 35.2110683 ], [ 126.8967151, 35.2110631 ], [ 126.8967094, 35.2109379 ], [ 126.8965646, 35.2109414 ], [ 126.8965678, 35.2110581 ], [ 126.8965694, 35.2110683 ] ] ] } },
{ "type": "Feature", "properties": { "element": "way", "id": 636608934, "amenity": null, "name": null, "name:ko": null, "operator": null, "operator:type": null, "start_date": null, "website": null, "wikidata": null, "wikipedia": null, "leisure": "pitch", "sport": "multi", "indoor": null, "access": null, "addr:city": null, "addr:district": null, "addr:housenumber": null, "addr:postcode": null, "addr:street": null, "name:en": null, "surface": "sand", "addr:housename": null, "internet_access": null, "name:ja": null, "name:zh": null, "phone": null, "name:ko-Latn": null, "lit": null, "alt_name": null, "tourism": null, "parking": null, "landuse": null, "natural": null, "fixme": null, "area": null, "hoops": null, "leaf_cycle": null, "leaf_type": null, "addr:subdistrict": null, "covered": null, "education": null, "type": null }, "geometry": { "type": "Polygon", "coordinates": [ [ [ 126.8607403, 35.2104924 ], [ 126.8614321, 35.2104886 ], [ 126.8614312, 35.2101714 ], [ 126.861431, 35.2100849 ], [ 126.8607333, 35.2100894 ], [ 126.8607403, 35.2104924 ] ] ] } },
{ "type": "Feature", "properties": { "element": "way", "id": 636620493, "amenity": null, "name": "샛터 어린이공원", "name:ko": "샛터 어린이공원", "operator": null, "operator:type": null, "start_date": null, "website": null, "wikidata": null, "wikipedia": null, "leisure": "park", "sport": null, "indoor": null, "access": null, "addr:city": null, "addr:district": null, "addr:housenumber": null, "addr:postcode": null, "addr:street": null, "name:en": null, "surface": null, "addr:housename": null, "internet_access": null, "name:ja": null, "name:zh": null, "phone": null, "name:ko-Latn": null, "lit": null, "alt_name": null, "tourism": null, "parking": null, "landuse": null, "natural": null, "fixme": null, "area": null, "hoops": null, "leaf_cycle": null, "leaf_type": null, "addr:subdistrict": null, "covered": null, "education": null, "type": null }, "geometry": { "type": "Polygon", "coordinates": [ [ [ 126.9075179, 35.1897433 ], [ 126.9075108, 35.1894799 ], [ 126.907511, 35.1893523 ], [ 126.9077043, 35.1893521 ], [ 126.9078435, 35.1893525 ], [ 126.9078421, 35.1897441 ], [ 126.9075179, 35.1897433 ] ] ] } },
{ "type": "Feature", "properties": { "element": "way", "id": 637172242, "amenity": null, "name": "용봉초록습지", "name:ko": "용봉초록습지", "operator": null, "operator:type": null, "start_date": null, "website": null, "wikidata": null, "wikipedia": null, "leisure": "park", "sport": null, "indoor": null, "access": null, "addr:city": null, "addr:district": null, "addr:housenumber": null, "addr:postcode": null, "addr:street": null, "name:en": null, "surface": null, "addr:housename": null, "internet_access": null, "name:ja": null, "name:zh": null, "phone": null, "name:ko-Latn": null, "lit": null, "alt_name": null, "tourism": null, "parking": null, "landuse": null, "natural": "wetland", "fixme": null, "area": null, "hoops": null, "leaf_cycle": null, "leaf_type": null, "addr:subdistrict": null, "covered": null, "education": null, "type": null }, "geometry": { "type": "Polygon", "coordinates": [ [ [ 126.8894148, 35.1843118 ], [ 126.8906932, 35.184281 ], [ 126.8907842, 35.1839679 ], [ 126.8912621, 35.1835835 ], [ 126.8915799, 35.18333 ], [ 126.8911712, 35.1829852 ], [ 126.8909207, 35.182855 ], [ 126.890549, 35.1827619 ], [ 126.8902109, 35.18273 ], [ 126.8896435, 35.1830683 ], [ 126.8894825, 35.1832174 ], [ 126.889386, 35.183384 ], [ 126.8894148, 35.1843118 ] ] ] } },
{ "type": "Feature", "properties": { "element": "way", "id": 637928289, "amenity": null, "name": null, "name:ko": null, "operator": null, "operator:type": null, "start_date": null, "website": null, "wikidata": null, "wikipedia": null, "leisure": "pitch", "sport": "tennis", "indoor": null, "access": null, "addr:city": null, "addr:district": null, "addr:housenumber": null, "addr:postcode": null, "addr:street": null, "name:en": null, "surface": null, "addr:housename": null, "internet_access": null, "name:ja": null, "name:zh": null, "phone": null, "name:ko-Latn": null, "lit": null, "alt_name": null, "tourism": null, "parking": null, "landuse": null, "natural": null, "fixme": null, "area": null, "hoops": null, "leaf_cycle": null, "leaf_type": null, "addr:subdistrict": null, "covered": null, "education": null, "type": null }, "geometry": { "type": "Polygon", "coordinates": [ [ [ 126.8954066, 35.1867702 ], [ 126.895406, 35.1866926 ], [ 126.8957655, 35.1866906 ], [ 126.8957662, 35.1867682 ], [ 126.8954066, 35.1867702 ] ] ] } },
{ "type": "Feature", "properties": { "element": "way", "id": 638279204, "amenity": null, "name": null, "name:ko": null, "operator": null, "operator:type": null, "start_date": null, "website": null, "wikidata": null, "wikipedia": null, "leisure": "pitch", "sport": "croquet", "indoor": null, "access": null, "addr:city": null, "addr:district": null, "addr:housenumber": null, "addr:postcode": null, "addr:street": null, "name:en": null, "surface": null, "addr:housename": null, "internet_access": null, "name:ja": null, "name:zh": null, "phone": null, "name:ko-Latn": null, "lit": null, "alt_name": null, "tourism": null, "parking": null, "landuse": null, "natural": null, "fixme": null, "area": null, "hoops": null, "leaf_cycle": null, "leaf_type": null, "addr:subdistrict": null, "covered": null, "education": null, "type": null }, "geometry": { "type": "Polygon", "coordinates": [ [ [ 126.8985633, 35.2063585 ], [ 126.8987719, 35.2063596 ], [ 126.8987736, 35.206147 ], [ 126.8985651, 35.2061459 ], [ 126.8985633, 35.2063585 ] ] ] } },
{ "type": "Feature", "properties": { "element": "way", "id": 638279205, "amenity": null, "name": null, "name:ko": null, "operator": null, "operator:type": null, "start_date": null, "website": null, "wikidata": null, "wikipedia": null, "leisure": "pitch", "sport": "basketball", "indoor": null, "access": null, "addr:city": null, "addr:district": null, "addr:housenumber": null, "addr:postcode": null, "addr:street": null, "name:en": null, "surface": null, "addr:housename": null, "internet_access": null, "name:ja": null, "name:zh": null, "phone": null, "name:ko-Latn": null, "lit": null, "alt_name": null, "tourism": null, "parking": null, "landuse": null, "natural": null, "fixme": null, "area": null, "hoops": null, "leaf_cycle": null, "leaf_type": null, "addr:subdistrict": null, "covered": null, "education": null, "type": null }, "geometry": { "type": "Polygon", "coordinates": [ [ [ 126.8985471, 35.2064826 ], [ 126.8987156, 35.2064838 ], [ 126.8987167, 35.2063754 ], [ 126.8985483, 35.2063742 ], [ 126.8985471, 35.2064826 ] ] ] } },
{ "type": "Feature", "properties": { "element": "way", "id": 638451657, "amenity": null, "name": "스케이트 보드 타는곳", "name:ko": "스케이트 보드 타는곳", "operator": null, "operator:type": null, "start_date": null, "website": null, "wikidata": null, "wikipedia": null, "leisure": "park", "sport": null, "indoor": null, "access": null, "addr:city": null, "addr:district": null, "addr:housenumber": null, "addr:postcode": null, "addr:street": null, "name:en": null, "surface": null, "addr:housename": null, "internet_access": null, "name:ja": null, "name:zh": null, "phone": null, "name:ko-Latn": null, "lit": null, "alt_name": null, "tourism": null, "parking": null, "landuse": null, "natural": null, "fixme": null, "area": null, "hoops": null, "leaf_cycle": null, "leaf_type": null, "addr:subdistrict": null, "covered": null, "education": null, "type": null }, "geometry": { "type": "Polygon", "coordinates": [ [ [ 126.8948971, 35.2098644 ], [ 126.8948732, 35.2098146 ], [ 126.89487, 35.2097613 ], [ 126.8948877, 35.2097099 ], [ 126.8949246, 35.2096658 ], [ 126.8949768, 35.2096337 ], [ 126.8950388, 35.2096168 ], [ 126.8951042, 35.209617 ], [ 126.8951661, 35.2096341 ], [ 126.895218, 35.2096666 ], [ 126.8952546, 35.2097108 ], [ 126.895272, 35.2097623 ], [ 126.8952677, 35.2098179 ], [ 126.895241, 35.2098692 ], [ 126.895195, 35.2099104 ], [ 126.8951348, 35.2099367 ], [ 126.8950674, 35.2099451 ], [ 126.8950004, 35.2099347 ], [ 126.8949414, 35.2099068 ], [ 126.8949296, 35.2098955 ], [ 126.8948971, 35.2098644 ] ] ] } },
{ "type": "Feature", "properties": { "element": "way", "id": 638451658, "amenity": null, "name": null, "name:ko": null, "operator": null, "operator:type": null, "start_date": null, "website": null, "wikidata": null, "wikipedia": null, "leisure": "pitch", "sport": "badminton", "indoor": null, "access": null, "addr:city": null, "addr:district": null, "addr:housenumber": null, "addr:postcode": null, "addr:street": null, "name:en": null, "surface": null, "addr:housename": null, "internet_access": null, "name:ja": null, "name:zh": null, "phone": null, "name:ko-Latn": null, "lit": null, "alt_name": null, "tourism": null, "parking": null, "landuse": null, "natural": null, "fixme": null, "area": null, "hoops": null, "leaf_cycle": null, "leaf_type": null, "addr:subdistrict": null, "covered": null, "education": null, "type": null }, "geometry": { "type": "Polygon", "coordinates": [ [ [ 126.8955804, 35.2088863 ], [ 126.8955756, 35.2087436 ], [ 126.8956642, 35.2087416 ], [ 126.8956689, 35.2088843 ], [ 126.8955804, 35.2088863 ] ] ] } },
{ "type": "Feature", "properties": { "element": "way", "id": 638451659, "amenity": null, "name": null, "name:ko": null, "operator": null, "operator:type": null, "start_date": null, "website": null, "wikidata": null, "wikipedia": null, "leisure": "pitch", "sport": "badminton", "indoor": null, "access": null, "addr:city": null, "addr:district": null, "addr:housenumber": null, "addr:postcode": null, "addr:street": null, "name:en": null, "surface": null, "addr:housename": null, "internet_access": null, "name:ja": null, "name:zh": null, "phone": null, "name:ko-Latn": null, "lit": null, "alt_name": null, "tourism": null, "parking": null, "landuse": null, "natural": null, "fixme": null, "area": null, "hoops": null, "leaf_cycle": null, "leaf_type": null, "addr:subdistrict": null, "covered": null, "education": null, "type": null }, "geometry": { "type": "Polygon", "coordinates": [ [ [ 126.8955514, 35.2087074 ], [ 126.8955514, 35.2085658 ], [ 126.8956327, 35.2085658 ], [ 126.8956327, 35.2087074 ], [ 126.8955514, 35.2087074 ] ] ] } },
{ "type": "Feature", "properties": { "element": "way", "id": 638451660, "amenity": null, "name": "구령대", "name:ko": "구령대", "operator": null, "operator:type": null, "start_date": null, "website": null, "wikidata": null, "wikipedia": null, "leisure": "park", "sport": null, "indoor": null, "access": null, "addr:city": null, "addr:district": null, "addr:housenumber": null, "addr:postcode": null, "addr:street": null, "name:en": null, "surface": null, "addr:housename": null, "internet_access": null, "name:ja": null, "name:zh": null, "phone": null, "name:ko-Latn": null, "lit": null, "alt_name": null, "tourism": null, "parking": null, "landuse": null, "natural": null, "fixme": null, "area": null, "hoops": null, "leaf_cycle": null, "leaf_type": null, "addr:subdistrict": null, "covered": null, "education": null, "type": null }, "geometry": { "type": "Polygon", "coordinates": [ [ [ 126.8946726, 35.2090001 ], [ 126.8946726, 35.2088237 ], [ 126.8946602, 35.208818 ], [ 126.8946637, 35.2086907 ], [ 126.8946726, 35.2085056 ], [ 126.8947168, 35.2085028 ], [ 126.894715, 35.2086835 ], [ 126.8947504, 35.2086835 ], [ 126.8947487, 35.2088208 ], [ 126.8947168, 35.2088266 ], [ 126.8947257, 35.2089958 ], [ 126.8946726, 35.2090001 ] ] ] } },
{ "type": "Feature", "properties": { "element": "way", "id": 638451665, "amenity": null, "name": "쉼터", "name:ko": "쉼터", "operator": null, "operator:type": null, "start_date": null, "website": null, "wikidata": null, "wikipedia": null, "leisure": "park", "sport": null, "indoor": null, "access": null, "addr:city": null, "addr:district": null, "addr:housenumber": null, "addr:postcode": null, "addr:street": null, "name:en": null, "surface": null, "addr:housename": null, "internet_access": null, "name:ja": null, "name:zh": null, "phone": null, "name:ko-Latn": null, "lit": null, "alt_name": null, "tourism": null, "parking": null, "landuse": null, "natural": null, "fixme": null, "area": null, "hoops": null, "leaf_cycle": null, "leaf_type": null, "addr:subdistrict": null, "covered": null, "education": null, "type": null }, "geometry": { "type": "Polygon", "coordinates": [ [ [ 126.8953286, 35.2092257 ], [ 126.8952331, 35.2091804 ], [ 126.8952608, 35.2091326 ], [ 126.8953687, 35.2091854 ], [ 126.8953286, 35.2092257 ] ] ] } },
{ "type": "Feature", "properties": { "element": "way", "id": 638523626, "amenity": null, "name": null, "name:ko": null, "operator": null, "operator:type": null, "start_date": null, "website": null, "wikidata": null, "wikipedia": null, "leisure": "pitch", "sport": "basketball", "indoor": null, "access": null, "addr:city": null, "addr:district": null, "addr:housenumber": null, "addr:postcode": null, "addr:street": null, "name:en": null, "surface": null, "addr:housename": null, "internet_access": null, "name:ja": null, "name:zh": null, "phone": null, "name:ko-Latn": null, "lit": null, "alt_name": null, "tourism": null, "parking": null, "landuse": null, "natural": null, "fixme": null, "area": null, "hoops": null, "leaf_cycle": null, "leaf_type": null, "addr:subdistrict": null, "covered": null, "education": null, "type": null }, "geometry": { "type": "Polygon", "coordinates": [ [ [ 126.8978783, 35.1947222 ], [ 126.8979098, 35.1945771 ], [ 126.8982362, 35.1946245 ], [ 126.8982047, 35.1947696 ], [ 126.8978783, 35.1947222 ] ] ] } },
{ "type": "Feature", "properties": { "element": "way", "id": 638525954, "amenity": null, "name": null, "name:ko": null, "operator": null, "operator:type": null, "start_date": null, "website": null, "wikidata": null, "wikipedia": null, "leisure": "park", "sport": null, "indoor": null, "access": null, "addr:city": null, "addr:district": null, "addr:housenumber": null, "addr:postcode": null, "addr:street": null, "name:en": null, "surface": null, "addr:housename": null, "internet_access": null, "name:ja": null, "name:zh": null, "phone": null, "name:ko-Latn": null, "lit": null, "alt_name": null, "tourism": null, "parking": null, "landuse": null, "natural": null, "fixme": null, "area": null, "hoops": null, "leaf_cycle": null, "leaf_type": null, "addr:subdistrict": null, "covered": null, "education": null, "type": null }, "geometry": { "type": "Polygon", "coordinates": [ [ [ 126.8827441, 35.2092151 ], [ 126.8832858, 35.2090079 ], [ 126.8831104, 35.2086932 ], [ 126.8825656, 35.2088979 ], [ 126.8827441, 35.2092151 ] ] ] } },
{ "type": "Feature", "properties": { "element": "way", "id": 638525956, "amenity": null, "name": "축구장", "name:ko": "축구장", "operator": null, "operator:type": null, "start_date": null, "website": null, "wikidata": null, "wikipedia": null, "leisure": "pitch", "sport": "soccer", "indoor": null, "access": null, "addr:city": null, "addr:district": null, "addr:housenumber": null, "addr:postcode": null, "addr:street": null, "name:en": null, "surface": null, "addr:housename": null, "internet_access": null, "name:ja": null, "name:zh": null, "phone": null, "name:ko-Latn": null, "lit": null, "alt_name": null, "tourism": null, "parking": null, "landuse": null, "natural": null, "fixme": null, "area": null, "hoops": null, "leaf_cycle": null, "leaf_type": null, "addr:subdistrict": null, "covered": null, "education": null, "type": null }, "geometry": { "type": "Polygon", "coordinates": [ [ [ 126.8822905, 35.208321 ], [ 126.8822796, 35.208446 ], [ 126.8820303, 35.208421 ], [ 126.8820456, 35.2082959 ], [ 126.8822905, 35.208321 ] ] ] } },
{ "type": "Feature", "properties": { "element": "way", "id": 638555049, "amenity": null, "name": "반용 어린이 공원", "name:ko": "반용 어린이 공원", "operator": null, "operator:type": null, "start_date": null, "website": null, "wikidata": null, "wikipedia": null, "leisure": "park", "sport": null, "indoor": null, "access": null, "addr:city": null, "addr:district": null, "addr:housenumber": null, "addr:postcode": null, "addr:street": null, "name:en": "Children's Park", "surface": null, "addr:housename": null, "internet_access": null, "name:ja": null, "name:zh": null, "phone": null, "name:ko-Latn": null, "lit": null, "alt_name": null, "tourism": null, "parking": null, "landuse": null, "natural": null, "fixme": null, "area": null, "hoops": null, "leaf_cycle": null, "leaf_type": null, "addr:subdistrict": null, "covered": null, "education": null, "type": null }, "geometry": { "type": "Polygon", "coordinates": [ [ [ 126.9024649, 35.1802756 ], [ 126.902828, 35.1802012 ], [ 126.9027568, 35.1798376 ], [ 126.9023738, 35.1799044 ], [ 126.9024649, 35.1802756 ] ] ] } },
{ "type": "Feature", "properties": { "element": "way", "id": 638568423, "amenity": null, "name": "용두중학교 운동장", "name:ko": "용두중학교 운동장", "operator": null, "operator:type": null, "start_date": null, "website": null, "wikidata": null, "wikipedia": null, "leisure": "pitch", "sport": null, "indoor": null, "access": null, "addr:city": null, "addr:district": null, "addr:housenumber": null, "addr:postcode": null, "addr:street": null, "name:en": null, "surface": null, "addr:housename": null, "internet_access": null, "name:ja": null, "name:zh": null, "phone": null, "name:ko-Latn": null, "lit": null, "alt_name": null, "tourism": null, "parking": null, "landuse": null, "natural": null, "fixme": null, "area": null, "hoops": null, "leaf_cycle": null, "leaf_type": null, "addr:subdistrict": null, "covered": null, "education": null, "type": null }, "geometry": { "type": "Polygon", "coordinates": [ [ [ 126.8749443, 35.215658 ], [ 126.8746863, 35.2152083 ], [ 126.8750941, 35.2150521 ], [ 126.8753521, 35.2155017 ], [ 126.8749443, 35.215658 ] ] ] } },
{ "type": "Feature", "properties": { "element": "way", "id": 638627252, "amenity": null, "name": null, "name:ko": null, "operator": null, "operator:type": null, "start_date": null, "website": null, "wikidata": null, "wikipedia": null, "leisure": "pitch", "sport": "multi", "indoor": null, "access": null, "addr:city": null, "addr:district": null, "addr:housenumber": null, "addr:postcode": null, "addr:street": null, "name:en": null, "surface": "sand", "addr:housename": null, "internet_access": null, "name:ja": null, "name:zh": null, "phone": null, "name:ko-Latn": null, "lit": null, "alt_name": null, "tourism": null, "parking": null, "landuse": null, "natural": null, "fixme": null, "area": null, "hoops": null, "leaf_cycle": null, "leaf_type": null, "addr:subdistrict": null, "covered": null, "education": null, "type": null }, "geometry": { "type": "Polygon", "coordinates": [ [ [ 126.8936871, 35.211397 ], [ 126.8943532, 35.2113861 ], [ 126.8943385, 35.2107645 ], [ 126.8936759, 35.2107727 ], [ 126.8936871, 35.211397 ] ] ] } },
{ "type": "Feature", "properties": { "element": "way", "id": 638756885, "amenity": null, "name": "현진 공원", "name:ko": "현진 공원", "operator": null, "operator:type": null, "start_date": null, "website": null, "wikidata": null, "wikipedia": null, "leisure": "park", "sport": null, "indoor": null, "access": null, "addr:city": null, "addr:district": null, "addr:housenumber": null, "addr:postcode": null, "addr:street": null, "name:en": null, "surface": null, "addr:housename": null, "internet_access": null, "name:ja": null, "name:zh": null, "phone": null, "name:ko-Latn": null, "lit": null, "alt_name": null, "tourism": null, "parking": null, "landuse": null, "natural": null, "fixme": null, "area": null, "hoops": null, "leaf_cycle": null, "leaf_type": null, "addr:subdistrict": null, "covered": null, "education": null, "type": null }, "geometry": { "type": "Polygon", "coordinates": [ [ [ 126.8835817, 35.2127256 ], [ 126.8842061, 35.212448 ], [ 126.8840949, 35.2123326 ], [ 126.8839103, 35.2122506 ], [ 126.8836259, 35.2122743 ], [ 126.8833842, 35.212422 ], [ 126.8835817, 35.2127256 ] ] ] } },
{ "type": "Feature", "properties": { "element": "way", "id": 639052719, "amenity": null, "name": "새싹공원", "name:ko": "새싹공원", "operator": null, "operator:type": null, "start_date": null, "website": null, "wikidata": null, "wikipedia": null, "leisure": "park", "sport": null, "indoor": null, "access": null, "addr:city": null, "addr:district": null, "addr:housenumber": null, "addr:postcode": null, "addr:street": null, "name:en": null, "surface": null, "addr:housename": null, "internet_access": null, "name:ja": null, "name:zh": null, "phone": null, "name:ko-Latn": null, "lit": null, "alt_name": null, "tourism": null, "parking": null, "landuse": null, "natural": null, "fixme": "운동기구, 놀이터, 정자, 벤치 등이 있다.", "area": null, "hoops": null, "leaf_cycle": null, "leaf_type": null, "addr:subdistrict": null, "covered": null, "education": null, "type": null }, "geometry": { "type": "Polygon", "coordinates": [ [ [ 126.9315928, 35.1744983 ], [ 126.9315088, 35.1741292 ], [ 126.9316983, 35.1741004 ], [ 126.9317115, 35.1741585 ], [ 126.9318859, 35.174132 ], [ 126.9319128, 35.1740662 ], [ 126.9321064, 35.1740368 ], [ 126.9321908, 35.1744073 ], [ 126.9315928, 35.1744983 ] ] ] } },
{ "type": "Feature", "properties": { "element": "way", "id": 639079455, "amenity": null, "name": "어린이집 앞 공원", "name:ko": "어린이집 앞 공원", "operator": null, "operator:type": null, "start_date": null, "website": null, "wikidata": null, "wikipedia": null, "leisure": "park", "sport": null, "indoor": null, "access": null, "addr:city": null, "addr:district": null, "addr:housenumber": null, "addr:postcode": null, "addr:street": null, "name:en": null, "surface": null, "addr:housename": null, "internet_access": null, "name:ja": null, "name:zh": null, "phone": null, "name:ko-Latn": null, "lit": null, "alt_name": null, "tourism": null, "parking": null, "landuse": null, "natural": null, "fixme": null, "area": null, "hoops": null, "leaf_cycle": null, "leaf_type": null, "addr:subdistrict": null, "covered": null, "education": null, "type": null }, "geometry": { "type": "Polygon", "coordinates": [ [ [ 126.8765882, 35.2097735 ], [ 126.876967, 35.2097174 ], [ 126.8768825, 35.2093362 ], [ 126.8765037, 35.2093922 ], [ 126.8765882, 35.2097735 ] ] ] } },
{ "type": "Feature", "properties": { "element": "way", "id": 639109560, "amenity": null, "name": "한마음공원", "name:ko": "한마음공원", "operator": null, "operator:type": null, "start_date": null, "website": null, "wikidata": null, "wikipedia": null, "leisure": "park", "sport": null, "indoor": null, "access": null, "addr:city": null, "addr:district": null, "addr:housenumber": null, "addr:postcode": null, "addr:street": null, "name:en": null, "surface": null, "addr:housename": null, "internet_access": null, "name:ja": null, "name:zh": null, "phone": null, "name:ko-Latn": null, "lit": null, "alt_name": null, "tourism": null, "parking": null, "landuse": null, "natural": null, "fixme": null, "area": null, "hoops": null, "leaf_cycle": null, "leaf_type": null, "addr:subdistrict": null, "covered": null, "education": null, "type": null }, "geometry": { "type": "Polygon", "coordinates": [ [ [ 126.8993059, 35.1990907 ], [ 126.8996644, 35.1990944 ], [ 126.8996997, 35.1990549 ], [ 126.8996951, 35.1983289 ], [ 126.8996942, 35.198263 ], [ 126.899295, 35.1982604 ], [ 126.8993059, 35.1990907 ] ] ] } },
{ "type": "Feature", "properties": { "element": "way", "id": 666384022, "amenity": null, "name": null, "name:ko": null, "operator": null, "operator:type": null, "start_date": null, "website": null, "wikidata": null, "wikipedia": null, "leisure": "pitch", "sport": "basketball", "indoor": null, "access": null, "addr:city": null, "addr:district": null, "addr:housenumber": null, "addr:postcode": null, "addr:street": null, "name:en": null, "surface": null, "addr:housename": null, "internet_access": null, "name:ja": null, "name:zh": null, "phone": null, "name:ko-Latn": null, "lit": null, "alt_name": null, "tourism": null, "parking": null, "landuse": null, "natural": null, "fixme": null, "area": null, "hoops": null, "leaf_cycle": null, "leaf_type": null, "addr:subdistrict": null, "covered": null, "education": null, "type": null }, "geometry": { "type": "Polygon", "coordinates": [ [ [ 126.8612756, 35.199844 ], [ 126.8610396, 35.1998451 ], [ 126.8610376, 35.199541 ], [ 126.8612736, 35.1995399 ], [ 126.8612756, 35.199844 ] ] ] } },
{ "type": "Feature", "properties": { "element": "way", "id": 666384023, "amenity": null, "name": null, "name:ko": null, "operator": null, "operator:type": null, "start_date": null, "website": null, "wikidata": null, "wikipedia": null, "leisure": "pitch", "sport": "soccer", "indoor": null, "access": null, "addr:city": null, "addr:district": null, "addr:housenumber": null, "addr:postcode": null, "addr:street": null, "name:en": null, "surface": null, "addr:housename": null, "internet_access": null, "name:ja": null, "name:zh": null, "phone": null, "name:ko-Latn": null, "lit": null, "alt_name": null, "tourism": null, "parking": null, "landuse": null, "natural": null, "fixme": null, "area": null, "hoops": null, "leaf_cycle": null, "leaf_type": null, "addr:subdistrict": null, "covered": null, "education": null, "type": null }, "geometry": { "type": "Polygon", "coordinates": [ [ [ 126.8615621, 35.2000527 ], [ 126.861562, 35.200038 ], [ 126.8615599, 35.1997092 ], [ 126.8615598, 35.1996965 ], [ 126.8617751, 35.1996956 ], [ 126.8617766, 35.1999405 ], [ 126.8617773, 35.2000518 ], [ 126.8615621, 35.2000527 ] ] ] } },
{ "type": "Feature", "properties": { "element": "way", "id": 666384033, "amenity": null, "name": null, "name:ko": null, "operator": null, "operator:type": null, "start_date": null, "website": null, "wikidata": null, "wikipedia": null, "leisure": "pitch", "sport": "soccer", "indoor": null, "access": null, "addr:city": null, "addr:district": null, "addr:housenumber": null, "addr:postcode": null, "addr:street": null, "name:en": null, "surface": null, "addr:housename": null, "internet_access": null, "name:ja": null, "name:zh": null, "phone": null, "name:ko-Latn": null, "lit": null, "alt_name": null, "tourism": null, "parking": null, "landuse": null, "natural": null, "fixme": null, "area": null, "hoops": null, "leaf_cycle": null, "leaf_type": null, "addr:subdistrict": null, "covered": null, "education": null, "type": null }, "geometry": { "type": "Polygon", "coordinates": [ [ [ 126.8582988, 35.1971364 ], [ 126.8576512, 35.196706 ], [ 126.856869, 35.1974919 ], [ 126.8568794, 35.1974988 ], [ 126.8575166, 35.1979223 ], [ 126.8582988, 35.1971364 ] ] ] } },
{ "type": "Feature", "properties": { "element": "way", "id": 666384034, "amenity": null, "name": null, "name:ko": null, "operator": null, "operator:type": null, "start_date": null, "website": null, "wikidata": null, "wikipedia": null, "leisure": "pitch", "sport": "soccer", "indoor": null, "access": null, "addr:city": null, "addr:district": null, "addr:housenumber": null, "addr:postcode": null, "addr:street": null, "name:en": null, "surface": null, "addr:housename": null, "internet_access": null, "name:ja": null, "name:zh": null, "phone": null, "name:ko-Latn": null, "lit": null, "alt_name": null, "tourism": null, "parking": null, "landuse": null, "natural": null, "fixme": null, "area": null, "hoops": null, "leaf_cycle": null, "leaf_type": null, "addr:subdistrict": null, "covered": null, "education": null, "type": null }, "geometry": { "type": "Polygon", "coordinates": [ [ [ 126.8572699, 35.1981488 ], [ 126.8565184, 35.198908 ], [ 126.8558822, 35.1984875 ], [ 126.8566337, 35.1977283 ], [ 126.8566577, 35.1977441 ], [ 126.8572699, 35.1981488 ] ] ] } },
{ "type": "Feature", "properties": { "element": "way", "id": 666384036, "amenity": null, "name": null, "name:ko": null, "operator": null, "operator:type": null, "start_date": null, "website": null, "wikidata": null, "wikipedia": null, "leisure": "pitch", "sport": "baseball", "indoor": null, "access": null, "addr:city": null, "addr:district": null, "addr:housenumber": null, "addr:postcode": null, "addr:street": null, "name:en": null, "surface": null, "addr:housename": null, "internet_access": null, "name:ja": null, "name:zh": null, "phone": null, "name:ko-Latn": null, "lit": null, "alt_name": null, "tourism": null, "parking": null, "landuse": null, "natural": null, "fixme": null, "area": null, "hoops": null, "leaf_cycle": null, "leaf_type": null, "addr:subdistrict": null, "covered": null, "education": null, "type": null }, "geometry": { "type": "Polygon", "coordinates": [ [ [ 126.8563414, 35.1971349 ], [ 126.855711, 35.1967294 ], [ 126.8559632, 35.1963875 ], [ 126.8561509, 35.1962297 ], [ 126.8563333, 35.1961683 ], [ 126.8564728, 35.1961552 ], [ 126.8566203, 35.1961815 ], [ 126.8567947, 35.1962297 ], [ 126.8569127, 35.1962779 ], [ 126.8570307, 35.1963766 ], [ 126.8571353, 35.196473 ], [ 126.8571594, 35.1965431 ], [ 126.8571782, 35.1966505 ], [ 126.8571621, 35.1966922 ], [ 126.8567196, 35.1971174 ], [ 126.8567839, 35.1971678 ], [ 126.8567035, 35.1972621 ], [ 126.85645, 35.1972603 ], [ 126.8563843, 35.1972599 ], [ 126.8562824, 35.1971919 ], [ 126.8563414, 35.1971349 ] ] ] } },
{ "type": "Feature", "properties": { "element": "way", "id": 666384037, "amenity": null, "name": null, "name:ko": null, "operator": null, "operator:type": null, "start_date": null, "website": null, "wikidata": null, "wikipedia": null, "leisure": "pitch", "sport": "baseball", "indoor": null, "access": null, "addr:city": null, "addr:district": null, "addr:housenumber": null, "addr:postcode": null, "addr:street": null, "name:en": null, "surface": null, "addr:housename": null, "internet_access": null, "name:ja": null, "name:zh": null, "phone": null, "name:ko-Latn": null, "lit": null, "alt_name": null, "tourism": null, "parking": null, "landuse": null, "natural": null, "fixme": null, "area": null, "hoops": null, "leaf_cycle": null, "leaf_type": null, "addr:subdistrict": null, "covered": null, "education": null, "type": null }, "geometry": { "type": "Polygon", "coordinates": [ [ [ 126.8562797, 35.1976325 ], [ 126.8562059, 35.1977004 ], [ 126.8561643, 35.1976719 ], [ 126.8556413, 35.1981541 ], [ 126.8554804, 35.1981498 ], [ 126.8553543, 35.198095 ], [ 126.8552712, 35.1980226 ], [ 126.8551478, 35.1979021 ], [ 126.8550754, 35.1978078 ], [ 126.8549895, 35.197661 ], [ 126.8549842, 35.1975448 ], [ 126.8550485, 35.1973212 ], [ 126.8551666, 35.1971569 ], [ 126.8552765, 35.1970451 ], [ 126.8554509, 35.1969289 ], [ 126.8555286, 35.1969486 ], [ 126.8561053, 35.1973388 ], [ 126.8561536, 35.1972971 ], [ 126.8562448, 35.1973541 ], [ 126.8562521, 35.1974128 ], [ 126.8562797, 35.1976325 ] ] ] } },
{ "type": "Feature", "properties": { "element": "way", "id": 683351374, "amenity": null, "name": null, "name:ko": null, "operator": null, "operator:type": null, "start_date": null, "website": null, "wikidata": null, "wikipedia": null, "leisure": "pitch", "sport": null, "indoor": null, "access": null, "addr:city": null, "addr:district": null, "addr:housenumber": null, "addr:postcode": null, "addr:street": null, "name:en": null, "surface": null, "addr:housename": null, "internet_access": null, "name:ja": null, "name:zh": null, "phone": null, "name:ko-Latn": null, "lit": null, "alt_name": null, "tourism": null, "parking": null, "landuse": null, "natural": null, "fixme": null, "area": null, "hoops": null, "leaf_cycle": null, "leaf_type": null, "addr:subdistrict": null, "covered": null, "education": null, "type": null }, "geometry": { "type": "Polygon", "coordinates": [ [ [ 126.8843952, 35.1824353 ], [ 126.8848466, 35.1821963 ], [ 126.8844243, 35.1816635 ], [ 126.8839729, 35.1819024 ], [ 126.8843952, 35.1824353 ] ] ] } },
{ "type": "Feature", "properties": { "element": "way", "id": 683367636, "amenity": null, "name": null, "name:ko": null, "operator": null, "operator:type": null, "start_date": null, "website": null, "wikidata": null, "wikipedia": null, "leisure": "park", "sport": null, "indoor": null, "access": null, "addr:city": null, "addr:district": null, "addr:housenumber": null, "addr:postcode": null, "addr:street": null, "name:en": null, "surface": null, "addr:housename": null, "internet_access": null, "name:ja": null, "name:zh": null, "phone": null, "name:ko-Latn": null, "lit": null, "alt_name": null, "tourism": null, "parking": null, "landuse": null, "natural": null, "fixme": null, "area": null, "hoops": null, "leaf_cycle": null, "leaf_type": null, "addr:subdistrict": null, "covered": null, "education": null, "type": null }, "geometry": { "type": "Polygon", "coordinates": [ [ [ 126.9292722, 35.1630592 ], [ 126.9286908, 35.1635111 ], [ 126.9280194, 35.1630179 ], [ 126.9285594, 35.1628661 ], [ 126.92868, 35.1628423 ], [ 126.9287081, 35.1628398 ], [ 126.928757, 35.1628419 ], [ 126.9292722, 35.1630592 ] ] ] } },
{ "type": "Feature", "properties": { "element": "way", "id": 694974439, "amenity": null, "name": null, "name:ko": null, "operator": null, "operator:type": null, "start_date": null, "website": null, "wikidata": null, "wikipedia": null, "leisure": "park", "sport": null, "indoor": null, "access": null, "addr:city": null, "addr:district": null, "addr:housenumber": null, "addr:postcode": null, "addr:street": null, "name:en": null, "surface": null, "addr:housename": null, "internet_access": null, "name:ja": null, "name:zh": null, "phone": null, "name:ko-Latn": null, "lit": null, "alt_name": null, "tourism": null, "parking": null, "landuse": null, "natural": null, "fixme": null, "area": null, "hoops": null, "leaf_cycle": null, "leaf_type": null, "addr:subdistrict": null, "covered": null, "education": null, "type": null }, "geometry": { "type": "Polygon", "coordinates": [ [ [ 126.9110421, 35.1730388 ], [ 126.9110673, 35.172998 ], [ 126.9111927, 35.1729711 ], [ 126.9112338, 35.1729243 ], [ 126.9114444, 35.172868 ], [ 126.9115831, 35.1732144 ], [ 126.9115133, 35.1732331 ], [ 126.9110421, 35.1730388 ] ] ] } },
{ "type": "Feature", "properties": { "element": "way", "id": 695811889, "amenity": null, "name": null, "name:ko": null, "operator": null, "operator:type": null, "start_date": null, "website": null, "wikidata": null, "wikipedia": null, "leisure": "park", "sport": null, "indoor": null, "access": null, "addr:city": null, "addr:district": null, "addr:housenumber": null, "addr:postcode": null, "addr:street": null, "name:en": null, "surface": null, "addr:housename": null, "internet_access": null, "name:ja": null, "name:zh": null, "phone": null, "name:ko-Latn": null, "lit": null, "alt_name": null, "tourism": null, "parking": null, "landuse": null, "natural": null, "fixme": null, "area": null, "hoops": null, "leaf_cycle": null, "leaf_type": null, "addr:subdistrict": null, "covered": null, "education": null, "type": null }, "geometry": { "type": "Polygon", "coordinates": [ [ [ 126.8952605, 35.1763607 ], [ 126.8952507, 35.1760511 ], [ 126.895925, 35.1760345 ], [ 126.8958259, 35.1762602 ], [ 126.8958099, 35.1763426 ], [ 126.8952605, 35.1763607 ] ] ] } },
{ "type": "Feature", "properties": { "element": "way", "id": 695811895, "amenity": null, "name": null, "name:ko": null, "operator": null, "operator:type": null, "start_date": null, "website": null, "wikidata": null, "wikipedia": null, "leisure": "park", "sport": null, "indoor": null, "access": null, "addr:city": null, "addr:district": null, "addr:housenumber": null, "addr:postcode": null, "addr:street": null, "name:en": null, "surface": null, "addr:housename": null, "internet_access": null, "name:ja": null, "name:zh": null, "phone": null, "name:ko-Latn": null, "lit": null, "alt_name": null, "tourism": null, "parking": null, "landuse": null, "natural": null, "fixme": null, "area": null, "hoops": null, "leaf_cycle": null, "leaf_type": null, "addr:subdistrict": null, "covered": null, "education": null, "type": null }, "geometry": { "type": "Polygon", "coordinates": [ [ [ 126.8928114, 35.1777434 ], [ 126.8927869, 35.1772825 ], [ 126.8927728, 35.1772662 ], [ 126.8927343, 35.1772605 ], [ 126.8926981, 35.1772681 ], [ 126.8926514, 35.1773044 ], [ 126.8925884, 35.1773349 ], [ 126.8925312, 35.1773922 ], [ 126.8924401, 35.1775143 ], [ 126.8923992, 35.1776012 ], [ 126.8923549, 35.1777004 ], [ 126.8923525, 35.1777271 ], [ 126.8923736, 35.1777434 ], [ 126.8924074, 35.1777605 ], [ 126.8924471, 35.1777615 ], [ 126.8928114, 35.1777434 ] ] ] } },
{ "type": "Feature", "properties": { "element": "way", "id": 711986513, "amenity": null, "name": "바느실 어린이 공원", "name:ko": null, "operator": null, "operator:type": null, "start_date": null, "website": null, "wikidata": null, "wikipedia": null, "leisure": "park", "sport": null, "indoor": null, "access": null, "addr:city": null, "addr:district": null, "addr:housenumber": null, "addr:postcode": null, "addr:street": null, "name:en": null, "surface": null, "addr:housename": null, "internet_access": null, "name:ja": null, "name:zh": null, "phone": null, "name:ko-Latn": null, "lit": null, "alt_name": null, "tourism": null, "parking": null, "landuse": null, "natural": null, "fixme": null, "area": null, "hoops": null, "leaf_cycle": null, "leaf_type": null, "addr:subdistrict": null, "covered": null, "education": null, "type": null }, "geometry": { "type": "Polygon", "coordinates": [ [ [ 126.9237834, 35.1904043 ], [ 126.9242873, 35.1901331 ], [ 126.9240718, 35.1898644 ], [ 126.9239698, 35.1897372 ], [ 126.9239638, 35.1897298 ], [ 126.9234754, 35.1899791 ], [ 126.9234647, 35.1899839 ], [ 126.9237026, 35.1903014 ], [ 126.9237673, 35.1903878 ], [ 126.9237834, 35.1904043 ] ] ] } },
{ "type": "Feature", "properties": { "element": "way", "id": 711986516, "amenity": null, "name": null, "name:ko": null, "operator": null, "operator:type": null, "start_date": null, "website": null, "wikidata": null, "wikipedia": null, "leisure": "pitch", "sport": "multi", "indoor": null, "access": null, "addr:city": null, "addr:district": null, "addr:housenumber": null, "addr:postcode": null, "addr:street": null, "name:en": null, "surface": "sand", "addr:housename": null, "internet_access": null, "name:ja": null, "name:zh": null, "phone": null, "name:ko-Latn": null, "lit": null, "alt_name": null, "tourism": null, "parking": null, "landuse": null, "natural": null, "fixme": null, "area": null, "hoops": null, "leaf_cycle": null, "leaf_type": null, "addr:subdistrict": null, "covered": null, "education": null, "type": null }, "geometry": { "type": "Polygon", "coordinates": [ [ [ 126.9249022, 35.1871501 ], [ 126.9255794, 35.1868084 ], [ 126.9253345, 35.1864904 ], [ 126.9246653, 35.186835 ], [ 126.9249022, 35.1871501 ] ] ] } },
{ "type": "Feature", "properties": { "element": "way", "id": 711986517, "amenity": null, "name": "동심 어린이공원", "name:ko": null, "operator": null, "operator:type": null, "start_date": null, "website": null, "wikidata": null, "wikipedia": null, "leisure": "park", "sport": null, "indoor": null, "access": null, "addr:city": null, "addr:district": null, "addr:housenumber": null, "addr:postcode": null, "addr:street": null, "name:en": null, "surface": null, "addr:housename": null, "internet_access": null, "name:ja": null, "name:zh": null, "phone": null, "name:ko-Latn": null, "lit": null, "alt_name": null, "tourism": null, "parking": null, "landuse": null, "natural": null, "fixme": null, "area": null, "hoops": null, "leaf_cycle": null, "leaf_type": null, "addr:subdistrict": null, "covered": null, "education": null, "type": null }, "geometry": { "type": "Polygon", "coordinates": [ [ [ 126.9224821, 35.1866976 ], [ 126.922115, 35.1862247 ], [ 126.9221442, 35.18621 ], [ 126.9225312, 35.1860078 ], [ 126.9226083, 35.1859689 ], [ 126.922986, 35.1864499 ], [ 126.9229185, 35.1864831 ], [ 126.9224821, 35.1866976 ] ] ] } },
{ "type": "Feature", "properties": { "element": "way", "id": 711986518, "amenity": null, "name": "늘푸른 어린이 공원", "name:ko": null, "operator": null, "operator:type": null, "start_date": null, "website": null, "wikidata": null, "wikipedia": null, "leisure": "park", "sport": null, "indoor": null, "access": null, "addr:city": null, "addr:district": null, "addr:housenumber": null, "addr:postcode": null, "addr:street": null, "name:en": null, "surface": null, "addr:housename": null, "internet_access": null, "name:ja": null, "name:zh": null, "phone": null, "name:ko-Latn": null, "lit": null, "alt_name": null, "tourism": null, "parking": null, "landuse": null, "natural": null, "fixme": null, "area": null, "hoops": null, "leaf_cycle": null, "leaf_type": null, "addr:subdistrict": null, "covered": null, "education": null, "type": null }, "geometry": { "type": "Polygon", "coordinates": [ [ [ 126.927167, 35.1882314 ], [ 126.9268945, 35.1878623 ], [ 126.9272854, 35.187675 ], [ 126.9274518, 35.187679 ], [ 126.9275156, 35.187737 ], [ 126.9275363, 35.1878953 ], [ 126.9275246, 35.187994 ], [ 126.9274839, 35.1880461 ], [ 126.9274104, 35.1880979 ], [ 126.927167, 35.1882314 ] ] ] } },
{ "type": "Feature", "properties": { "element": "way", "id": 711986519, "amenity": null, "name": "진달래 어린이공원", "name:ko": null, "operator": null, "operator:type": null, "start_date": null, "website": null, "wikidata": null, "wikipedia": null, "leisure": "park", "sport": null, "indoor": null, "access": null, "addr:city": null, "addr:district": null, "addr:housenumber": null, "addr:postcode": null, "addr:street": null, "name:en": null, "surface": null, "addr:housename": null, "internet_access": null, "name:ja": null, "name:zh": null, "phone": null, "name:ko-Latn": null, "lit": null, "alt_name": null, "tourism": null, "parking": null, "landuse": null, "natural": null, "fixme": null, "area": null, "hoops": null, "leaf_cycle": null, "leaf_type": null, "addr:subdistrict": null, "covered": null, "education": null, "type": null }, "geometry": { "type": "Polygon", "coordinates": [ [ [ 126.9198501, 35.1873168 ], [ 126.9199084, 35.1873259 ], [ 126.9202002, 35.1871889 ], [ 126.9204573, 35.1870477 ], [ 126.9202847, 35.1868345 ], [ 126.9197609, 35.1870956 ], [ 126.9197398, 35.1871485 ], [ 126.9198501, 35.1873168 ] ] ] } },
{ "type": "Feature", "properties": { "element": "way", "id": 711986522, "amenity": null, "name": null, "name:ko": null, "operator": null, "operator:type": null, "start_date": null, "website": null, "wikidata": null, "wikipedia": null, "leisure": "pitch", "sport": null, "indoor": null, "access": null, "addr:city": null, "addr:district": null, "addr:housenumber": null, "addr:postcode": null, "addr:street": null, "name:en": null, "surface": "sand", "addr:housename": null, "internet_access": null, "name:ja": null, "name:zh": null, "phone": null, "name:ko-Latn": null, "lit": null, "alt_name": null, "tourism": null, "parking": null, "landuse": null, "natural": null, "fixme": null, "area": null, "hoops": null, "leaf_cycle": null, "leaf_type": null, "addr:subdistrict": null, "covered": null, "education": null, "type": null }, "geometry": { "type": "Polygon", "coordinates": [ [ [ 126.9234368, 35.189299 ], [ 126.923174, 35.1889677 ], [ 126.9237183, 35.1886885 ], [ 126.9239414, 35.1889718 ], [ 126.9239908, 35.1890345 ], [ 126.9234368, 35.189299 ] ] ] } },
{ "type": "Feature", "properties": { "element": "way", "id": 711986523, "amenity": null, "name": null, "name:ko": null, "operator": null, "operator:type": null, "start_date": null, "website": null, "wikidata": null, "wikipedia": null, "leisure": "park", "sport": null, "indoor": null, "access": null, "addr:city": null, "addr:district": null, "addr:housenumber": null, "addr:postcode": null, "addr:street": null, "name:en": null, "surface": null, "addr:housename": null, "internet_access": null, "name:ja": null, "name:zh": null, "phone": null, "name:ko-Latn": null, "lit": null, "alt_name": null, "tourism": null, "parking": null, "landuse": null, "natural": null, "fixme": null, "area": null, "hoops": null, "leaf_cycle": null, "leaf_type": null, "addr:subdistrict": null, "covered": null, "education": null, "type": null }, "geometry": { "type": "Polygon", "coordinates": [ [ [ 126.9199567, 35.188748 ], [ 126.9203014, 35.1887471 ], [ 126.9203379, 35.1886355 ], [ 126.9199894, 35.1880616 ], [ 126.9199554, 35.1880758 ], [ 126.9199567, 35.188748 ] ] ] } },
{ "type": "Feature", "properties": { "element": "way", "id": 711986525, "amenity": null, "name": null, "name:ko": null, "operator": null, "operator:type": null, "start_date": null, "website": null, "wikidata": null, "wikipedia": null, "leisure": "pitch", "sport": null, "indoor": null, "access": null, "addr:city": null, "addr:district": null, "addr:housenumber": null, "addr:postcode": null, "addr:street": null, "name:en": null, "surface": "sand", "addr:housename": null, "internet_access": null, "name:ja": null, "name:zh": null, "phone": null, "name:ko-Latn": null, "lit": null, "alt_name": null, "tourism": null, "parking": null, "landuse": null, "natural": null, "fixme": null, "area": null, "hoops": null, "leaf_cycle": null, "leaf_type": null, "addr:subdistrict": null, "covered": null, "education": null, "type": null }, "geometry": { "type": "Polygon", "coordinates": [ [ [ 126.9178471, 35.1904574 ], [ 126.9191203, 35.1904502 ], [ 126.9191151, 35.1898464 ], [ 126.917842, 35.1898538 ], [ 126.9178467, 35.1904063 ], [ 126.9178471, 35.1904574 ] ] ] } },
{ "type": "Feature", "properties": { "element": "way", "id": 711986526, "amenity": null, "name": null, "name:ko": null, "operator": null, "operator:type": null, "start_date": null, "website": null, "wikidata": null, "wikipedia": null, "leisure": "pitch", "sport": "multi", "indoor": null, "access": null, "addr:city": null, "addr:district": null, "addr:housenumber": null, "addr:postcode": null, "addr:street": null, "name:en": null, "surface": "sand", "addr:housename": null, "internet_access": null, "name:ja": null, "name:zh": null, "phone": null, "name:ko-Latn": null, "lit": null, "alt_name": null, "tourism": null, "parking": null, "landuse": null, "natural": null, "fixme": null, "area": null, "hoops": null, "leaf_cycle": null, "leaf_type": null, "addr:subdistrict": null, "covered": null, "education": null, "type": null }, "geometry": { "type": "Polygon", "coordinates": [ [ [ 126.9212125, 35.1891035 ], [ 126.9208984, 35.1886898 ], [ 126.9214265, 35.1884099 ], [ 126.9214777, 35.1884207 ], [ 126.9217942, 35.1888166 ], [ 126.9212125, 35.1891035 ] ] ] } },
{ "type": "Feature", "properties": { "element": "way", "id": 711986528, "amenity": null, "name": null, "name:ko": null, "operator": null, "operator:type": null, "start_date": null, "website": null, "wikidata": null, "wikipedia": null, "leisure": "pitch", "sport": "badminton", "indoor": null, "access": null, "addr:city": null, "addr:district": null, "addr:housenumber": null, "addr:postcode": null, "addr:street": null, "name:en": null, "surface": "clay", "addr:housename": null, "internet_access": null, "name:ja": null, "name:zh": null, "phone": null, "name:ko-Latn": null, "lit": null, "alt_name": null, "tourism": null, "parking": null, "landuse": null, "natural": null, "fixme": null, "area": null, "hoops": null, "leaf_cycle": null, "leaf_type": null, "addr:subdistrict": null, "covered": null, "education": null, "type": null }, "geometry": { "type": "Polygon", "coordinates": [ [ [ 126.9173016, 35.1837273 ], [ 126.9172778, 35.1836486 ], [ 126.9172582, 35.1835839 ], [ 126.9174902, 35.1835369 ], [ 126.9175174, 35.1836269 ], [ 126.9175336, 35.1836803 ], [ 126.9173016, 35.1837273 ] ] ] } },
{ "type": "Feature", "properties": { "element": "way", "id": 711986546, "amenity": null, "name": "철쭉 어린이 공원", "name:ko": null, "operator": null, "operator:type": null, "start_date": null, "website": null, "wikidata": null, "wikipedia": null, "leisure": "park", "sport": null, "indoor": null, "access": null, "addr:city": null, "addr:district": null, "addr:housenumber": null, "addr:postcode": null, "addr:street": null, "name:en": null, "surface": null, "addr:housename": null, "internet_access": null, "name:ja": null, "name:zh": null, "phone": null, "name:ko-Latn": null, "lit": null, "alt_name": null, "tourism": null, "parking": null, "landuse": null, "natural": null, "fixme": null, "area": null, "hoops": null, "leaf_cycle": null, "leaf_type": null, "addr:subdistrict": null, "covered": null, "education": null, "type": null }, "geometry": { "type": "Polygon", "coordinates": [ [ [ 126.9210548, 35.1827302 ], [ 126.921384, 35.1823773 ], [ 126.9215786, 35.1822529 ], [ 126.9217945, 35.1821401 ], [ 126.9213653, 35.1821742 ], [ 126.9207665, 35.1822538 ], [ 126.9207506, 35.1822572 ], [ 126.920737, 35.1822647 ], [ 126.920728, 35.1822744 ], [ 126.9207231, 35.182286 ], [ 126.9207228, 35.1822982 ], [ 126.9207271, 35.1823099 ], [ 126.9207355, 35.1823199 ], [ 126.9210548, 35.1827302 ] ] ] } },
{ "type": "Feature", "properties": { "element": "way", "id": 712020287, "amenity": null, "name": null, "name:ko": null, "operator": null, "operator:type": null, "start_date": null, "website": null, "wikidata": null, "wikipedia": null, "leisure": "park", "sport": null, "indoor": null, "access": null, "addr:city": null, "addr:district": null, "addr:housenumber": null, "addr:postcode": null, "addr:street": null, "name:en": null, "surface": null, "addr:housename": null, "internet_access": null, "name:ja": null, "name:zh": null, "phone": null, "name:ko-Latn": null, "lit": null, "alt_name": null, "tourism": null, "parking": null, "landuse": null, "natural": null, "fixme": null, "area": null, "hoops": null, "leaf_cycle": null, "leaf_type": null, "addr:subdistrict": null, "covered": null, "education": null, "type": null }, "geometry": { "type": "Polygon", "coordinates": [ [ [ 126.9240718, 35.1898644 ], [ 126.9246969, 35.1895372 ], [ 126.9245934, 35.1894081 ], [ 126.9239698, 35.1897372 ], [ 126.9240718, 35.1898644 ] ] ] } },
{ "type": "Feature", "properties": { "element": "way", "id": 712020288, "amenity": null, "name": null, "name:ko": null, "operator": null, "operator:type": null, "start_date": null, "website": null, "wikidata": null, "wikipedia": null, "leisure": "park", "sport": null, "indoor": null, "access": null, "addr:city": null, "addr:district": null, "addr:housenumber": null, "addr:postcode": null, "addr:street": null, "name:en": null, "surface": null, "addr:housename": null, "internet_access": null, "name:ja": null, "name:zh": null, "phone": null, "name:ko-Latn": null, "lit": null, "alt_name": null, "tourism": null, "parking": null, "landuse": null, "natural": null, "fixme": null, "area": null, "hoops": null, "leaf_cycle": null, "leaf_type": null, "addr:subdistrict": null, "covered": null, "education": null, "type": null }, "geometry": { "type": "Polygon", "coordinates": [ [ [ 126.9258214, 35.1830826 ], [ 126.9258972, 35.1830063 ], [ 126.925971, 35.1829485 ], [ 126.9260225, 35.1829061 ], [ 126.9261711, 35.1829879 ], [ 126.9258214, 35.1830826 ] ] ] } },
{ "type": "Feature", "properties": { "element": "way", "id": 712044731, "amenity": null, "name": null, "name:ko": null, "operator": null, "operator:type": null, "start_date": null, "website": null, "wikidata": null, "wikipedia": null, "leisure": "pitch", "sport": null, "indoor": null, "access": null, "addr:city": null, "addr:district": null, "addr:housenumber": null, "addr:postcode": null, "addr:street": null, "name:en": null, "surface": "sand", "addr:housename": null, "internet_access": null, "name:ja": null, "name:zh": null, "phone": null, "name:ko-Latn": null, "lit": null, "alt_name": null, "tourism": null, "parking": null, "landuse": null, "natural": null, "fixme": null, "area": null, "hoops": null, "leaf_cycle": null, "leaf_type": null, "addr:subdistrict": null, "covered": null, "education": null, "type": null }, "geometry": { "type": "Polygon", "coordinates": [ [ [ 126.9206195, 35.1839979 ], [ 126.9212793, 35.1836735 ], [ 126.9212364, 35.1836132 ], [ 126.9211747, 35.183645 ], [ 126.9211676, 35.1836362 ], [ 126.9209695, 35.1833918 ], [ 126.9203888, 35.1836691 ], [ 126.9206195, 35.1839979 ] ] ] } },
{ "type": "Feature", "properties": { "element": "way", "id": 712044755, "amenity": null, "name": "문산 어린이공원", "name:ko": null, "operator": null, "operator:type": null, "start_date": null, "website": null, "wikidata": null, "wikipedia": null, "leisure": "park", "sport": null, "indoor": null, "access": null, "addr:city": null, "addr:district": null, "addr:housenumber": null, "addr:postcode": null, "addr:street": null, "name:en": null, "surface": null, "addr:housename": null, "internet_access": null, "name:ja": null, "name:zh": null, "phone": null, "name:ko-Latn": null, "lit": null, "alt_name": null, "tourism": null, "parking": null, "landuse": null, "natural": null, "fixme": null, "area": null, "hoops": null, "leaf_cycle": null, "leaf_type": null, "addr:subdistrict": null, "covered": null, "education": null, "type": null }, "geometry": { "type": "Polygon", "coordinates": [ [ [ 126.9261333, 35.1867876 ], [ 126.9264559, 35.18663 ], [ 126.9261918, 35.1862691 ], [ 126.9258693, 35.1864267 ], [ 126.9261333, 35.1867876 ] ] ] } },
{ "type": "Feature", "properties": { "element": "way", "id": 712046462, "amenity": null, "name": "오정 어린이공원", "name:ko": null, "operator": null, "operator:type": null, "start_date": null, "website": null, "wikidata": null, "wikipedia": null, "leisure": "park", "sport": null, "indoor": null, "access": null, "addr:city": null, "addr:district": null, "addr:housenumber": null, "addr:postcode": null, "addr:street": null, "name:en": null, "surface": null, "addr:housename": null, "internet_access": null, "name:ja": null, "name:zh": null, "phone": null, "name:ko-Latn": null, "lit": null, "alt_name": null, "tourism": null, "parking": null, "landuse": null, "natural": null, "fixme": null, "area": null, "hoops": null, "leaf_cycle": null, "leaf_type": null, "addr:subdistrict": null, "covered": null, "education": null, "type": null }, "geometry": { "type": "Polygon", "coordinates": [ [ [ 126.9147227, 35.1881906 ], [ 126.9147741, 35.1882249 ], [ 126.915038, 35.1882182 ], [ 126.9150718, 35.1881848 ], [ 126.9150387, 35.1874572 ], [ 126.9149932, 35.1874178 ], [ 126.9146542, 35.1874203 ], [ 126.9146271, 35.1874465 ], [ 126.9147227, 35.1881906 ] ] ] } },
{ "type": "Feature", "properties": { "element": "way", "id": 712169888, "amenity": null, "name": "제일놀이터", "name:ko": null, "operator": null, "operator:type": null, "start_date": null, "website": null, "wikidata": null, "wikipedia": null, "leisure": "park", "sport": null, "indoor": null, "access": null, "addr:city": null, "addr:district": null, "addr:housenumber": null, "addr:postcode": null, "addr:street": null, "name:en": null, "surface": null, "addr:housename": null, "internet_access": null, "name:ja": null, "name:zh": null, "phone": null, "name:ko-Latn": null, "lit": null, "alt_name": null, "tourism": null, "parking": null, "landuse": null, "natural": null, "fixme": null, "area": null, "hoops": null, "leaf_cycle": null, "leaf_type": null, "addr:subdistrict": null, "covered": null, "education": null, "type": null }, "geometry": { "type": "Polygon", "coordinates": [ [ [ 126.9201216, 35.1836429 ], [ 126.9200768, 35.1835602 ], [ 126.9197094, 35.1836956 ], [ 126.9197581, 35.1837752 ], [ 126.9201216, 35.1836429 ] ] ] } },
{ "type": "Feature", "properties": { "element": "way", "id": 712169921, "amenity": null, "name": "어린이놀이터", "name:ko": null, "operator": null, "operator:type": null, "start_date": null, "website": null, "wikidata": null, "wikipedia": null, "leisure": "park", "sport": null, "indoor": null, "access": null, "addr:city": null, "addr:district": null, "addr:housenumber": null, "addr:postcode": null, "addr:street": null, "name:en": null, "surface": null, "addr:housename": null, "internet_access": null, "name:ja": null, "name:zh": null, "phone": null, "name:ko-Latn": null, "lit": null, "alt_name": null, "tourism": null, "parking": null, "landuse": null, "natural": null, "fixme": null, "area": null, "hoops": null, "leaf_cycle": null, "leaf_type": null, "addr:subdistrict": null, "covered": null, "education": null, "type": null }, "geometry": { "type": "Polygon", "coordinates": [ [ [ 126.9182858, 35.1833368 ], [ 126.9187213, 35.1832017 ], [ 126.9186494, 35.1830877 ], [ 126.9182197, 35.1831758 ], [ 126.9182858, 35.1833368 ] ] ] } },
{ "type": "Feature", "properties": { "element": "way", "id": 712169942, "amenity": null, "name": null, "name:ko": null, "operator": null, "operator:type": null, "start_date": null, "website": null, "wikidata": null, "wikipedia": null, "leisure": "pitch", "sport": "croquet", "indoor": null, "access": null, "addr:city": null, "addr:district": null, "addr:housenumber": null, "addr:postcode": null, "addr:street": null, "name:en": null, "surface": null, "addr:housename": null, "internet_access": null, "name:ja": null, "name:zh": null, "phone": null, "name:ko-Latn": null, "lit": null, "alt_name": null, "tourism": null, "parking": null, "landuse": null, "natural": null, "fixme": null, "area": null, "hoops": null, "leaf_cycle": null, "leaf_type": null, "addr:subdistrict": null, "covered": null, "education": null, "type": null }, "geometry": { "type": "Polygon", "coordinates": [ [ [ 126.9155005, 35.1835652 ], [ 126.9157413, 35.1835229 ], [ 126.9157615, 35.1835193 ], [ 126.9157184, 35.1833555 ], [ 126.9154574, 35.1834014 ], [ 126.9155005, 35.1835652 ] ] ] } },
{ "type": "Feature", "properties": { "element": "way", "id": 712169945, "amenity": null, "name": null, "name:ko": null, "operator": null, "operator:type": null, "start_date": null, "website": null, "wikidata": null, "wikipedia": null, "leisure": "pitch", "sport": "basketball", "indoor": null, "access": null, "addr:city": null, "addr:district": null, "addr:housenumber": null, "addr:postcode": null, "addr:street": null, "name:en": null, "surface": null, "addr:housename": null, "internet_access": null, "name:ja": null, "name:zh": null, "phone": null, "name:ko-Latn": null, "lit": null, "alt_name": null, "tourism": null, "parking": null, "landuse": null, "natural": null, "fixme": null, "area": null, "hoops": null, "leaf_cycle": null, "leaf_type": null, "addr:subdistrict": null, "covered": null, "education": null, "type": null }, "geometry": { "type": "Polygon", "coordinates": [ [ [ 126.9239414, 35.1889718 ], [ 126.9241354, 35.1888779 ], [ 126.9239125, 35.1885906 ], [ 126.9237183, 35.1886885 ], [ 126.9239414, 35.1889718 ] ] ] } },
{ "type": "Feature", "properties": { "element": "way", "id": 712169946, "amenity": null, "name": "어린이놀이터", "name:ko": null, "operator": null, "operator:type": null, "start_date": null, "website": null, "wikidata": null, "wikipedia": null, "leisure": "park", "sport": null, "indoor": null, "access": null, "addr:city": null, "addr:district": null, "addr:housenumber": null, "addr:postcode": null, "addr:street": null, "name:en": null, "surface": null, "addr:housename": null, "internet_access": null, "name:ja": null, "name:zh": null, "phone": null, "name:ko-Latn": null, "lit": null, "alt_name": null, "tourism": null, "parking": null, "landuse": null, "natural": null, "fixme": null, "area": null, "hoops": null, "leaf_cycle": null, "leaf_type": null, "addr:subdistrict": null, "covered": null, "education": null, "type": null }, "geometry": { "type": "Polygon", "coordinates": [ [ [ 126.9258512, 35.1900624 ], [ 126.9257489, 35.1899274 ], [ 126.9259357, 35.1898329 ], [ 126.926038, 35.1899679 ], [ 126.9258512, 35.1900624 ] ] ] } },
{ "type": "Feature", "properties": { "element": "way", "id": 712169949, "amenity": null, "name": "어린이놀이터", "name:ko": null, "operator": null, "operator:type": null, "start_date": null, "website": null, "wikidata": null, "wikipedia": null, "leisure": "park", "sport": null, "indoor": null, "access": null, "addr:city": null, "addr:district": null, "addr:housenumber": null, "addr:postcode": null, "addr:street": null, "name:en": null, "surface": null, "addr:housename": null, "internet_access": null, "name:ja": null, "name:zh": null, "phone": null, "name:ko-Latn": null, "lit": null, "alt_name": null, "tourism": null, "parking": null, "landuse": null, "natural": null, "fixme": null, "area": null, "hoops": null, "leaf_cycle": null, "leaf_type": null, "addr:subdistrict": null, "covered": null, "education": null, "type": null }, "geometry": { "type": "Polygon", "coordinates": [ [ [ 126.9230733, 35.1914922 ], [ 126.9230506, 35.1913565 ], [ 126.9232254, 35.191337 ], [ 126.9233217, 35.1913698 ], [ 126.9233372, 35.1914628 ], [ 126.9230733, 35.1914922 ] ] ] } },
{ "type": "Feature", "properties": { "element": "way", "id": 712187886, "amenity": null, "name": "느티나무 어린이공원", "name:ko": null, "operator": null, "operator:type": null, "start_date": null, "website": null, "wikidata": null, "wikipedia": null, "leisure": "park", "sport": null, "indoor": null, "access": null, "addr:city": null, "addr:district": null, "addr:housenumber": null, "addr:postcode": null, "addr:street": null, "name:en": null, "surface": null, "addr:housename": null, "internet_access": null, "name:ja": null, "name:zh": null, "phone": null, "name:ko-Latn": null, "lit": null, "alt_name": null, "tourism": null, "parking": null, "landuse": null, "natural": null, "fixme": null, "area": null, "hoops": null, "leaf_cycle": null, "leaf_type": null, "addr:subdistrict": null, "covered": null, "education": null, "type": null }, "geometry": { "type": "Polygon", "coordinates": [ [ [ 126.9242975, 35.184452 ], [ 126.9240739, 35.1842448 ], [ 126.9247931, 35.1836845 ], [ 126.9250323, 35.1839257 ], [ 126.9250105, 35.1839413 ], [ 126.9242975, 35.184452 ] ] ] } },
{ "type": "Feature", "properties": { "element": "way", "id": 712187911, "amenity": null, "name": "어린이놀이터", "name:ko": null, "operator": null, "operator:type": null, "start_date": null, "website": null, "wikidata": null, "wikipedia": null, "leisure": "park", "sport": null, "indoor": null, "access": null, "addr:city": null, "addr:district": null, "addr:housenumber": null, "addr:postcode": null, "addr:street": null, "name:en": null, "surface": null, "addr:housename": null, "internet_access": null, "name:ja": null, "name:zh": null, "phone": null, "name:ko-Latn": null, "lit": null, "alt_name": null, "tourism": null, "parking": null, "landuse": null, "natural": null, "fixme": null, "area": null, "hoops": null, "leaf_cycle": null, "leaf_type": null, "addr:subdistrict": null, "covered": null, "education": null, "type": null }, "geometry": { "type": "Polygon", "coordinates": [ [ [ 126.9234363, 35.1879853 ], [ 126.9236529, 35.1878801 ], [ 126.9237721, 35.1880442 ], [ 126.9235556, 35.1881493 ], [ 126.9234363, 35.1879853 ] ] ] } },
{ "type": "Feature", "properties": { "element": "way", "id": 712303798, "amenity": null, "name": null, "name:ko": null, "operator": null, "operator:type": null, "start_date": null, "website": null, "wikidata": null, "wikipedia": null, "leisure": "park", "sport": null, "indoor": null, "access": null, "addr:city": null, "addr:district": null, "addr:housenumber": null, "addr:postcode": null, "addr:street": null, "name:en": null, "surface": null, "addr:housename": null, "internet_access": null, "name:ja": null, "name:zh": null, "phone": null, "name:ko-Latn": null, "lit": null, "alt_name": null, "tourism": null, "parking": null, "landuse": null, "natural": null, "fixme": null, "area": null, "hoops": null, "leaf_cycle": null, "leaf_type": null, "addr:subdistrict": null, "covered": null, "education": null, "type": null }, "geometry": { "type": "Polygon", "coordinates": [ [ [ 126.9255163, 35.186246 ], [ 126.9253861, 35.186096 ], [ 126.9253863, 35.1861013 ], [ 126.9250524, 35.1863245 ], [ 126.9251551, 35.1864321 ], [ 126.9255163, 35.186246 ] ] ] } },
{ "type": "Feature", "properties": { "element": "way", "id": 712431943, "amenity": null, "name": null, "name:ko": null, "operator": null, "operator:type": null, "start_date": null, "website": null, "wikidata": null, "wikipedia": null, "leisure": "pitch", "sport": "tennis", "indoor": null, "access": null, "addr:city": null, "addr:district": null, "addr:housenumber": null, "addr:postcode": null, "addr:street": null, "name:en": null, "surface": null, "addr:housename": null, "internet_access": null, "name:ja": null, "name:zh": null, "phone": null, "name:ko-Latn": null, "lit": null, "alt_name": null, "tourism": null, "parking": null, "landuse": null, "natural": null, "fixme": null, "area": null, "hoops": null, "leaf_cycle": null, "leaf_type": null, "addr:subdistrict": null, "covered": null, "education": null, "type": null }, "geometry": { "type": "Polygon", "coordinates": [ [ [ 126.922656, 35.1833484 ], [ 126.9228557, 35.1832207 ], [ 126.9230149, 35.1833869 ], [ 126.9228152, 35.1835147 ], [ 126.922656, 35.1833484 ] ] ] } },
{ "type": "Feature", "properties": { "element": "way", "id": 712431944, "amenity": null, "name": null, "name:ko": null, "operator": null, "operator:type": null, "start_date": null, "website": null, "wikidata": null, "wikipedia": null, "leisure": "park", "sport": null, "indoor": null, "access": null, "addr:city": null, "addr:district": null, "addr:housenumber": null, "addr:postcode": null, "addr:street": null, "name:en": null, "surface": null, "addr:housename": null, "internet_access": null, "name:ja": null, "name:zh": null, "phone": null, "name:ko-Latn": null, "lit": null, "alt_name": null, "tourism": null, "parking": null, "landuse": null, "natural": null, "fixme": null, "area": null, "hoops": null, "leaf_cycle": null, "leaf_type": null, "addr:subdistrict": null, "covered": null, "education": null, "type": null }, "geometry": { "type": "Polygon", "coordinates": [ [ [ 126.9231874, 35.1830226 ], [ 126.9234735, 35.182836 ], [ 126.9235814, 35.1829466 ], [ 126.9232952, 35.1831332 ], [ 126.9231874, 35.1830226 ] ] ] } },
{ "type": "Feature", "properties": { "element": "way", "id": 712431949, "amenity": null, "name": null, "name:ko": null, "operator": null, "operator:type": null, "start_date": null, "website": null, "wikidata": null, "wikipedia": null, "leisure": "park", "sport": null, "indoor": null, "access": null, "addr:city": null, "addr:district": null, "addr:housenumber": null, "addr:postcode": null, "addr:street": null, "name:en": null, "surface": null, "addr:housename": null, "internet_access": null, "name:ja": null, "name:zh": null, "phone": null, "name:ko-Latn": null, "lit": null, "alt_name": null, "tourism": null, "parking": null, "landuse": null, "natural": null, "fixme": null, "area": null, "hoops": null, "leaf_cycle": null, "leaf_type": null, "addr:subdistrict": null, "covered": null, "education": null, "type": null }, "geometry": { "type": "Polygon", "coordinates": [ [ [ 126.9200066, 35.1826224 ], [ 126.9199376, 35.1825155 ], [ 126.9201115, 35.1824426 ], [ 126.9201791, 35.1825495 ], [ 126.9200066, 35.1826224 ] ] ] } },
{ "type": "Feature", "properties": { "element": "way", "id": 712431964, "amenity": null, "name": null, "name:ko": null, "operator": null, "operator:type": null, "start_date": null, "website": null, "wikidata": null, "wikipedia": null, "leisure": "park", "sport": null, "indoor": null, "access": null, "addr:city": null, "addr:district": null, "addr:housenumber": null, "addr:postcode": null, "addr:street": null, "name:en": null, "surface": null, "addr:housename": null, "internet_access": null, "name:ja": null, "name:zh": null, "phone": null, "name:ko-Latn": null, "lit": null, "alt_name": null, "tourism": null, "parking": null, "landuse": null, "natural": null, "fixme": null, "area": null, "hoops": null, "leaf_cycle": null, "leaf_type": null, "addr:subdistrict": null, "covered": null, "education": null, "type": null }, "geometry": { "type": "Polygon", "coordinates": [ [ [ 126.9261047, 35.1859226 ], [ 126.9260046, 35.1858047 ], [ 126.9261692, 35.1857093 ], [ 126.9262623, 35.1858349 ], [ 126.9261047, 35.1859226 ] ] ] } },
{ "type": "Feature", "properties": { "element": "way", "id": 712431968, "amenity": null, "name": null, "name:ko": null, "operator": null, "operator:type": null, "start_date": null, "website": null, "wikidata": null, "wikipedia": null, "leisure": "pitch", "sport": "tennis", "indoor": null, "access": null, "addr:city": null, "addr:district": null, "addr:housenumber": null, "addr:postcode": null, "addr:street": null, "name:en": null, "surface": null, "addr:housename": null, "internet_access": null, "name:ja": null, "name:zh": null, "phone": null, "name:ko-Latn": null, "lit": null, "alt_name": null, "tourism": null, "parking": null, "landuse": null, "natural": null, "fixme": null, "area": null, "hoops": null, "leaf_cycle": null, "leaf_type": null, "addr:subdistrict": null, "covered": null, "education": null, "type": null }, "geometry": { "type": "Polygon", "coordinates": [ [ [ 126.9213547, 35.1851458 ], [ 126.9213193, 35.1850992 ], [ 126.9214448, 35.1850369 ], [ 126.9214772, 35.1850853 ], [ 126.9213547, 35.1851458 ] ] ] } },
{ "type": "Feature", "properties": { "element": "way", "id": 712431969, "amenity": null, "name": null, "name:ko": null, "operator": null, "operator:type": null, "start_date": null, "website": null, "wikidata": null, "wikipedia": null, "leisure": "pitch", "sport": "tennis", "indoor": null, "access": null, "addr:city": null, "addr:district": null, "addr:housenumber": null, "addr:postcode": null, "addr:street": null, "name:en": null, "surface": null, "addr:housename": null, "internet_access": null, "name:ja": null, "name:zh": null, "phone": null, "name:ko-Latn": null, "lit": null, "alt_name": null, "tourism": null, "parking": null, "landuse": null, "natural": null, "fixme": null, "area": null, "hoops": null, "leaf_cycle": null, "leaf_type": null, "addr:subdistrict": null, "covered": null, "education": null, "type": null }, "geometry": { "type": "Polygon", "coordinates": [ [ [ 126.921307, 35.1850841 ], [ 126.9212715, 35.1850362 ], [ 126.9213932, 35.1849733 ], [ 126.9214287, 35.1850224 ], [ 126.921307, 35.1850841 ] ] ] } },
{ "type": "Feature", "properties": { "element": "way", "id": 712432010, "amenity": null, "name": null, "name:ko": null, "operator": null, "operator:type": null, "start_date": null, "website": null, "wikidata": null, "wikipedia": null, "leisure": "pitch", "sport": "tennis", "indoor": null, "access": null, "addr:city": null, "addr:district": null, "addr:housenumber": null, "addr:postcode": null, "addr:street": null, "name:en": null, "surface": null, "addr:housename": null, "internet_access": null, "name:ja": null, "name:zh": null, "phone": null, "name:ko-Latn": null, "lit": null, "alt_name": null, "tourism": null, "parking": null, "landuse": null, "natural": null, "fixme": null, "area": null, "hoops": null, "leaf_cycle": null, "leaf_type": null, "addr:subdistrict": null, "covered": null, "education": null, "type": null }, "geometry": { "type": "Polygon", "coordinates": [ [ [ 126.9217505, 35.1861913 ], [ 126.9218924, 35.1861205 ], [ 126.9219359, 35.1861803 ], [ 126.9217941, 35.1862503 ], [ 126.9217505, 35.1861913 ] ] ] } },
{ "type": "Feature", "properties": { "element": "way", "id": 714992781, "amenity": null, "name": null, "name:ko": null, "operator": null, "operator:type": null, "start_date": null, "website": null, "wikidata": null, "wikipedia": null, "leisure": "pitch", "sport": "jokgu", "indoor": null, "access": null, "addr:city": null, "addr:district": null, "addr:housenumber": null, "addr:postcode": null, "addr:street": null, "name:en": null, "surface": null, "addr:housename": null, "internet_access": null, "name:ja": null, "name:zh": null, "phone": null, "name:ko-Latn": null, "lit": null, "alt_name": null, "tourism": null, "parking": null, "landuse": null, "natural": null, "fixme": null, "area": null, "hoops": null, "leaf_cycle": null, "leaf_type": null, "addr:subdistrict": null, "covered": null, "education": null, "type": null }, "geometry": { "type": "Polygon", "coordinates": [ [ [ 126.9133202, 35.1848158 ], [ 126.9133492, 35.1847826 ], [ 126.9133749, 35.1847532 ], [ 126.9135091, 35.1845994 ], [ 126.9133318, 35.1844961 ], [ 126.9131429, 35.1847125 ], [ 126.9132428, 35.1847707 ], [ 126.9133202, 35.1848158 ] ] ] } },
{ "type": "Feature", "properties": { "element": "way", "id": 715038572, "amenity": null, "name": null, "name:ko": null, "operator": null, "operator:type": null, "start_date": null, "website": null, "wikidata": null, "wikipedia": null, "leisure": "pitch", "sport": null, "indoor": null, "access": null, "addr:city": null, "addr:district": null, "addr:housenumber": null, "addr:postcode": null, "addr:street": null, "name:en": null, "surface": null, "addr:housename": null, "internet_access": null, "name:ja": null, "name:zh": null, "phone": null, "name:ko-Latn": null, "lit": null, "alt_name": null, "tourism": null, "parking": null, "landuse": null, "natural": null, "fixme": null, "area": null, "hoops": null, "leaf_cycle": null, "leaf_type": null, "addr:subdistrict": null, "covered": null, "education": null, "type": null }, "geometry": { "type": "Polygon", "coordinates": [ [ [ 126.8660674, 35.1757585 ], [ 126.8666924, 35.175673 ], [ 126.8667594, 35.1757081 ], [ 126.8667889, 35.1759975 ], [ 126.8661157, 35.1760786 ], [ 126.8660674, 35.1757585 ] ] ] } },
{ "type": "Feature", "properties": { "element": "way", "id": 717908477, "amenity": null, "name": null, "name:ko": null, "operator": null, "operator:type": null, "start_date": null, "website": null, "wikidata": null, "wikipedia": null, "leisure": "park", "sport": null, "indoor": null, "access": null, "addr:city": null, "addr:district": null, "addr:housenumber": null, "addr:postcode": null, "addr:street": null, "name:en": null, "surface": null, "addr:housename": null, "internet_access": null, "name:ja": null, "name:zh": null, "phone": null, "name:ko-Latn": null, "lit": null, "alt_name": null, "tourism": null, "parking": null, "landuse": null, "natural": null, "fixme": null, "area": null, "hoops": null, "leaf_cycle": null, "leaf_type": null, "addr:subdistrict": null, "covered": null, "education": null, "type": null }, "geometry": { "type": "Polygon", "coordinates": [ [ [ 126.9197856, 35.1852328 ], [ 126.9198907, 35.1854495 ], [ 126.9193476, 35.1853916 ], [ 126.9197856, 35.1852328 ] ] ] } },
{ "type": "Feature", "properties": { "element": "way", "id": 725065614, "amenity": null, "name": null, "name:ko": null, "operator": null, "operator:type": null, "start_date": null, "website": null, "wikidata": null, "wikipedia": null, "leisure": "pitch", "sport": null, "indoor": null, "access": null, "addr:city": null, "addr:district": null, "addr:housenumber": null, "addr:postcode": null, "addr:street": null, "name:en": null, "surface": "sand", "addr:housename": null, "internet_access": null, "name:ja": null, "name:zh": null, "phone": null, "name:ko-Latn": null, "lit": null, "alt_name": null, "tourism": null, "parking": null, "landuse": null, "natural": null, "fixme": null, "area": null, "hoops": null, "leaf_cycle": null, "leaf_type": null, "addr:subdistrict": null, "covered": null, "education": null, "type": null }, "geometry": { "type": "Polygon", "coordinates": [ [ [ 126.8746492, 35.1835375 ], [ 126.8741437, 35.1831196 ], [ 126.8745432, 35.1827967 ], [ 126.8746424, 35.1828226 ], [ 126.8751426, 35.1832515 ], [ 126.8747648, 35.1835458 ], [ 126.8746492, 35.1835375 ] ] ] } },
{ "type": "Feature", "properties": { "element": "way", "id": 725065615, "amenity": null, "name": null, "name:ko": null, "operator": null, "operator:type": null, "start_date": null, "website": null, "wikidata": null, "wikipedia": null, "leisure": "pitch", "sport": null, "indoor": null, "access": null, "addr:city": null, "addr:district": null, "addr:housenumber": null, "addr:postcode": null, "addr:street": null, "name:en": null, "surface": "sand", "addr:housename": null, "internet_access": null, "name:ja": null, "name:zh": null, "phone": null, "name:ko-Latn": null, "lit": null, "alt_name": null, "tourism": null, "parking": null, "landuse": null, "natural": null, "fixme": null, "area": null, "hoops": null, "leaf_cycle": null, "leaf_type": null, "addr:subdistrict": null, "covered": null, "education": null, "type": null }, "geometry": { "type": "Polygon", "coordinates": [ [ [ 126.8732946, 35.1841887 ], [ 126.8733537, 35.1843542 ], [ 126.8736071, 35.1845963 ], [ 126.8743177, 35.1840802 ], [ 126.8739594, 35.1837317 ], [ 126.8732946, 35.1841887 ] ] ] } },
{ "type": "Feature", "properties": { "element": "way", "id": 727815628, "amenity": null, "name": "송정어린이공원", "name:ko": null, "operator": null, "operator:type": null, "start_date": null, "website": null, "wikidata": null, "wikipedia": null, "leisure": "park", "sport": null, "indoor": null, "access": null, "addr:city": null, "addr:district": null, "addr:housenumber": null, "addr:postcode": null, "addr:street": null, "name:en": null, "surface": null, "addr:housename": null, "internet_access": null, "name:ja": null, "name:zh": null, "phone": null, "name:ko-Latn": null, "lit": null, "alt_name": null, "tourism": null, "parking": null, "landuse": null, "natural": null, "fixme": null, "area": null, "hoops": null, "leaf_cycle": null, "leaf_type": null, "addr:subdistrict": null, "covered": null, "education": null, "type": null }, "geometry": { "type": "Polygon", "coordinates": [ [ [ 126.9213422, 35.1909745 ], [ 126.921124, 35.1906641 ], [ 126.921752, 35.1905842 ], [ 126.9220003, 35.1909193 ], [ 126.9213422, 35.1909745 ] ] ] } },
{ "type": "Feature", "properties": { "element": "way", "id": 739046189, "amenity": null, "name": null, "name:ko": null, "operator": null, "operator:type": null, "start_date": null, "website": null, "wikidata": null, "wikipedia": null, "leisure": "park", "sport": null, "indoor": null, "access": null, "addr:city": null, "addr:district": null, "addr:housenumber": null, "addr:postcode": null, "addr:street": null, "name:en": null, "surface": null, "addr:housename": null, "internet_access": null, "name:ja": null, "name:zh": null, "phone": null, "name:ko-Latn": null, "lit": null, "alt_name": null, "tourism": null, "parking": null, "landuse": null, "natural": null, "fixme": null, "area": null, "hoops": null, "leaf_cycle": null, "leaf_type": null, "addr:subdistrict": null, "covered": null, "education": null, "type": null }, "geometry": { "type": "Polygon", "coordinates": [ [ [ 126.8709071, 35.2107752 ], [ 126.8708964, 35.2105073 ], [ 126.8710694, 35.210508 ], [ 126.8711278, 35.2105083 ], [ 126.8714063, 35.2105078 ], [ 126.8716957, 35.2105073 ], [ 126.8717367, 35.2105608 ], [ 126.8717989, 35.2105621 ], [ 126.871809, 35.2106036 ], [ 126.87184, 35.210607 ], [ 126.8718702, 35.2107157 ], [ 126.8717545, 35.2107462 ], [ 126.8716259, 35.2107768 ], [ 126.8714865, 35.2107922 ], [ 126.871229, 35.2108185 ], [ 126.871009, 35.2108382 ], [ 126.8709404, 35.2108135 ], [ 126.8709071, 35.2107752 ] ] ] } },
{ "type": "Feature", "properties": { "element": "way", "id": 740279590, "amenity": null, "name": null, "name:ko": null, "operator": null, "operator:type": null, "start_date": null, "website": null, "wikidata": null, "wikipedia": null, "leisure": "pitch", "sport": "baseball", "indoor": null, "access": null, "addr:city": null, "addr:district": null, "addr:housenumber": null, "addr:postcode": null, "addr:street": null, "name:en": null, "surface": null, "addr:housename": null, "internet_access": null, "name:ja": null, "name:zh": null, "phone": null, "name:ko-Latn": null, "lit": null, "alt_name": null, "tourism": null, "parking": null, "landuse": null, "natural": null, "fixme": null, "area": null, "hoops": null, "leaf_cycle": null, "leaf_type": null, "addr:subdistrict": null, "covered": null, "education": null, "type": null }, "geometry": { "type": "Polygon", "coordinates": [ [ [ 126.8608268, 35.2161874 ], [ 126.8614825, 35.2165938 ], [ 126.8615115, 35.2167027 ], [ 126.8612044, 35.2172509 ], [ 126.8609006, 35.2172833 ], [ 126.8605569, 35.2171688 ], [ 126.8604354, 35.2170741 ], [ 126.8603277, 35.2169318 ], [ 126.8602972, 35.2168498 ], [ 126.8603016, 35.2167148 ], [ 126.8603203, 35.2165215 ], [ 126.8603584, 35.2164047 ], [ 126.8606475, 35.2161941 ], [ 126.8608268, 35.2161874 ] ] ] } },
{ "type": "Feature", "properties": { "element": "way", "id": 787981600, "amenity": null, "name": "첨단 근린 공원", "name:ko": null, "operator": null, "operator:type": null, "start_date": null, "website": null, "wikidata": null, "wikipedia": null, "leisure": "park", "sport": null, "indoor": null, "access": null, "addr:city": null, "addr:district": null, "addr:housenumber": null, "addr:postcode": null, "addr:street": null, "name:en": null, "surface": null, "addr:housename": null, "internet_access": null, "name:ja": null, "name:zh": null, "phone": null, "name:ko-Latn": null, "lit": null, "alt_name": null, "tourism": null, "parking": null, "landuse": null, "natural": null, "fixme": null, "area": null, "hoops": null, "leaf_cycle": null, "leaf_type": null, "addr:subdistrict": null, "covered": null, "education": null, "type": null }, "geometry": { "type": "Polygon", "coordinates": [ [ [ 126.8534904, 35.2195221 ], [ 126.8575126, 35.2194842 ], [ 126.8579919, 35.2194795 ], [ 126.8582172, 35.2197032 ], [ 126.8588646, 35.2203459 ], [ 126.8591268, 35.2206181 ], [ 126.8591174, 35.2206948 ], [ 126.8585542, 35.2210826 ], [ 126.8583409, 35.2212185 ], [ 126.8581183, 35.2213532 ], [ 126.8577763, 35.2214957 ], [ 126.8573365, 35.2216469 ], [ 126.8570428, 35.2217093 ], [ 126.8566324, 35.221763 ], [ 126.8564473, 35.2217685 ], [ 126.8562156, 35.2217697 ], [ 126.8561214, 35.221774 ], [ 126.8535908, 35.2217931 ], [ 126.85351, 35.2217323 ], [ 126.8534904, 35.2195221 ] ] ] } },
{ "type": "Feature", "properties": { "element": "way", "id": 788173973, "amenity": null, "name": "광주어린이교통공원", "name:ko": "광주어린이교통공원", "operator": null, "operator:type": null, "start_date": null, "website": null, "wikidata": null, "wikipedia": null, "leisure": "park", "sport": null, "indoor": null, "access": null, "addr:city": null, "addr:district": null, "addr:housenumber": null, "addr:postcode": null, "addr:street": null, "name:en": null, "surface": null, "addr:housename": null, "internet_access": null, "name:ja": null, "name:zh": null, "phone": null, "name:ko-Latn": null, "lit": null, "alt_name": null, "tourism": null, "parking": null, "landuse": null, "natural": null, "fixme": null, "area": null, "hoops": null, "leaf_cycle": null, "leaf_type": null, "addr:subdistrict": null, "covered": null, "education": null, "type": null }, "geometry": { "type": "Polygon", "coordinates": [ [ [ 126.8534904, 35.2195221 ], [ 126.8575126, 35.2194842 ], [ 126.8579919, 35.2194795 ], [ 126.8563582, 35.2178362 ], [ 126.8562228, 35.217794 ], [ 126.8555665, 35.2179148 ], [ 126.8551968, 35.2179619 ], [ 126.8535801, 35.2179705 ], [ 126.8534877, 35.2180435 ], [ 126.8534904, 35.2195221 ] ] ] } },
{ "type": "Feature", "properties": { "element": "way", "id": 795256548, "amenity": null, "name": null, "name:ko": null, "operator": null, "operator:type": null, "start_date": null, "website": null, "wikidata": null, "wikipedia": null, "leisure": "park", "sport": null, "indoor": null, "access": null, "addr:city": null, "addr:district": null, "addr:housenumber": null, "addr:postcode": null, "addr:street": null, "name:en": null, "surface": null, "addr:housename": null, "internet_access": null, "name:ja": null, "name:zh": null, "phone": null, "name:ko-Latn": null, "lit": null, "alt_name": null, "tourism": null, "parking": null, "landuse": null, "natural": null, "fixme": null, "area": null, "hoops": null, "leaf_cycle": null, "leaf_type": null, "addr:subdistrict": null, "covered": null, "education": null, "type": null }, "geometry": { "type": "Polygon", "coordinates": [ [ [ 126.9289105, 35.1844643 ], [ 126.9292427, 35.1843965 ], [ 126.9292262, 35.1843425 ], [ 126.9291517, 35.1843578 ], [ 126.9291322, 35.1843452 ], [ 126.9290909, 35.1842022 ], [ 126.9290455, 35.184211 ], [ 126.9290132, 35.1842378 ], [ 126.9288956, 35.1844433 ], [ 126.9289105, 35.1844643 ] ] ] } },
{ "type": "Feature", "properties": { "element": "way", "id": 795256550, "amenity": null, "name": null, "name:ko": null, "operator": null, "operator:type": null, "start_date": null, "website": null, "wikidata": null, "wikipedia": null, "leisure": "park", "sport": null, "indoor": null, "access": null, "addr:city": null, "addr:district": null, "addr:housenumber": null, "addr:postcode": null, "addr:street": null, "name:en": null, "surface": null, "addr:housename": null, "internet_access": null, "name:ja": null, "name:zh": null, "phone": null, "name:ko-Latn": null, "lit": null, "alt_name": null, "tourism": null, "parking": null, "landuse": null, "natural": null, "fixme": null, "area": null, "hoops": null, "leaf_cycle": null, "leaf_type": null, "addr:subdistrict": null, "covered": null, "education": null, "type": null }, "geometry": { "type": "Polygon", "coordinates": [ [ [ 126.9296099, 35.1845878 ], [ 126.9295813, 35.1845689 ], [ 126.9295754, 35.184531 ], [ 126.9295996, 35.184515 ], [ 126.9297114, 35.1844884 ], [ 126.9297412, 35.184502 ], [ 126.9297829, 35.1845061 ], [ 126.9297984, 35.1844928 ], [ 126.9298235, 35.184496 ], [ 126.9298734, 35.1845202 ], [ 126.9298765, 35.18454 ], [ 126.9298693, 35.1845534 ], [ 126.9296831, 35.184597 ], [ 126.9296692, 35.18458 ], [ 126.9296446, 35.18458 ], [ 126.9296099, 35.1845878 ] ] ] } },
{ "type": "Feature", "properties": { "element": "way", "id": 795256552, "amenity": null, "name": null, "name:ko": null, "operator": null, "operator:type": null, "start_date": null, "website": null, "wikidata": null, "wikipedia": null, "leisure": "park", "sport": null, "indoor": null, "access": null, "addr:city": null, "addr:district": null, "addr:housenumber": null, "addr:postcode": null, "addr:street": null, "name:en": null, "surface": null, "addr:housename": null, "internet_access": null, "name:ja": null, "name:zh": null, "phone": null, "name:ko-Latn": null, "lit": null, "alt_name": null, "tourism": null, "parking": null, "landuse": null, "natural": null, "fixme": null, "area": null, "hoops": null, "leaf_cycle": null, "leaf_type": null, "addr:subdistrict": null, "covered": null, "education": null, "type": null }, "geometry": { "type": "Polygon", "coordinates": [ [ [ 126.9300696, 35.1830818 ], [ 126.9300458, 35.1830254 ], [ 126.9300797, 35.1830152 ], [ 126.9301323, 35.1829844 ], [ 126.9302125, 35.1829025 ], [ 126.9302276, 35.1829219 ], [ 126.9302852, 35.1829137 ], [ 126.9303203, 35.182923 ], [ 126.9303554, 35.1830039 ], [ 126.9300696, 35.1830818 ] ] ] } },
{ "type": "Feature", "properties": { "element": "way", "id": 795256553, "amenity": null, "name": null, "name:ko": null, "operator": null, "operator:type": null, "start_date": null, "website": null, "wikidata": null, "wikipedia": null, "leisure": "pitch", "sport": "tennis", "indoor": null, "access": null, "addr:city": null, "addr:district": null, "addr:housenumber": null, "addr:postcode": null, "addr:street": null, "name:en": null, "surface": null, "addr:housename": null, "internet_access": null, "name:ja": null, "name:zh": null, "phone": null, "name:ko-Latn": null, "lit": null, "alt_name": null, "tourism": null, "parking": null, "landuse": null, "natural": null, "fixme": null, "area": null, "hoops": null, "leaf_cycle": null, "leaf_type": null, "addr:subdistrict": null, "covered": null, "education": null, "type": null }, "geometry": { "type": "Polygon", "coordinates": [ [ [ 126.9302063, 35.1831893 ], [ 126.9302359, 35.1832594 ], [ 126.930391, 35.1832156 ], [ 126.9303614, 35.1831456 ], [ 126.9302063, 35.1831893 ] ] ] } },
{ "type": "Feature", "properties": { "element": "way", "id": 843407826, "amenity": null, "name": null, "name:ko": null, "operator": null, "operator:type": null, "start_date": null, "website": null, "wikidata": null, "wikipedia": null, "leisure": "pitch", "sport": "basketball", "indoor": null, "access": null, "addr:city": null, "addr:district": null, "addr:housenumber": null, "addr:postcode": null, "addr:street": null, "name:en": null, "surface": null, "addr:housename": null, "internet_access": null, "name:ja": null, "name:zh": null, "phone": null, "name:ko-Latn": null, "lit": null, "alt_name": null, "tourism": null, "parking": null, "landuse": null, "natural": null, "fixme": null, "area": null, "hoops": null, "leaf_cycle": null, "leaf_type": null, "addr:subdistrict": null, "covered": null, "education": null, "type": null }, "geometry": { "type": "Polygon", "coordinates": [ [ [ 126.8648381, 35.2108448 ], [ 126.864838, 35.2108152 ], [ 126.8648374, 35.2106882 ], [ 126.8650332, 35.2106876 ], [ 126.8650338, 35.2108443 ], [ 126.8648381, 35.2108448 ] ] ] } },
{ "type": "Feature", "properties": { "element": "way", "id": 869974862, "amenity": null, "name": null, "name:ko": null, "operator": null, "operator:type": null, "start_date": null, "website": null, "wikidata": null, "wikipedia": null, "leisure": "park", "sport": null, "indoor": null, "access": null, "addr:city": null, "addr:district": null, "addr:housenumber": null, "addr:postcode": null, "addr:street": null, "name:en": null, "surface": null, "addr:housename": null, "internet_access": null, "name:ja": null, "name:zh": null, "phone": null, "name:ko-Latn": null, "lit": null, "alt_name": null, "tourism": null, "parking": null, "landuse": null, "natural": null, "fixme": null, "area": null, "hoops": null, "leaf_cycle": null, "leaf_type": null, "addr:subdistrict": null, "covered": null, "education": null, "type": null }, "geometry": { "type": "Polygon", "coordinates": [ [ [ 126.9078308, 35.160376 ], [ 126.9076638, 35.1600185 ], [ 126.9080122, 35.1599098 ], [ 126.9081792, 35.1602672 ], [ 126.9078308, 35.160376 ] ] ] } },
{ "type": "Feature", "properties": { "element": "way", "id": 880661554, "amenity": null, "name": "상오치어린이공원", "name:ko": null, "operator": "광주광역시 북구", "operator:type": null, "start_date": null, "website": null, "wikidata": null, "wikipedia": null, "leisure": "park", "sport": null, "indoor": null, "access": null, "addr:city": null, "addr:district": null, "addr:housenumber": null, "addr:postcode": null, "addr:street": null, "name:en": null, "surface": null, "addr:housename": null, "internet_access": null, "name:ja": null, "name:zh": null, "phone": null, "name:ko-Latn": null, "lit": null, "alt_name": null, "tourism": null, "parking": null, "landuse": null, "natural": null, "fixme": null, "area": null, "hoops": null, "leaf_cycle": null, "leaf_type": null, "addr:subdistrict": null, "covered": null, "education": null, "type": null }, "geometry": { "type": "Polygon", "coordinates": [ [ [ 126.9104515, 35.1886233 ], [ 126.9099799, 35.1882911 ], [ 126.9107198, 35.1882678 ], [ 126.9105694, 35.1884705 ], [ 126.9104515, 35.1886233 ] ] ] } },
{ "type": "Feature", "properties": { "element": "way", "id": 888780978, "amenity": null, "name": "광주시립테니스장", "name:ko": null, "operator": null, "operator:type": null, "start_date": null, "website": null, "wikidata": null, "wikipedia": null, "leisure": "pitch", "sport": "tennis", "indoor": null, "access": null, "addr:city": null, "addr:district": null, "addr:housenumber": null, "addr:postcode": null, "addr:street": null, "name:en": null, "surface": "sand", "addr:housename": null, "internet_access": null, "name:ja": null, "name:zh": null, "phone": null, "name:ko-Latn": null, "lit": "yes", "alt_name": null, "tourism": null, "parking": null, "landuse": null, "natural": null, "fixme": null, "area": null, "hoops": null, "leaf_cycle": null, "leaf_type": null, "addr:subdistrict": null, "covered": null, "education": null, "type": null }, "geometry": { "type": "Polygon", "coordinates": [ [ [ 126.8581625, 35.2208169 ], [ 126.8581656, 35.2204537 ], [ 126.8582559, 35.2204542 ], [ 126.8587053, 35.2204568 ], [ 126.8587392, 35.220457 ], [ 126.8587361, 35.2208202 ], [ 126.8581625, 35.2208169 ] ] ] } },
{ "type": "Feature", "properties": { "element": "way", "id": 888780979, "amenity": null, "name": null, "name:ko": null, "operator": null, "operator:type": null, "start_date": null, "website": null, "wikidata": null, "wikipedia": null, "leisure": "pitch", "sport": "soccer", "indoor": null, "access": null, "addr:city": null, "addr:district": null, "addr:housenumber": null, "addr:postcode": null, "addr:street": null, "name:en": null, "surface": null, "addr:housename": null, "internet_access": null, "name:ja": null, "name:zh": null, "phone": null, "name:ko-Latn": null, "lit": null, "alt_name": null, "tourism": null, "parking": null, "landuse": null, "natural": null, "fixme": null, "area": null, "hoops": null, "leaf_cycle": null, "leaf_type": null, "addr:subdistrict": null, "covered": null, "education": null, "type": null }, "geometry": { "type": "Polygon", "coordinates": [ [ [ 126.8568971, 35.2210407 ], [ 126.8569055, 35.2201157 ], [ 126.8576536, 35.2201203 ], [ 126.857645, 35.2210453 ], [ 126.8568971, 35.2210407 ] ] ] } },
{ "type": "Feature", "properties": { "element": "way", "id": 888780980, "amenity": null, "name": null, "name:ko": null, "operator": null, "operator:type": null, "start_date": null, "website": null, "wikidata": null, "wikipedia": null, "leisure": "pitch", "sport": "baseball", "indoor": null, "access": null, "addr:city": null, "addr:district": null, "addr:housenumber": null, "addr:postcode": null, "addr:street": null, "name:en": null, "surface": null, "addr:housename": null, "internet_access": null, "name:ja": null, "name:zh": null, "phone": null, "name:ko-Latn": null, "lit": null, "alt_name": null, "tourism": null, "parking": null, "landuse": null, "natural": null, "fixme": null, "area": null, "hoops": null, "leaf_cycle": null, "leaf_type": null, "addr:subdistrict": null, "covered": null, "education": null, "type": null }, "geometry": { "type": "Polygon", "coordinates": [ [ [ 126.8559381, 35.2211869 ], [ 126.8560102, 35.2211497 ], [ 126.855994, 35.2204262 ], [ 126.8559345, 35.220397 ], [ 126.8557701, 35.2203402 ], [ 126.85559, 35.2203168 ], [ 126.8554103, 35.2203423 ], [ 126.8552505, 35.2204141 ], [ 126.8551278, 35.2205243 ], [ 126.8550555, 35.2206612 ], [ 126.8550415, 35.2208097 ], [ 126.8550549, 35.2209328 ], [ 126.855097, 35.2209908 ], [ 126.8559381, 35.2211869 ] ] ] } },
{ "type": "Feature", "properties": { "element": "way", "id": 889213529, "amenity": null, "name": null, "name:ko": null, "operator": null, "operator:type": null, "start_date": null, "website": null, "wikidata": null, "wikipedia": null, "leisure": "pitch", "sport": "soccer", "indoor": null, "access": null, "addr:city": null, "addr:district": null, "addr:housenumber": null, "addr:postcode": null, "addr:street": null, "name:en": null, "surface": null, "addr:housename": null, "internet_access": null, "name:ja": null, "name:zh": null, "phone": null, "name:ko-Latn": null, "lit": null, "alt_name": null, "tourism": null, "parking": null, "landuse": null, "natural": null, "fixme": null, "area": null, "hoops": null, "leaf_cycle": null, "leaf_type": null, "addr:subdistrict": null, "covered": null, "education": null, "type": null }, "geometry": { "type": "Polygon", "coordinates": [ [ [ 126.8361723, 35.2270211 ], [ 126.8362612, 35.2268176 ], [ 126.8365489, 35.2269029 ], [ 126.8364433, 35.2271402 ], [ 126.8361587, 35.2270556 ], [ 126.8361723, 35.2270211 ] ] ] } },
{ "type": "Feature", "properties": { "element": "way", "id": 892585129, "amenity": null, "name": null, "name:ko": null, "operator": null, "operator:type": null, "start_date": null, "website": null, "wikidata": null, "wikipedia": null, "leisure": "park", "sport": null, "indoor": null, "access": null, "addr:city": null, "addr:district": null, "addr:housenumber": null, "addr:postcode": null, "addr:street": null, "name:en": null, "surface": null, "addr:housename": null, "internet_access": null, "name:ja": null, "name:zh": null, "phone": null, "name:ko-Latn": null, "lit": null, "alt_name": null, "tourism": null, "parking": null, "landuse": null, "natural": null, "fixme": null, "area": null, "hoops": null, "leaf_cycle": null, "leaf_type": null, "addr:subdistrict": null, "covered": null, "education": null, "type": null }, "geometry": { "type": "Polygon", "coordinates": [ [ [ 126.8752361, 35.1800341 ], [ 126.8753018, 35.179991 ], [ 126.8751822, 35.1798974 ], [ 126.8752331, 35.1798537 ], [ 126.8753578, 35.1799452 ], [ 126.8754749, 35.179862 ], [ 126.875564, 35.1799431 ], [ 126.8756683, 35.179966 ], [ 126.8757778, 35.1800014 ], [ 126.8759534, 35.1799452 ], [ 126.8760552, 35.1798682 ], [ 126.8761595, 35.1799265 ], [ 126.8761595, 35.1801054 ], [ 126.8760959, 35.1804091 ], [ 126.8759636, 35.1805547 ], [ 126.8755436, 35.180898 ], [ 126.8751059, 35.1805526 ], [ 126.8751237, 35.1804843 ], [ 126.8753375, 35.1803005 ], [ 126.8754037, 35.180352 ], [ 126.875507, 35.1802633 ], [ 126.8753789, 35.1801637 ], [ 126.8753224, 35.1802122 ], [ 126.8752595, 35.1801632 ], [ 126.8753273, 35.180105 ], [ 126.8752361, 35.1800341 ] ] ] } },
{ "type": "Feature", "properties": { "element": "way", "id": 893243836, "amenity": null, "name": null, "name:ko": null, "operator": null, "operator:type": null, "start_date": null, "website": null, "wikidata": null, "wikipedia": null, "leisure": "park", "sport": null, "indoor": null, "access": null, "addr:city": null, "addr:district": null, "addr:housenumber": null, "addr:postcode": null, "addr:street": null, "name:en": null, "surface": null, "addr:housename": null, "internet_access": null, "name:ja": null, "name:zh": null, "phone": null, "name:ko-Latn": null, "lit": null, "alt_name": null, "tourism": null, "parking": null, "landuse": null, "natural": null, "fixme": null, "area": null, "hoops": null, "leaf_cycle": null, "leaf_type": null, "addr:subdistrict": null, "covered": null, "education": null, "type": null }, "geometry": { "type": "Polygon", "coordinates": [ [ [ 126.8749782, 35.2203572 ], [ 126.8749498, 35.2199948 ], [ 126.8753379, 35.2199751 ], [ 126.8753394, 35.2200043 ], [ 126.8754688, 35.2202405 ], [ 126.8754579, 35.2203061 ], [ 126.8753993, 35.2203571 ], [ 126.8749782, 35.2203572 ] ] ] } },
{ "type": "Feature", "properties": { "element": "way", "id": 893252905, "amenity": null, "name": null, "name:ko": null, "operator": null, "operator:type": null, "start_date": null, "website": null, "wikidata": null, "wikipedia": null, "leisure": "pitch", "sport": null, "indoor": null, "access": null, "addr:city": null, "addr:district": null, "addr:housenumber": null, "addr:postcode": null, "addr:street": null, "name:en": null, "surface": null, "addr:housename": null, "internet_access": null, "name:ja": null, "name:zh": null, "phone": null, "name:ko-Latn": null, "lit": null, "alt_name": null, "tourism": null, "parking": null, "landuse": null, "natural": null, "fixme": null, "area": null, "hoops": null, "leaf_cycle": null, "leaf_type": null, "addr:subdistrict": null, "covered": null, "education": null, "type": null }, "geometry": { "type": "Polygon", "coordinates": [ [ [ 126.85718, 35.2212448 ], [ 126.857036, 35.2212002 ], [ 126.8569206, 35.2211244 ], [ 126.8568598, 35.2210807 ], [ 126.8568282, 35.2210315 ], [ 126.8567879, 35.2209522 ], [ 126.8567808, 35.2207335 ], [ 126.8567761, 35.2202207 ], [ 126.8568208, 35.2200936 ], [ 126.8568431, 35.2200549 ], [ 126.8568969, 35.2199923 ], [ 126.857013, 35.2199091 ], [ 126.8571433, 35.2198723 ], [ 126.8572752, 35.2198597 ], [ 126.8573257, 35.2198549 ], [ 126.8575152, 35.2198994 ], [ 126.8576526, 35.2199962 ], [ 126.8577152, 35.2200551 ], [ 126.8577212, 35.2200697 ], [ 126.8577852, 35.2201916 ], [ 126.8577923, 35.2202381 ], [ 126.8577908, 35.220545 ], [ 126.8577734, 35.2209309 ], [ 126.8577189, 35.221045 ], [ 126.8577007, 35.2210808 ], [ 126.8576123, 35.2211612 ], [ 126.8574773, 35.2212192 ], [ 126.8573114, 35.2212521 ], [ 126.85718, 35.2212448 ] ] ] } },
{ "type": "Feature", "properties": { "element": "way", "id": 894283366, "amenity": null, "name": null, "name:ko": null, "operator": null, "operator:type": null, "start_date": null, "website": null, "wikidata": null, "wikipedia": null, "leisure": "park", "sport": null, "indoor": null, "access": null, "addr:city": null, "addr:district": null, "addr:housenumber": null, "addr:postcode": null, "addr:street": null, "name:en": null, "surface": null, "addr:housename": null, "internet_access": null, "name:ja": null, "name:zh": null, "phone": null, "name:ko-Latn": null, "lit": null, "alt_name": null, "tourism": null, "parking": null, "landuse": null, "natural": null, "fixme": null, "area": null, "hoops": null, "leaf_cycle": null, "leaf_type": null, "addr:subdistrict": null, "covered": null, "education": null, "type": null }, "geometry": { "type": "Polygon", "coordinates": [ [ [ 126.8668996, 35.237633 ], [ 126.8670442, 35.2375728 ], [ 126.8671228, 35.2375188 ], [ 126.8672033, 35.2374254 ], [ 126.8672748, 35.2373159 ], [ 126.8673194, 35.237237 ], [ 126.8674231, 35.2371567 ], [ 126.8675304, 35.2371202 ], [ 126.8677019, 35.2370827 ], [ 126.8677502, 35.2370812 ], [ 126.8677645, 35.2370768 ], [ 126.8677627, 35.2370622 ], [ 126.8677127, 35.236964 ], [ 126.8667273, 35.237293 ], [ 126.8668996, 35.237633 ] ] ] } },
{ "type": "Feature", "properties": { "element": "way", "id": 897071154, "amenity": null, "name": null, "name:ko": null, "operator": null, "operator:type": null, "start_date": null, "website": null, "wikidata": null, "wikipedia": null, "leisure": "park", "sport": null, "indoor": null, "access": null, "addr:city": null, "addr:district": null, "addr:housenumber": null, "addr:postcode": null, "addr:street": null, "name:en": null, "surface": null, "addr:housename": null, "internet_access": null, "name:ja": null, "name:zh": null, "phone": null, "name:ko-Latn": null, "lit": null, "alt_name": null, "tourism": null, "parking": null, "landuse": null, "natural": null, "fixme": null, "area": null, "hoops": null, "leaf_cycle": null, "leaf_type": null, "addr:subdistrict": null, "covered": null, "education": null, "type": null }, "geometry": { "type": "Polygon", "coordinates": [ [ [ 127.0006252, 35.183643 ], [ 127.0006948, 35.1836022 ], [ 127.0008548, 35.1838829 ], [ 127.0011874, 35.1849866 ], [ 127.0009853, 35.1850131 ], [ 127.0008946, 35.1849828 ], [ 127.000811, 35.1848802 ], [ 127.0007808, 35.1847758 ], [ 127.000732, 35.1845365 ], [ 127.0006101, 35.1836862 ], [ 127.0006252, 35.183643 ] ] ] } },
{ "type": "Feature", "properties": { "element": "way", "id": 988507305, "amenity": null, "name": null, "name:ko": null, "operator": null, "operator:type": null, "start_date": null, "website": null, "wikidata": null, "wikipedia": null, "leisure": "pitch", "sport": null, "indoor": null, "access": null, "addr:city": null, "addr:district": null, "addr:housenumber": null, "addr:postcode": null, "addr:street": null, "name:en": null, "surface": null, "addr:housename": null, "internet_access": null, "name:ja": null, "name:zh": null, "phone": null, "name:ko-Latn": null, "lit": null, "alt_name": null, "tourism": null, "parking": null, "landuse": null, "natural": null, "fixme": null, "area": null, "hoops": null, "leaf_cycle": null, "leaf_type": null, "addr:subdistrict": null, "covered": null, "education": null, "type": null }, "geometry": { "type": "Polygon", "coordinates": [ [ [ 126.9282766, 35.1670286 ], [ 126.9279545, 35.1671617 ], [ 126.9278058, 35.1673266 ], [ 126.9281315, 35.1678532 ], [ 126.928542, 35.1676188 ], [ 126.9285845, 35.1674597 ], [ 126.9282766, 35.1670286 ] ] ] } },
{ "type": "Feature", "properties": { "element": "way", "id": 989267436, "amenity": null, "name": null, "name:ko": null, "operator": null, "operator:type": null, "start_date": null, "website": null, "wikidata": null, "wikipedia": null, "leisure": "pitch", "sport": null, "indoor": null, "access": null, "addr:city": null, "addr:district": null, "addr:housenumber": null, "addr:postcode": null, "addr:street": null, "name:en": null, "surface": null, "addr:housename": null, "internet_access": null, "name:ja": null, "name:zh": null, "phone": null, "name:ko-Latn": null, "lit": null, "alt_name": null, "tourism": null, "parking": null, "landuse": null, "natural": null, "fixme": null, "area": null, "hoops": null, "leaf_cycle": null, "leaf_type": null, "addr:subdistrict": null, "covered": null, "education": null, "type": null }, "geometry": { "type": "Polygon", "coordinates": [ [ [ 126.9146378, 35.1801195 ], [ 126.9142265, 35.1802056 ], [ 126.9143814, 35.1807003 ], [ 126.9147928, 35.1806142 ], [ 126.9146378, 35.1801195 ] ] ] } },
{ "type": "Feature", "properties": { "element": "way", "id": 989813957, "amenity": null, "name": null, "name:ko": null, "operator": null, "operator:type": null, "start_date": null, "website": null, "wikidata": null, "wikipedia": null, "leisure": "pitch", "sport": "multi", "indoor": null, "access": null, "addr:city": null, "addr:district": null, "addr:housenumber": null, "addr:postcode": null, "addr:street": null, "name:en": null, "surface": "sand", "addr:housename": null, "internet_access": null, "name:ja": null, "name:zh": null, "phone": null, "name:ko-Latn": null, "lit": null, "alt_name": null, "tourism": null, "parking": null, "landuse": null, "natural": null, "fixme": null, "area": null, "hoops": null, "leaf_cycle": null, "leaf_type": null, "addr:subdistrict": null, "covered": null, "education": null, "type": null }, "geometry": { "type": "Polygon", "coordinates": [ [ [ 126.9125895, 35.1687755 ], [ 126.9136168, 35.1693574 ], [ 126.9133268, 35.1697643 ], [ 126.912271, 35.169231 ], [ 126.9125895, 35.1687755 ] ] ] } },
{ "type": "Feature", "properties": { "element": "way", "id": 991031309, "amenity": null, "name": null, "name:ko": null, "operator": null, "operator:type": null, "start_date": null, "website": null, "wikidata": null, "wikipedia": null, "leisure": "pitch", "sport": null, "indoor": null, "access": null, "addr:city": null, "addr:district": null, "addr:housenumber": null, "addr:postcode": null, "addr:street": null, "name:en": null, "surface": null, "addr:housename": null, "internet_access": null, "name:ja": null, "name:zh": null, "phone": null, "name:ko-Latn": null, "lit": null, "alt_name": null, "tourism": null, "parking": null, "landuse": null, "natural": null, "fixme": null, "area": null, "hoops": null, "leaf_cycle": null, "leaf_type": null, "addr:subdistrict": null, "covered": null, "education": null, "type": null }, "geometry": { "type": "Polygon", "coordinates": [ [ [ 126.902919, 35.1588248 ], [ 126.9032199, 35.1585376 ], [ 126.9039535, 35.1590513 ], [ 126.9036525, 35.1593386 ], [ 126.902919, 35.1588248 ] ] ] } },
{ "type": "Feature", "properties": { "element": "way", "id": 991036763, "amenity": null, "name": null, "name:ko": null, "operator": null, "operator:type": null, "start_date": null, "website": null, "wikidata": null, "wikipedia": null, "leisure": "pitch", "sport": null, "indoor": null, "access": null, "addr:city": null, "addr:district": null, "addr:housenumber": null, "addr:postcode": null, "addr:street": null, "name:en": null, "surface": null, "addr:housename": null, "internet_access": null, "name:ja": null, "name:zh": null, "phone": null, "name:ko-Latn": null, "lit": null, "alt_name": null, "tourism": null, "parking": null, "landuse": null, "natural": null, "fixme": null, "area": null, "hoops": null, "leaf_cycle": null, "leaf_type": null, "addr:subdistrict": null, "covered": null, "education": null, "type": null }, "geometry": { "type": "Polygon", "coordinates": [ [ [ 126.9112734, 35.18585 ], [ 126.9106135, 35.1858628 ], [ 126.91063, 35.1864326 ], [ 126.91129, 35.1864199 ], [ 126.9112734, 35.18585 ] ] ] } },
{ "type": "Feature", "properties": { "element": "way", "id": 991036765, "amenity": null, "name": null, "name:ko": null, "operator": null, "operator:type": null, "start_date": null, "website": null, "wikidata": null, "wikipedia": null, "leisure": "pitch", "sport": null, "indoor": null, "access": null, "addr:city": null, "addr:district": null, "addr:housenumber": null, "addr:postcode": null, "addr:street": null, "name:en": null, "surface": null, "addr:housename": null, "internet_access": null, "name:ja": null, "name:zh": null, "phone": null, "name:ko-Latn": null, "lit": null, "alt_name": null, "tourism": null, "parking": null, "landuse": null, "natural": null, "fixme": null, "area": null, "hoops": null, "leaf_cycle": null, "leaf_type": null, "addr:subdistrict": null, "covered": null, "education": null, "type": null }, "geometry": { "type": "Polygon", "coordinates": [ [ [ 126.9117306, 35.1852889 ], [ 126.9121919, 35.1852757 ], [ 126.9122697, 35.1858698 ], [ 126.9118406, 35.1859027 ], [ 126.9117306, 35.1852889 ] ] ] } },
{ "type": "Feature", "properties": { "element": "way", "id": 991036768, "amenity": null, "name": null, "name:ko": null, "operator": null, "operator:type": null, "start_date": null, "website": null, "wikidata": null, "wikipedia": null, "leisure": "pitch", "sport": "multi", "indoor": null, "access": null, "addr:city": null, "addr:district": null, "addr:housenumber": null, "addr:postcode": null, "addr:street": null, "name:en": null, "surface": "sand", "addr:housename": null, "internet_access": null, "name:ja": null, "name:zh": null, "phone": null, "name:ko-Latn": null, "lit": null, "alt_name": null, "tourism": null, "parking": null, "landuse": null, "natural": null, "fixme": null, "area": null, "hoops": null, "leaf_cycle": null, "leaf_type": null, "addr:subdistrict": null, "covered": null, "education": null, "type": null }, "geometry": { "type": "Polygon", "coordinates": [ [ [ 126.9122592, 35.188586 ], [ 126.9123195, 35.1885718 ], [ 126.9130521, 35.1883983 ], [ 126.9131537, 35.1890659 ], [ 126.912414, 35.1891584 ], [ 126.9123671, 35.1891636 ], [ 126.9122928, 35.1887095 ], [ 126.9122592, 35.188586 ] ] ] } },
{ "type": "Feature", "properties": { "element": "way", "id": 991040287, "amenity": null, "name": null, "name:ko": null, "operator": null, "operator:type": null, "start_date": null, "website": null, "wikidata": null, "wikipedia": null, "leisure": "pitch", "sport": null, "indoor": null, "access": null, "addr:city": null, "addr:district": null, "addr:housenumber": null, "addr:postcode": null, "addr:street": null, "name:en": null, "surface": null, "addr:housename": null, "internet_access": null, "name:ja": null, "name:zh": null, "phone": null, "name:ko-Latn": null, "lit": null, "alt_name": null, "tourism": null, "parking": null, "landuse": null, "natural": null, "fixme": null, "area": null, "hoops": null, "leaf_cycle": null, "leaf_type": null, "addr:subdistrict": null, "covered": null, "education": null, "type": null }, "geometry": { "type": "Polygon", "coordinates": [ [ [ 126.8924167, 35.1754918 ], [ 126.8931175, 35.1756567 ], [ 126.8928627, 35.1762006 ], [ 126.8920062, 35.1759691 ], [ 126.8924167, 35.1754918 ] ] ] } },
{ "type": "Feature", "properties": { "element": "way", "id": 991040290, "amenity": null, "name": null, "name:ko": null, "operator": null, "operator:type": null, "start_date": null, "website": null, "wikidata": null, "wikipedia": null, "leisure": "pitch", "sport": null, "indoor": null, "access": null, "addr:city": null, "addr:district": null, "addr:housenumber": null, "addr:postcode": null, "addr:street": null, "name:en": null, "surface": null, "addr:housename": null, "internet_access": null, "name:ja": null, "name:zh": null, "phone": null, "name:ko-Latn": null, "lit": null, "alt_name": null, "tourism": null, "parking": null, "landuse": null, "natural": null, "fixme": null, "area": null, "hoops": null, "leaf_cycle": null, "leaf_type": null, "addr:subdistrict": null, "covered": null, "education": null, "type": null }, "geometry": { "type": "Polygon", "coordinates": [ [ [ 126.8917438, 35.1744896 ], [ 126.8913263, 35.1750332 ], [ 126.8917468, 35.1752491 ], [ 126.8921645, 35.1747055 ], [ 126.8917438, 35.1744896 ] ] ] } },
{ "type": "Feature", "properties": { "element": "way", "id": 993969159, "amenity": null, "name": "문화근린공원", "name:ko": null, "operator": null, "operator:type": null, "start_date": null, "website": null, "wikidata": null, "wikipedia": null, "leisure": "park", "sport": null, "indoor": null, "access": null, "addr:city": null, "addr:district": null, "addr:housenumber": null, "addr:postcode": null, "addr:street": null, "name:en": null, "surface": null, "addr:housename": null, "internet_access": null, "name:ja": null, "name:zh": null, "phone": null, "name:ko-Latn": null, "lit": null, "alt_name": null, "tourism": null, "parking": null, "landuse": null, "natural": null, "fixme": null, "area": null, "hoops": null, "leaf_cycle": null, "leaf_type": null, "addr:subdistrict": null, "covered": null, "education": null, "type": null }, "geometry": { "type": "Polygon", "coordinates": [ [ [ 126.9131377, 35.1850304 ], [ 126.9131169, 35.1849909 ], [ 126.9131144, 35.1849692 ], [ 126.9129845, 35.183855 ], [ 126.9130353, 35.1837595 ], [ 126.9138454, 35.1836675 ], [ 126.9173448, 35.1829851 ], [ 126.9175349, 35.1829455 ], [ 126.9176313, 35.1829931 ], [ 126.9178613, 35.1836696 ], [ 126.9180151, 35.1839496 ], [ 126.9181987, 35.1842448 ], [ 126.9182491, 35.184332 ], [ 126.9183189, 35.1844973 ], [ 126.918448, 35.1852517 ], [ 126.9184456, 35.1852793 ], [ 126.9184203, 35.1853114 ], [ 126.9183923, 35.1853332 ], [ 126.9183515, 35.1853423 ], [ 126.9147883, 35.1849686 ], [ 126.9131777, 35.1850434 ], [ 126.9131377, 35.1850304 ] ] ] } },
{ "type": "Feature", "properties": { "element": "way", "id": 1032775040, "amenity": null, "name": null, "name:ko": null, "operator": null, "operator:type": null, "start_date": null, "website": null, "wikidata": null, "wikipedia": null, "leisure": "pitch", "sport": "tennis", "indoor": null, "access": null, "addr:city": null, "addr:district": null, "addr:housenumber": null, "addr:postcode": null, "addr:street": null, "name:en": null, "surface": null, "addr:housename": null, "internet_access": null, "name:ja": null, "name:zh": null, "phone": null, "name:ko-Latn": null, "lit": null, "alt_name": null, "tourism": null, "parking": null, "landuse": null, "natural": null, "fixme": null, "area": null, "hoops": null, "leaf_cycle": null, "leaf_type": null, "addr:subdistrict": null, "covered": null, "education": null, "type": null }, "geometry": { "type": "Polygon", "coordinates": [ [ [ 126.9217034, 35.1861276 ], [ 126.9218453, 35.1860568 ], [ 126.9218888, 35.1861166 ], [ 126.921747, 35.1861866 ], [ 126.9217034, 35.1861276 ] ] ] } },
{ "type": "Feature", "properties": { "element": "way", "id": 1032936571, "amenity": null, "name": null, "name:ko": null, "operator": null, "operator:type": null, "start_date": null, "website": null, "wikidata": null, "wikipedia": null, "leisure": "pitch", "sport": null, "indoor": null, "access": null, "addr:city": null, "addr:district": null, "addr:housenumber": null, "addr:postcode": null, "addr:street": null, "name:en": null, "surface": "grass", "addr:housename": null, "internet_access": null, "name:ja": null, "name:zh": null, "phone": null, "name:ko-Latn": null, "lit": "no", "alt_name": null, "tourism": null, "parking": null, "landuse": null, "natural": null, "fixme": null, "area": null, "hoops": null, "leaf_cycle": null, "leaf_type": null, "addr:subdistrict": null, "covered": null, "education": null, "type": null }, "geometry": { "type": "Polygon", "coordinates": [ [ [ 126.9266398, 35.1681913 ], [ 126.9264716, 35.1682113 ], [ 126.9260388, 35.1682629 ], [ 126.9259037, 35.1682239 ], [ 126.9258771, 35.1682069 ], [ 126.925802, 35.168159 ], [ 126.9257906, 35.1681518 ], [ 126.9257543, 35.1681071 ], [ 126.9257113, 35.1680542 ], [ 126.9256739, 35.167941 ], [ 126.9256823, 35.167824 ], [ 126.9257356, 35.1677152 ], [ 126.9258284, 35.1676258 ], [ 126.925951, 35.1675651 ], [ 126.9265486, 35.1674661 ], [ 126.9266971, 35.1674809 ], [ 126.9267635, 35.1675077 ], [ 126.9268314, 35.1675351 ], [ 126.9268485, 35.1675494 ], [ 126.9269362, 35.1676224 ], [ 126.9269998, 35.1677331 ], [ 126.9270151, 35.1678548 ], [ 126.9269804, 35.1679738 ], [ 126.9268995, 35.1680768 ], [ 126.9267816, 35.1681521 ], [ 126.9266398, 35.1681913 ] ] ] } },
{ "type": "Feature", "properties": { "element": "way", "id": 1032936573, "amenity": null, "name": null, "name:ko": null, "operator": null, "operator:type": null, "start_date": null, "website": null, "wikidata": null, "wikipedia": null, "leisure": "track", "sport": "running", "indoor": null, "access": null, "addr:city": null, "addr:district": null, "addr:housenumber": null, "addr:postcode": null, "addr:street": null, "name:en": null, "surface": "tartan", "addr:housename": null, "internet_access": null, "name:ja": null, "name:zh": null, "phone": null, "name:ko-Latn": null, "lit": null, "alt_name": null, "tourism": null, "parking": null, "landuse": null, "natural": null, "fixme": null, "area": "yes", "hoops": null, "leaf_cycle": null, "leaf_type": null, "addr:subdistrict": null, "covered": null, "education": null, "type": null }, "geometry": { "type": "Polygon", "coordinates": [ [ [ 126.9232267, 35.1683288 ], [ 126.9232711, 35.1684127 ], [ 126.923193, 35.1690672 ], [ 126.9226653, 35.169024 ], [ 126.9226699, 35.1689856 ], [ 126.9221726, 35.1689458 ], [ 126.9218819, 35.1689228 ], [ 126.9219597, 35.1682854 ], [ 126.9220183, 35.1682128 ], [ 126.9221344, 35.1681825 ], [ 126.9231446, 35.1682691 ], [ 126.9232267, 35.1683288 ] ] ] } },
{ "type": "Feature", "properties": { "element": "way", "id": 1032936576, "amenity": null, "name": null, "name:ko": null, "operator": null, "operator:type": null, "start_date": null, "website": null, "wikidata": null, "wikipedia": null, "leisure": "track", "sport": "running", "indoor": null, "access": null, "addr:city": null, "addr:district": null, "addr:housenumber": null, "addr:postcode": null, "addr:street": null, "name:en": null, "surface": null, "addr:housename": null, "internet_access": null, "name:ja": null, "name:zh": null, "phone": null, "name:ko-Latn": null, "lit": null, "alt_name": null, "tourism": null, "parking": null, "landuse": null, "natural": null, "fixme": null, "area": null, "hoops": null, "leaf_cycle": null, "leaf_type": null, "addr:subdistrict": null, "covered": null, "education": null, "type": null }, "geometry": { "type": "Polygon", "coordinates": [ [ [ 126.9231933, 35.168879 ], [ 126.9231651, 35.1689218 ], [ 126.9231212, 35.1689545 ], [ 126.9230665, 35.1689734 ], [ 126.9220128, 35.1688831 ], [ 126.9219661, 35.1688577 ], [ 126.9219315, 35.1688215 ], [ 126.9219125, 35.1687783 ], [ 126.9219802, 35.1682827 ], [ 126.9220126, 35.1682452 ], [ 126.9220579, 35.168218 ], [ 126.9221146, 35.1682033 ], [ 126.9231141, 35.1682861 ], [ 126.9231695, 35.1683037 ], [ 126.9232145, 35.1683354 ], [ 126.9232442, 35.1683775 ], [ 126.923255, 35.1684253 ], [ 126.9231933, 35.168879 ] ] ] } },
{ "type": "Feature", "properties": { "element": "way", "id": 1033108403, "amenity": null, "name": null, "name:ko": null, "operator": null, "operator:type": null, "start_date": null, "website": null, "wikidata": null, "wikipedia": null, "leisure": "pitch", "sport": null, "indoor": null, "access": null, "addr:city": null, "addr:district": null, "addr:housenumber": null, "addr:postcode": null, "addr:street": null, "name:en": null, "surface": "grass", "addr:housename": null, "internet_access": null, "name:ja": null, "name:zh": null, "phone": null, "name:ko-Latn": null, "lit": null, "alt_name": null, "tourism": null, "parking": null, "landuse": null, "natural": null, "fixme": null, "area": null, "hoops": null, "leaf_cycle": null, "leaf_type": null, "addr:subdistrict": null, "covered": null, "education": null, "type": null }, "geometry": { "type": "Polygon", "coordinates": [ [ [ 126.9238809, 35.1677182 ], [ 126.9244725, 35.1677609 ], [ 126.9245371, 35.1677195 ], [ 126.9245433, 35.1676279 ], [ 126.9245954, 35.1675617 ], [ 126.9247566, 35.1675617 ], [ 126.9247636, 35.1674962 ], [ 126.9249364, 35.1674994 ], [ 126.9249652, 35.1672054 ], [ 126.9243433, 35.1670852 ], [ 126.9243324, 35.1671373 ], [ 126.9240958, 35.1671112 ], [ 126.9238809, 35.1677182 ] ] ] } },
{ "type": "Feature", "properties": { "element": "way", "id": 1033108404, "amenity": null, "name": null, "name:ko": null, "operator": null, "operator:type": null, "start_date": null, "website": null, "wikidata": null, "wikipedia": null, "leisure": "pitch", "sport": "tennis", "indoor": null, "access": null, "addr:city": null, "addr:district": null, "addr:housenumber": null, "addr:postcode": null, "addr:street": null, "name:en": null, "surface": "sand", "addr:housename": null, "internet_access": null, "name:ja": null, "name:zh": null, "phone": null, "name:ko-Latn": null, "lit": null, "alt_name": null, "tourism": null, "parking": null, "landuse": null, "natural": null, "fixme": null, "area": null, "hoops": null, "leaf_cycle": null, "leaf_type": null, "addr:subdistrict": null, "covered": null, "education": null, "type": null }, "geometry": { "type": "Polygon", "coordinates": [ [ [ 126.9238113, 35.1676805 ], [ 126.9236226, 35.1676362 ], [ 126.923574, 35.1676248 ], [ 126.9234154, 35.1675875 ], [ 126.9233749, 35.167578 ], [ 126.9231852, 35.1675335 ], [ 126.9232945, 35.1672109 ], [ 126.9233484, 35.1670517 ], [ 126.9234045, 35.1668966 ], [ 126.9240563, 35.1670015 ], [ 126.9239296, 35.1673526 ], [ 126.9238113, 35.1676805 ] ] ] } },
{ "type": "Feature", "properties": { "element": "way", "id": 1033108408, "amenity": null, "name": null, "name:ko": null, "operator": null, "operator:type": null, "start_date": null, "website": null, "wikidata": null, "wikipedia": null, "leisure": "pitch", "sport": "soccer", "indoor": null, "access": null, "addr:city": null, "addr:district": null, "addr:housenumber": null, "addr:postcode": null, "addr:street": null, "name:en": null, "surface": "artificial_turf", "addr:housename": null, "internet_access": null, "name:ja": null, "name:zh": null, "phone": null, "name:ko-Latn": null, "lit": null, "alt_name": null, "tourism": null, "parking": null, "landuse": null, "natural": null, "fixme": null, "area": null, "hoops": null, "leaf_cycle": null, "leaf_type": null, "addr:subdistrict": null, "covered": null, "education": null, "type": null }, "geometry": { "type": "Polygon", "coordinates": [ [ [ 126.9240791, 35.1704261 ], [ 126.9239898, 35.1702875 ], [ 126.923817, 35.1700195 ], [ 126.9239566, 35.1699593 ], [ 126.923998, 35.1699415 ], [ 126.9248249, 35.1695852 ], [ 126.9250279, 35.1700175 ], [ 126.9240791, 35.1704261 ] ] ] } },
{ "type": "Feature", "properties": { "element": "way", "id": 1033108409, "amenity": null, "name": null, "name:ko": null, "operator": null, "operator:type": null, "start_date": null, "website": null, "wikidata": null, "wikipedia": null, "leisure": "pitch", "sport": "basketball", "indoor": null, "access": null, "addr:city": null, "addr:district": null, "addr:housenumber": null, "addr:postcode": null, "addr:street": null, "name:en": null, "surface": null, "addr:housename": null, "internet_access": null, "name:ja": null, "name:zh": null, "phone": null, "name:ko-Latn": null, "lit": null, "alt_name": null, "tourism": null, "parking": null, "landuse": null, "natural": null, "fixme": null, "area": null, "hoops": "2", "leaf_cycle": null, "leaf_type": null, "addr:subdistrict": null, "covered": null, "education": null, "type": null }, "geometry": { "type": "Polygon", "coordinates": [ [ [ 126.9234883, 35.1703561 ], [ 126.9233899, 35.1702035 ], [ 126.923817, 35.1700195 ], [ 126.9239898, 35.1702875 ], [ 126.9236546, 35.1704319 ], [ 126.9235803, 35.1703165 ], [ 126.9234883, 35.1703561 ] ] ] } },
{ "type": "Feature", "properties": { "element": "way", "id": 1033112436, "amenity": null, "name": null, "name:ko": null, "operator": null, "operator:type": null, "start_date": null, "website": null, "wikidata": null, "wikipedia": null, "leisure": "pitch", "sport": "basketball", "indoor": null, "access": null, "addr:city": null, "addr:district": null, "addr:housenumber": null, "addr:postcode": null, "addr:street": null, "name:en": null, "surface": null, "addr:housename": null, "internet_access": null, "name:ja": null, "name:zh": null, "phone": null, "name:ko-Latn": null, "lit": null, "alt_name": null, "tourism": null, "parking": null, "landuse": null, "natural": null, "fixme": null, "area": null, "hoops": null, "leaf_cycle": null, "leaf_type": null, "addr:subdistrict": null, "covered": null, "education": null, "type": null }, "geometry": { "type": "Polygon", "coordinates": [ [ [ 126.9220756, 35.1681475 ], [ 126.9221152, 35.1678557 ], [ 126.9226904, 35.1679078 ], [ 126.9226509, 35.1681996 ], [ 126.9220756, 35.1681475 ] ] ] } },
{ "type": "Feature", "properties": { "element": "way", "id": 1035938230, "amenity": null, "name": null, "name:ko": null, "operator": null, "operator:type": null, "start_date": null, "website": null, "wikidata": null, "wikipedia": null, "leisure": "park", "sport": null, "indoor": null, "access": null, "addr:city": null, "addr:district": null, "addr:housenumber": null, "addr:postcode": null, "addr:street": null, "name:en": null, "surface": null, "addr:housename": null, "internet_access": null, "name:ja": null, "name:zh": null, "phone": null, "name:ko-Latn": null, "lit": null, "alt_name": null, "tourism": null, "parking": null, "landuse": null, "natural": null, "fixme": null, "area": null, "hoops": null, "leaf_cycle": null, "leaf_type": null, "addr:subdistrict": null, "covered": null, "education": null, "type": null }, "geometry": { "type": "Polygon", "coordinates": [ [ [ 126.9316762, 35.1710131 ], [ 126.9317449, 35.1707414 ], [ 126.9317334, 35.1707226 ], [ 126.9317057, 35.1707122 ], [ 126.9309273, 35.1707066 ], [ 126.931001, 35.1710078 ], [ 126.9314258, 35.1710101 ], [ 126.9316762, 35.1710131 ] ] ] } },
{ "type": "Feature", "properties": { "element": "way", "id": 1037144824, "amenity": null, "name": null, "name:ko": null, "operator": null, "operator:type": null, "start_date": null, "website": null, "wikidata": null, "wikipedia": null, "leisure": "pitch", "sport": "tennis", "indoor": null, "access": null, "addr:city": null, "addr:district": null, "addr:housenumber": null, "addr:postcode": null, "addr:street": null, "name:en": null, "surface": null, "addr:housename": null, "internet_access": null, "name:ja": null, "name:zh": null, "phone": null, "name:ko-Latn": null, "lit": null, "alt_name": null, "tourism": null, "parking": null, "landuse": null, "natural": null, "fixme": null, "area": null, "hoops": null, "leaf_cycle": null, "leaf_type": null, "addr:subdistrict": null, "covered": null, "education": null, "type": null }, "geometry": { "type": "Polygon", "coordinates": [ [ [ 126.9218819, 35.1689228 ], [ 126.9218723, 35.1690039 ], [ 126.922163, 35.1690268 ], [ 126.9221726, 35.1689458 ], [ 126.9218819, 35.1689228 ] ] ] } },
{ "type": "Feature", "properties": { "element": "way", "id": 1037150656, "amenity": null, "name": "어린이공원", "name:ko": null, "operator": null, "operator:type": null, "start_date": null, "website": null, "wikidata": null, "wikipedia": null, "leisure": "park", "sport": null, "indoor": null, "access": null, "addr:city": null, "addr:district": null, "addr:housenumber": null, "addr:postcode": null, "addr:street": null, "name:en": null, "surface": null, "addr:housename": null, "internet_access": null, "name:ja": null, "name:zh": null, "phone": null, "name:ko-Latn": null, "lit": null, "alt_name": null, "tourism": null, "parking": null, "landuse": null, "natural": null, "fixme": null, "area": null, "hoops": null, "leaf_cycle": null, "leaf_type": null, "addr:subdistrict": null, "covered": null, "education": null, "type": null }, "geometry": { "type": "Polygon", "coordinates": [ [ [ 126.9167874, 35.1680179 ], [ 126.9171719, 35.168673 ], [ 126.9169737, 35.1687705 ], [ 126.9166532, 35.1689282 ], [ 126.9166163, 35.1689464 ], [ 126.9165829, 35.1689628 ], [ 126.9165677, 35.1689622 ], [ 126.9165444, 35.168921 ], [ 126.9164919, 35.1688849 ], [ 126.9163952, 35.168723 ], [ 126.9163224, 35.168446 ], [ 126.9164695, 35.1682455 ], [ 126.9167874, 35.1680179 ] ] ] } },
{ "type": "Feature", "properties": { "element": "way", "id": 1037270329, "amenity": null, "name": "그린어린이공원", "name:ko": null, "operator": null, "operator:type": null, "start_date": null, "website": null, "wikidata": null, "wikipedia": null, "leisure": "park", "sport": null, "indoor": null, "access": null, "addr:city": null, "addr:district": null, "addr:housenumber": null, "addr:postcode": null, "addr:street": null, "name:en": "Green Children's Park", "surface": null, "addr:housename": null, "internet_access": null, "name:ja": null, "name:zh": null, "phone": null, "name:ko-Latn": null, "lit": null, "alt_name": null, "tourism": null, "parking": null, "landuse": null, "natural": null, "fixme": null, "area": null, "hoops": null, "leaf_cycle": null, "leaf_type": null, "addr:subdistrict": null, "covered": null, "education": null, "type": null }, "geometry": { "type": "Polygon", "coordinates": [ [ [ 126.9244082, 35.1745238 ], [ 126.9242512, 35.1741333 ], [ 126.9246713, 35.1739354 ], [ 126.9249967, 35.1743803 ], [ 126.9244082, 35.1745238 ] ] ] } },
{ "type": "Feature", "properties": { "element": "way", "id": 1037271881, "amenity": null, "name": null, "name:ko": null, "operator": null, "operator:type": null, "start_date": null, "website": null, "wikidata": null, "wikipedia": null, "leisure": "park", "sport": null, "indoor": null, "access": null, "addr:city": null, "addr:district": null, "addr:housenumber": null, "addr:postcode": null, "addr:street": null, "name:en": null, "surface": null, "addr:housename": null, "internet_access": null, "name:ja": null, "name:zh": null, "phone": null, "name:ko-Latn": null, "lit": null, "alt_name": null, "tourism": null, "parking": null, "landuse": null, "natural": null, "fixme": null, "area": null, "hoops": null, "leaf_cycle": null, "leaf_type": null, "addr:subdistrict": null, "covered": null, "education": null, "type": null }, "geometry": { "type": "Polygon", "coordinates": [ [ [ 126.9259534, 35.176843 ], [ 126.9259509, 35.1768351 ], [ 126.9258943, 35.1766537 ], [ 126.9267541, 35.1764274 ], [ 126.9268126, 35.1766413 ], [ 126.9259534, 35.176843 ] ] ] } },
{ "type": "Feature", "properties": { "element": "way", "id": 1037271882, "amenity": null, "name": null, "name:ko": null, "operator": null, "operator:type": null, "start_date": null, "website": null, "wikidata": null, "wikipedia": null, "leisure": "park", "sport": null, "indoor": null, "access": null, "addr:city": null, "addr:district": null, "addr:housenumber": null, "addr:postcode": null, "addr:street": null, "name:en": null, "surface": null, "addr:housename": null, "internet_access": null, "name:ja": null, "name:zh": null, "phone": null, "name:ko-Latn": null, "lit": null, "alt_name": null, "tourism": null, "parking": null, "landuse": null, "natural": null, "fixme": null, "area": null, "hoops": null, "leaf_cycle": null, "leaf_type": null, "addr:subdistrict": null, "covered": null, "education": null, "type": null }, "geometry": { "type": "Polygon", "coordinates": [ [ [ 126.9268671, 35.1766108 ], [ 126.9268109, 35.1764192 ], [ 126.9270857, 35.1763739 ], [ 126.9271142, 35.1765584 ], [ 126.9268671, 35.1766108 ] ] ] } },
{ "type": "Feature", "properties": { "element": "way", "id": 1037271883, "amenity": null, "name": null, "name:ko": null, "operator": null, "operator:type": null, "start_date": null, "website": null, "wikidata": null, "wikipedia": null, "leisure": "park", "sport": null, "indoor": null, "access": null, "addr:city": null, "addr:district": null, "addr:housenumber": null, "addr:postcode": null, "addr:street": null, "name:en": null, "surface": null, "addr:housename": null, "internet_access": null, "name:ja": null, "name:zh": null, "phone": null, "name:ko-Latn": null, "lit": null, "alt_name": null, "tourism": null, "parking": null, "landuse": null, "natural": null, "fixme": null, "area": null, "hoops": null, "leaf_cycle": null, "leaf_type": null, "addr:subdistrict": null, "covered": null, "education": null, "type": null }, "geometry": { "type": "Polygon", "coordinates": [ [ [ 126.9270819, 35.1763242 ], [ 126.9270806, 35.1762591 ], [ 126.9270562, 35.1761828 ], [ 126.9269835, 35.176124 ], [ 126.9268684, 35.1760877 ], [ 126.9267809, 35.1760404 ], [ 126.9267365, 35.1759999 ], [ 126.9267121, 35.1759458 ], [ 126.9267153, 35.1758617 ], [ 126.9267147, 35.1758096 ], [ 126.9266802, 35.1757603 ], [ 126.926802, 35.1756946 ], [ 126.9268253, 35.1758107 ], [ 126.9268774, 35.1758874 ], [ 126.9269919, 35.1759321 ], [ 126.9270272, 35.1759721 ], [ 126.9270549, 35.1760583 ], [ 126.9270915, 35.1760856 ], [ 126.9272022, 35.1760877 ], [ 126.9272684, 35.1761019 ], [ 126.9274105, 35.1762748 ], [ 126.9271131, 35.1763195 ], [ 126.9270819, 35.1763242 ] ] ] } },
{ "type": "Feature", "properties": { "element": "way", "id": 1037271884, "amenity": null, "name": null, "name:ko": null, "operator": null, "operator:type": null, "start_date": null, "website": null, "wikidata": null, "wikipedia": null, "leisure": "park", "sport": null, "indoor": null, "access": null, "addr:city": null, "addr:district": null, "addr:housenumber": null, "addr:postcode": null, "addr:street": null, "name:en": null, "surface": null, "addr:housename": null, "internet_access": null, "name:ja": null, "name:zh": null, "phone": null, "name:ko-Latn": null, "lit": null, "alt_name": null, "tourism": null, "parking": null, "landuse": null, "natural": null, "fixme": null, "area": null, "hoops": null, "leaf_cycle": null, "leaf_type": null, "addr:subdistrict": null, "covered": null, "education": null, "type": null }, "geometry": { "type": "Polygon", "coordinates": [ [ [ 126.9268636, 35.1756999 ], [ 126.9270072, 35.1756443 ], [ 126.9274856, 35.1762635 ], [ 126.9274466, 35.1762693 ], [ 126.9272849, 35.176063 ], [ 126.9272251, 35.1760488 ], [ 126.9271406, 35.1760439 ], [ 126.9270991, 35.1760127 ], [ 126.9270834, 35.1759405 ], [ 126.9269196, 35.1758496 ], [ 126.926861, 35.1757706 ], [ 126.9268636, 35.1756999 ] ] ] } },
{ "type": "Feature", "properties": { "element": "way", "id": 1037271885, "amenity": null, "name": null, "name:ko": null, "operator": null, "operator:type": null, "start_date": null, "website": null, "wikidata": null, "wikipedia": null, "leisure": "park", "sport": null, "indoor": null, "access": null, "addr:city": null, "addr:district": null, "addr:housenumber": null, "addr:postcode": null, "addr:street": null, "name:en": null, "surface": null, "addr:housename": null, "internet_access": null, "name:ja": null, "name:zh": null, "phone": null, "name:ko-Latn": null, "lit": null, "alt_name": null, "tourism": null, "parking": null, "landuse": null, "natural": null, "fixme": null, "area": null, "hoops": null, "leaf_cycle": null, "leaf_type": null, "addr:subdistrict": null, "covered": null, "education": null, "type": null }, "geometry": { "type": "Polygon", "coordinates": [ [ [ 126.9261345, 35.176526 ], [ 126.9259904, 35.1760912 ], [ 126.9261191, 35.1759546 ], [ 126.9262175, 35.1758389 ], [ 126.9262483, 35.1757785 ], [ 126.926577, 35.1757138 ], [ 126.9266496, 35.1758179 ], [ 126.9266548, 35.1758994 ], [ 126.9263223, 35.1762179 ], [ 126.9261621, 35.1764808 ], [ 126.9261345, 35.176526 ] ] ] } },
{ "type": "Feature", "properties": { "element": "way", "id": 1037271887, "amenity": null, "name": null, "name:ko": null, "operator": null, "operator:type": null, "start_date": null, "website": null, "wikidata": null, "wikipedia": null, "leisure": "park", "sport": null, "indoor": null, "access": null, "addr:city": null, "addr:district": null, "addr:housenumber": null, "addr:postcode": null, "addr:street": null, "name:en": null, "surface": null, "addr:housename": null, "internet_access": null, "name:ja": null, "name:zh": null, "phone": null, "name:ko-Latn": null, "lit": null, "alt_name": null, "tourism": null, "parking": null, "landuse": null, "natural": null, "fixme": null, "area": null, "hoops": null, "leaf_cycle": null, "leaf_type": null, "addr:subdistrict": null, "covered": null, "education": null, "type": null }, "geometry": { "type": "Polygon", "coordinates": [ [ [ 126.9259419, 35.1760514 ], [ 126.9261665, 35.1758311 ], [ 126.9261879, 35.1757884 ], [ 126.9256248, 35.1759507 ], [ 126.9256568, 35.17603 ], [ 126.9256944, 35.1761232 ], [ 126.9259419, 35.1760514 ] ] ] } },
{ "type": "Feature", "properties": { "element": "way", "id": 1037271904, "amenity": null, "name": null, "name:ko": null, "operator": null, "operator:type": null, "start_date": null, "website": null, "wikidata": null, "wikipedia": null, "leisure": "pitch", "sport": "soccer", "indoor": null, "access": null, "addr:city": null, "addr:district": null, "addr:housenumber": null, "addr:postcode": null, "addr:street": null, "name:en": null, "surface": null, "addr:housename": null, "internet_access": null, "name:ja": null, "name:zh": null, "phone": null, "name:ko-Latn": null, "lit": null, "alt_name": null, "tourism": null, "parking": null, "landuse": null, "natural": null, "fixme": null, "area": null, "hoops": null, "leaf_cycle": null, "leaf_type": null, "addr:subdistrict": null, "covered": null, "education": null, "type": null }, "geometry": { "type": "Polygon", "coordinates": [ [ [ 126.921436, 35.1771449 ], [ 126.9212272, 35.1766323 ], [ 126.9213769, 35.1765915 ], [ 126.9217079, 35.1765015 ], [ 126.9219168, 35.1770141 ], [ 126.921436, 35.1771449 ] ] ] } },
{ "type": "Feature", "properties": { "element": "way", "id": 1037271909, "amenity": null, "name": null, "name:ko": null, "operator": null, "operator:type": null, "start_date": null, "website": null, "wikidata": null, "wikipedia": null, "leisure": "pitch", "sport": "tennis", "indoor": null, "access": null, "addr:city": null, "addr:district": null, "addr:housenumber": null, "addr:postcode": null, "addr:street": null, "name:en": null, "surface": "sand", "addr:housename": null, "internet_access": null, "name:ja": null, "name:zh": null, "phone": null, "name:ko-Latn": null, "lit": null, "alt_name": null, "tourism": null, "parking": null, "landuse": null, "natural": null, "fixme": null, "area": null, "hoops": null, "leaf_cycle": null, "leaf_type": null, "addr:subdistrict": null, "covered": null, "education": null, "type": null }, "geometry": { "type": "Polygon", "coordinates": [ [ [ 126.922147, 35.1773076 ], [ 126.9219412, 35.1767609 ], [ 126.9221398, 35.1767109 ], [ 126.9223497, 35.1766582 ], [ 126.9225555, 35.1772048 ], [ 126.922147, 35.1773076 ] ] ] } },
{ "type": "Feature", "properties": { "element": "way", "id": 1039585168, "amenity": "college", "name": "동강대학교", "name:ko": "동강대학교", "operator": "학교법인 후성학원", "operator:type": "university", "start_date": null, "website": null, "wikidata": "Q5295953", "wikipedia": "ko:동강대학교", "leisure": null, "sport": null, "indoor": null, "access": null, "addr:city": null, "addr:district": null, "addr:housenumber": null, "addr:postcode": null, "addr:street": null, "name:en": null, "surface": null, "addr:housename": null, "internet_access": null, "name:ja": null, "name:zh": null, "phone": null, "name:ko-Latn": null, "lit": null, "alt_name": null, "tourism": null, "parking": null, "landuse": null, "natural": null, "fixme": null, "area": null, "hoops": null, "leaf_cycle": null, "leaf_type": null, "addr:subdistrict": null, "covered": null, "education": null, "type": null }, "geometry": { "type": "Polygon", "coordinates": [ [ [ 126.9218325, 35.1702581 ], [ 126.9221351, 35.1700642 ], [ 126.9221504, 35.1700511 ], [ 126.9224721, 35.1700724 ], [ 126.9229218, 35.1699351 ], [ 126.9228572, 35.1697938 ], [ 126.9227153, 35.1696289 ], [ 126.9227456, 35.1695392 ], [ 126.9227757, 35.1693061 ], [ 126.9232194, 35.1693446 ], [ 126.9233756, 35.1692637 ], [ 126.9234672, 35.1679204 ], [ 126.9238855, 35.1679438 ], [ 126.9240565, 35.1681585 ], [ 126.9240043, 35.1683661 ], [ 126.9239861, 35.1685192 ], [ 126.923995, 35.168562 ], [ 126.924846, 35.1686461 ], [ 126.9251081, 35.168672 ], [ 126.9255647, 35.1687113 ], [ 126.9255753, 35.1686378 ], [ 126.9255485, 35.1685808 ], [ 126.9254999, 35.1682195 ], [ 126.925492, 35.1681605 ], [ 126.9250634, 35.16813 ], [ 126.9251327, 35.1674778 ], [ 126.9255614, 35.1675082 ], [ 126.9255154, 35.1672299 ], [ 126.9259855, 35.1672664 ], [ 126.926148, 35.1672557 ], [ 126.926414, 35.1671954 ], [ 126.9266155, 35.167175 ], [ 126.92682, 35.1671727 ], [ 126.9269513, 35.1671792 ], [ 126.9273125, 35.1670802 ], [ 126.9274047, 35.1673466 ], [ 126.9271266, 35.1674697 ], [ 126.9274009, 35.1679285 ], [ 126.9271975, 35.1680649 ], [ 126.9273119, 35.1686669 ], [ 126.9265879, 35.1690952 ], [ 126.9265513, 35.1691169 ], [ 126.9264965, 35.1691493 ], [ 126.9256256, 35.1696647 ], [ 126.9257715, 35.170103 ], [ 126.9229326, 35.1707227 ], [ 126.9228883, 35.1705749 ], [ 126.9225924, 35.1706402 ], [ 126.9226263, 35.1703763 ], [ 126.9222171, 35.1703051 ], [ 126.9221924, 35.1703283 ], [ 126.9220781, 35.1702633 ], [ 126.9219868, 35.1703639 ], [ 126.9218325, 35.1702581 ] ] ] } },
{ "type": "Feature", "properties": { "element": "way", "id": 1039612880, "amenity": null, "name": null, "name:ko": null, "operator": null, "operator:type": null, "start_date": null, "website": null, "wikidata": null, "wikipedia": null, "leisure": "pitch", "sport": "soccer", "indoor": null, "access": null, "addr:city": null, "addr:district": null, "addr:housenumber": null, "addr:postcode": null, "addr:street": null, "name:en": null, "surface": "grass", "addr:housename": null, "internet_access": null, "name:ja": null, "name:zh": null, "phone": null, "name:ko-Latn": null, "lit": null, "alt_name": null, "tourism": null, "parking": null, "landuse": null, "natural": null, "fixme": null, "area": null, "hoops": null, "leaf_cycle": null, "leaf_type": null, "addr:subdistrict": null, "covered": null, "education": null, "type": null }, "geometry": { "type": "Polygon", "coordinates": [ [ [ 126.897565, 35.1943948 ], [ 126.8980565, 35.1944737 ], [ 126.8982118, 35.1938271 ], [ 126.8977203, 35.1937482 ], [ 126.897565, 35.1943948 ] ] ] } },
{ "type": "Feature", "properties": { "element": "way", "id": 1039620511, "amenity": null, "name": null, "name:ko": null, "operator": null, "operator:type": null, "start_date": null, "website": null, "wikidata": null, "wikipedia": null, "leisure": "pitch", "sport": null, "indoor": null, "access": null, "addr:city": null, "addr:district": null, "addr:housenumber": null, "addr:postcode": null, "addr:street": null, "name:en": null, "surface": null, "addr:housename": null, "internet_access": null, "name:ja": null, "name:zh": null, "phone": null, "name:ko-Latn": null, "lit": null, "alt_name": null, "tourism": null, "parking": null, "landuse": null, "natural": null, "fixme": null, "area": null, "hoops": null, "leaf_cycle": null, "leaf_type": null, "addr:subdistrict": null, "covered": null, "education": null, "type": null }, "geometry": { "type": "Polygon", "coordinates": [ [ [ 126.8968822, 35.1992751 ], [ 126.8968582, 35.1986745 ], [ 126.8959277, 35.1986993 ], [ 126.8959518, 35.1993 ], [ 126.8968822, 35.1992751 ] ] ] } },
{ "type": "Feature", "properties": { "element": "way", "id": 1039620513, "amenity": null, "name": null, "name:ko": null, "operator": null, "operator:type": null, "start_date": null, "website": null, "wikidata": null, "wikipedia": null, "leisure": "pitch", "sport": null, "indoor": null, "access": null, "addr:city": null, "addr:district": null, "addr:housenumber": null, "addr:postcode": null, "addr:street": null, "name:en": null, "surface": null, "addr:housename": null, "internet_access": null, "name:ja": null, "name:zh": null, "phone": null, "name:ko-Latn": null, "lit": null, "alt_name": null, "tourism": null, "parking": null, "landuse": null, "natural": null, "fixme": null, "area": null, "hoops": null, "leaf_cycle": null, "leaf_type": null, "addr:subdistrict": null, "covered": null, "education": null, "type": null }, "geometry": { "type": "Polygon", "coordinates": [ [ [ 126.8976435, 35.1990635 ], [ 126.8976412, 35.1989341 ], [ 126.8976362, 35.1986638 ], [ 126.8984999, 35.1986533 ], [ 126.8985072, 35.1990529 ], [ 126.8976435, 35.1990635 ] ] ] } },
{ "type": "Feature", "properties": { "element": "way", "id": 1039620527, "amenity": null, "name": null, "name:ko": null, "operator": null, "operator:type": null, "start_date": null, "website": null, "wikidata": null, "wikipedia": null, "leisure": "pitch", "sport": "soccer", "indoor": null, "access": null, "addr:city": null, "addr:district": null, "addr:housenumber": null, "addr:postcode": null, "addr:street": null, "name:en": null, "surface": null, "addr:housename": null, "internet_access": null, "name:ja": null, "name:zh": null, "phone": null, "name:ko-Latn": null, "lit": null, "alt_name": null, "tourism": null, "parking": null, "landuse": null, "natural": null, "fixme": null, "area": null, "hoops": null, "leaf_cycle": null, "leaf_type": null, "addr:subdistrict": null, "covered": null, "education": null, "type": null }, "geometry": { "type": "Polygon", "coordinates": [ [ [ 126.8959506, 35.2003396 ], [ 126.8959302, 35.1998213 ], [ 126.896772, 35.1997992 ], [ 126.8967924, 35.2003175 ], [ 126.8959506, 35.2003396 ] ] ] } },
{ "type": "Feature", "properties": { "element": "way", "id": 1039765721, "amenity": null, "name": null, "name:ko": null, "operator": null, "operator:type": null, "start_date": null, "website": null, "wikidata": null, "wikipedia": null, "leisure": "pitch", "sport": "tennis", "indoor": null, "access": null, "addr:city": null, "addr:district": null, "addr:housenumber": null, "addr:postcode": null, "addr:street": null, "name:en": null, "surface": null, "addr:housename": null, "internet_access": null, "name:ja": null, "name:zh": null, "phone": null, "name:ko-Latn": null, "lit": null, "alt_name": null, "tourism": null, "parking": null, "landuse": null, "natural": null, "fixme": null, "area": null, "hoops": null, "leaf_cycle": null, "leaf_type": null, "addr:subdistrict": null, "covered": null, "education": null, "type": null }, "geometry": { "type": "Polygon", "coordinates": [ [ [ 126.8966008, 35.1893978 ], [ 126.8966016, 35.1890625 ], [ 126.8968152, 35.1890628 ], [ 126.8968144, 35.1893982 ], [ 126.8966008, 35.1893978 ] ] ] } },
{ "type": "Feature", "properties": { "element": "way", "id": 1039765722, "amenity": null, "name": null, "name:ko": null, "operator": null, "operator:type": null, "start_date": null, "website": null, "wikidata": null, "wikipedia": null, "leisure": "pitch", "sport": "tennis", "indoor": null, "access": null, "addr:city": null, "addr:district": null, "addr:housenumber": null, "addr:postcode": null, "addr:street": null, "name:en": null, "surface": null, "addr:housename": null, "internet_access": null, "name:ja": null, "name:zh": null, "phone": null, "name:ko-Latn": null, "lit": null, "alt_name": null, "tourism": null, "parking": null, "landuse": null, "natural": null, "fixme": null, "area": null, "hoops": null, "leaf_cycle": null, "leaf_type": null, "addr:subdistrict": null, "covered": null, "education": null, "type": null }, "geometry": { "type": "Polygon", "coordinates": [ [ [ 126.8968144, 35.1893982 ], [ 126.8968152, 35.1890628 ], [ 126.8970293, 35.1890632 ], [ 126.8970286, 35.1893985 ], [ 126.8968144, 35.1893982 ] ] ] } },
{ "type": "Feature", "properties": { "element": "way", "id": 1039765723, "amenity": null, "name": null, "name:ko": null, "operator": null, "operator:type": null, "start_date": null, "website": null, "wikidata": null, "wikipedia": null, "leisure": "pitch", "sport": "tennis", "indoor": null, "access": null, "addr:city": null, "addr:district": null, "addr:housenumber": null, "addr:postcode": null, "addr:street": null, "name:en": null, "surface": null, "addr:housename": null, "internet_access": null, "name:ja": null, "name:zh": null, "phone": null, "name:ko-Latn": null, "lit": null, "alt_name": null, "tourism": null, "parking": null, "landuse": null, "natural": null, "fixme": null, "area": null, "hoops": null, "leaf_cycle": null, "leaf_type": null, "addr:subdistrict": null, "covered": null, "education": null, "type": null }, "geometry": { "type": "Polygon", "coordinates": [ [ [ 126.896602, 35.1888951 ], [ 126.8970297, 35.1888957 ], [ 126.8970293, 35.1890632 ], [ 126.8968152, 35.1890628 ], [ 126.8966016, 35.1890625 ], [ 126.896602, 35.1888951 ] ] ] } },
{ "type": "Feature", "properties": { "element": "way", "id": 1039765726, "amenity": null, "name": null, "name:ko": null, "operator": null, "operator:type": null, "start_date": null, "website": null, "wikidata": null, "wikipedia": null, "leisure": "pitch", "sport": null, "indoor": null, "access": null, "addr:city": null, "addr:district": null, "addr:housenumber": null, "addr:postcode": null, "addr:street": null, "name:en": null, "surface": "sand", "addr:housename": null, "internet_access": null, "name:ja": null, "name:zh": null, "phone": null, "name:ko-Latn": null, "lit": null, "alt_name": null, "tourism": null, "parking": null, "landuse": null, "natural": null, "fixme": null, "area": null, "hoops": null, "leaf_cycle": null, "leaf_type": null, "addr:subdistrict": null, "covered": null, "education": null, "type": null }, "geometry": { "type": "Polygon", "coordinates": [ [ [ 126.8973104, 35.1895571 ], [ 126.8977464, 35.1895581 ], [ 126.8977467, 35.1894833 ], [ 126.8982164, 35.1894842 ], [ 126.8982194, 35.1884823 ], [ 126.8973137, 35.1884805 ], [ 126.8973104, 35.1895571 ] ] ] } },
{ "type": "Feature", "properties": { "element": "way", "id": 1039879249, "amenity": null, "name": null, "name:ko": null, "operator": null, "operator:type": null, "start_date": null, "website": null, "wikidata": null, "wikipedia": null, "leisure": "pitch", "sport": "soccer", "indoor": null, "access": null, "addr:city": null, "addr:district": null, "addr:housenumber": null, "addr:postcode": null, "addr:street": null, "name:en": null, "surface": null, "addr:housename": null, "internet_access": null, "name:ja": null, "name:zh": null, "phone": null, "name:ko-Latn": null, "lit": null, "alt_name": null, "tourism": null, "parking": null, "landuse": null, "natural": null, "fixme": null, "area": null, "hoops": null, "leaf_cycle": null, "leaf_type": null, "addr:subdistrict": null, "covered": null, "education": null, "type": null }, "geometry": { "type": "Polygon", "coordinates": [ [ [ 126.8968067, 35.2174805 ], [ 126.8968852, 35.2174747 ], [ 126.897787, 35.2174084 ], [ 126.8977377, 35.2169615 ], [ 126.8967574, 35.2170338 ], [ 126.8968067, 35.2174805 ] ] ] } },
{ "type": "Feature", "properties": { "element": "way", "id": 1039891304, "amenity": null, "name": null, "name:ko": null, "operator": null, "operator:type": null, "start_date": null, "website": null, "wikidata": null, "wikipedia": null, "leisure": "pitch", "sport": null, "indoor": null, "access": null, "addr:city": null, "addr:district": null, "addr:housenumber": null, "addr:postcode": null, "addr:street": null, "name:en": null, "surface": null, "addr:housename": null, "internet_access": null, "name:ja": null, "name:zh": null, "phone": null, "name:ko-Latn": null, "lit": null, "alt_name": null, "tourism": null, "parking": null, "landuse": null, "natural": null, "fixme": null, "area": null, "hoops": null, "leaf_cycle": null, "leaf_type": null, "addr:subdistrict": null, "covered": null, "education": null, "type": null }, "geometry": { "type": "Polygon", "coordinates": [ [ [ 126.893354, 35.2159046 ], [ 126.893648, 35.2159196 ], [ 126.8936196, 35.2162925 ], [ 126.8933256, 35.2162776 ], [ 126.893354, 35.2159046 ] ] ] } },
{ "type": "Feature", "properties": { "element": "way", "id": 1039891329, "amenity": null, "name": null, "name:ko": null, "operator": null, "operator:type": null, "start_date": null, "website": null, "wikidata": null, "wikipedia": null, "leisure": "pitch", "sport": null, "indoor": null, "access": null, "addr:city": null, "addr:district": null, "addr:housenumber": null, "addr:postcode": null, "addr:street": null, "name:en": null, "surface": null, "addr:housename": null, "internet_access": null, "name:ja": null, "name:zh": null, "phone": null, "name:ko-Latn": null, "lit": null, "alt_name": null, "tourism": null, "parking": null, "landuse": null, "natural": null, "fixme": null, "area": null, "hoops": null, "leaf_cycle": null, "leaf_type": null, "addr:subdistrict": null, "covered": null, "education": null, "type": null }, "geometry": { "type": "Polygon", "coordinates": [ [ [ 126.8925786, 35.217516 ], [ 126.8925975, 35.2171603 ], [ 126.8915875, 35.2171246 ], [ 126.8915687, 35.2174803 ], [ 126.8925786, 35.217516 ] ] ] } },
{ "type": "Feature", "properties": { "element": "way", "id": 1047456957, "amenity": null, "name": null, "name:ko": null, "operator": null, "operator:type": null, "start_date": null, "website": null, "wikidata": null, "wikipedia": null, "leisure": "pitch", "sport": "futsal", "indoor": null, "access": null, "addr:city": null, "addr:district": null, "addr:housenumber": null, "addr:postcode": null, "addr:street": null, "name:en": null, "surface": null, "addr:housename": null, "internet_access": null, "name:ja": null, "name:zh": null, "phone": null, "name:ko-Latn": null, "lit": null, "alt_name": null, "tourism": null, "parking": null, "landuse": null, "natural": null, "fixme": null, "area": null, "hoops": null, "leaf_cycle": null, "leaf_type": null, "addr:subdistrict": null, "covered": null, "education": null, "type": null }, "geometry": { "type": "Polygon", "coordinates": [ [ [ 126.9213482, 35.169031 ], [ 126.9213514, 35.169009 ], [ 126.9213918, 35.1687232 ], [ 126.9217024, 35.1687526 ], [ 126.9216588, 35.1690604 ], [ 126.9213482, 35.169031 ] ] ] } },
{ "type": "Feature", "properties": { "element": "way", "id": 1047456958, "amenity": null, "name": null, "name:ko": null, "operator": null, "operator:type": null, "start_date": null, "website": null, "wikidata": null, "wikipedia": null, "leisure": "pitch", "sport": "futsal", "indoor": null, "access": null, "addr:city": null, "addr:district": null, "addr:housenumber": null, "addr:postcode": null, "addr:street": null, "name:en": null, "surface": null, "addr:housename": null, "internet_access": null, "name:ja": null, "name:zh": null, "phone": null, "name:ko-Latn": null, "lit": null, "alt_name": null, "tourism": null, "parking": null, "landuse": null, "natural": null, "fixme": null, "area": null, "hoops": null, "leaf_cycle": null, "leaf_type": null, "addr:subdistrict": null, "covered": null, "education": null, "type": null }, "geometry": { "type": "Polygon", "coordinates": [ [ [ 126.9217024, 35.1687526 ], [ 126.9215592, 35.1687391 ], [ 126.9213918, 35.1687232 ], [ 126.9214305, 35.1684503 ], [ 126.9214345, 35.1684217 ], [ 126.9217451, 35.1684511 ], [ 126.9217097, 35.1687014 ], [ 126.9217024, 35.1687526 ] ] ] } },
{ "type": "Feature", "properties": { "element": "way", "id": 1093110408, "amenity": null, "name": null, "name:ko": null, "operator": null, "operator:type": null, "start_date": null, "website": null, "wikidata": null, "wikipedia": null, "leisure": "park", "sport": null, "indoor": null, "access": null, "addr:city": null, "addr:district": null, "addr:housenumber": null, "addr:postcode": null, "addr:street": null, "name:en": null, "surface": "grass", "addr:housename": null, "internet_access": null, "name:ja": null, "name:zh": null, "phone": null, "name:ko-Latn": null, "lit": null, "alt_name": null, "tourism": null, "parking": null, "landuse": null, "natural": null, "fixme": null, "area": null, "hoops": null, "leaf_cycle": null, "leaf_type": null, "addr:subdistrict": null, "covered": null, "education": null, "type": null }, "geometry": { "type": "Polygon", "coordinates": [ [ [ 126.8642928, 35.234163 ], [ 126.8640822, 35.2342243 ], [ 126.8640286, 35.2348531 ], [ 126.8646696, 35.2348804 ], [ 126.8642928, 35.234163 ] ] ] } },
{ "type": "Feature", "properties": { "element": "way", "id": 1093112006, "amenity": null, "name": null, "name:ko": null, "operator": null, "operator:type": null, "start_date": null, "website": null, "wikidata": null, "wikipedia": null, "leisure": "park", "sport": null, "indoor": null, "access": null, "addr:city": null, "addr:district": null, "addr:housenumber": null, "addr:postcode": null, "addr:street": null, "name:en": null, "surface": null, "addr:housename": null, "internet_access": null, "name:ja": null, "name:zh": null, "phone": null, "name:ko-Latn": null, "lit": null, "alt_name": null, "tourism": null, "parking": null, "landuse": null, "natural": null, "fixme": null, "area": null, "hoops": null, "leaf_cycle": null, "leaf_type": null, "addr:subdistrict": null, "covered": null, "education": null, "type": null }, "geometry": { "type": "Polygon", "coordinates": [ [ [ 126.8657733, 35.2362103 ], [ 126.8654784, 35.2363127 ], [ 126.86578, 35.2368922 ], [ 126.8660749, 35.2367898 ], [ 126.8657733, 35.2362103 ] ] ] } },
{ "type": "Feature", "properties": { "element": "way", "id": 1093267808, "amenity": null, "name": null, "name:ko": null, "operator": null, "operator:type": null, "start_date": null, "website": null, "wikidata": null, "wikipedia": null, "leisure": "park", "sport": null, "indoor": null, "access": null, "addr:city": null, "addr:district": null, "addr:housenumber": null, "addr:postcode": null, "addr:street": null, "name:en": null, "surface": null, "addr:housename": null, "internet_access": null, "name:ja": null, "name:zh": null, "phone": null, "name:ko-Latn": null, "lit": null, "alt_name": null, "tourism": null, "parking": null, "landuse": null, "natural": null, "fixme": null, "area": null, "hoops": null, "leaf_cycle": null, "leaf_type": null, "addr:subdistrict": null, "covered": null, "education": null, "type": null }, "geometry": { "type": "Polygon", "coordinates": [ [ [ 126.8614543, 35.2349365 ], [ 126.8615749, 35.2347161 ], [ 126.8616562, 35.2347238 ], [ 126.8618681, 35.2347282 ], [ 126.8620719, 35.2347238 ], [ 126.8621229, 35.234783 ], [ 126.8619055, 35.2350879 ], [ 126.8618436, 35.2350705 ], [ 126.8619619, 35.2348542 ], [ 126.8617877, 35.2347906 ], [ 126.8616656, 35.2350136 ], [ 126.8614543, 35.2349365 ] ] ] } },
{ "type": "Feature", "properties": { "element": "way", "id": 1093267809, "amenity": null, "name": null, "name:ko": null, "operator": null, "operator:type": null, "start_date": null, "website": null, "wikidata": null, "wikipedia": null, "leisure": "park", "sport": null, "indoor": null, "access": null, "addr:city": null, "addr:district": null, "addr:housenumber": null, "addr:postcode": null, "addr:street": null, "name:en": null, "surface": null, "addr:housename": null, "internet_access": null, "name:ja": null, "name:zh": null, "phone": null, "name:ko-Latn": null, "lit": null, "alt_name": null, "tourism": null, "parking": null, "landuse": null, "natural": null, "fixme": null, "area": null, "hoops": null, "leaf_cycle": null, "leaf_type": null, "addr:subdistrict": null, "covered": null, "education": null, "type": null }, "geometry": { "type": "Polygon", "coordinates": [ [ [ 126.8615125, 35.2350726 ], [ 126.8614309, 35.2352343 ], [ 126.8612747, 35.2351773 ], [ 126.8612579, 35.2351718 ], [ 126.8613413, 35.2350101 ], [ 126.8615125, 35.2350726 ] ] ] } },
{ "type": "Feature", "properties": { "element": "way", "id": 1093267810, "amenity": null, "name": null, "name:ko": null, "operator": null, "operator:type": null, "start_date": null, "website": null, "wikidata": null, "wikipedia": null, "leisure": "park", "sport": null, "indoor": null, "access": null, "addr:city": null, "addr:district": null, "addr:housenumber": null, "addr:postcode": null, "addr:street": null, "name:en": null, "surface": null, "addr:housename": null, "internet_access": null, "name:ja": null, "name:zh": null, "phone": null, "name:ko-Latn": null, "lit": null, "alt_name": null, "tourism": null, "parking": null, "landuse": null, "natural": null, "fixme": null, "area": null, "hoops": null, "leaf_cycle": null, "leaf_type": null, "addr:subdistrict": null, "covered": null, "education": null, "type": null }, "geometry": { "type": "Polygon", "coordinates": [ [ [ 126.8617875, 35.235173 ], [ 126.8615837, 35.2350984 ], [ 126.8614971, 35.2352513 ], [ 126.8617283, 35.2353364 ], [ 126.8618547, 35.2351592 ], [ 126.8618073, 35.2351368 ], [ 126.8617875, 35.235173 ] ] ] } },
{ "type": "Feature", "properties": { "element": "way", "id": 1093268358, "amenity": null, "name": null, "name:ko": null, "operator": null, "operator:type": null, "start_date": null, "website": null, "wikidata": null, "wikipedia": null, "leisure": "park", "sport": null, "indoor": null, "access": null, "addr:city": null, "addr:district": null, "addr:housenumber": null, "addr:postcode": null, "addr:street": null, "name:en": null, "surface": null, "addr:housename": null, "internet_access": null, "name:ja": null, "name:zh": null, "phone": null, "name:ko-Latn": null, "lit": null, "alt_name": null, "tourism": null, "parking": null, "landuse": null, "natural": null, "fixme": null, "area": null, "hoops": null, "leaf_cycle": null, "leaf_type": null, "addr:subdistrict": null, "covered": null, "education": null, "type": null }, "geometry": { "type": "Polygon", "coordinates": [ [ [ 126.8603218, 35.2358586 ], [ 126.8605162, 35.2359298 ], [ 126.8606745, 35.2356414 ], [ 126.8604747, 35.2355683 ], [ 126.8603218, 35.2358586 ] ] ] } },
{ "type": "Feature", "properties": { "element": "way", "id": 1093278308, "amenity": null, "name": null, "name:ko": null, "operator": null, "operator:type": null, "start_date": null, "website": null, "wikidata": null, "wikipedia": null, "leisure": "park", "sport": null, "indoor": null, "access": null, "addr:city": null, "addr:district": null, "addr:housenumber": null, "addr:postcode": null, "addr:street": null, "name:en": null, "surface": "grass", "addr:housename": null, "internet_access": null, "name:ja": null, "name:zh": null, "phone": null, "name:ko-Latn": null, "lit": null, "alt_name": null, "tourism": null, "parking": null, "landuse": null, "natural": null, "fixme": null, "area": null, "hoops": null, "leaf_cycle": null, "leaf_type": null, "addr:subdistrict": null, "covered": null, "education": null, "type": null }, "geometry": { "type": "Polygon", "coordinates": [ [ [ 126.8585421, 35.233268 ], [ 126.8588358, 35.2333721 ], [ 126.8589201, 35.2332103 ], [ 126.8589358, 35.2331802 ], [ 126.8587607, 35.2331968 ], [ 126.8586481, 35.2331979 ], [ 126.8585797, 35.23319 ], [ 126.8585421, 35.233268 ] ] ] } },
{ "type": "Feature", "properties": { "element": "way", "id": 1093278309, "amenity": null, "name": null, "name:ko": null, "operator": null, "operator:type": null, "start_date": null, "website": null, "wikidata": null, "wikipedia": null, "leisure": "park", "sport": null, "indoor": null, "access": null, "addr:city": null, "addr:district": null, "addr:housenumber": null, "addr:postcode": null, "addr:street": null, "name:en": null, "surface": "grass", "addr:housename": null, "internet_access": null, "name:ja": null, "name:zh": null, "phone": null, "name:ko-Latn": null, "lit": null, "alt_name": null, "tourism": null, "parking": null, "landuse": null, "natural": null, "fixme": null, "area": null, "hoops": null, "leaf_cycle": null, "leaf_type": null, "addr:subdistrict": null, "covered": null, "education": null, "type": null }, "geometry": { "type": "Polygon", "coordinates": [ [ [ 126.8584682, 35.2334061 ], [ 126.8587621, 35.2335035 ], [ 126.8586903, 35.2336478 ], [ 126.8584858, 35.2335758 ], [ 126.8584476, 35.2335353 ], [ 126.8584295, 35.2334838 ], [ 126.8584523, 35.2334356 ], [ 126.8584682, 35.2334061 ] ] ] } },
{ "type": "Feature", "properties": { "element": "way", "id": 1093280427, "amenity": null, "name": null, "name:ko": null, "operator": null, "operator:type": null, "start_date": null, "website": null, "wikidata": null, "wikipedia": null, "leisure": "park", "sport": null, "indoor": null, "access": null, "addr:city": null, "addr:district": null, "addr:housenumber": null, "addr:postcode": null, "addr:street": null, "name:en": null, "surface": null, "addr:housename": null, "internet_access": null, "name:ja": null, "name:zh": null, "phone": null, "name:ko-Latn": null, "lit": null, "alt_name": null, "tourism": null, "parking": null, "landuse": null, "natural": null, "fixme": null, "area": null, "hoops": null, "leaf_cycle": null, "leaf_type": null, "addr:subdistrict": null, "covered": null, "education": null, "type": null }, "geometry": { "type": "Polygon", "coordinates": [ [ [ 126.8601847, 35.2334688 ], [ 126.8603808, 35.2335221 ], [ 126.8603153, 35.2336823 ], [ 126.8602306, 35.2336558 ], [ 126.8601876, 35.2336339 ], [ 126.860193, 35.2335736 ], [ 126.8601847, 35.2334688 ] ] ] } },
{ "type": "Feature", "properties": { "element": "way", "id": 1093280632, "amenity": null, "name": null, "name:ko": null, "operator": null, "operator:type": null, "start_date": null, "website": null, "wikidata": null, "wikipedia": null, "leisure": "park", "sport": null, "indoor": null, "access": null, "addr:city": null, "addr:district": null, "addr:housenumber": null, "addr:postcode": null, "addr:street": null, "name:en": null, "surface": "grass", "addr:housename": null, "internet_access": null, "name:ja": null, "name:zh": null, "phone": null, "name:ko-Latn": null, "lit": null, "alt_name": null, "tourism": null, "parking": null, "landuse": null, "natural": null, "fixme": null, "area": null, "hoops": null, "leaf_cycle": null, "leaf_type": null, "addr:subdistrict": null, "covered": null, "education": null, "type": null }, "geometry": { "type": "Polygon", "coordinates": [ [ [ 126.8618131, 35.232843 ], [ 126.8613012, 35.2329154 ], [ 126.8613638, 35.233188 ], [ 126.8616709, 35.2331409 ], [ 126.8616564, 35.2330778 ], [ 126.8617669, 35.2330609 ], [ 126.8617609, 35.2330344 ], [ 126.8618721, 35.2330174 ], [ 126.861836, 35.2328604 ], [ 126.8618131, 35.232843 ] ] ] } },
{ "type": "Feature", "properties": { "element": "way", "id": 1093473146, "amenity": null, "name": null, "name:ko": null, "operator": null, "operator:type": null, "start_date": null, "website": null, "wikidata": null, "wikipedia": null, "leisure": "park", "sport": null, "indoor": null, "access": null, "addr:city": null, "addr:district": null, "addr:housenumber": null, "addr:postcode": null, "addr:street": null, "name:en": null, "surface": null, "addr:housename": null, "internet_access": null, "name:ja": null, "name:zh": null, "phone": null, "name:ko-Latn": null, "lit": null, "alt_name": null, "tourism": null, "parking": null, "landuse": null, "natural": null, "fixme": null, "area": null, "hoops": null, "leaf_cycle": null, "leaf_type": null, "addr:subdistrict": null, "covered": null, "education": null, "type": null }, "geometry": { "type": "Polygon", "coordinates": [ [ [ 126.8644108, 35.2306115 ], [ 126.8643695, 35.2305298 ], [ 126.8643226, 35.2305457 ], [ 126.8642829, 35.2304671 ], [ 126.8641995, 35.2304952 ], [ 126.8641836, 35.2304637 ], [ 126.8640256, 35.230517 ], [ 126.8640414, 35.2305482 ], [ 126.8639786, 35.2305694 ], [ 126.8640597, 35.2307299 ], [ 126.8644108, 35.2306115 ] ] ] } },
{ "type": "Feature", "properties": { "element": "way", "id": 1093473332, "amenity": null, "name": null, "name:ko": null, "operator": null, "operator:type": null, "start_date": null, "website": null, "wikidata": null, "wikipedia": null, "leisure": "park", "sport": null, "indoor": null, "access": null, "addr:city": null, "addr:district": null, "addr:housenumber": null, "addr:postcode": null, "addr:street": null, "name:en": null, "surface": null, "addr:housename": null, "internet_access": null, "name:ja": null, "name:zh": null, "phone": null, "name:ko-Latn": null, "lit": null, "alt_name": null, "tourism": null, "parking": null, "landuse": null, "natural": null, "fixme": null, "area": null, "hoops": null, "leaf_cycle": null, "leaf_type": null, "addr:subdistrict": null, "covered": null, "education": null, "type": null }, "geometry": { "type": "Polygon", "coordinates": [ [ [ 126.8648332, 35.2314123 ], [ 126.864727, 35.2312019 ], [ 126.8645154, 35.2312732 ], [ 126.8646217, 35.2314836 ], [ 126.8648332, 35.2314123 ] ] ] } },
{ "type": "Feature", "properties": { "element": "way", "id": 1093762433, "amenity": null, "name": null, "name:ko": null, "operator": null, "operator:type": null, "start_date": null, "website": null, "wikidata": null, "wikipedia": null, "leisure": "park", "sport": null, "indoor": null, "access": null, "addr:city": null, "addr:district": null, "addr:housenumber": null, "addr:postcode": null, "addr:street": null, "name:en": null, "surface": "grass", "addr:housename": null, "internet_access": null, "name:ja": null, "name:zh": null, "phone": null, "name:ko-Latn": null, "lit": null, "alt_name": null, "tourism": null, "parking": null, "landuse": null, "natural": null, "fixme": null, "area": null, "hoops": null, "leaf_cycle": null, "leaf_type": null, "addr:subdistrict": null, "covered": null, "education": null, "type": null }, "geometry": { "type": "Polygon", "coordinates": [ [ [ 126.8611846, 35.2301921 ], [ 126.8622065, 35.2300214 ], [ 126.861982, 35.2291251 ], [ 126.8609601, 35.2292959 ], [ 126.8611846, 35.2301921 ] ] ] } },
{ "type": "Feature", "properties": { "element": "way", "id": 1094003535, "amenity": null, "name": null, "name:ko": null, "operator": null, "operator:type": null, "start_date": null, "website": null, "wikidata": null, "wikipedia": null, "leisure": "park", "sport": null, "indoor": null, "access": null, "addr:city": null, "addr:district": null, "addr:housenumber": null, "addr:postcode": null, "addr:street": null, "name:en": null, "surface": "grass", "addr:housename": null, "internet_access": null, "name:ja": null, "name:zh": null, "phone": null, "name:ko-Latn": null, "lit": null, "alt_name": null, "tourism": null, "parking": null, "landuse": null, "natural": null, "fixme": null, "area": null, "hoops": null, "leaf_cycle": null, "leaf_type": null, "addr:subdistrict": null, "covered": null, "education": null, "type": null }, "geometry": { "type": "Polygon", "coordinates": [ [ [ 126.8605983, 35.2285774 ], [ 126.8606222, 35.228632 ], [ 126.8606557, 35.228701 ], [ 126.8606892, 35.2287076 ], [ 126.8613249, 35.2286035 ], [ 126.8612511, 35.2283338 ], [ 126.8615285, 35.2282879 ], [ 126.8614818, 35.2281653 ], [ 126.8613987, 35.2282135 ], [ 126.8610862, 35.2283121 ], [ 126.8608327, 35.2283998 ], [ 126.8606998, 35.2284449 ], [ 126.8606875, 35.2284902 ], [ 126.8606231, 35.2285389 ], [ 126.8605983, 35.2285774 ] ] ] } },
{ "type": "Feature", "properties": { "element": "way", "id": 1094004205, "amenity": null, "name": null, "name:ko": null, "operator": null, "operator:type": null, "start_date": null, "website": null, "wikidata": null, "wikipedia": null, "leisure": "park", "sport": null, "indoor": null, "access": null, "addr:city": null, "addr:district": null, "addr:housenumber": null, "addr:postcode": null, "addr:street": null, "name:en": null, "surface": "grass", "addr:housename": null, "internet_access": null, "name:ja": null, "name:zh": null, "phone": null, "name:ko-Latn": null, "lit": null, "alt_name": null, "tourism": null, "parking": null, "landuse": null, "natural": null, "fixme": null, "area": null, "hoops": null, "leaf_cycle": null, "leaf_type": null, "addr:subdistrict": null, "covered": null, "education": null, "type": null }, "geometry": { "type": "Polygon", "coordinates": [ [ [ 126.8642036, 35.2296685 ], [ 126.8640138, 35.2297286 ], [ 126.8639964, 35.2296918 ], [ 126.8639103, 35.229719 ], [ 126.8639, 35.2296973 ], [ 126.8638464, 35.229714 ], [ 126.8637389, 35.2295248 ], [ 126.8637389, 35.2295029 ], [ 126.8637617, 35.2294777 ], [ 126.8640525, 35.2293772 ], [ 126.8642036, 35.2296685 ] ] ] } },
{ "type": "Feature", "properties": { "element": "way", "id": 1094004682, "amenity": null, "name": null, "name:ko": null, "operator": null, "operator:type": null, "start_date": null, "website": null, "wikidata": null, "wikipedia": null, "leisure": "pitch", "sport": "jokgu", "indoor": null, "access": null, "addr:city": null, "addr:district": null, "addr:housenumber": null, "addr:postcode": null, "addr:street": null, "name:en": null, "surface": null, "addr:housename": null, "internet_access": null, "name:ja": null, "name:zh": null, "phone": null, "name:ko-Latn": null, "lit": null, "alt_name": null, "tourism": null, "parking": null, "landuse": null, "natural": null, "fixme": null, "area": null, "hoops": null, "leaf_cycle": null, "leaf_type": null, "addr:subdistrict": null, "covered": null, "education": null, "type": null }, "geometry": { "type": "Polygon", "coordinates": [ [ [ 126.861278, 35.2270468 ], [ 126.8611226, 35.2270899 ], [ 126.8612304, 35.2273493 ], [ 126.8613858, 35.2273062 ], [ 126.861278, 35.2270468 ] ] ] } },
{ "type": "Feature", "properties": { "element": "way", "id": 1094004683, "amenity": null, "name": null, "name:ko": null, "operator": null, "operator:type": null, "start_date": null, "website": null, "wikidata": null, "wikipedia": null, "leisure": "park", "sport": null, "indoor": null, "access": null, "addr:city": null, "addr:district": null, "addr:housenumber": null, "addr:postcode": null, "addr:street": null, "name:en": null, "surface": null, "addr:housename": null, "internet_access": null, "name:ja": null, "name:zh": null, "phone": null, "name:ko-Latn": null, "lit": null, "alt_name": null, "tourism": null, "parking": null, "landuse": null, "natural": null, "fixme": null, "area": null, "hoops": null, "leaf_cycle": null, "leaf_type": null, "addr:subdistrict": null, "covered": null, "education": null, "type": null }, "geometry": { "type": "Polygon", "coordinates": [ [ [ 126.861278, 35.2270468 ], [ 126.8611226, 35.2270899 ], [ 126.8609985, 35.2271244 ], [ 126.8611047, 35.2273799 ], [ 126.8609196, 35.2274313 ], [ 126.861158, 35.2280084 ], [ 126.8612431, 35.2279769 ], [ 126.8614282, 35.2279115 ], [ 126.8613561, 35.2277391 ], [ 126.8615441, 35.227687 ], [ 126.8613858, 35.2273062 ], [ 126.861278, 35.2270468 ] ] ] } },
{ "type": "Feature", "properties": { "element": "way", "id": 1094005885, "amenity": null, "name": null, "name:ko": null, "operator": null, "operator:type": null, "start_date": null, "website": null, "wikidata": null, "wikipedia": null, "leisure": "park", "sport": null, "indoor": null, "access": null, "addr:city": null, "addr:district": null, "addr:housenumber": null, "addr:postcode": null, "addr:street": null, "name:en": null, "surface": "grass", "addr:housename": null, "internet_access": null, "name:ja": null, "name:zh": null, "phone": null, "name:ko-Latn": null, "lit": null, "alt_name": null, "tourism": null, "parking": null, "landuse": null, "natural": null, "fixme": null, "area": null, "hoops": null, "leaf_cycle": null, "leaf_type": null, "addr:subdistrict": null, "covered": null, "education": null, "type": null }, "geometry": { "type": "Polygon", "coordinates": [ [ [ 126.8609011, 35.2245852 ], [ 126.8611836, 35.2245138 ], [ 126.8612215, 35.2244731 ], [ 126.8612552, 35.2244274 ], [ 126.8612683, 35.2243602 ], [ 126.8612592, 35.2243365 ], [ 126.8608463, 35.2244452 ], [ 126.8609011, 35.2245852 ] ] ] } },
{ "type": "Feature", "properties": { "element": "way", "id": 1094213806, "amenity": null, "name": null, "name:ko": null, "operator": null, "operator:type": null, "start_date": null, "website": null, "wikidata": null, "wikipedia": null, "leisure": "park", "sport": null, "indoor": null, "access": null, "addr:city": null, "addr:district": null, "addr:housenumber": null, "addr:postcode": null, "addr:street": null, "name:en": null, "surface": null, "addr:housename": null, "internet_access": null, "name:ja": null, "name:zh": null, "phone": null, "name:ko-Latn": null, "lit": null, "alt_name": null, "tourism": null, "parking": null, "landuse": null, "natural": null, "fixme": null, "area": null, "hoops": null, "leaf_cycle": null, "leaf_type": null, "addr:subdistrict": null, "covered": null, "education": null, "type": null }, "geometry": { "type": "Polygon", "coordinates": [ [ [ 126.8708724, 35.1948905 ], [ 126.8716189, 35.1948779 ], [ 126.8720549, 35.1948667 ], [ 126.8721364, 35.1951498 ], [ 126.8720511, 35.1951107 ], [ 126.8716849, 35.1950297 ], [ 126.8716303, 35.1950294 ], [ 126.8716144, 35.195396 ], [ 126.8707941, 35.1954042 ], [ 126.8707904, 35.1949603 ], [ 126.8708724, 35.1948905 ] ] ] } },
{ "type": "Feature", "properties": { "element": "way", "id": 1095283660, "amenity": null, "name": null, "name:ko": null, "operator": null, "operator:type": null, "start_date": null, "website": null, "wikidata": null, "wikipedia": null, "leisure": "park", "sport": null, "indoor": null, "access": null, "addr:city": null, "addr:district": null, "addr:housenumber": null, "addr:postcode": null, "addr:street": null, "name:en": null, "surface": "grass", "addr:housename": null, "internet_access": null, "name:ja": null, "name:zh": null, "phone": null, "name:ko-Latn": null, "lit": null, "alt_name": null, "tourism": null, "parking": null, "landuse": null, "natural": null, "fixme": null, "area": null, "hoops": null, "leaf_cycle": null, "leaf_type": null, "addr:subdistrict": null, "covered": null, "education": null, "type": null }, "geometry": { "type": "Polygon", "coordinates": [ [ [ 126.8548627, 35.2289208 ], [ 126.85518, 35.2290341 ], [ 126.8552256, 35.2289686 ], [ 126.8553168, 35.2289924 ], [ 126.8552749, 35.2290656 ], [ 126.8554807, 35.2291372 ], [ 126.8555991, 35.2289102 ], [ 126.8558144, 35.2289082 ], [ 126.8558857, 35.228933 ], [ 126.8559088, 35.2288887 ], [ 126.8559559, 35.2288762 ], [ 126.8565012, 35.2288781 ], [ 126.8565077, 35.2289201 ], [ 126.8565077, 35.228965 ], [ 126.8565814, 35.2290034 ], [ 126.8568711, 35.229011 ], [ 126.8574062, 35.2290001 ], [ 126.8575846, 35.2290669 ], [ 126.8579398, 35.2292029 ], [ 126.8578642, 35.2288798 ], [ 126.8577721, 35.2288124 ], [ 126.8548647, 35.2288302 ], [ 126.8548627, 35.2289208 ] ] ] } },
{ "type": "Feature", "properties": { "element": "way", "id": 1095287788, "amenity": null, "name": null, "name:ko": null, "operator": null, "operator:type": null, "start_date": null, "website": null, "wikidata": null, "wikipedia": null, "leisure": "park", "sport": null, "indoor": null, "access": null, "addr:city": null, "addr:district": null, "addr:housenumber": null, "addr:postcode": null, "addr:street": null, "name:en": null, "surface": null, "addr:housename": null, "internet_access": null, "name:ja": null, "name:zh": null, "phone": null, "name:ko-Latn": null, "lit": null, "alt_name": null, "tourism": null, "parking": null, "landuse": null, "natural": null, "fixme": null, "area": null, "hoops": null, "leaf_cycle": null, "leaf_type": null, "addr:subdistrict": null, "covered": null, "education": null, "type": null }, "geometry": { "type": "Polygon", "coordinates": [ [ [ 126.8531023, 35.2234151 ], [ 126.8531495, 35.2252403 ], [ 126.853222, 35.2252819 ], [ 126.853329, 35.225317 ], [ 126.8543556, 35.2253124 ], [ 126.8543592, 35.2234177 ], [ 126.8531023, 35.2234151 ] ] ] } },
{ "type": "Feature", "properties": { "element": "way", "id": 1095287789, "amenity": null, "name": null, "name:ko": null, "operator": null, "operator:type": null, "start_date": null, "website": null, "wikidata": null, "wikipedia": null, "leisure": "pitch", "sport": "golf", "indoor": null, "access": null, "addr:city": null, "addr:district": null, "addr:housenumber": null, "addr:postcode": null, "addr:street": null, "name:en": null, "surface": "artificial_turf", "addr:housename": null, "internet_access": null, "name:ja": null, "name:zh": null, "phone": null, "name:ko-Latn": null, "lit": null, "alt_name": null, "tourism": null, "parking": null, "landuse": null, "natural": null, "fixme": null, "area": null, "hoops": null, "leaf_cycle": null, "leaf_type": null, "addr:subdistrict": null, "covered": null, "education": null, "type": null }, "geometry": { "type": "Polygon", "coordinates": [ [ [ 126.856281, 35.223723 ], [ 126.8562795, 35.22393 ], [ 126.8564109, 35.2239307 ], [ 126.8564124, 35.2237236 ], [ 126.856281, 35.223723 ] ] ] } },
{ "type": "Feature", "properties": { "element": "way", "id": 1095287790, "amenity": null, "name": null, "name:ko": null, "operator": null, "operator:type": null, "start_date": null, "website": null, "wikidata": null, "wikipedia": null, "leisure": "pitch", "sport": "jokgu", "indoor": null, "access": null, "addr:city": null, "addr:district": null, "addr:housenumber": null, "addr:postcode": null, "addr:street": null, "name:en": null, "surface": "artificial_turf", "addr:housename": null, "internet_access": null, "name:ja": null, "name:zh": null, "phone": null, "name:ko-Latn": null, "lit": null, "alt_name": null, "tourism": null, "parking": null, "landuse": null, "natural": null, "fixme": null, "area": null, "hoops": null, "leaf_cycle": null, "leaf_type": null, "addr:subdistrict": null, "covered": null, "education": null, "type": null }, "geometry": { "type": "Polygon", "coordinates": [ [ [ 126.856281, 35.223723 ], [ 126.8560181, 35.2237217 ], [ 126.8560155, 35.2240801 ], [ 126.8562784, 35.2240814 ], [ 126.8562795, 35.22393 ], [ 126.856281, 35.223723 ] ] ] } },
{ "type": "Feature", "properties": { "element": "way", "id": 1095511387, "amenity": null, "name": null, "name:ko": null, "operator": null, "operator:type": null, "start_date": null, "website": null, "wikidata": null, "wikipedia": null, "leisure": "park", "sport": null, "indoor": null, "access": null, "addr:city": null, "addr:district": null, "addr:housenumber": null, "addr:postcode": null, "addr:street": null, "name:en": null, "surface": "grass", "addr:housename": null, "internet_access": null, "name:ja": null, "name:zh": null, "phone": null, "name:ko-Latn": null, "lit": null, "alt_name": null, "tourism": null, "parking": null, "landuse": null, "natural": null, "fixme": null, "area": null, "hoops": null, "leaf_cycle": null, "leaf_type": null, "addr:subdistrict": null, "covered": null, "education": null, "type": null }, "geometry": { "type": "Polygon", "coordinates": [ [ [ 126.8641871, 35.2054656 ], [ 126.8638448, 35.2054657 ], [ 126.8638447, 35.205071 ], [ 126.8640648, 35.2050712 ], [ 126.8641828, 35.2051709 ], [ 126.8641871, 35.2054656 ] ] ] } },
{ "type": "Feature", "properties": { "element": "way", "id": 1095512048, "amenity": null, "name": null, "name:ko": null, "operator": null, "operator:type": null, "start_date": null, "website": null, "wikidata": null, "wikipedia": null, "leisure": "pitch", "sport": "soccer", "indoor": null, "access": null, "addr:city": null, "addr:district": null, "addr:housenumber": null, "addr:postcode": null, "addr:street": null, "name:en": null, "surface": "grass", "addr:housename": null, "internet_access": null, "name:ja": null, "name:zh": null, "phone": null, "name:ko-Latn": null, "lit": null, "alt_name": null, "tourism": null, "parking": null, "landuse": null, "natural": null, "fixme": null, "area": null, "hoops": null, "leaf_cycle": null, "leaf_type": null, "addr:subdistrict": null, "covered": null, "education": null, "type": null }, "geometry": { "type": "Polygon", "coordinates": [ [ [ 126.8584402, 35.2046361 ], [ 126.8584406, 35.2043288 ], [ 126.8578568, 35.2043282 ], [ 126.8578564, 35.2046356 ], [ 126.8584402, 35.2046361 ] ] ] } },
{ "type": "Feature", "properties": { "element": "way", "id": 1095513255, "amenity": null, "name": null, "name:ko": null, "operator": null, "operator:type": null, "start_date": null, "website": null, "wikidata": null, "wikipedia": null, "leisure": "park", "sport": null, "indoor": null, "access": null, "addr:city": null, "addr:district": null, "addr:housenumber": null, "addr:postcode": null, "addr:street": null, "name:en": null, "surface": null, "addr:housename": null, "internet_access": null, "name:ja": null, "name:zh": null, "phone": null, "name:ko-Latn": null, "lit": null, "alt_name": null, "tourism": null, "parking": null, "landuse": null, "natural": null, "fixme": null, "area": null, "hoops": null, "leaf_cycle": null, "leaf_type": null, "addr:subdistrict": null, "covered": null, "education": null, "type": null }, "geometry": { "type": "Polygon", "coordinates": [ [ [ 126.8588818, 35.2043227 ], [ 126.8594661, 35.2043249 ], [ 126.859467, 35.2041671 ], [ 126.8588829, 35.2041649 ], [ 126.8588814, 35.2042734 ], [ 126.8588818, 35.2043227 ] ] ] } },
{ "type": "Feature", "properties": { "element": "way", "id": 1095513964, "amenity": null, "name": null, "name:ko": null, "operator": null, "operator:type": null, "start_date": null, "website": null, "wikidata": null, "wikipedia": null, "leisure": "park", "sport": null, "indoor": null, "access": null, "addr:city": null, "addr:district": null, "addr:housenumber": null, "addr:postcode": null, "addr:street": null, "name:en": null, "surface": null, "addr:housename": null, "internet_access": null, "name:ja": null, "name:zh": null, "phone": null, "name:ko-Latn": null, "lit": null, "alt_name": null, "tourism": null, "parking": null, "landuse": null, "natural": null, "fixme": null, "area": null, "hoops": null, "leaf_cycle": null, "leaf_type": null, "addr:subdistrict": null, "covered": null, "education": null, "type": null }, "geometry": { "type": "Polygon", "coordinates": [ [ [ 126.8592938, 35.2008148 ], [ 126.8592945, 35.2009378 ], [ 126.8589039, 35.2009381 ], [ 126.8588948, 35.2009381 ], [ 126.8588948, 35.2009179 ], [ 126.859037, 35.2008155 ], [ 126.8592938, 35.2008148 ] ] ] } },
{ "type": "Feature", "properties": { "element": "way", "id": 1095514602, "amenity": null, "name": null, "name:ko": null, "operator": null, "operator:type": null, "start_date": null, "website": null, "wikidata": null, "wikipedia": null, "leisure": "park", "sport": null, "indoor": null, "access": null, "addr:city": null, "addr:district": null, "addr:housenumber": null, "addr:postcode": null, "addr:street": null, "name:en": null, "surface": null, "addr:housename": null, "internet_access": null, "name:ja": null, "name:zh": null, "phone": null, "name:ko-Latn": null, "lit": null, "alt_name": null, "tourism": null, "parking": null, "landuse": null, "natural": "wood", "fixme": null, "area": null, "hoops": null, "leaf_cycle": "deciduous", "leaf_type": "broadleaved", "addr:subdistrict": null, "covered": null, "education": null, "type": null }, "geometry": { "type": "Polygon", "coordinates": [ [ [ 126.861632, 35.205071 ], [ 126.8614805, 35.2050712 ], [ 126.8614805, 35.2059017 ], [ 126.8616374, 35.2059019 ], [ 126.861632, 35.205071 ] ] ] } },
{ "type": "Feature", "properties": { "element": "way", "id": 1095517049, "amenity": null, "name": null, "name:ko": null, "operator": null, "operator:type": null, "start_date": null, "website": null, "wikidata": null, "wikipedia": null, "leisure": "park", "sport": null, "indoor": null, "access": null, "addr:city": null, "addr:district": null, "addr:housenumber": null, "addr:postcode": null, "addr:street": null, "name:en": null, "surface": "grass", "addr:housename": null, "internet_access": null, "name:ja": null, "name:zh": null, "phone": null, "name:ko-Latn": null, "lit": null, "alt_name": null, "tourism": null, "parking": null, "landuse": null, "natural": null, "fixme": null, "area": null, "hoops": null, "leaf_cycle": null, "leaf_type": null, "addr:subdistrict": null, "covered": null, "education": null, "type": null }, "geometry": { "type": "Polygon", "coordinates": [ [ [ 126.8599704, 35.2000939 ], [ 126.8599704, 35.1998856 ], [ 126.8592355, 35.1998856 ], [ 126.8592355, 35.2001804 ], [ 126.8597196, 35.2001804 ], [ 126.8597196, 35.2000939 ], [ 126.8599704, 35.2000939 ] ] ] } },
{ "type": "Feature", "properties": { "element": "way", "id": 1095521635, "amenity": null, "name": null, "name:ko": null, "operator": null, "operator:type": null, "start_date": null, "website": null, "wikidata": null, "wikipedia": null, "leisure": "park", "sport": null, "indoor": null, "access": null, "addr:city": null, "addr:district": null, "addr:housenumber": null, "addr:postcode": null, "addr:street": null, "name:en": null, "surface": null, "addr:housename": null, "internet_access": null, "name:ja": null, "name:zh": null, "phone": null, "name:ko-Latn": null, "lit": null, "alt_name": null, "tourism": null, "parking": null, "landuse": null, "natural": null, "fixme": null, "area": null, "hoops": null, "leaf_cycle": null, "leaf_type": null, "addr:subdistrict": null, "covered": null, "education": null, "type": null }, "geometry": { "type": "Polygon", "coordinates": [ [ [ 126.8621558, 35.196854 ], [ 126.8621497, 35.1965464 ], [ 126.8618493, 35.1965409 ], [ 126.8618627, 35.1968555 ], [ 126.8621558, 35.196854 ] ] ] } },
{ "type": "Feature", "properties": { "element": "way", "id": 1095521640, "amenity": null, "name": null, "name:ko": null, "operator": null, "operator:type": null, "start_date": null, "website": null, "wikidata": null, "wikipedia": null, "leisure": "pitch", "sport": "soccer", "indoor": null, "access": null, "addr:city": null, "addr:district": null, "addr:housenumber": null, "addr:postcode": null, "addr:street": null, "name:en": null, "surface": "sand", "addr:housename": null, "internet_access": null, "name:ja": null, "name:zh": null, "phone": null, "name:ko-Latn": null, "lit": null, "alt_name": null, "tourism": null, "parking": null, "landuse": null, "natural": null, "fixme": null, "area": null, "hoops": null, "leaf_cycle": null, "leaf_type": null, "addr:subdistrict": null, "covered": null, "education": null, "type": null }, "geometry": { "type": "Polygon", "coordinates": [ [ [ 126.8627639, 35.1966122 ], [ 126.8629222, 35.1974122 ], [ 126.8625064, 35.1974385 ], [ 126.8623938, 35.1974506 ], [ 126.8621685, 35.1974747 ], [ 126.8621665, 35.1973815 ], [ 126.8621558, 35.196854 ], [ 126.8621497, 35.1965464 ], [ 126.8627572, 35.1965388 ], [ 126.8627639, 35.1966122 ] ] ] } },
{ "type": "Feature", "properties": { "element": "way", "id": 1095528408, "amenity": null, "name": null, "name:ko": null, "operator": null, "operator:type": null, "start_date": null, "website": null, "wikidata": null, "wikipedia": null, "leisure": "park", "sport": null, "indoor": null, "access": null, "addr:city": null, "addr:district": null, "addr:housenumber": null, "addr:postcode": null, "addr:street": null, "name:en": null, "surface": "grass", "addr:housename": null, "internet_access": null, "name:ja": null, "name:zh": null, "phone": null, "name:ko-Latn": null, "lit": null, "alt_name": null, "tourism": null, "parking": null, "landuse": null, "natural": null, "fixme": null, "area": null, "hoops": null, "leaf_cycle": null, "leaf_type": null, "addr:subdistrict": null, "covered": null, "education": null, "type": null }, "geometry": { "type": "Polygon", "coordinates": [ [ [ 126.8605658, 35.2025343 ], [ 126.8608864, 35.2025365 ], [ 126.8608869, 35.2024828 ], [ 126.8610594, 35.202484 ], [ 126.861062, 35.2022319 ], [ 126.8614666, 35.2022346 ], [ 126.8614712, 35.2017092 ], [ 126.8612189, 35.2017077 ], [ 126.8612168, 35.2019557 ], [ 126.8607995, 35.2019534 ], [ 126.8607989, 35.2019863 ], [ 126.8605465, 35.2019848 ], [ 126.8605471, 35.2022856 ], [ 126.8605658, 35.2025102 ], [ 126.8605658, 35.2025343 ] ] ] } },
{ "type": "Feature", "properties": { "element": "way", "id": 1095528425, "amenity": null, "name": null, "name:ko": null, "operator": null, "operator:type": null, "start_date": null, "website": null, "wikidata": null, "wikipedia": null, "leisure": "park", "sport": null, "indoor": null, "access": null, "addr:city": null, "addr:district": null, "addr:housenumber": null, "addr:postcode": null, "addr:street": null, "name:en": null, "surface": null, "addr:housename": null, "internet_access": null, "name:ja": null, "name:zh": null, "phone": null, "name:ko-Latn": null, "lit": null, "alt_name": null, "tourism": null, "parking": null, "landuse": null, "natural": "wood", "fixme": null, "area": null, "hoops": null, "leaf_cycle": "deciduous", "leaf_type": "broadleaved", "addr:subdistrict": null, "covered": null, "education": null, "type": null }, "geometry": { "type": "Polygon", "coordinates": [ [ [ 126.8616468, 35.2049342 ], [ 126.8614429, 35.2049351 ], [ 126.8614791, 35.2008106 ], [ 126.8616414, 35.2008109 ], [ 126.8616468, 35.2049342 ] ] ] } },
{ "type": "Feature", "properties": { "element": "way", "id": 1095532014, "amenity": null, "name": null, "name:ko": null, "operator": null, "operator:type": null, "start_date": null, "website": null, "wikidata": null, "wikipedia": null, "leisure": "park", "sport": null, "indoor": null, "access": null, "addr:city": null, "addr:district": null, "addr:housenumber": null, "addr:postcode": null, "addr:street": null, "name:en": null, "surface": "grass", "addr:housename": null, "internet_access": null, "name:ja": null, "name:zh": null, "phone": null, "name:ko-Latn": null, "lit": null, "alt_name": null, "tourism": null, "parking": null, "landuse": null, "natural": null, "fixme": null, "area": null, "hoops": null, "leaf_cycle": null, "leaf_type": null, "addr:subdistrict": null, "covered": null, "education": null, "type": null }, "geometry": { "type": "Polygon", "coordinates": [ [ [ 126.862562, 35.2010451 ], [ 126.862088, 35.2010495 ], [ 126.8620847, 35.2008115 ], [ 126.8622194, 35.2008117 ], [ 126.8624527, 35.2008112 ], [ 126.8625627, 35.2009125 ], [ 126.862562, 35.2010451 ] ] ] } },
{ "type": "Feature", "properties": { "element": "way", "id": 1095532015, "amenity": null, "name": null, "name:ko": null, "operator": null, "operator:type": null, "start_date": null, "website": null, "wikidata": null, "wikipedia": null, "leisure": "park", "sport": null, "indoor": null, "access": null, "addr:city": null, "addr:district": null, "addr:housenumber": null, "addr:postcode": null, "addr:street": null, "name:en": null, "surface": "grass", "addr:housename": null, "internet_access": null, "name:ja": null, "name:zh": null, "phone": null, "name:ko-Latn": null, "lit": null, "alt_name": null, "tourism": null, "parking": null, "landuse": null, "natural": null, "fixme": null, "area": null, "hoops": null, "leaf_cycle": null, "leaf_type": null, "addr:subdistrict": null, "covered": null, "education": null, "type": null }, "geometry": { "type": "Polygon", "coordinates": [ [ [ 126.8625614, 35.2011579 ], [ 126.8625346, 35.2011558 ], [ 126.8625064, 35.2011831 ], [ 126.8621752, 35.2011853 ], [ 126.8621769, 35.2013596 ], [ 126.8625603, 35.201357 ], [ 126.8625614, 35.2011579 ] ] ] } },
{ "type": "Feature", "properties": { "element": "way", "id": 1095534648, "amenity": null, "name": null, "name:ko": null, "operator": null, "operator:type": null, "start_date": null, "website": null, "wikidata": null, "wikipedia": null, "leisure": "park", "sport": null, "indoor": null, "access": null, "addr:city": null, "addr:district": null, "addr:housenumber": null, "addr:postcode": null, "addr:street": null, "name:en": null, "surface": null, "addr:housename": null, "internet_access": null, "name:ja": null, "name:zh": null, "phone": null, "name:ko-Latn": null, "lit": null, "alt_name": null, "tourism": null, "parking": null, "landuse": null, "natural": "wood", "fixme": null, "area": null, "hoops": null, "leaf_cycle": "deciduous", "leaf_type": "broadleaved", "addr:subdistrict": null, "covered": null, "education": null, "type": null }, "geometry": { "type": "Polygon", "coordinates": [ [ [ 126.861459, 35.1979514 ], [ 126.8612927, 35.1979459 ], [ 126.8613021, 35.1990824 ], [ 126.8613799, 35.1990615 ], [ 126.861451, 35.1990517 ], [ 126.861459, 35.1979514 ] ] ] } },
{ "type": "Feature", "properties": { "element": "way", "id": 1095535036, "amenity": null, "name": null, "name:ko": null, "operator": null, "operator:type": null, "start_date": null, "website": null, "wikidata": null, "wikipedia": null, "leisure": "park", "sport": null, "indoor": null, "access": null, "addr:city": null, "addr:district": null, "addr:housenumber": null, "addr:postcode": null, "addr:street": null, "name:en": null, "surface": null, "addr:housename": null, "internet_access": null, "name:ja": null, "name:zh": null, "phone": null, "name:ko-Latn": null, "lit": null, "alt_name": null, "tourism": null, "parking": null, "landuse": null, "natural": "wood", "fixme": null, "area": null, "hoops": null, "leaf_cycle": "deciduous", "leaf_type": "broadleaved", "addr:subdistrict": null, "covered": null, "education": null, "type": null }, "geometry": { "type": "Polygon", "coordinates": [ [ [ 126.8645006, 35.2008193 ], [ 126.8646213, 35.200816 ], [ 126.8646964, 35.2008621 ], [ 126.864734, 35.2008884 ], [ 126.8647635, 35.200987 ], [ 126.8649405, 35.2020445 ], [ 126.8652034, 35.2034406 ], [ 126.8654716, 35.2046898 ], [ 126.8656996, 35.2057352 ], [ 126.8657425, 35.2059073 ], [ 126.8657425, 35.2059982 ], [ 126.8656848, 35.206076 ], [ 126.865599, 35.2061111 ], [ 126.8654729, 35.2061133 ], [ 126.8646844, 35.2061111 ], [ 126.8645892, 35.2060936 ], [ 126.8645382, 35.2060234 ], [ 126.8645329, 35.2059106 ], [ 126.8654607, 35.2059134 ], [ 126.8655512, 35.2059044 ], [ 126.865253, 35.2043896 ], [ 126.8647828, 35.2021513 ], [ 126.8645006, 35.2008193 ] ] ] } },
{ "type": "Feature", "properties": { "element": "way", "id": 1095864918, "amenity": null, "name": null, "name:ko": null, "operator": null, "operator:type": null, "start_date": null, "website": null, "wikidata": null, "wikipedia": null, "leisure": "pitch", "sport": "jokgu", "indoor": null, "access": null, "addr:city": null, "addr:district": null, "addr:housenumber": null, "addr:postcode": null, "addr:street": null, "name:en": null, "surface": null, "addr:housename": null, "internet_access": null, "name:ja": null, "name:zh": null, "phone": null, "name:ko-Latn": null, "lit": null, "alt_name": null, "tourism": null, "parking": null, "landuse": null, "natural": null, "fixme": null, "area": null, "hoops": null, "leaf_cycle": null, "leaf_type": null, "addr:subdistrict": null, "covered": null, "education": null, "type": null }, "geometry": { "type": "Polygon", "coordinates": [ [ [ 126.8788776, 35.2030429 ], [ 126.8790752, 35.2030415 ], [ 126.879073, 35.2028297 ], [ 126.8788753, 35.2028311 ], [ 126.8788776, 35.2030429 ] ] ] } },
{ "type": "Feature", "properties": { "element": "way", "id": 1095864919, "amenity": null, "name": null, "name:ko": null, "operator": null, "operator:type": null, "start_date": null, "website": null, "wikidata": null, "wikipedia": null, "leisure": "pitch", "sport": "basketball", "indoor": null, "access": null, "addr:city": null, "addr:district": null, "addr:housenumber": null, "addr:postcode": null, "addr:street": null, "name:en": null, "surface": null, "addr:housename": null, "internet_access": null, "name:ja": null, "name:zh": null, "phone": null, "name:ko-Latn": null, "lit": null, "alt_name": null, "tourism": null, "parking": null, "landuse": null, "natural": null, "fixme": null, "area": null, "hoops": null, "leaf_cycle": null, "leaf_type": null, "addr:subdistrict": null, "covered": null, "education": null, "type": null }, "geometry": { "type": "Polygon", "coordinates": [ [ [ 126.8788753, 35.2028311 ], [ 126.8783806, 35.2028346 ], [ 126.8783828, 35.2030464 ], [ 126.8788776, 35.2030429 ], [ 126.8788753, 35.2028311 ] ] ] } },
{ "type": "Feature", "properties": { "element": "way", "id": 1095866514, "amenity": null, "name": null, "name:ko": null, "operator": null, "operator:type": null, "start_date": null, "website": null, "wikidata": null, "wikipedia": null, "leisure": "pitch", "sport": "soccer", "indoor": null, "access": null, "addr:city": null, "addr:district": null, "addr:housenumber": null, "addr:postcode": null, "addr:street": null, "name:en": null, "surface": "grass", "addr:housename": null, "internet_access": null, "name:ja": null, "name:zh": null, "phone": null, "name:ko-Latn": null, "lit": null, "alt_name": null, "tourism": null, "parking": null, "landuse": null, "natural": null, "fixme": null, "area": null, "hoops": null, "leaf_cycle": null, "leaf_type": null, "addr:subdistrict": null, "covered": null, "education": null, "type": null }, "geometry": { "type": "Polygon", "coordinates": [ [ [ 126.8774772, 35.2011919 ], [ 126.8757042, 35.2012073 ], [ 126.8751785, 35.2012083 ], [ 126.8751208, 35.2012347 ], [ 126.8750806, 35.2012555 ], [ 126.8750519, 35.2012873 ], [ 126.8749897, 35.2014451 ], [ 126.874972, 35.20149 ], [ 126.8750526, 35.2015231 ], [ 126.8757052, 35.2015218 ], [ 126.8757072, 35.2021541 ], [ 126.8774792, 35.2021371 ], [ 126.8774772, 35.2011919 ] ] ] } },
{ "type": "Feature", "properties": { "element": "way", "id": 1095866515, "amenity": null, "name": null, "name:ko": null, "operator": null, "operator:type": null, "start_date": null, "website": null, "wikidata": null, "wikipedia": null, "leisure": "pitch", "sport": "baseball", "indoor": null, "access": null, "addr:city": null, "addr:district": null, "addr:housenumber": null, "addr:postcode": null, "addr:street": null, "name:en": null, "surface": "grass", "addr:housename": null, "internet_access": null, "name:ja": null, "name:zh": null, "phone": null, "name:ko-Latn": null, "lit": null, "alt_name": null, "tourism": null, "parking": null, "landuse": null, "natural": null, "fixme": null, "area": null, "hoops": null, "leaf_cycle": null, "leaf_type": null, "addr:subdistrict": null, "covered": null, "education": null, "type": null }, "geometry": { "type": "Polygon", "coordinates": [ [ [ 126.8774772, 35.2011919 ], [ 126.8775657, 35.2011788 ], [ 126.8777373, 35.2011722 ], [ 126.8779412, 35.2011853 ], [ 126.8781316, 35.2012379 ], [ 126.8783274, 35.2013475 ], [ 126.8785179, 35.2014812 ], [ 126.8785983, 35.201604 ], [ 126.8786493, 35.2017574 ], [ 126.8786681, 35.2019152 ], [ 126.878652, 35.2020226 ], [ 126.87855, 35.2021356 ], [ 126.8774792, 35.2021371 ], [ 126.8774772, 35.2011919 ] ] ] } },
{ "type": "Feature", "properties": { "element": "way", "id": 1095869773, "amenity": null, "name": null, "name:ko": null, "operator": null, "operator:type": null, "start_date": null, "website": null, "wikidata": null, "wikipedia": null, "leisure": "park", "sport": null, "indoor": null, "access": null, "addr:city": null, "addr:district": null, "addr:housenumber": null, "addr:postcode": null, "addr:street": null, "name:en": null, "surface": "grass", "addr:housename": null, "internet_access": null, "name:ja": null, "name:zh": null, "phone": null, "name:ko-Latn": null, "lit": null, "alt_name": null, "tourism": null, "parking": null, "landuse": null, "natural": null, "fixme": null, "area": null, "hoops": null, "leaf_cycle": null, "leaf_type": null, "addr:subdistrict": null, "covered": null, "education": null, "type": null }, "geometry": { "type": "Polygon", "coordinates": [ [ [ 126.8756197, 35.2027086 ], [ 126.8764995, 35.2026943 ], [ 126.8771473, 35.2026899 ], [ 126.8771461, 35.2025793 ], [ 126.8773538, 35.2025779 ], [ 126.877355, 35.2026968 ], [ 126.878212, 35.202691 ], [ 126.8782114, 35.2026352 ], [ 126.8794242, 35.202627 ], [ 126.8794288, 35.2030768 ], [ 126.8800682, 35.2030725 ], [ 126.8800641, 35.2026702 ], [ 126.8810526, 35.2026635 ], [ 126.8810465, 35.2020588 ], [ 126.8810552, 35.2020226 ], [ 126.8810539, 35.2018955 ], [ 126.8799582, 35.201902 ], [ 126.8799582, 35.2011525 ], [ 126.8781799, 35.2011678 ], [ 126.8779412, 35.2011853 ], [ 126.8781316, 35.2012379 ], [ 126.8783274, 35.2013475 ], [ 126.8785179, 35.2014812 ], [ 126.8785983, 35.201604 ], [ 126.8786493, 35.2017574 ], [ 126.8786681, 35.2019152 ], [ 126.878652, 35.2020226 ], [ 126.87855, 35.2021356 ], [ 126.8774792, 35.2021371 ], [ 126.8757072, 35.2021541 ], [ 126.8756198, 35.2021537 ], [ 126.8756197, 35.2027086 ] ] ] } },
{ "type": "Feature", "properties": { "element": "way", "id": 1095869774, "amenity": null, "name": null, "name:ko": null, "operator": null, "operator:type": null, "start_date": null, "website": null, "wikidata": null, "wikipedia": null, "leisure": "park", "sport": null, "indoor": null, "access": null, "addr:city": null, "addr:district": null, "addr:housenumber": null, "addr:postcode": null, "addr:street": null, "name:en": null, "surface": "grass", "addr:housename": null, "internet_access": null, "name:ja": null, "name:zh": null, "phone": null, "name:ko-Latn": null, "lit": null, "alt_name": null, "tourism": null, "parking": null, "landuse": null, "natural": null, "fixme": null, "area": null, "hoops": null, "leaf_cycle": null, "leaf_type": null, "addr:subdistrict": null, "covered": null, "education": null, "type": null }, "geometry": { "type": "Polygon", "coordinates": [ [ [ 126.8755299, 35.2021519 ], [ 126.8748285, 35.2021563 ], [ 126.8748057, 35.2020828 ], [ 126.8747561, 35.2019645 ], [ 126.874972, 35.20149 ], [ 126.8749897, 35.2014451 ], [ 126.8749049, 35.2014133 ], [ 126.8748164, 35.2013903 ], [ 126.8745831, 35.201913 ], [ 126.8745308, 35.2019152 ], [ 126.8745039, 35.2020379 ], [ 126.8744811, 35.20237 ], [ 126.874461, 35.202656 ], [ 126.8744798, 35.2026856 ], [ 126.8745174, 35.202713 ], [ 126.8745871, 35.2027261 ], [ 126.8754722, 35.2027119 ], [ 126.8755232, 35.2027053 ], [ 126.8755218, 35.2026746 ], [ 126.8755299, 35.2021519 ] ] ] } },
{ "type": "Feature", "properties": { "element": "way", "id": 1096225468, "amenity": null, "name": null, "name:ko": null, "operator": null, "operator:type": null, "start_date": null, "website": null, "wikidata": null, "wikipedia": null, "leisure": "park", "sport": null, "indoor": null, "access": null, "addr:city": null, "addr:district": null, "addr:housenumber": null, "addr:postcode": null, "addr:street": null, "name:en": null, "surface": null, "addr:housename": null, "internet_access": null, "name:ja": null, "name:zh": null, "phone": null, "name:ko-Latn": null, "lit": null, "alt_name": null, "tourism": null, "parking": null, "landuse": null, "natural": null, "fixme": null, "area": null, "hoops": null, "leaf_cycle": null, "leaf_type": null, "addr:subdistrict": null, "covered": null, "education": null, "type": null }, "geometry": { "type": "Polygon", "coordinates": [ [ [ 126.8811826, 35.2008248 ], [ 126.8811869, 35.2004172 ], [ 126.8815005, 35.2004193 ], [ 126.8814991, 35.2005486 ], [ 126.8815662, 35.2005491 ], [ 126.8815631, 35.2008522 ], [ 126.8813328, 35.2008506 ], [ 126.8812095, 35.2008347 ], [ 126.8811826, 35.2008248 ] ] ] } },
{ "type": "Feature", "properties": { "element": "way", "id": 1096932409, "amenity": null, "name": null, "name:ko": null, "operator": null, "operator:type": null, "start_date": null, "website": null, "wikidata": null, "wikipedia": null, "leisure": "park", "sport": null, "indoor": null, "access": null, "addr:city": null, "addr:district": null, "addr:housenumber": null, "addr:postcode": null, "addr:street": null, "name:en": null, "surface": "grass", "addr:housename": null, "internet_access": null, "name:ja": null, "name:zh": null, "phone": null, "name:ko-Latn": null, "lit": null, "alt_name": null, "tourism": null, "parking": null, "landuse": null, "natural": null, "fixme": null, "area": null, "hoops": null, "leaf_cycle": null, "leaf_type": null, "addr:subdistrict": null, "covered": null, "education": null, "type": null }, "geometry": { "type": "Polygon", "coordinates": [ [ [ 126.8779453, 35.1986304 ], [ 126.8779935, 35.1986002 ], [ 126.878031, 35.1985695 ], [ 126.8780163, 35.1981629 ], [ 126.8780042, 35.1981541 ], [ 126.8772626, 35.1981695 ], [ 126.8772773, 35.1986442 ], [ 126.8779453, 35.1986304 ] ] ] } },
{ "type": "Feature", "properties": { "element": "way", "id": 1098223186, "amenity": null, "name": null, "name:ko": null, "operator": null, "operator:type": null, "start_date": null, "website": null, "wikidata": null, "wikipedia": null, "leisure": "pitch", "sport": "soccer", "indoor": null, "access": null, "addr:city": null, "addr:district": null, "addr:housenumber": null, "addr:postcode": null, "addr:street": null, "name:en": null, "surface": null, "addr:housename": null, "internet_access": null, "name:ja": null, "name:zh": null, "phone": null, "name:ko-Latn": null, "lit": null, "alt_name": null, "tourism": null, "parking": null, "landuse": null, "natural": null, "fixme": null, "area": null, "hoops": null, "leaf_cycle": null, "leaf_type": null, "addr:subdistrict": null, "covered": null, "education": null, "type": null }, "geometry": { "type": "Polygon", "coordinates": [ [ [ 126.8833331, 35.1981306 ], [ 126.8832295, 35.1981395 ], [ 126.8829935, 35.1982009 ], [ 126.8828201, 35.1982824 ], [ 126.8828459, 35.1989351 ], [ 126.8828947, 35.1990645 ], [ 126.8833646, 35.1990572 ], [ 126.8833331, 35.1981306 ] ] ] } },
{ "type": "Feature", "properties": { "element": "way", "id": 1101428986, "amenity": null, "name": null, "name:ko": null, "operator": null, "operator:type": null, "start_date": null, "website": null, "wikidata": null, "wikipedia": null, "leisure": "park", "sport": null, "indoor": null, "access": null, "addr:city": null, "addr:district": null, "addr:housenumber": null, "addr:postcode": null, "addr:street": null, "name:en": null, "surface": null, "addr:housename": null, "internet_access": null, "name:ja": null, "name:zh": null, "phone": null, "name:ko-Latn": null, "lit": null, "alt_name": null, "tourism": null, "parking": null, "landuse": null, "natural": null, "fixme": null, "area": null, "hoops": null, "leaf_cycle": null, "leaf_type": null, "addr:subdistrict": null, "covered": null, "education": null, "type": null }, "geometry": { "type": "Polygon", "coordinates": [ [ [ 126.867495, 35.1953913 ], [ 126.8673371, 35.1954582 ], [ 126.8673304, 35.1955042 ], [ 126.8673357, 35.1956949 ], [ 126.8674497, 35.1956927 ], [ 126.8674886, 35.1956675 ], [ 126.867495, 35.1953913 ] ] ] } },
{ "type": "Feature", "properties": { "element": "way", "id": 1101850638, "amenity": null, "name": null, "name:ko": null, "operator": null, "operator:type": null, "start_date": null, "website": null, "wikidata": null, "wikipedia": null, "leisure": "pitch", "sport": "tennis", "indoor": null, "access": null, "addr:city": null, "addr:district": null, "addr:housenumber": null, "addr:postcode": null, "addr:street": null, "name:en": null, "surface": null, "addr:housename": null, "internet_access": null, "name:ja": null, "name:zh": null, "phone": null, "name:ko-Latn": null, "lit": null, "alt_name": null, "tourism": null, "parking": null, "landuse": null, "natural": null, "fixme": null, "area": null, "hoops": null, "leaf_cycle": null, "leaf_type": null, "addr:subdistrict": null, "covered": null, "education": null, "type": null }, "geometry": { "type": "Polygon", "coordinates": [ [ [ 126.871701, 35.1952423 ], [ 126.8719753, 35.1952412 ], [ 126.8719746, 35.1951316 ], [ 126.8717004, 35.1951327 ], [ 126.871701, 35.1952423 ] ] ] } },
{ "type": "Feature", "properties": { "element": "way", "id": 1101851186, "amenity": null, "name": null, "name:ko": null, "operator": null, "operator:type": null, "start_date": null, "website": null, "wikidata": null, "wikipedia": null, "leisure": "pitch", "sport": "multi", "indoor": null, "access": null, "addr:city": null, "addr:district": null, "addr:housenumber": null, "addr:postcode": null, "addr:street": null, "name:en": null, "surface": "sand", "addr:housename": null, "internet_access": null, "name:ja": null, "name:zh": null, "phone": null, "name:ko-Latn": null, "lit": null, "alt_name": null, "tourism": null, "parking": null, "landuse": null, "natural": null, "fixme": null, "area": null, "hoops": null, "leaf_cycle": null, "leaf_type": null, "addr:subdistrict": null, "covered": null, "education": null, "type": null }, "geometry": { "type": "Polygon", "coordinates": [ [ [ 126.8738007, 35.1956593 ], [ 126.8738052, 35.1961201 ], [ 126.8744877, 35.1961183 ], [ 126.8746462, 35.1957895 ], [ 126.8746029, 35.1957355 ], [ 126.8740306, 35.1957058 ], [ 126.8738007, 35.1956593 ] ] ] } },
{ "type": "Feature", "properties": { "element": "way", "id": 1101868113, "amenity": null, "name": null, "name:ko": null, "operator": null, "operator:type": null, "start_date": null, "website": null, "wikidata": null, "wikipedia": null, "leisure": "pitch", "sport": "multi", "indoor": null, "access": null, "addr:city": null, "addr:district": null, "addr:housenumber": null, "addr:postcode": null, "addr:street": null, "name:en": null, "surface": "sand", "addr:housename": null, "internet_access": null, "name:ja": null, "name:zh": null, "phone": null, "name:ko-Latn": null, "lit": null, "alt_name": null, "tourism": null, "parking": null, "landuse": null, "natural": null, "fixme": null, "area": null, "hoops": null, "leaf_cycle": null, "leaf_type": null, "addr:subdistrict": null, "covered": null, "education": null, "type": null }, "geometry": { "type": "Polygon", "coordinates": [ [ [ 126.8759644, 35.1959995 ], [ 126.8753891, 35.195833 ], [ 126.8752617, 35.1958527 ], [ 126.8751477, 35.1959185 ], [ 126.8750605, 35.1960094 ], [ 126.8749157, 35.1963196 ], [ 126.8756957, 35.1965629 ], [ 126.8757323, 35.196489 ], [ 126.8759644, 35.1959995 ] ] ] } },
{ "type": "Feature", "properties": { "element": "way", "id": 1101890871, "amenity": null, "name": null, "name:ko": null, "operator": null, "operator:type": null, "start_date": null, "website": null, "wikidata": null, "wikipedia": null, "leisure": "pitch", "sport": "badminton", "indoor": null, "access": null, "addr:city": null, "addr:district": null, "addr:housenumber": null, "addr:postcode": null, "addr:street": null, "name:en": null, "surface": null, "addr:housename": null, "internet_access": null, "name:ja": null, "name:zh": null, "phone": null, "name:ko-Latn": null, "lit": null, "alt_name": null, "tourism": null, "parking": null, "landuse": null, "natural": null, "fixme": null, "area": null, "hoops": null, "leaf_cycle": null, "leaf_type": null, "addr:subdistrict": null, "covered": null, "education": null, "type": null }, "geometry": { "type": "Polygon", "coordinates": [ [ [ 126.8722562, 35.1997519 ], [ 126.8722498, 35.1996212 ], [ 126.8720119, 35.199629 ], [ 126.8720184, 35.1997598 ], [ 126.8722562, 35.1997519 ] ] ] } },
{ "type": "Feature", "properties": { "element": "way", "id": 1101902685, "amenity": null, "name": null, "name:ko": null, "operator": null, "operator:type": null, "start_date": null, "website": null, "wikidata": null, "wikipedia": null, "leisure": "pitch", "sport": "badminton", "indoor": null, "access": null, "addr:city": null, "addr:district": null, "addr:housenumber": null, "addr:postcode": null, "addr:street": null, "name:en": null, "surface": null, "addr:housename": null, "internet_access": null, "name:ja": null, "name:zh": null, "phone": null, "name:ko-Latn": null, "lit": null, "alt_name": null, "tourism": null, "parking": null, "landuse": null, "natural": null, "fixme": null, "area": null, "hoops": null, "leaf_cycle": null, "leaf_type": null, "addr:subdistrict": null, "covered": null, "education": null, "type": null }, "geometry": { "type": "Polygon", "coordinates": [ [ [ 126.8697765, 35.2007974 ], [ 126.8696545, 35.2009026 ], [ 126.8697258, 35.2009579 ], [ 126.8698479, 35.2008526 ], [ 126.8697765, 35.2007974 ] ] ] } },
{ "type": "Feature", "properties": { "element": "way", "id": 1102261560, "amenity": null, "name": null, "name:ko": null, "operator": null, "operator:type": null, "start_date": null, "website": null, "wikidata": null, "wikipedia": null, "leisure": "park", "sport": null, "indoor": null, "access": null, "addr:city": null, "addr:district": null, "addr:housenumber": null, "addr:postcode": null, "addr:street": null, "name:en": null, "surface": null, "addr:housename": null, "internet_access": null, "name:ja": null, "name:zh": null, "phone": null, "name:ko-Latn": null, "lit": null, "alt_name": null, "tourism": null, "parking": null, "landuse": null, "natural": null, "fixme": null, "area": null, "hoops": null, "leaf_cycle": null, "leaf_type": null, "addr:subdistrict": null, "covered": null, "education": null, "type": null }, "geometry": { "type": "Polygon", "coordinates": [ [ [ 126.8645815, 35.2065155 ], [ 126.8646522, 35.2064585 ], [ 126.865025, 35.2064628 ], [ 126.8650223, 35.2066173 ], [ 126.8645798, 35.2066122 ], [ 126.8645815, 35.2065155 ] ] ] } },
{ "type": "Feature", "properties": { "element": "way", "id": 1102263691, "amenity": null, "name": null, "name:ko": null, "operator": null, "operator:type": null, "start_date": null, "website": null, "wikidata": null, "wikipedia": null, "leisure": "park", "sport": null, "indoor": null, "access": null, "addr:city": null, "addr:district": null, "addr:housenumber": null, "addr:postcode": null, "addr:street": null, "name:en": null, "surface": null, "addr:housename": null, "internet_access": null, "name:ja": null, "name:zh": null, "phone": null, "name:ko-Latn": null, "lit": null, "alt_name": null, "tourism": null, "parking": null, "landuse": null, "natural": "wood", "fixme": null, "area": null, "hoops": null, "leaf_cycle": "deciduous", "leaf_type": "broadleaved", "addr:subdistrict": null, "covered": null, "education": null, "type": null }, "geometry": { "type": "Polygon", "coordinates": [ [ [ 126.8659199, 35.2076082 ], [ 126.8660886, 35.2076088 ], [ 126.866523, 35.2096362 ], [ 126.8665767, 35.2098948 ], [ 126.8665941, 35.2100383 ], [ 126.8664654, 35.2100405 ], [ 126.8664224, 35.2100186 ], [ 126.8664037, 35.2099616 ], [ 126.8659199, 35.2076082 ] ] ] } },
{ "type": "Feature", "properties": { "element": "way", "id": 1102263692, "amenity": null, "name": null, "name:ko": null, "operator": null, "operator:type": null, "start_date": null, "website": null, "wikidata": null, "wikipedia": null, "leisure": "park", "sport": null, "indoor": null, "access": null, "addr:city": null, "addr:district": null, "addr:housenumber": null, "addr:postcode": null, "addr:street": null, "name:en": null, "surface": null, "addr:housename": null, "internet_access": null, "name:ja": null, "name:zh": null, "phone": null, "name:ko-Latn": null, "lit": null, "alt_name": null, "tourism": null, "parking": null, "landuse": null, "natural": "wood", "fixme": null, "area": null, "hoops": null, "leaf_cycle": "deciduous", "leaf_type": "broadleaved", "addr:subdistrict": null, "covered": null, "education": null, "type": null }, "geometry": { "type": "Polygon", "coordinates": [ [ [ 126.8660752, 35.2075464 ], [ 126.8659079, 35.2075496 ], [ 126.8658149, 35.2070973 ], [ 126.8657946, 35.2070929 ], [ 126.8656689, 35.2064259 ], [ 126.865768, 35.2064639 ], [ 126.8658431, 35.2065461 ], [ 126.8658806, 35.2066382 ], [ 126.8660752, 35.2075464 ] ] ] } },
{ "type": "Feature", "properties": { "element": "way", "id": 1102268132, "amenity": null, "name": null, "name:ko": null, "operator": null, "operator:type": null, "start_date": null, "website": null, "wikidata": null, "wikipedia": null, "leisure": "pitch", "sport": "multi", "indoor": null, "access": null, "addr:city": null, "addr:district": null, "addr:housenumber": null, "addr:postcode": null, "addr:street": null, "name:en": null, "surface": "sand", "addr:housename": null, "internet_access": null, "name:ja": null, "name:zh": null, "phone": null, "name:ko-Latn": null, "lit": null, "alt_name": null, "tourism": null, "parking": null, "landuse": null, "natural": null, "fixme": null, "area": null, "hoops": null, "leaf_cycle": null, "leaf_type": null, "addr:subdistrict": null, "covered": null, "education": null, "type": null }, "geometry": { "type": "Polygon", "coordinates": [ [ [ 126.8574719, 35.210003 ], [ 126.8574719, 35.2103144 ], [ 126.8567759, 35.2103144 ], [ 126.8567759, 35.2100032 ], [ 126.8574719, 35.210003 ] ] ] } },
{ "type": "Feature", "properties": { "element": "way", "id": 1102461437, "amenity": null, "name": null, "name:ko": null, "operator": null, "operator:type": null, "start_date": null, "website": null, "wikidata": null, "wikipedia": null, "leisure": "pitch", "sport": "multi", "indoor": null, "access": null, "addr:city": null, "addr:district": null, "addr:housenumber": null, "addr:postcode": null, "addr:street": null, "name:en": null, "surface": "grass", "addr:housename": null, "internet_access": null, "name:ja": null, "name:zh": null, "phone": null, "name:ko-Latn": null, "lit": null, "alt_name": null, "tourism": null, "parking": null, "landuse": null, "natural": null, "fixme": null, "area": null, "hoops": null, "leaf_cycle": null, "leaf_type": null, "addr:subdistrict": null, "covered": null, "education": null, "type": null }, "geometry": { "type": "Polygon", "coordinates": [ [ [ 126.8624903, 35.2100933 ], [ 126.8624863, 35.2104635 ], [ 126.8616171, 35.2104646 ], [ 126.8616233, 35.2100982 ], [ 126.8624903, 35.2100933 ] ] ] } },
{ "type": "Feature", "properties": { "element": "way", "id": 1102467228, "amenity": null, "name": null, "name:ko": null, "operator": null, "operator:type": null, "start_date": null, "website": null, "wikidata": null, "wikipedia": null, "leisure": "pitch", "sport": "multi", "indoor": null, "access": null, "addr:city": null, "addr:district": null, "addr:housenumber": null, "addr:postcode": null, "addr:street": null, "name:en": null, "surface": "sand", "addr:housename": null, "internet_access": null, "name:ja": null, "name:zh": null, "phone": null, "name:ko-Latn": null, "lit": null, "alt_name": null, "tourism": null, "parking": null, "landuse": null, "natural": null, "fixme": null, "area": null, "hoops": null, "leaf_cycle": null, "leaf_type": null, "addr:subdistrict": null, "covered": null, "education": null, "type": null }, "geometry": { "type": "Polygon", "coordinates": [ [ [ 126.8651423, 35.2104295 ], [ 126.8659142, 35.2104273 ], [ 126.8659129, 35.2101047 ], [ 126.8651787, 35.2100978 ], [ 126.8651806, 35.2103868 ], [ 126.8651419, 35.2103861 ], [ 126.8651423, 35.2104295 ] ] ] } },
{ "type": "Feature", "properties": { "element": "way", "id": 1102467555, "amenity": null, "name": "거징이쉼터", "name:ko": null, "operator": null, "operator:type": null, "start_date": null, "website": null, "wikidata": null, "wikipedia": null, "leisure": "pitch", "sport": "multi", "indoor": null, "access": null, "addr:city": null, "addr:district": null, "addr:housenumber": null, "addr:postcode": null, "addr:street": null, "name:en": null, "surface": "grass", "addr:housename": null, "internet_access": null, "name:ja": null, "name:zh": null, "phone": null, "name:ko-Latn": null, "lit": null, "alt_name": null, "tourism": null, "parking": null, "landuse": null, "natural": null, "fixme": null, "area": null, "hoops": null, "leaf_cycle": null, "leaf_type": null, "addr:subdistrict": null, "covered": null, "education": null, "type": null }, "geometry": { "type": "Polygon", "coordinates": [ [ [ 126.8578803, 35.2135015 ], [ 126.8585555, 35.2140925 ], [ 126.8585475, 35.2141779 ], [ 126.8585636, 35.2142656 ], [ 126.8585917, 35.2143499 ], [ 126.85864, 35.2144047 ], [ 126.8586963, 35.2144464 ], [ 126.8587473, 35.2144814 ], [ 126.8588103, 35.2144924 ], [ 126.8588801, 35.214499 ], [ 126.8589471, 35.2145033 ], [ 126.8590048, 35.2145033 ], [ 126.8596997, 35.2151185 ], [ 126.8597039, 35.2151832 ], [ 126.8596883, 35.2152466 ], [ 126.859667, 35.2153207 ], [ 126.8596346, 35.2153836 ], [ 126.8596117, 35.2154194 ], [ 126.8595903, 35.215452 ], [ 126.859544, 35.2155103 ], [ 126.8594996, 35.2155564 ], [ 126.8594487, 35.2156027 ], [ 126.859383, 35.2156514 ], [ 126.8592932, 35.2156972 ], [ 126.859194, 35.2157379 ], [ 126.8591195, 35.2157551 ], [ 126.8589912, 35.2157766 ], [ 126.8589091, 35.2157912 ], [ 126.8588137, 35.2157955 ], [ 126.8585906, 35.2157981 ], [ 126.8584948, 35.2157813 ], [ 126.8583951, 35.2157644 ], [ 126.8582983, 35.2157416 ], [ 126.8582028, 35.2157109 ], [ 126.8579002, 35.2155915 ], [ 126.8576889, 35.2154966 ], [ 126.857639, 35.2154628 ], [ 126.8575739, 35.2154106 ], [ 126.8574962, 35.2153418 ], [ 126.857416, 35.2152562 ], [ 126.8573445, 35.2151853 ], [ 126.8573058, 35.2151485 ], [ 126.8572488, 35.2150698 ], [ 126.8572071, 35.2150054 ], [ 126.8571318, 35.2148567 ], [ 126.8570802, 35.214718 ], [ 126.8570594, 35.2146686 ], [ 126.8570399, 35.214619 ], [ 126.8570241, 35.2145563 ], [ 126.857011, 35.2144782 ], [ 126.8570016, 35.2144018 ], [ 126.8569948, 35.2143454 ], [ 126.8569886, 35.2140408 ], [ 126.8570011, 35.2139896 ], [ 126.8570182, 35.2139165 ], [ 126.8570346, 35.2138688 ], [ 126.8570771, 35.213789 ], [ 126.857141, 35.2136958 ], [ 126.8571761, 35.213646 ], [ 126.8575077, 35.2135074 ], [ 126.8575706, 35.2134899 ], [ 126.8576456, 35.2134826 ], [ 126.8577538, 35.2134855 ], [ 126.8578803, 35.2135015 ] ] ] } },
{ "type": "Feature", "properties": { "element": "way", "id": 1102468988, "amenity": null, "name": null, "name:ko": null, "operator": null, "operator:type": null, "start_date": null, "website": null, "wikidata": null, "wikipedia": null, "leisure": "pitch", "sport": "tennis", "indoor": null, "access": null, "addr:city": null, "addr:district": null, "addr:housenumber": null, "addr:postcode": null, "addr:street": null, "name:en": null, "surface": null, "addr:housename": null, "internet_access": null, "name:ja": null, "name:zh": null, "phone": null, "name:ko-Latn": null, "lit": null, "alt_name": null, "tourism": null, "parking": null, "landuse": null, "natural": null, "fixme": null, "area": null, "hoops": null, "leaf_cycle": null, "leaf_type": null, "addr:subdistrict": null, "covered": null, "education": null, "type": null }, "geometry": { "type": "Polygon", "coordinates": [ [ [ 126.8658163, 35.2121936 ], [ 126.8658153, 35.2120882 ], [ 126.8652543, 35.2120917 ], [ 126.8652553, 35.2121971 ], [ 126.8658163, 35.2121936 ] ] ] } },
{ "type": "Feature", "properties": { "element": "way", "id": 1102469015, "amenity": null, "name": null, "name:ko": null, "operator": null, "operator:type": null, "start_date": null, "website": null, "wikidata": null, "wikipedia": null, "leisure": "pitch", "sport": "basketball", "indoor": null, "access": null, "addr:city": null, "addr:district": null, "addr:housenumber": null, "addr:postcode": null, "addr:street": null, "name:en": null, "surface": null, "addr:housename": null, "internet_access": null, "name:ja": null, "name:zh": null, "phone": null, "name:ko-Latn": null, "lit": null, "alt_name": null, "tourism": null, "parking": null, "landuse": null, "natural": null, "fixme": null, "area": null, "hoops": null, "leaf_cycle": null, "leaf_type": null, "addr:subdistrict": null, "covered": null, "education": null, "type": null }, "geometry": { "type": "Polygon", "coordinates": [ [ [ 126.8662602, 35.2129277 ], [ 126.8662583, 35.2127282 ], [ 126.8658833, 35.2127305 ], [ 126.8658852, 35.21293 ], [ 126.8662602, 35.2129277 ] ] ] } },
{ "type": "Feature", "properties": { "element": "way", "id": 1102831735, "amenity": null, "name": null, "name:ko": null, "operator": null, "operator:type": null, "start_date": null, "website": null, "wikidata": null, "wikipedia": null, "leisure": "pitch", "sport": "tennis", "indoor": null, "access": null, "addr:city": null, "addr:district": null, "addr:housenumber": null, "addr:postcode": null, "addr:street": null, "name:en": null, "surface": "sand", "addr:housename": null, "internet_access": null, "name:ja": null, "name:zh": null, "phone": null, "name:ko-Latn": null, "lit": null, "alt_name": null, "tourism": null, "parking": null, "landuse": null, "natural": null, "fixme": null, "area": null, "hoops": null, "leaf_cycle": null, "leaf_type": null, "addr:subdistrict": null, "covered": null, "education": null, "type": null }, "geometry": { "type": "Polygon", "coordinates": [ [ [ 126.8683054, 35.2154062 ], [ 126.8683, 35.2157349 ], [ 126.8686042, 35.2157382 ], [ 126.8686096, 35.2154095 ], [ 126.8683054, 35.2154062 ] ] ] } },
{ "type": "Feature", "properties": { "element": "way", "id": 1106300815, "amenity": null, "name": "중흥근린공원", "name:ko": null, "operator": "광주광역시", "operator:type": null, "start_date": null, "website": null, "wikidata": null, "wikipedia": null, "leisure": "park", "sport": null, "indoor": null, "access": null, "addr:city": null, "addr:district": null, "addr:housenumber": null, "addr:postcode": null, "addr:street": null, "name:en": null, "surface": null, "addr:housename": null, "internet_access": null, "name:ja": null, "name:zh": null, "phone": null, "name:ko-Latn": null, "lit": null, "alt_name": null, "tourism": null, "parking": null, "landuse": null, "natural": null, "fixme": null, "area": null, "hoops": null, "leaf_cycle": null, "leaf_type": null, "addr:subdistrict": null, "covered": null, "education": null, "type": null }, "geometry": { "type": "Polygon", "coordinates": [ [ [ 126.9140458, 35.170127 ], [ 126.9122145, 35.1706774 ], [ 126.9121333, 35.1706497 ], [ 126.9119342, 35.1701666 ], [ 126.9126901, 35.1704241 ], [ 126.9130267, 35.1703565 ], [ 126.9131505, 35.170137 ], [ 126.9134268, 35.1698103 ], [ 126.9133268, 35.1697643 ], [ 126.9136168, 35.1693574 ], [ 126.9138571, 35.1692943 ], [ 126.9138426, 35.1692462 ], [ 126.914053, 35.1689739 ], [ 126.9141285, 35.1689565 ], [ 126.9143116, 35.1694536 ], [ 126.9138469, 35.1695846 ], [ 126.9138884, 35.1696977 ], [ 126.9140458, 35.170127 ] ] ] } },
{ "type": "Feature", "properties": { "element": "way", "id": 1107803980, "amenity": null, "name": "농구장", "name:ko": null, "operator": null, "operator:type": null, "start_date": null, "website": null, "wikidata": null, "wikipedia": null, "leisure": "pitch", "sport": "basketball", "indoor": null, "access": null, "addr:city": null, "addr:district": null, "addr:housenumber": null, "addr:postcode": null, "addr:street": null, "name:en": null, "surface": "clay", "addr:housename": null, "internet_access": null, "name:ja": null, "name:zh": null, "phone": null, "name:ko-Latn": null, "lit": null, "alt_name": null, "tourism": null, "parking": null, "landuse": null, "natural": null, "fixme": null, "area": null, "hoops": "1", "leaf_cycle": null, "leaf_type": null, "addr:subdistrict": null, "covered": null, "education": null, "type": null }, "geometry": { "type": "Polygon", "coordinates": [ [ [ 126.9016538, 35.1724388 ], [ 126.9019279, 35.172221 ], [ 126.9017678, 35.1720864 ], [ 126.9014937, 35.1723042 ], [ 126.9016538, 35.1724388 ] ] ] } },
{ "type": "Feature", "properties": { "element": "way", "id": 1107803981, "amenity": null, "name": "운동장", "name:ko": null, "operator": null, "operator:type": null, "start_date": null, "website": null, "wikidata": null, "wikipedia": null, "leisure": "pitch", "sport": "multi", "indoor": null, "access": null, "addr:city": null, "addr:district": null, "addr:housenumber": null, "addr:postcode": null, "addr:street": null, "name:en": null, "surface": "dirt", "addr:housename": null, "internet_access": null, "name:ja": null, "name:zh": null, "phone": null, "name:ko-Latn": null, "lit": null, "alt_name": null, "tourism": null, "parking": null, "landuse": null, "natural": null, "fixme": null, "area": null, "hoops": null, "leaf_cycle": null, "leaf_type": null, "addr:subdistrict": null, "covered": null, "education": null, "type": null }, "geometry": { "type": "Polygon", "coordinates": [ [ [ 126.9013179, 35.1727197 ], [ 126.9019002, 35.1732133 ], [ 126.9018109, 35.1732914 ], [ 126.9019403, 35.1733871 ], [ 126.9020758, 35.1732712 ], [ 126.9020358, 35.173241 ], [ 126.9028923, 35.1725308 ], [ 126.9026798, 35.1723495 ], [ 126.9022453, 35.1719994 ], [ 126.9019464, 35.1719968 ], [ 126.9018461, 35.1719725 ], [ 126.9017831, 35.1720497 ], [ 126.9017678, 35.1720864 ], [ 126.9019279, 35.172221 ], [ 126.9016538, 35.1724388 ], [ 126.9013179, 35.1727197 ] ] ] } },
{ "type": "Feature", "properties": { "element": "way", "id": 1107803985, "amenity": null, "name": null, "name:ko": null, "operator": null, "operator:type": null, "start_date": null, "website": null, "wikidata": null, "wikipedia": null, "leisure": "track", "sport": "running", "indoor": null, "access": null, "addr:city": null, "addr:district": null, "addr:housenumber": null, "addr:postcode": null, "addr:street": null, "name:en": null, "surface": "tartan", "addr:housename": null, "internet_access": null, "name:ja": null, "name:zh": null, "phone": null, "name:ko-Latn": null, "lit": null, "alt_name": null, "tourism": null, "parking": null, "landuse": null, "natural": null, "fixme": null, "area": "yes", "hoops": null, "leaf_cycle": null, "leaf_type": null, "addr:subdistrict": null, "covered": null, "education": null, "type": null }, "geometry": { "type": "Polygon", "coordinates": [ [ [ 126.9020358, 35.173241 ], [ 126.9020758, 35.1732712 ], [ 126.9020923, 35.1732578 ], [ 126.902941, 35.1725677 ], [ 126.9028923, 35.1725308 ], [ 126.9020358, 35.173241 ] ] ] } },
{ "type": "Feature", "properties": { "element": "way", "id": 1107803986, "amenity": null, "name": "배구코트", "name:ko": null, "operator": null, "operator:type": null, "start_date": null, "website": null, "wikidata": null, "wikipedia": null, "leisure": "pitch", "sport": "volleyball", "indoor": null, "access": null, "addr:city": null, "addr:district": null, "addr:housenumber": null, "addr:postcode": null, "addr:street": null, "name:en": null, "surface": null, "addr:housename": null, "internet_access": null, "name:ja": null, "name:zh": null, "phone": null, "name:ko-Latn": null, "lit": null, "alt_name": null, "tourism": null, "parking": null, "landuse": null, "natural": null, "fixme": null, "area": null, "hoops": null, "leaf_cycle": null, "leaf_type": null, "addr:subdistrict": null, "covered": null, "education": null, "type": null }, "geometry": { "type": "Polygon", "coordinates": [ [ [ 126.902941, 35.1725677 ], [ 126.902955, 35.1725565 ], [ 126.9030896, 35.1724487 ], [ 126.9028284, 35.1722306 ], [ 126.9026798, 35.1723495 ], [ 126.902941, 35.1725677 ] ] ] } },
{ "type": "Feature", "properties": { "element": "way", "id": 1110523019, "amenity": null, "name": null, "name:ko": null, "operator": null, "operator:type": null, "start_date": null, "website": null, "wikidata": null, "wikipedia": null, "leisure": "park", "sport": null, "indoor": null, "access": null, "addr:city": null, "addr:district": null, "addr:housenumber": null, "addr:postcode": null, "addr:street": null, "name:en": null, "surface": null, "addr:housename": null, "internet_access": null, "name:ja": null, "name:zh": null, "phone": null, "name:ko-Latn": null, "lit": null, "alt_name": null, "tourism": null, "parking": null, "landuse": null, "natural": null, "fixme": null, "area": null, "hoops": null, "leaf_cycle": null, "leaf_type": null, "addr:subdistrict": null, "covered": null, "education": null, "type": null }, "geometry": { "type": "Polygon", "coordinates": [ [ [ 126.9040492, 35.1722008 ], [ 126.9041638, 35.1720825 ], [ 126.9043452, 35.1721786 ], [ 126.904446, 35.172232 ], [ 126.9044342, 35.1722443 ], [ 126.9040946, 35.1725974 ], [ 126.9040816, 35.1726088 ], [ 126.9040469, 35.1726392 ], [ 126.9043635, 35.1728994 ], [ 126.9042444, 35.1728952 ], [ 126.9040197, 35.1728757 ], [ 126.9038358, 35.1728729 ], [ 126.903526, 35.1729703 ], [ 126.9034205, 35.1728757 ], [ 126.9038988, 35.1724666 ], [ 126.9039141, 35.1724472 ], [ 126.9041388, 35.1722635 ], [ 126.9040492, 35.1722008 ] ] ] } },
{ "type": "Feature", "properties": { "element": "way", "id": 1110523024, "amenity": null, "name": null, "name:ko": null, "operator": null, "operator:type": null, "start_date": null, "website": null, "wikidata": null, "wikipedia": null, "leisure": "park", "sport": null, "indoor": null, "access": null, "addr:city": null, "addr:district": null, "addr:housenumber": null, "addr:postcode": null, "addr:street": null, "name:en": null, "surface": null, "addr:housename": null, "internet_access": null, "name:ja": null, "name:zh": null, "phone": null, "name:ko-Latn": null, "lit": null, "alt_name": null, "tourism": null, "parking": null, "landuse": null, "natural": null, "fixme": null, "area": null, "hoops": null, "leaf_cycle": null, "leaf_type": null, "addr:subdistrict": null, "covered": null, "education": null, "type": null }, "geometry": { "type": "Polygon", "coordinates": [ [ [ 126.904469, 35.1729224 ], [ 126.9047009, 35.1729503 ], [ 126.9047981, 35.172968 ], [ 126.904879, 35.1729592 ], [ 126.9047657, 35.172696 ], [ 126.9047847, 35.1728097 ], [ 126.9047683, 35.17283 ], [ 126.9043849, 35.1728226 ], [ 126.9043694, 35.1728102 ], [ 126.9043566, 35.1725023 ], [ 126.9043638, 35.1724917 ], [ 126.9046803, 35.1724972 ], [ 126.9046412, 35.172387 ], [ 126.9045841, 35.1723476 ], [ 126.9045388, 35.1723138 ], [ 126.9044941, 35.17228 ], [ 126.9044342, 35.1722443 ], [ 126.9040946, 35.1725974 ], [ 126.9040816, 35.1726088 ], [ 126.904469, 35.1729224 ] ] ] } },
{ "type": "Feature", "properties": { "element": "way", "id": 1110530231, "amenity": null, "name": null, "name:ko": null, "operator": null, "operator:type": null, "start_date": null, "website": null, "wikidata": null, "wikipedia": null, "leisure": "park", "sport": null, "indoor": null, "access": null, "addr:city": null, "addr:district": null, "addr:housenumber": null, "addr:postcode": null, "addr:street": null, "name:en": null, "surface": null, "addr:housename": null, "internet_access": null, "name:ja": null, "name:zh": null, "phone": null, "name:ko-Latn": null, "lit": null, "alt_name": null, "tourism": null, "parking": null, "landuse": null, "natural": null, "fixme": null, "area": null, "hoops": null, "leaf_cycle": null, "leaf_type": null, "addr:subdistrict": null, "covered": null, "education": null, "type": null }, "geometry": { "type": "Polygon", "coordinates": [ [ [ 126.9035234, 35.1730962 ], [ 126.9035413, 35.1731174 ], [ 126.9035288, 35.1731787 ], [ 126.9034671, 35.1732831 ], [ 126.9034169, 35.1732504 ], [ 126.9030676, 35.1735506 ], [ 126.9031226, 35.1735906 ], [ 126.9030352, 35.1736759 ], [ 126.9029157, 35.1737337 ], [ 126.9028525, 35.1737487 ], [ 126.9027427, 35.1737269 ], [ 126.9032492, 35.1732791 ], [ 126.9034007, 35.173152 ], [ 126.9035234, 35.1730962 ] ] ] } },
{ "type": "Feature", "properties": { "element": "way", "id": 1110530238, "amenity": null, "name": null, "name:ko": null, "operator": null, "operator:type": null, "start_date": null, "website": null, "wikidata": null, "wikipedia": null, "leisure": "park", "sport": null, "indoor": null, "access": null, "addr:city": null, "addr:district": null, "addr:housenumber": null, "addr:postcode": null, "addr:street": null, "name:en": null, "surface": null, "addr:housename": null, "internet_access": null, "name:ja": null, "name:zh": null, "phone": null, "name:ko-Latn": null, "lit": null, "alt_name": null, "tourism": null, "parking": null, "landuse": null, "natural": null, "fixme": null, "area": null, "hoops": null, "leaf_cycle": null, "leaf_type": null, "addr:subdistrict": null, "covered": null, "education": null, "type": null }, "geometry": { "type": "Polygon", "coordinates": [ [ [ 126.9034838, 35.1742216 ], [ 126.9037113, 35.1741772 ], [ 126.9036596, 35.1740113 ], [ 126.9035963, 35.1740197 ], [ 126.9035911, 35.1739701 ], [ 126.9033946, 35.1740049 ], [ 126.9033429, 35.1740926 ], [ 126.9031063, 35.1740007 ], [ 126.902999, 35.1739658 ], [ 126.90299, 35.1739859 ], [ 126.9030598, 35.174043 ], [ 126.9030158, 35.1741011 ], [ 126.9030378, 35.1741465 ], [ 126.9026784, 35.1744139 ], [ 126.9026489, 35.1743913 ], [ 126.9026195, 35.1744233 ], [ 126.9028223, 35.174564 ], [ 126.9028463, 35.1745385 ], [ 126.9028672, 35.1745541 ], [ 126.9029844, 35.1746413 ], [ 126.9030618, 35.1746894 ], [ 126.9031329, 35.1746944 ], [ 126.9033085, 35.1748185 ], [ 126.9034049, 35.1746569 ], [ 126.9032059, 35.1745851 ], [ 126.9031503, 35.1745439 ], [ 126.9032485, 35.1745079 ], [ 126.9033468, 35.1745893 ], [ 126.9034088, 35.1745925 ], [ 126.9035122, 35.1745861 ], [ 126.9036118, 35.1745164 ], [ 126.9036506, 35.1744783 ], [ 126.9037333, 35.1744297 ], [ 126.9036648, 35.1744012 ], [ 126.9035187, 35.1743917 ], [ 126.9033351, 35.1744424 ], [ 126.9031167, 35.174472 ], [ 126.9030779, 35.174397 ], [ 126.9031037, 35.1743156 ], [ 126.9034644, 35.1742459 ], [ 126.9034838, 35.1742216 ] ] ] } },
{ "type": "Feature", "properties": { "element": "way", "id": 1120751460, "amenity": null, "name": null, "name:ko": null, "operator": null, "operator:type": null, "start_date": null, "website": null, "wikidata": null, "wikipedia": null, "leisure": "park", "sport": null, "indoor": null, "access": null, "addr:city": null, "addr:district": null, "addr:housenumber": null, "addr:postcode": null, "addr:street": null, "name:en": null, "surface": null, "addr:housename": null, "internet_access": null, "name:ja": null, "name:zh": null, "phone": null, "name:ko-Latn": null, "lit": null, "alt_name": null, "tourism": null, "parking": null, "landuse": null, "natural": null, "fixme": null, "area": null, "hoops": null, "leaf_cycle": null, "leaf_type": null, "addr:subdistrict": null, "covered": null, "education": null, "type": null }, "geometry": { "type": "Polygon", "coordinates": [ [ [ 126.9003917, 35.1752711 ], [ 126.90047, 35.1751205 ], [ 126.9003663, 35.1750764 ], [ 126.900269, 35.1752225 ], [ 126.9003422, 35.1752565 ], [ 126.9003917, 35.1752711 ] ] ] } },
{ "type": "Feature", "properties": { "element": "way", "id": 1120751488, "amenity": null, "name": null, "name:ko": null, "operator": null, "operator:type": null, "start_date": null, "website": null, "wikidata": null, "wikipedia": null, "leisure": "park", "sport": null, "indoor": null, "access": null, "addr:city": null, "addr:district": null, "addr:housenumber": null, "addr:postcode": null, "addr:street": null, "name:en": null, "surface": null, "addr:housename": null, "internet_access": null, "name:ja": null, "name:zh": null, "phone": null, "name:ko-Latn": null, "lit": null, "alt_name": null, "tourism": null, "parking": null, "landuse": null, "natural": null, "fixme": null, "area": null, "hoops": null, "leaf_cycle": null, "leaf_type": null, "addr:subdistrict": null, "covered": null, "education": null, "type": null }, "geometry": { "type": "Polygon", "coordinates": [ [ [ 126.9019663, 35.1760256 ], [ 126.9018803, 35.1761422 ], [ 126.9017358, 35.17622 ], [ 126.9015656, 35.1762633 ], [ 126.9013955, 35.1762828 ], [ 126.9012601, 35.1762828 ], [ 126.9012071, 35.1762618 ], [ 126.9008101, 35.1757519 ], [ 126.9008576, 35.1757295 ], [ 126.9012331, 35.1761364 ], [ 126.9019663, 35.1760256 ] ] ] } },
{ "type": "Feature", "properties": { "element": "way", "id": 1120751498, "amenity": null, "name": "윤한봉정원", "name:ko": "윤한봉정원", "operator": null, "operator:type": null, "start_date": null, "website": null, "wikidata": null, "wikipedia": null, "leisure": "park", "sport": null, "indoor": null, "access": null, "addr:city": null, "addr:district": null, "addr:housenumber": null, "addr:postcode": null, "addr:street": null, "name:en": null, "surface": null, "addr:housename": null, "internet_access": null, "name:ja": null, "name:zh": null, "phone": null, "name:ko-Latn": null, "lit": null, "alt_name": null, "tourism": null, "parking": null, "landuse": null, "natural": null, "fixme": null, "area": null, "hoops": null, "leaf_cycle": null, "leaf_type": null, "addr:subdistrict": null, "covered": null, "education": null, "type": null }, "geometry": { "type": "Polygon", "coordinates": [ [ [ 126.9015825, 35.1756222 ], [ 126.9016309, 35.1756698 ], [ 126.901666, 35.1756731 ], [ 126.9017096, 35.1756567 ], [ 126.9017421, 35.1756559 ], [ 126.9017705, 35.1756759 ], [ 126.9017993, 35.1756645 ], [ 126.9019226, 35.1755942 ], [ 126.9019248, 35.1755759 ], [ 126.9019277, 35.1755527 ], [ 126.9019097, 35.1754557 ], [ 126.9018707, 35.1753897 ], [ 126.9018402, 35.1753726 ], [ 126.901813, 35.1753423 ], [ 126.9017972, 35.1753154 ], [ 126.9017615, 35.1752923 ], [ 126.9016651, 35.1752301 ], [ 126.901642, 35.1752152 ], [ 126.9016266, 35.1752053 ], [ 126.9015975, 35.1751867 ], [ 126.9014625, 35.1751 ], [ 126.9013975, 35.1750673 ], [ 126.9013359, 35.175059 ], [ 126.9013023, 35.1750699 ], [ 126.9011886, 35.1751346 ], [ 126.9011644, 35.1751484 ], [ 126.9011521, 35.1751554 ], [ 126.9010877, 35.1751773 ], [ 126.9009724, 35.1751686 ], [ 126.9008866, 35.1751379 ], [ 126.9008034, 35.1751291 ], [ 126.9007337, 35.1751422 ], [ 126.9006532, 35.1751664 ], [ 126.9006227, 35.1751869 ], [ 126.9008679, 35.1753736 ], [ 126.9011594, 35.1752646 ], [ 126.9012388, 35.1752763 ], [ 126.9012779, 35.1752928 ], [ 126.9013703, 35.1753725 ], [ 126.9016223, 35.1755898 ], [ 126.9015825, 35.1756222 ] ] ] } },
{ "type": "Feature", "properties": { "element": "way", "id": 1120755096, "amenity": null, "name": "농생대 테니스장", "name:ko": "농생대 테니스장", "operator": null, "operator:type": null, "start_date": null, "website": null, "wikidata": null, "wikipedia": null, "leisure": "pitch", "sport": "tennis", "indoor": null, "access": null, "addr:city": null, "addr:district": null, "addr:housenumber": null, "addr:postcode": null, "addr:street": null, "name:en": "Tennis Court", "surface": null, "addr:housename": null, "internet_access": null, "name:ja": null, "name:zh": null, "phone": null, "name:ko-Latn": null, "lit": null, "alt_name": null, "tourism": null, "parking": null, "landuse": null, "natural": null, "fixme": null, "area": null, "hoops": null, "leaf_cycle": null, "leaf_type": null, "addr:subdistrict": null, "covered": null, "education": null, "type": null }, "geometry": { "type": "Polygon", "coordinates": [ [ [ 126.9030532, 35.1756947 ], [ 126.9030651, 35.175554 ], [ 126.9030824, 35.1753505 ], [ 126.9034854, 35.175393 ], [ 126.903444, 35.1757216 ], [ 126.9030532, 35.1756947 ] ] ] } },
{ "type": "Feature", "properties": { "element": "way", "id": 1120922079, "amenity": null, "name": null, "name:ko": null, "operator": null, "operator:type": null, "start_date": null, "website": null, "wikidata": null, "wikipedia": null, "leisure": "park", "sport": null, "indoor": null, "access": null, "addr:city": "광주광역시", "addr:district": "북구", "addr:housenumber": "24-15", "addr:postcode": "61218", "addr:street": "우치로1번길", "name:en": null, "surface": null, "addr:housename": null, "internet_access": null, "name:ja": null, "name:zh": null, "phone": null, "name:ko-Latn": null, "lit": null, "alt_name": null, "tourism": null, "parking": null, "landuse": null, "natural": null, "fixme": null, "area": null, "hoops": null, "leaf_cycle": null, "leaf_type": null, "addr:subdistrict": "중흥동", "covered": null, "education": null, "type": null }, "geometry": { "type": "Polygon", "coordinates": [ [ [ 126.907779, 35.1690008 ], [ 126.9077366, 35.1688965 ], [ 126.9078647, 35.1688617 ], [ 126.9079071, 35.168966 ], [ 126.907779, 35.1690008 ] ] ] } },
{ "type": "Feature", "properties": { "element": "way", "id": 1120956390, "amenity": null, "name": null, "name:ko": null, "operator": null, "operator:type": null, "start_date": null, "website": null, "wikidata": null, "wikipedia": null, "leisure": "park", "sport": null, "indoor": null, "access": null, "addr:city": null, "addr:district": null, "addr:housenumber": null, "addr:postcode": null, "addr:street": null, "name:en": null, "surface": null, "addr:housename": null, "internet_access": null, "name:ja": null, "name:zh": null, "phone": null, "name:ko-Latn": null, "lit": null, "alt_name": null, "tourism": null, "parking": null, "landuse": null, "natural": null, "fixme": null, "area": null, "hoops": null, "leaf_cycle": null, "leaf_type": null, "addr:subdistrict": null, "covered": null, "education": null, "type": null }, "geometry": { "type": "Polygon", "coordinates": [ [ [ 126.9059689, 35.1758033 ], [ 126.9059828, 35.1757823 ], [ 126.9059828, 35.1757516 ], [ 126.9059235, 35.1755837 ], [ 126.9059057, 35.1755676 ], [ 126.9058623, 35.1755659 ], [ 126.9058347, 35.1755683 ], [ 126.9056766, 35.1755821 ], [ 126.9052645, 35.1757318 ], [ 126.9044854, 35.1760148 ], [ 126.9043294, 35.1761327 ], [ 126.9042898, 35.1761844 ], [ 126.9042918, 35.1762473 ], [ 126.904442, 35.1767366 ], [ 126.9044913, 35.1768254 ], [ 126.904548, 35.1768452 ], [ 126.9047042, 35.1766946 ], [ 126.9047237, 35.1766737 ], [ 126.9047077, 35.1766626 ], [ 126.904683, 35.1766456 ], [ 126.9049017, 35.176434 ], [ 126.9049278, 35.176452 ], [ 126.9049504, 35.1764676 ], [ 126.9049832, 35.1764718 ], [ 126.9054138, 35.1760907 ], [ 126.9059216, 35.1758304 ], [ 126.9059689, 35.1758033 ] ] ] } },
{ "type": "Feature", "properties": { "element": "way", "id": 1120956417, "amenity": null, "name": null, "name:ko": null, "operator": null, "operator:type": null, "start_date": null, "website": null, "wikidata": null, "wikipedia": null, "leisure": "park", "sport": null, "indoor": null, "access": null, "addr:city": null, "addr:district": null, "addr:housenumber": null, "addr:postcode": null, "addr:street": null, "name:en": null, "surface": null, "addr:housename": null, "internet_access": null, "name:ja": null, "name:zh": null, "phone": null, "name:ko-Latn": null, "lit": null, "alt_name": null, "tourism": null, "parking": null, "landuse": null, "natural": null, "fixme": null, "area": null, "hoops": null, "leaf_cycle": null, "leaf_type": null, "addr:subdistrict": null, "covered": null, "education": null, "type": null }, "geometry": { "type": "Polygon", "coordinates": [ [ [ 126.9064337, 35.1775013 ], [ 126.9067491, 35.1772805 ], [ 126.9067143, 35.1772599 ], [ 126.906688, 35.1772827 ], [ 126.9066532, 35.1773008 ], [ 126.9066179, 35.1773096 ], [ 126.9065795, 35.1773037 ], [ 126.9065391, 35.1772916 ], [ 126.9065119, 35.1772627 ], [ 126.9064979, 35.1772336 ], [ 126.9064946, 35.177203 ], [ 126.9065088, 35.1771718 ], [ 126.9065296, 35.1771505 ], [ 126.906411, 35.1770802 ], [ 126.9063557, 35.1773351 ], [ 126.9063498, 35.1773622 ], [ 126.9064337, 35.1775013 ] ] ] } },
{ "type": "Feature", "properties": { "element": "way", "id": 1120956418, "amenity": null, "name": null, "name:ko": null, "operator": null, "operator:type": null, "start_date": null, "website": null, "wikidata": null, "wikipedia": null, "leisure": "park", "sport": null, "indoor": null, "access": null, "addr:city": null, "addr:district": null, "addr:housenumber": null, "addr:postcode": null, "addr:street": null, "name:en": null, "surface": null, "addr:housename": null, "internet_access": null, "name:ja": null, "name:zh": null, "phone": null, "name:ko-Latn": null, "lit": null, "alt_name": null, "tourism": null, "parking": null, "landuse": null, "natural": null, "fixme": null, "area": null, "hoops": null, "leaf_cycle": null, "leaf_type": null, "addr:subdistrict": null, "covered": null, "education": null, "type": null }, "geometry": { "type": "Polygon", "coordinates": [ [ [ 126.9064973, 35.1775421 ], [ 126.9070918, 35.1775254 ], [ 126.9071372, 35.1775087 ], [ 126.9070464, 35.177453 ], [ 126.9067809, 35.1772972 ], [ 126.9065131, 35.1774994 ], [ 126.9064973, 35.1775421 ] ] ] } },
{ "type": "Feature", "properties": { "element": "way", "id": 1120956419, "amenity": null, "name": null, "name:ko": null, "operator": null, "operator:type": null, "start_date": null, "website": null, "wikidata": null, "wikipedia": null, "leisure": "park", "sport": null, "indoor": null, "access": null, "addr:city": null, "addr:district": null, "addr:housenumber": null, "addr:postcode": null, "addr:street": null, "name:en": null, "surface": null, "addr:housename": null, "internet_access": null, "name:ja": null, "name:zh": null, "phone": null, "name:ko-Latn": null, "lit": null, "alt_name": null, "tourism": null, "parking": null, "landuse": null, "natural": null, "fixme": null, "area": null, "hoops": null, "leaf_cycle": null, "leaf_type": null, "addr:subdistrict": null, "covered": null, "education": null, "type": null }, "geometry": { "type": "Polygon", "coordinates": [ [ [ 126.9068154, 35.1772716 ], [ 126.9070695, 35.1774304 ], [ 126.907003, 35.17713 ], [ 126.9068154, 35.1772716 ] ] ] } },
{ "type": "Feature", "properties": { "element": "way", "id": 1120956421, "amenity": null, "name": null, "name:ko": null, "operator": null, "operator:type": null, "start_date": null, "website": null, "wikidata": null, "wikipedia": null, "leisure": "park", "sport": null, "indoor": null, "access": null, "addr:city": null, "addr:district": null, "addr:housenumber": null, "addr:postcode": null, "addr:street": null, "name:en": null, "surface": null, "addr:housename": null, "internet_access": null, "name:ja": null, "name:zh": null, "phone": null, "name:ko-Latn": null, "lit": null, "alt_name": null, "tourism": null, "parking": null, "landuse": null, "natural": null, "fixme": null, "area": null, "hoops": null, "leaf_cycle": null, "leaf_type": null, "addr:subdistrict": null, "covered": null, "education": null, "type": null }, "geometry": { "type": "Polygon", "coordinates": [ [ [ 126.9067802, 35.1772546 ], [ 126.9067215, 35.1772216 ], [ 126.9067176, 35.1771928 ], [ 126.9067033, 35.1771736 ], [ 126.9066837, 35.1771523 ], [ 126.9066459, 35.17713 ], [ 126.9065977, 35.1771278 ], [ 126.9065717, 35.17713 ], [ 126.9064335, 35.1770447 ], [ 126.906457, 35.1768755 ], [ 126.9064583, 35.1768658 ], [ 126.9069626, 35.1769936 ], [ 126.9069861, 35.1771065 ], [ 126.9067802, 35.1772546 ] ] ] } },
{ "type": "Feature", "properties": { "element": "way", "id": 1120956425, "amenity": null, "name": null, "name:ko": null, "operator": null, "operator:type": null, "start_date": null, "website": null, "wikidata": null, "wikipedia": null, "leisure": "park", "sport": null, "indoor": null, "access": null, "addr:city": null, "addr:district": null, "addr:housenumber": null, "addr:postcode": null, "addr:street": null, "name:en": null, "surface": null, "addr:housename": null, "internet_access": null, "name:ja": null, "name:zh": null, "phone": null, "name:ko-Latn": null, "lit": null, "alt_name": null, "tourism": null, "parking": null, "landuse": null, "natural": null, "fixme": null, "area": null, "hoops": null, "leaf_cycle": null, "leaf_type": null, "addr:subdistrict": null, "covered": null, "education": null, "type": null }, "geometry": { "type": "Polygon", "coordinates": [ [ [ 126.906467, 35.1768322 ], [ 126.9069576, 35.1769562 ], [ 126.9069236, 35.1767998 ], [ 126.9069515, 35.1767962 ], [ 126.906927, 35.1766877 ], [ 126.9069116, 35.1766257 ], [ 126.9068843, 35.1766186 ], [ 126.9064721, 35.1767229 ], [ 126.906467, 35.1768322 ] ] ] } },
{ "type": "Feature", "properties": { "element": "way", "id": 1120956444, "amenity": null, "name": "교육지표마당", "name:ko": "교육지표마당", "operator": null, "operator:type": null, "start_date": null, "website": "https://518trail.jnu.ac.kr/SubPage.aspx?PageCode=K20600", "wikidata": null, "wikipedia": null, "leisure": "park", "sport": null, "indoor": null, "access": null, "addr:city": null, "addr:district": null, "addr:housenumber": null, "addr:postcode": null, "addr:street": null, "name:en": "Education Manifesto Park", "surface": null, "addr:housename": null, "internet_access": null, "name:ja": null, "name:zh": null, "phone": null, "name:ko-Latn": null, "lit": null, "alt_name": null, "tourism": null, "parking": null, "landuse": null, "natural": null, "fixme": null, "area": null, "hoops": null, "leaf_cycle": null, "leaf_type": null, "addr:subdistrict": null, "covered": null, "education": null, "type": null }, "geometry": { "type": "Polygon", "coordinates": [ [ [ 126.905463, 35.17749 ], [ 126.905505, 35.1774738 ], [ 126.9055412, 35.1774347 ], [ 126.9056393, 35.1772953 ], [ 126.9056229, 35.1772161 ], [ 126.9055891, 35.1771293 ], [ 126.9055645, 35.1771016 ], [ 126.9055202, 35.1770844 ], [ 126.905477, 35.1770854 ], [ 126.9053941, 35.177115 ], [ 126.9052773, 35.1771675 ], [ 126.9052143, 35.1772085 ], [ 126.9051629, 35.1772534 ], [ 126.9051384, 35.1772934 ], [ 126.9054396, 35.1774938 ], [ 126.905463, 35.17749 ] ] ] } },
{ "type": "Feature", "properties": { "element": "way", "id": 1120956449, "amenity": null, "name": null, "name:ko": null, "operator": null, "operator:type": null, "start_date": null, "website": null, "wikidata": null, "wikipedia": null, "leisure": "park", "sport": null, "indoor": null, "access": null, "addr:city": null, "addr:district": null, "addr:housenumber": null, "addr:postcode": null, "addr:street": null, "name:en": null, "surface": null, "addr:housename": null, "internet_access": null, "name:ja": null, "name:zh": null, "phone": null, "name:ko-Latn": null, "lit": null, "alt_name": null, "tourism": null, "parking": null, "landuse": null, "natural": null, "fixme": null, "area": null, "hoops": null, "leaf_cycle": null, "leaf_type": null, "addr:subdistrict": null, "covered": null, "education": null, "type": null }, "geometry": { "type": "Polygon", "coordinates": [ [ [ 126.9070518, 35.1759164 ], [ 126.9072306, 35.175873 ], [ 126.9071706, 35.1757078 ], [ 126.9068126, 35.1757947 ], [ 126.9068822, 35.1759862 ], [ 126.9068985, 35.1760435 ], [ 126.9070158, 35.1759811 ], [ 126.9070705, 35.1759679 ], [ 126.9070518, 35.1759164 ] ] ] } },
{ "type": "Feature", "properties": { "element": "way", "id": 1123127731, "amenity": null, "name": null, "name:ko": null, "operator": null, "operator:type": null, "start_date": null, "website": null, "wikidata": null, "wikipedia": null, "leisure": "park", "sport": null, "indoor": null, "access": null, "addr:city": null, "addr:district": null, "addr:housenumber": null, "addr:postcode": null, "addr:street": null, "name:en": null, "surface": null, "addr:housename": null, "internet_access": null, "name:ja": null, "name:zh": null, "phone": null, "name:ko-Latn": null, "lit": null, "alt_name": null, "tourism": null, "parking": null, "landuse": null, "natural": null, "fixme": null, "area": null, "hoops": null, "leaf_cycle": null, "leaf_type": null, "addr:subdistrict": null, "covered": null, "education": null, "type": null }, "geometry": { "type": "Polygon", "coordinates": [ [ [ 126.9056301, 35.1775329 ], [ 126.9055643, 35.1775156 ], [ 126.9055814, 35.1774861 ], [ 126.9056951, 35.1773121 ], [ 126.9057404, 35.177324 ], [ 126.9057549, 35.1773338 ], [ 126.9056301, 35.1775329 ] ] ] } },
{ "type": "Feature", "properties": { "element": "way", "id": 1123127732, "amenity": null, "name": "인문대 벤치", "name:ko": "인문대 벤치", "operator": null, "operator:type": null, "start_date": null, "website": null, "wikidata": null, "wikipedia": null, "leisure": "park", "sport": null, "indoor": null, "access": null, "addr:city": null, "addr:district": null, "addr:housenumber": null, "addr:postcode": null, "addr:street": null, "name:en": "College of Humanities Bench", "surface": null, "addr:housename": null, "internet_access": null, "name:ja": null, "name:zh": null, "phone": null, "name:ko-Latn": null, "lit": null, "alt_name": null, "tourism": null, "parking": null, "landuse": null, "natural": null, "fixme": null, "area": null, "hoops": null, "leaf_cycle": null, "leaf_type": null, "addr:subdistrict": null, "covered": null, "education": null, "type": null }, "geometry": { "type": "Polygon", "coordinates": [ [ [ 126.9049941, 35.1771544 ], [ 126.9050852, 35.1772173 ], [ 126.9051901, 35.177116 ], [ 126.9050989, 35.177053 ], [ 126.9049941, 35.1771544 ] ] ] } },
{ "type": "Feature", "properties": { "element": "way", "id": 1123127736, "amenity": null, "name": "5.18광장", "name:ko": "5.18광장", "operator": null, "operator:type": null, "start_date": null, "website": "https://518trail.jnu.ac.kr/SubPage.aspx?PageCode=K20800", "wikidata": null, "wikipedia": null, "leisure": "park", "sport": null, "indoor": null, "access": null, "addr:city": null, "addr:district": null, "addr:housenumber": null, "addr:postcode": null, "addr:street": null, "name:en": "5.18 Square", "surface": null, "addr:housename": null, "internet_access": null, "name:ja": "5.18広場", "name:zh": null, "phone": null, "name:ko-Latn": null, "lit": null, "alt_name": null, "tourism": null, "parking": null, "landuse": null, "natural": null, "fixme": null, "area": null, "hoops": null, "leaf_cycle": null, "leaf_type": null, "addr:subdistrict": null, "covered": null, "education": null, "type": null }, "geometry": { "type": "Polygon", "coordinates": [ [ [ 126.9063028, 35.1763196 ], [ 126.906366, 35.1762963 ], [ 126.9063854, 35.1762679 ], [ 126.9067962, 35.1761734 ], [ 126.9068025, 35.176217 ], [ 126.9068115, 35.1762563 ], [ 126.9068667, 35.1764148 ], [ 126.9068658, 35.1764439 ], [ 126.9069031, 35.1765747 ], [ 126.9069116, 35.1766257 ], [ 126.906927, 35.1766877 ], [ 126.9069515, 35.1767962 ], [ 126.9069731, 35.1768547 ], [ 126.9070153, 35.1769612 ], [ 126.9070188, 35.1770006 ], [ 126.907036, 35.1770739 ], [ 126.9070447, 35.1771225 ], [ 126.9070721, 35.17718 ], [ 126.907149, 35.1774506 ], [ 126.9071255, 35.1774634 ], [ 126.9071372, 35.1775087 ], [ 126.9070918, 35.1775254 ], [ 126.9064973, 35.1775421 ], [ 126.9064337, 35.1775013 ], [ 126.9063498, 35.1773622 ], [ 126.9063333, 35.1773601 ], [ 126.9063187, 35.1771923 ], [ 126.9063687, 35.1770612 ], [ 126.9063764, 35.1770161 ], [ 126.9064023, 35.1768576 ], [ 126.9064083, 35.1768195 ], [ 126.9064178, 35.1767363 ], [ 126.9064131, 35.1767099 ], [ 126.9064211, 35.1766634 ], [ 126.9064131, 35.1766401 ], [ 126.9064024, 35.176611 ], [ 126.9063909, 35.1765456 ], [ 126.9063028, 35.1763196 ] ] ] } },
{ "type": "Feature", "properties": { "element": "way", "id": 1123127742, "amenity": null, "name": "박관현언덕", "name:ko": "박관현언덕", "operator": null, "operator:type": null, "start_date": null, "website": null, "wikidata": null, "wikipedia": null, "leisure": "park", "sport": null, "indoor": null, "access": null, "addr:city": null, "addr:district": null, "addr:housenumber": null, "addr:postcode": null, "addr:street": null, "name:en": "Park Gwan-hyun Hill", "surface": null, "addr:housename": null, "internet_access": null, "name:ja": null, "name:zh": null, "phone": null, "name:ko-Latn": null, "lit": null, "alt_name": null, "tourism": null, "parking": null, "landuse": null, "natural": null, "fixme": null, "area": null, "hoops": null, "leaf_cycle": null, "leaf_type": null, "addr:subdistrict": null, "covered": null, "education": null, "type": null }, "geometry": { "type": "Polygon", "coordinates": [ [ [ 126.9045523, 35.1733961 ], [ 126.9047231, 35.1735282 ], [ 126.9047927, 35.1734597 ], [ 126.9048591, 35.1733944 ], [ 126.9049132, 35.1733828 ], [ 126.9049752, 35.1733053 ], [ 126.9051035, 35.1732769 ], [ 126.90506, 35.1731783 ], [ 126.9050538, 35.1731638 ], [ 126.9049885, 35.1731253 ], [ 126.9049548, 35.1731023 ], [ 126.9048838, 35.1731153 ], [ 126.9048631, 35.1731682 ], [ 126.9047823, 35.173223 ], [ 126.9045523, 35.1733961 ] ] ] } },
{ "type": "Feature", "properties": { "element": "way", "id": 1123127743, "amenity": null, "name": "윤상원숲", "name:ko": "윤상원숲", "operator": null, "operator:type": null, "start_date": null, "website": null, "wikidata": null, "wikipedia": null, "leisure": "park", "sport": null, "indoor": null, "access": null, "addr:city": null, "addr:district": null, "addr:housenumber": null, "addr:postcode": null, "addr:street": null, "name:en": "Yoon Sang-won Forest", "surface": null, "addr:housename": null, "internet_access": null, "name:ja": null, "name:zh": null, "phone": null, "name:ko-Latn": null, "lit": null, "alt_name": null, "tourism": null, "parking": null, "landuse": null, "natural": null, "fixme": null, "area": null, "hoops": null, "leaf_cycle": null, "leaf_type": null, "addr:subdistrict": null, "covered": null, "education": null, "type": null }, "geometry": { "type": "Polygon", "coordinates": [ [ [ 126.9042997, 35.1752854 ], [ 126.9043448, 35.175365 ], [ 126.9045532, 35.1755199 ], [ 126.9045883, 35.1755019 ], [ 126.9046743, 35.1754643 ], [ 126.9046347, 35.1753236 ], [ 126.9046203, 35.1752739 ], [ 126.9045868, 35.1752418 ], [ 126.90455, 35.1751983 ], [ 126.9045535, 35.1751622 ], [ 126.9044667, 35.1750828 ], [ 126.9044127, 35.1750608 ], [ 126.904351, 35.1750733 ], [ 126.9043202, 35.1751259 ], [ 126.9043385, 35.1752214 ], [ 126.90431, 35.1752284 ], [ 126.9042997, 35.1752854 ] ] ] } },
{ "type": "Feature", "properties": { "element": "way", "id": 1123151258, "amenity": null, "name": "민주공원", "name:ko": "민주공원", "operator": null, "operator:type": null, "start_date": null, "website": null, "wikidata": null, "wikipedia": null, "leisure": "park", "sport": null, "indoor": null, "access": null, "addr:city": null, "addr:district": null, "addr:housenumber": null, "addr:postcode": null, "addr:street": null, "name:en": "Democracy Park", "surface": null, "addr:housename": null, "internet_access": null, "name:ja": null, "name:zh": null, "phone": null, "name:ko-Latn": null, "lit": null, "alt_name": null, "tourism": null, "parking": null, "landuse": null, "natural": null, "fixme": null, "area": null, "hoops": null, "leaf_cycle": null, "leaf_type": null, "addr:subdistrict": null, "covered": null, "education": null, "type": null }, "geometry": { "type": "Polygon", "coordinates": [ [ [ 126.9046803, 35.1724972 ], [ 126.9047657, 35.172696 ], [ 126.9047847, 35.1728097 ], [ 126.9047683, 35.17283 ], [ 126.9043849, 35.1728226 ], [ 126.9043694, 35.1728102 ], [ 126.9043566, 35.1725023 ], [ 126.9043638, 35.1724917 ], [ 126.9046803, 35.1724972 ] ] ] } },
{ "type": "Feature", "properties": { "element": "way", "id": 1123151267, "amenity": null, "name": null, "name:ko": null, "operator": null, "operator:type": null, "start_date": null, "website": null, "wikidata": null, "wikipedia": null, "leisure": "park", "sport": null, "indoor": null, "access": null, "addr:city": null, "addr:district": null, "addr:housenumber": null, "addr:postcode": null, "addr:street": null, "name:en": null, "surface": null, "addr:housename": null, "internet_access": null, "name:ja": null, "name:zh": null, "phone": null, "name:ko-Latn": null, "lit": null, "alt_name": null, "tourism": null, "parking": null, "landuse": null, "natural": null, "fixme": null, "area": null, "hoops": null, "leaf_cycle": null, "leaf_type": null, "addr:subdistrict": null, "covered": null, "education": null, "type": null }, "geometry": { "type": "Polygon", "coordinates": [ [ [ 126.9017615, 35.1752923 ], [ 126.9017972, 35.1753154 ], [ 126.901813, 35.1753423 ], [ 126.9018402, 35.1753726 ], [ 126.9018707, 35.1753897 ], [ 126.9019097, 35.1754557 ], [ 126.9019277, 35.1755527 ], [ 126.9019248, 35.1755759 ], [ 126.9019226, 35.1755942 ], [ 126.9017993, 35.1756645 ], [ 126.9017705, 35.1756759 ], [ 126.9017421, 35.1756559 ], [ 126.9017062, 35.1755771 ], [ 126.9016384, 35.1754802 ], [ 126.9015229, 35.1753776 ], [ 126.901481, 35.1753401 ], [ 126.901472, 35.17531 ], [ 126.9015129, 35.1752961 ], [ 126.9015418, 35.1752961 ], [ 126.9015876, 35.1752579 ], [ 126.9016315, 35.1752554 ], [ 126.9016651, 35.1752301 ], [ 126.9017615, 35.1752923 ] ] ] } },
{ "type": "Feature", "properties": { "element": "way", "id": 1123151268, "amenity": null, "name": null, "name:ko": null, "operator": null, "operator:type": null, "start_date": null, "website": null, "wikidata": null, "wikipedia": null, "leisure": "park", "sport": null, "indoor": null, "access": null, "addr:city": null, "addr:district": null, "addr:housenumber": null, "addr:postcode": null, "addr:street": null, "name:en": null, "surface": null, "addr:housename": null, "internet_access": null, "name:ja": null, "name:zh": null, "phone": null, "name:ko-Latn": null, "lit": null, "alt_name": null, "tourism": null, "parking": null, "landuse": null, "natural": null, "fixme": null, "area": null, "hoops": null, "leaf_cycle": null, "leaf_type": null, "addr:subdistrict": null, "covered": null, "education": null, "type": null }, "geometry": { "type": "Polygon", "coordinates": [ [ [ 126.9013703, 35.1753725 ], [ 126.9014074, 35.1753568 ], [ 126.9014832, 35.175381 ], [ 126.901591, 35.1754856 ], [ 126.9016669, 35.1755854 ], [ 126.9016941, 35.1756406 ], [ 126.9016514, 35.1756629 ], [ 126.9016266, 35.1756493 ], [ 126.9016159, 35.1756231 ], [ 126.9016313, 35.175596 ], [ 126.9016223, 35.1755898 ], [ 126.9013703, 35.1753725 ] ] ] } },
{ "type": "Feature", "properties": { "element": "way", "id": 1123151277, "amenity": null, "name": null, "name:ko": null, "operator": null, "operator:type": null, "start_date": null, "website": null, "wikidata": null, "wikipedia": null, "leisure": "park", "sport": null, "indoor": null, "access": null, "addr:city": null, "addr:district": null, "addr:housenumber": null, "addr:postcode": null, "addr:street": null, "name:en": null, "surface": null, "addr:housename": null, "internet_access": null, "name:ja": null, "name:zh": null, "phone": null, "name:ko-Latn": null, "lit": null, "alt_name": null, "tourism": null, "parking": null, "landuse": null, "natural": null, "fixme": null, "area": null, "hoops": null, "leaf_cycle": null, "leaf_type": null, "addr:subdistrict": null, "covered": null, "education": null, "type": null }, "geometry": { "type": "Polygon", "coordinates": [ [ [ 126.9060436, 35.1745787 ], [ 126.905985, 35.1746166 ], [ 126.9059073, 35.1744679 ], [ 126.9057032, 35.1740316 ], [ 126.9053844, 35.173272 ], [ 126.9055582, 35.1732006 ], [ 126.9056512, 35.1732524 ], [ 126.905716, 35.1732386 ], [ 126.905847, 35.1733296 ], [ 126.9058569, 35.1733803 ], [ 126.9058498, 35.1734966 ], [ 126.9058625, 35.1736717 ], [ 126.9058273, 35.1737511 ], [ 126.9059555, 35.1740057 ], [ 126.9060344, 35.1742164 ], [ 126.9061147, 35.1744238 ], [ 126.9060809, 35.1745401 ], [ 126.9060436, 35.1745787 ] ] ] } },
{ "type": "Feature", "properties": { "element": "way", "id": 1123151282, "amenity": null, "name": null, "name:ko": null, "operator": null, "operator:type": null, "start_date": null, "website": null, "wikidata": null, "wikipedia": null, "leisure": "pitch", "sport": "soccer", "indoor": null, "access": null, "addr:city": null, "addr:district": null, "addr:housenumber": null, "addr:postcode": null, "addr:street": null, "name:en": null, "surface": "artificial_turf", "addr:housename": null, "internet_access": null, "name:ja": null, "name:zh": null, "phone": null, "name:ko-Latn": null, "lit": "yes", "alt_name": null, "tourism": null, "parking": null, "landuse": null, "natural": null, "fixme": null, "area": null, "hoops": null, "leaf_cycle": null, "leaf_type": null, "addr:subdistrict": null, "covered": null, "education": null, "type": null }, "geometry": { "type": "Polygon", "coordinates": [ [ [ 126.9060648, 35.1734788 ], [ 126.9068155, 35.1733234 ], [ 126.906859, 35.1734061 ], [ 126.9071122, 35.1742433 ], [ 126.9071023, 35.1743019 ], [ 126.9063829, 35.1744453 ], [ 126.9063371, 35.1743801 ], [ 126.9060952, 35.1735796 ], [ 126.9060648, 35.1734788 ] ] ] } },
{ "type": "Feature", "properties": { "element": "way", "id": 1123151283, "amenity": null, "name": "농구장", "name:ko": null, "operator": null, "operator:type": null, "start_date": null, "website": null, "wikidata": null, "wikipedia": null, "leisure": "pitch", "sport": "basketball", "indoor": null, "access": null, "addr:city": null, "addr:district": null, "addr:housenumber": null, "addr:postcode": null, "addr:street": null, "name:en": null, "surface": "clay", "addr:housename": null, "internet_access": null, "name:ja": null, "name:zh": null, "phone": null, "name:ko-Latn": null, "lit": "yes", "alt_name": null, "tourism": null, "parking": null, "landuse": null, "natural": null, "fixme": null, "area": null, "hoops": null, "leaf_cycle": null, "leaf_type": null, "addr:subdistrict": null, "covered": null, "education": null, "type": null }, "geometry": { "type": "Polygon", "coordinates": [ [ [ 126.9066381, 35.1745668 ], [ 126.9069555, 35.1745013 ], [ 126.906914, 35.1743667 ], [ 126.9065966, 35.1744321 ], [ 126.9066381, 35.1745668 ] ] ] } },
{ "type": "Feature", "properties": { "element": "way", "id": 1123151286, "amenity": null, "name": "전남대종합운동장", "name:ko": null, "operator": null, "operator:type": null, "start_date": null, "website": null, "wikidata": null, "wikipedia": null, "leisure": "pitch", "sport": null, "indoor": null, "access": "yes", "addr:city": null, "addr:district": null, "addr:housenumber": null, "addr:postcode": null, "addr:street": null, "name:en": null, "surface": null, "addr:housename": null, "internet_access": null, "name:ja": null, "name:zh": null, "phone": null, "name:ko-Latn": null, "lit": null, "alt_name": null, "tourism": null, "parking": null, "landuse": null, "natural": null, "fixme": null, "area": null, "hoops": null, "leaf_cycle": null, "leaf_type": null, "addr:subdistrict": null, "covered": null, "education": null, "type": null }, "geometry": { "type": "Polygon", "coordinates": [ [ [ 126.9063829, 35.1744453 ], [ 126.9064229, 35.174494 ], [ 126.906513, 35.1745434 ], [ 126.9066113, 35.1745724 ], [ 126.9067334, 35.1745889 ], [ 126.9068483, 35.1745637 ], [ 126.9069502, 35.1745172 ], [ 126.9070557, 35.174431 ], [ 126.9070959, 35.1743535 ], [ 126.9071023, 35.1743019 ], [ 126.9071122, 35.1742433 ], [ 126.906859, 35.1734061 ], [ 126.9068155, 35.1733234 ], [ 126.9067677, 35.1732998 ], [ 126.9067192, 35.173263 ], [ 126.9066374, 35.1732262 ], [ 126.906545, 35.1732097 ], [ 126.906468, 35.1732078 ], [ 126.9063756, 35.1732214 ], [ 126.9062879, 35.1732456 ], [ 126.9062014, 35.1732718 ], [ 126.9061297, 35.1733309 ], [ 126.9060832, 35.1734046 ], [ 126.9060648, 35.1734788 ], [ 126.9060952, 35.1735796 ], [ 126.9063371, 35.1743801 ], [ 126.9063829, 35.1744453 ] ] ] } },
{ "type": "Feature", "properties": { "element": "way", "id": 1123151289, "amenity": null, "name": "테니스장", "name:ko": "테니스장", "operator": null, "operator:type": null, "start_date": null, "website": null, "wikidata": null, "wikipedia": null, "leisure": "pitch", "sport": "tennis", "indoor": "no", "access": null, "addr:city": null, "addr:district": null, "addr:housenumber": null, "addr:postcode": null, "addr:street": null, "name:en": "Tennis Court", "surface": null, "addr:housename": null, "internet_access": null, "name:ja": null, "name:zh": null, "phone": null, "name:ko-Latn": null, "lit": null, "alt_name": null, "tourism": null, "parking": null, "landuse": null, "natural": null, "fixme": null, "area": null, "hoops": null, "leaf_cycle": null, "leaf_type": null, "addr:subdistrict": null, "covered": "no", "education": null, "type": null }, "geometry": { "type": "Polygon", "coordinates": [ [ [ 126.9077151, 35.1746752 ], [ 126.9081466, 35.1746944 ], [ 126.9083788, 35.1747054 ], [ 126.9088057, 35.1747248 ], [ 126.9088298, 35.1744095 ], [ 126.9088325, 35.1743735 ], [ 126.9077363, 35.1743366 ], [ 126.9077151, 35.1746752 ] ] ] } },
{ "type": "Feature", "properties": { "element": "way", "id": 1123151290, "amenity": null, "name": "풋살장", "name:ko": null, "operator": null, "operator:type": null, "start_date": null, "website": null, "wikidata": null, "wikipedia": null, "leisure": "pitch", "sport": "futsal", "indoor": null, "access": null, "addr:city": null, "addr:district": null, "addr:housenumber": null, "addr:postcode": null, "addr:street": null, "name:en": null, "surface": "grass", "addr:housename": null, "internet_access": null, "name:ja": null, "name:zh": null, "phone": null, "name:ko-Latn": null, "lit": "yes", "alt_name": null, "tourism": null, "parking": null, "landuse": null, "natural": null, "fixme": null, "area": null, "hoops": null, "leaf_cycle": null, "leaf_type": null, "addr:subdistrict": null, "covered": null, "education": null, "type": null }, "geometry": { "type": "Polygon", "coordinates": [ [ [ 126.9075703, 35.1738727 ], [ 126.9079064, 35.1738853 ], [ 126.9078816, 35.1743263 ], [ 126.9075456, 35.1743137 ], [ 126.9075703, 35.1738727 ] ] ] } },
{ "type": "Feature", "properties": { "element": "way", "id": 1123151291, "amenity": null, "name": "풋살장", "name:ko": null, "operator": null, "operator:type": null, "start_date": null, "website": null, "wikidata": null, "wikipedia": null, "leisure": "pitch", "sport": "futsal", "indoor": null, "access": null, "addr:city": null, "addr:district": null, "addr:housenumber": null, "addr:postcode": null, "addr:street": null, "name:en": null, "surface": null, "addr:housename": null, "internet_access": null, "name:ja": null, "name:zh": null, "phone": null, "name:ko-Latn": null, "lit": "yes", "alt_name": null, "tourism": null, "parking": null, "landuse": null, "natural": null, "fixme": null, "area": null, "hoops": null, "leaf_cycle": null, "leaf_type": null, "addr:subdistrict": null, "covered": null, "education": null, "type": null }, "geometry": { "type": "Polygon", "coordinates": [ [ [ 126.908239, 35.1738931 ], [ 126.9082158, 35.1743397 ], [ 126.9078868, 35.1743283 ], [ 126.90791, 35.1738817 ], [ 126.908239, 35.1738931 ] ] ] } },
{ "type": "Feature", "properties": { "element": "way", "id": 1125131680, "amenity": null, "name": null, "name:ko": null, "operator": null, "operator:type": null, "start_date": null, "website": null, "wikidata": null, "wikipedia": null, "leisure": "park", "sport": null, "indoor": null, "access": null, "addr:city": null, "addr:district": null, "addr:housenumber": null, "addr:postcode": null, "addr:street": null, "name:en": null, "surface": null, "addr:housename": null, "internet_access": null, "name:ja": null, "name:zh": null, "phone": null, "name:ko-Latn": null, "lit": null, "alt_name": null, "tourism": null, "parking": null, "landuse": null, "natural": null, "fixme": null, "area": null, "hoops": null, "leaf_cycle": null, "leaf_type": null, "addr:subdistrict": null, "covered": null, "education": null, "type": null }, "geometry": { "type": "Polygon", "coordinates": [ [ [ 126.9073996, 35.1758106 ], [ 126.9075721, 35.1757628 ], [ 126.9076338, 35.1758811 ], [ 126.9076861, 35.1758559 ], [ 126.9077015, 35.1758232 ], [ 126.9076769, 35.1756142 ], [ 126.907603, 35.1756041 ], [ 126.907338, 35.1756847 ], [ 126.9073996, 35.1758106 ] ] ] } },
{ "type": "Feature", "properties": { "element": "way", "id": 1125131727, "amenity": null, "name": "농구장", "name:ko": null, "operator": null, "operator:type": null, "start_date": null, "website": null, "wikidata": null, "wikipedia": null, "leisure": "pitch", "sport": "basketball", "indoor": null, "access": null, "addr:city": null, "addr:district": null, "addr:housenumber": null, "addr:postcode": null, "addr:street": null, "name:en": null, "surface": "asphalt", "addr:housename": null, "internet_access": null, "name:ja": null, "name:zh": null, "phone": null, "name:ko-Latn": null, "lit": null, "alt_name": null, "tourism": null, "parking": null, "landuse": null, "natural": null, "fixme": null, "area": null, "hoops": null, "leaf_cycle": null, "leaf_type": null, "addr:subdistrict": null, "covered": null, "education": null, "type": null }, "geometry": { "type": "Polygon", "coordinates": [ [ [ 126.9037362, 35.1774532 ], [ 126.903911, 35.1772211 ], [ 126.9040762, 35.1773043 ], [ 126.9039013, 35.1775363 ], [ 126.9037362, 35.1774532 ] ] ] } },
{ "type": "Feature", "properties": { "element": "way", "id": 1125131729, "amenity": null, "name": "김남주뜰", "name:ko": "김남주뜰", "operator": null, "operator:type": null, "start_date": null, "website": null, "wikidata": null, "wikipedia": null, "leisure": "park", "sport": null, "indoor": null, "access": null, "addr:city": null, "addr:district": null, "addr:housenumber": null, "addr:postcode": null, "addr:street": null, "name:en": "Kim Nam-ju Park", "surface": null, "addr:housename": null, "internet_access": null, "name:ja": null, "name:zh": null, "phone": null, "name:ko-Latn": null, "lit": null, "alt_name": null, "tourism": null, "parking": null, "landuse": null, "natural": null, "fixme": null, "area": null, "hoops": null, "leaf_cycle": null, "leaf_type": null, "addr:subdistrict": null, "covered": null, "education": null, "type": null }, "geometry": { "type": "Polygon", "coordinates": [ [ [ 126.904074, 35.1770877 ], [ 126.9043181, 35.1770296 ], [ 126.9043268, 35.1770302 ], [ 126.9043395, 35.1770466 ], [ 126.9043368, 35.1770565 ], [ 126.9040995, 35.1772812 ], [ 126.903913, 35.1771908 ], [ 126.9039143, 35.1771808 ], [ 126.9040894, 35.1771403 ], [ 126.904074, 35.1770877 ] ] ] } },
{ "type": "Feature", "properties": { "element": "way", "id": 1125136662, "amenity": null, "name": null, "name:ko": null, "operator": null, "operator:type": null, "start_date": null, "website": null, "wikidata": null, "wikipedia": null, "leisure": "park", "sport": null, "indoor": null, "access": null, "addr:city": null, "addr:district": null, "addr:housenumber": null, "addr:postcode": null, "addr:street": null, "name:en": null, "surface": null, "addr:housename": null, "internet_access": null, "name:ja": null, "name:zh": null, "phone": null, "name:ko-Latn": null, "lit": null, "alt_name": null, "tourism": null, "parking": null, "landuse": null, "natural": null, "fixme": null, "area": null, "hoops": null, "leaf_cycle": null, "leaf_type": null, "addr:subdistrict": null, "covered": null, "education": null, "type": null }, "geometry": { "type": "Polygon", "coordinates": [ [ [ 126.9047457, 35.1778096 ], [ 126.9048148, 35.1778046 ], [ 126.9048453, 35.1778146 ], [ 126.904767, 35.1779666 ], [ 126.9049917, 35.1780588 ], [ 126.9049449, 35.1781493 ], [ 126.904948, 35.1782042 ], [ 126.9049114, 35.1782706 ], [ 126.9050557, 35.1783238 ], [ 126.9050791, 35.1783554 ], [ 126.9053128, 35.1784027 ], [ 126.9055883, 35.1780945 ], [ 126.9056238, 35.1780771 ], [ 126.9056574, 35.1780796 ], [ 126.9058698, 35.1781834 ], [ 126.905883, 35.1782083 ], [ 126.9058688, 35.1782233 ], [ 126.9057316, 35.1781867 ], [ 126.9056777, 35.1781967 ], [ 126.9055171, 35.1783404 ], [ 126.9053946, 35.1784401 ], [ 126.9052793, 35.178534 ], [ 126.9051687, 35.1785896 ], [ 126.9051197, 35.1786603 ], [ 126.9050859, 35.1785976 ], [ 126.9050211, 35.1784775 ], [ 126.9048606, 35.1782607 ], [ 126.9048463, 35.1780895 ], [ 126.9048758, 35.1780447 ], [ 126.9046461, 35.1779508 ], [ 126.9047457, 35.1778096 ] ] ] } },
{ "type": "Feature", "properties": { "element": "way", "id": 1125136670, "amenity": null, "name": null, "name:ko": null, "operator": null, "operator:type": null, "start_date": null, "website": null, "wikidata": null, "wikipedia": null, "leisure": "park", "sport": null, "indoor": null, "access": null, "addr:city": null, "addr:district": null, "addr:housenumber": null, "addr:postcode": null, "addr:street": null, "name:en": null, "surface": null, "addr:housename": null, "internet_access": null, "name:ja": null, "name:zh": null, "phone": null, "name:ko-Latn": null, "lit": null, "alt_name": null, "tourism": null, "parking": null, "landuse": null, "natural": null, "fixme": null, "area": null, "hoops": null, "leaf_cycle": null, "leaf_type": null, "addr:subdistrict": null, "covered": null, "education": null, "type": null }, "geometry": { "type": "Polygon", "coordinates": [ [ [ 126.9063731, 35.1776202 ], [ 126.9063825, 35.1776126 ], [ 126.9063965, 35.1776049 ], [ 126.9067759, 35.1775935 ], [ 126.9067864, 35.1776011 ], [ 126.9067911, 35.1776145 ], [ 126.9067911, 35.1778034 ], [ 126.906435, 35.1778111 ], [ 126.9063159, 35.1777681 ], [ 126.9063043, 35.1777548 ], [ 126.9063731, 35.1776202 ] ] ] } },
{ "type": "Feature", "properties": { "element": "way", "id": 1125136671, "amenity": null, "name": null, "name:ko": null, "operator": null, "operator:type": null, "start_date": null, "website": null, "wikidata": null, "wikipedia": null, "leisure": "park", "sport": null, "indoor": null, "access": null, "addr:city": null, "addr:district": null, "addr:housenumber": null, "addr:postcode": null, "addr:street": null, "name:en": null, "surface": null, "addr:housename": null, "internet_access": null, "name:ja": null, "name:zh": null, "phone": null, "name:ko-Latn": null, "lit": null, "alt_name": null, "tourism": null, "parking": null, "landuse": null, "natural": null, "fixme": null, "area": null, "hoops": null, "leaf_cycle": null, "leaf_type": null, "addr:subdistrict": null, "covered": null, "education": null, "type": null }, "geometry": { "type": "Polygon", "coordinates": [ [ [ 126.9068891, 35.1776124 ], [ 126.9068905, 35.1775992 ], [ 126.9069066, 35.1775861 ], [ 126.9071734, 35.1775806 ], [ 126.9071909, 35.1776387 ], [ 126.907211, 35.1776913 ], [ 126.9072405, 35.177733 ], [ 126.9072633, 35.1777724 ], [ 126.9071506, 35.1777987 ], [ 126.9068931, 35.1778031 ], [ 126.9068891, 35.1776124 ] ] ] } },
{ "type": "Feature", "properties": { "element": "way", "id": 1125136690, "amenity": null, "name": null, "name:ko": null, "operator": null, "operator:type": null, "start_date": null, "website": null, "wikidata": null, "wikipedia": null, "leisure": "park", "sport": null, "indoor": null, "access": null, "addr:city": null, "addr:district": null, "addr:housenumber": null, "addr:postcode": null, "addr:street": null, "name:en": null, "surface": null, "addr:housename": null, "internet_access": null, "name:ja": null, "name:zh": null, "phone": null, "name:ko-Latn": null, "lit": null, "alt_name": null, "tourism": null, "parking": null, "landuse": null, "natural": null, "fixme": null, "area": null, "hoops": null, "leaf_cycle": null, "leaf_type": null, "addr:subdistrict": null, "covered": null, "education": null, "type": null }, "geometry": { "type": "Polygon", "coordinates": [ [ [ 126.905541, 35.1793669 ], [ 126.9055731, 35.1793515 ], [ 126.9056321, 35.1791623 ], [ 126.9054206, 35.1791183 ], [ 126.9054396, 35.1790463 ], [ 126.9053363, 35.1790245 ], [ 126.9052954, 35.179016 ], [ 126.9052901, 35.1790329 ], [ 126.9052344, 35.1792121 ], [ 126.9053739, 35.1792411 ], [ 126.9053548, 35.1793025 ], [ 126.9054531, 35.1793229 ], [ 126.9054456, 35.1793471 ], [ 126.905541, 35.1793669 ] ] ] } },
{ "type": "Feature", "properties": { "element": "way", "id": 1125165974, "amenity": null, "name": null, "name:ko": null, "operator": null, "operator:type": null, "start_date": null, "website": null, "wikidata": null, "wikipedia": null, "leisure": "park", "sport": null, "indoor": null, "access": null, "addr:city": null, "addr:district": null, "addr:housenumber": null, "addr:postcode": null, "addr:street": null, "name:en": null, "surface": null, "addr:housename": null, "internet_access": null, "name:ja": null, "name:zh": null, "phone": null, "name:ko-Latn": null, "lit": null, "alt_name": null, "tourism": null, "parking": null, "landuse": null, "natural": null, "fixme": null, "area": null, "hoops": null, "leaf_cycle": null, "leaf_type": null, "addr:subdistrict": null, "covered": null, "education": null, "type": null }, "geometry": { "type": "Polygon", "coordinates": [ [ [ 126.9056233, 35.1793004 ], [ 126.9059108, 35.179355 ], [ 126.9059479, 35.1792245 ], [ 126.9056604, 35.1791699 ], [ 126.9056233, 35.1793004 ] ] ] } },
{ "type": "Feature", "properties": { "element": "way", "id": 1125165991, "amenity": null, "name": null, "name:ko": null, "operator": null, "operator:type": null, "start_date": null, "website": null, "wikidata": null, "wikipedia": null, "leisure": "park", "sport": null, "indoor": null, "access": null, "addr:city": null, "addr:district": null, "addr:housenumber": null, "addr:postcode": null, "addr:street": null, "name:en": null, "surface": null, "addr:housename": null, "internet_access": null, "name:ja": null, "name:zh": null, "phone": null, "name:ko-Latn": null, "lit": null, "alt_name": null, "tourism": null, "parking": null, "landuse": null, "natural": null, "fixme": null, "area": null, "hoops": null, "leaf_cycle": null, "leaf_type": null, "addr:subdistrict": null, "covered": null, "education": null, "type": null }, "geometry": { "type": "Polygon", "coordinates": [ [ [ 126.9061075, 35.1794436 ], [ 126.9064092, 35.1795021 ], [ 126.9065136, 35.1791543 ], [ 126.9065296, 35.179129 ], [ 126.9065366, 35.1791181 ], [ 126.9064048, 35.1789279 ], [ 126.9063818, 35.1789192 ], [ 126.9063482, 35.1789163 ], [ 126.9063146, 35.178933 ], [ 126.90628, 35.1789684 ], [ 126.906257, 35.1789923 ], [ 126.9061075, 35.1794436 ] ] ] } },
{ "type": "Feature", "properties": { "element": "way", "id": 1125165994, "amenity": null, "name": null, "name:ko": null, "operator": null, "operator:type": null, "start_date": null, "website": null, "wikidata": null, "wikipedia": null, "leisure": "park", "sport": null, "indoor": null, "access": null, "addr:city": null, "addr:district": null, "addr:housenumber": null, "addr:postcode": null, "addr:street": null, "name:en": null, "surface": null, "addr:housename": null, "internet_access": null, "name:ja": null, "name:zh": null, "phone": null, "name:ko-Latn": null, "lit": null, "alt_name": null, "tourism": null, "parking": null, "landuse": null, "natural": null, "fixme": null, "area": null, "hoops": null, "leaf_cycle": null, "leaf_type": null, "addr:subdistrict": null, "covered": null, "education": null, "type": null }, "geometry": { "type": "Polygon", "coordinates": [ [ [ 126.9064975, 35.1794473 ], [ 126.9065095, 35.1794714 ], [ 126.9065431, 35.1794922 ], [ 126.9067952, 35.1795372 ], [ 126.9068233, 35.1795657 ], [ 126.9068515, 35.1796106 ], [ 126.9068334, 35.1796765 ], [ 126.9068703, 35.1796895 ], [ 126.9068689, 35.17974 ], [ 126.9069065, 35.17974 ], [ 126.9069059, 35.179987 ], [ 126.9069065, 35.1800195 ], [ 126.9069387, 35.1800337 ], [ 126.9069521, 35.180025 ], [ 126.9069373, 35.1796808 ], [ 126.9069132, 35.1796106 ], [ 126.9068663, 35.1795196 ], [ 126.9068113, 35.1794385 ], [ 126.9067469, 35.1793585 ], [ 126.9066235, 35.1791919 ], [ 126.9066021, 35.1791952 ], [ 126.9065685, 35.1791831 ], [ 126.9064975, 35.1794473 ] ] ] } },
{ "type": "Feature", "properties": { "element": "way", "id": 1125165997, "amenity": null, "name": "예대 벤치", "name:ko": "예대 벤치", "operator": null, "operator:type": null, "start_date": null, "website": null, "wikidata": null, "wikipedia": null, "leisure": "park", "sport": null, "indoor": null, "access": null, "addr:city": null, "addr:district": null, "addr:housenumber": null, "addr:postcode": null, "addr:street": null, "name:en": "College of Arts Bench", "surface": null, "addr:housename": null, "internet_access": null, "name:ja": null, "name:zh": null, "phone": null, "name:ko-Latn": null, "lit": null, "alt_name": null, "tourism": null, "parking": null, "landuse": null, "natural": null, "fixme": null, "area": null, "hoops": null, "leaf_cycle": null, "leaf_type": null, "addr:subdistrict": null, "covered": null, "education": null, "type": null }, "geometry": { "type": "Polygon", "coordinates": [ [ [ 126.905675, 35.1798586 ], [ 126.9058359, 35.1798916 ], [ 126.9058495, 35.1798473 ], [ 126.9058196, 35.1798412 ], [ 126.9056885, 35.1798143 ], [ 126.905685, 35.1798259 ], [ 126.905675, 35.1798586 ] ] ] } },
{ "type": "Feature", "properties": { "element": "way", "id": 1125165998, "amenity": null, "name": null, "name:ko": null, "operator": null, "operator:type": null, "start_date": null, "website": null, "wikidata": null, "wikipedia": null, "leisure": "park", "sport": null, "indoor": null, "access": null, "addr:city": null, "addr:district": null, "addr:housenumber": null, "addr:postcode": null, "addr:street": null, "name:en": null, "surface": null, "addr:housename": null, "internet_access": null, "name:ja": null, "name:zh": null, "phone": null, "name:ko-Latn": null, "lit": null, "alt_name": null, "tourism": null, "parking": null, "landuse": null, "natural": null, "fixme": null, "area": null, "hoops": null, "leaf_cycle": null, "leaf_type": null, "addr:subdistrict": null, "covered": null, "education": null, "type": null }, "geometry": { "type": "Polygon", "coordinates": [ [ [ 126.9054072, 35.1799541 ], [ 126.9054327, 35.1799859 ], [ 126.9057787, 35.1800593 ], [ 126.9058359, 35.1798916 ], [ 126.905675, 35.1798586 ], [ 126.905685, 35.1798259 ], [ 126.9056885, 35.1798143 ], [ 126.9054958, 35.1797743 ], [ 126.9054555, 35.1797886 ], [ 126.9054072, 35.1799541 ] ] ] } },
{ "type": "Feature", "properties": { "element": "way", "id": 1125166013, "amenity": null, "name": null, "name:ko": null, "operator": null, "operator:type": null, "start_date": null, "website": null, "wikidata": null, "wikipedia": null, "leisure": "park", "sport": null, "indoor": null, "access": null, "addr:city": null, "addr:district": null, "addr:housenumber": null, "addr:postcode": null, "addr:street": null, "name:en": null, "surface": null, "addr:housename": null, "internet_access": null, "name:ja": null, "name:zh": null, "phone": null, "name:ko-Latn": null, "lit": null, "alt_name": null, "tourism": null, "parking": null, "landuse": null, "natural": null, "fixme": null, "area": null, "hoops": null, "leaf_cycle": null, "leaf_type": null, "addr:subdistrict": null, "covered": null, "education": null, "type": null }, "geometry": { "type": "Polygon", "coordinates": [ [ [ 126.905935, 35.1800472 ], [ 126.9060262, 35.1797358 ], [ 126.9060953, 35.1797483 ], [ 126.9060658, 35.179843 ], [ 126.9062254, 35.1798712 ], [ 126.9062508, 35.1797923 ], [ 126.9064927, 35.1798496 ], [ 126.9064703, 35.1799045 ], [ 126.9067417, 35.1799693 ], [ 126.9067742, 35.1800033 ], [ 126.9067986, 35.1800141 ], [ 126.9068748, 35.1800681 ], [ 126.9069632, 35.1802642 ], [ 126.9069937, 35.1804752 ], [ 126.9068658, 35.1805167 ], [ 126.9068109, 35.1805024 ], [ 126.9067772, 35.1804328 ], [ 126.9067681, 35.1802924 ], [ 126.9068189, 35.1802392 ], [ 126.9067892, 35.1802238 ], [ 126.9067356, 35.1801961 ], [ 126.9065841, 35.1801653 ], [ 126.9065628, 35.1801919 ], [ 126.9063534, 35.1801512 ], [ 126.9063433, 35.1801213 ], [ 126.9062963, 35.1801189 ], [ 126.905935, 35.1800472 ] ] ] } },
{ "type": "Feature", "properties": { "element": "way", "id": 1125314694, "amenity": null, "name": "벽화마당", "name:ko": "벽화마당", "operator": null, "operator:type": null, "start_date": null, "website": null, "wikidata": null, "wikipedia": null, "leisure": "park", "sport": null, "indoor": null, "access": null, "addr:city": null, "addr:district": null, "addr:housenumber": null, "addr:postcode": null, "addr:street": null, "name:en": "Mural Park", "surface": null, "addr:housename": null, "internet_access": null, "name:ja": null, "name:zh": null, "phone": null, "name:ko-Latn": null, "lit": null, "alt_name": null, "tourism": null, "parking": null, "landuse": null, "natural": null, "fixme": null, "area": null, "hoops": null, "leaf_cycle": null, "leaf_type": null, "addr:subdistrict": null, "covered": null, "education": null, "type": null }, "geometry": { "type": "Polygon", "coordinates": [ [ [ 126.9062336, 35.1779614 ], [ 126.9062736, 35.1778744 ], [ 126.9063447, 35.1778962 ], [ 126.9063047, 35.1779832 ], [ 126.9062336, 35.1779614 ] ] ] } },
{ "type": "Feature", "properties": { "element": "way", "id": 1125454121, "amenity": null, "name": null, "name:ko": null, "operator": null, "operator:type": null, "start_date": null, "website": null, "wikidata": null, "wikipedia": null, "leisure": "park", "sport": null, "indoor": null, "access": null, "addr:city": null, "addr:district": null, "addr:housenumber": null, "addr:postcode": null, "addr:street": null, "name:en": null, "surface": null, "addr:housename": null, "internet_access": null, "name:ja": null, "name:zh": null, "phone": null, "name:ko-Latn": null, "lit": null, "alt_name": null, "tourism": null, "parking": null, "landuse": null, "natural": null, "fixme": null, "area": null, "hoops": null, "leaf_cycle": null, "leaf_type": null, "addr:subdistrict": null, "covered": null, "education": null, "type": null }, "geometry": { "type": "Polygon", "coordinates": [ [ [ 126.9064419, 35.1786308 ], [ 126.9064388, 35.1784555 ], [ 126.9064805, 35.1783309 ], [ 126.9064836, 35.1782428 ], [ 126.9066015, 35.1782395 ], [ 126.9065974, 35.1781207 ], [ 126.9064927, 35.1781199 ], [ 126.9064937, 35.1779837 ], [ 126.906461, 35.1779752 ], [ 126.9064627, 35.177948 ], [ 126.9064708, 35.1778637 ], [ 126.9064138, 35.1778469 ], [ 126.9063402, 35.1778252 ], [ 126.9063079, 35.177816 ], [ 126.9062782, 35.1778695 ], [ 126.9063544, 35.177895 ], [ 126.9063428, 35.1779259 ], [ 126.9063067, 35.1779961 ], [ 126.9062406, 35.1779762 ], [ 126.9061797, 35.1780858 ], [ 126.906138, 35.1781631 ], [ 126.9061116, 35.1782138 ], [ 126.9061116, 35.178247 ], [ 126.9061258, 35.1782794 ], [ 126.9063819, 35.1786217 ], [ 126.9064073, 35.1786557 ], [ 126.9064449, 35.1786715 ], [ 126.906508, 35.1786632 ], [ 126.906632, 35.1786408 ], [ 126.906633, 35.17863 ], [ 126.9064419, 35.1786308 ] ] ] } },
{ "type": "Feature", "properties": { "element": "way", "id": 1125468852, "amenity": null, "name": null, "name:ko": null, "operator": null, "operator:type": null, "start_date": null, "website": null, "wikidata": null, "wikipedia": null, "leisure": "park", "sport": null, "indoor": null, "access": null, "addr:city": null, "addr:district": null, "addr:housenumber": null, "addr:postcode": null, "addr:street": null, "name:en": null, "surface": null, "addr:housename": null, "internet_access": null, "name:ja": null, "name:zh": null, "phone": null, "name:ko-Latn": null, "lit": null, "alt_name": null, "tourism": null, "parking": null, "landuse": null, "natural": null, "fixme": null, "area": null, "hoops": null, "leaf_cycle": null, "leaf_type": null, "addr:subdistrict": null, "covered": null, "education": null, "type": null }, "geometry": { "type": "Polygon", "coordinates": [ [ [ 126.9080369, 35.1810417 ], [ 126.908516, 35.181212 ], [ 126.9086548, 35.1809736 ], [ 126.9085967, 35.1809535 ], [ 126.9082709, 35.1808407 ], [ 126.9080937, 35.1807793 ], [ 126.9077387, 35.1806565 ], [ 126.9076064, 35.1804501 ], [ 126.9075006, 35.1804572 ], [ 126.907537, 35.1805154 ], [ 126.907629, 35.1805764 ], [ 126.9076307, 35.1806743 ], [ 126.9078095, 35.1807608 ], [ 126.908023, 35.1809013 ], [ 126.9080612, 35.1809836 ], [ 126.9080369, 35.1810417 ] ] ] } },
{ "type": "Feature", "properties": { "element": "way", "id": 1125468853, "amenity": null, "name": "농구장", "name:ko": null, "operator": null, "operator:type": null, "start_date": null, "website": null, "wikidata": null, "wikipedia": null, "leisure": "pitch", "sport": "basketball", "indoor": null, "access": null, "addr:city": null, "addr:district": null, "addr:housenumber": null, "addr:postcode": null, "addr:street": null, "name:en": null, "surface": null, "addr:housename": null, "internet_access": null, "name:ja": null, "name:zh": null, "phone": null, "name:ko-Latn": null, "lit": null, "alt_name": null, "tourism": null, "parking": null, "landuse": null, "natural": null, "fixme": null, "area": null, "hoops": null, "leaf_cycle": null, "leaf_type": null, "addr:subdistrict": null, "covered": null, "education": null, "type": null }, "geometry": { "type": "Polygon", "coordinates": [ [ [ 126.9083493, 35.1806993 ], [ 126.9086756, 35.1808111 ], [ 126.9085967, 35.1809535 ], [ 126.9082709, 35.1808407 ], [ 126.9083493, 35.1806993 ] ] ] } },
{ "type": "Feature", "properties": { "element": "way", "id": 1125468854, "amenity": null, "name": null, "name:ko": null, "operator": null, "operator:type": null, "start_date": null, "website": null, "wikidata": null, "wikipedia": null, "leisure": "pitch", "sport": null, "indoor": null, "access": null, "addr:city": null, "addr:district": null, "addr:housenumber": null, "addr:postcode": null, "addr:street": null, "name:en": null, "surface": null, "addr:housename": null, "internet_access": null, "name:ja": null, "name:zh": null, "phone": null, "name:ko-Latn": null, "lit": null, "alt_name": null, "tourism": null, "parking": null, "landuse": null, "natural": null, "fixme": null, "area": null, "hoops": null, "leaf_cycle": null, "leaf_type": null, "addr:subdistrict": null, "covered": null, "education": null, "type": null }, "geometry": { "type": "Polygon", "coordinates": [ [ [ 126.9078192, 35.1805058 ], [ 126.908173, 35.180624 ], [ 126.9080937, 35.1807793 ], [ 126.9077387, 35.1806565 ], [ 126.9078192, 35.1805058 ] ] ] } },
{ "type": "Feature", "properties": { "element": "way", "id": 1125468869, "amenity": null, "name": null, "name:ko": null, "operator": null, "operator:type": null, "start_date": null, "website": null, "wikidata": null, "wikipedia": null, "leisure": "park", "sport": null, "indoor": null, "access": null, "addr:city": null, "addr:district": null, "addr:housenumber": null, "addr:postcode": null, "addr:street": null, "name:en": null, "surface": null, "addr:housename": null, "internet_access": null, "name:ja": null, "name:zh": null, "phone": null, "name:ko-Latn": null, "lit": null, "alt_name": null, "tourism": null, "parking": null, "landuse": null, "natural": null, "fixme": null, "area": null, "hoops": null, "leaf_cycle": null, "leaf_type": null, "addr:subdistrict": null, "covered": null, "education": null, "type": null }, "geometry": { "type": "Polygon", "coordinates": [ [ [ 126.9077578, 35.1791247 ], [ 126.9077973, 35.1790537 ], [ 126.908042, 35.1791441 ], [ 126.9080354, 35.1792053 ], [ 126.9079643, 35.1793505 ], [ 126.9078298, 35.1793033 ], [ 126.9075197, 35.1791913 ], [ 126.9074055, 35.1794026 ], [ 126.9075203, 35.1794441 ], [ 126.9074849, 35.1795135 ], [ 126.9072797, 35.179437 ], [ 126.9071777, 35.1793989 ], [ 126.907187, 35.1793826 ], [ 126.9073277, 35.1794297 ], [ 126.9073487, 35.1793879 ], [ 126.9074722, 35.1791413 ], [ 126.907485, 35.1791236 ], [ 126.9075098, 35.1791368 ], [ 126.907542, 35.1791448 ], [ 126.9075918, 35.1791617 ], [ 126.907595, 35.1791805 ], [ 126.9076502, 35.1791999 ], [ 126.9076778, 35.1792096 ], [ 126.9077052, 35.1792193 ], [ 126.9077657, 35.1792376 ], [ 126.9078183, 35.1791441 ], [ 126.9077578, 35.1791247 ] ] ] } },
{ "type": "Feature", "properties": { "element": "way", "id": 1125471444, "amenity": null, "name": "용봉열사 추모의 벽", "name:ko": "용봉열사 추모의 벽", "operator": null, "operator:type": null, "start_date": null, "website": null, "wikidata": null, "wikipedia": null, "leisure": "park", "sport": null, "indoor": null, "access": null, "addr:city": null, "addr:district": null, "addr:housenumber": null, "addr:postcode": null, "addr:street": null, "name:en": "Memorial Park", "surface": null, "addr:housename": null, "internet_access": null, "name:ja": null, "name:zh": null, "phone": null, "name:ko-Latn": null, "lit": null, "alt_name": null, "tourism": null, "parking": null, "landuse": null, "natural": null, "fixme": null, "area": null, "hoops": null, "leaf_cycle": null, "leaf_type": null, "addr:subdistrict": null, "covered": null, "education": null, "type": null }, "geometry": { "type": "Polygon", "coordinates": [ [ [ 126.9073044, 35.1775946 ], [ 126.9075746, 35.1780064 ], [ 126.9076376, 35.1780801 ], [ 126.9077028, 35.1781624 ], [ 126.9078083, 35.1782483 ], [ 126.9078684, 35.1782998 ], [ 126.9080067, 35.1783294 ], [ 126.9080459, 35.178299 ], [ 126.908074, 35.17828 ], [ 126.9080906, 35.1782688 ], [ 126.9081078, 35.1782597 ], [ 126.9081591, 35.178237 ], [ 126.9081982, 35.178221 ], [ 126.9082358, 35.1782059 ], [ 126.908395, 35.1781477 ], [ 126.9083207, 35.1781113 ], [ 126.9082563, 35.1780797 ], [ 126.908182, 35.1780619 ], [ 126.9080982, 35.1780388 ], [ 126.9080167, 35.177991 ], [ 126.9079321, 35.1779742 ], [ 126.9078402, 35.1779387 ], [ 126.9076447, 35.1778475 ], [ 126.9075709, 35.1778154 ], [ 126.907464, 35.1775341 ], [ 126.907352, 35.1772407 ], [ 126.9072045, 35.1772774 ], [ 126.9073044, 35.1775946 ] ] ] } },
{ "type": "Feature", "properties": { "element": "way", "id": 1125471463, "amenity": null, "name": null, "name:ko": null, "operator": null, "operator:type": null, "start_date": null, "website": null, "wikidata": null, "wikipedia": null, "leisure": "park", "sport": null, "indoor": null, "access": null, "addr:city": null, "addr:district": null, "addr:housenumber": null, "addr:postcode": null, "addr:street": null, "name:en": null, "surface": null, "addr:housename": null, "internet_access": null, "name:ja": null, "name:zh": null, "phone": null, "name:ko-Latn": null, "lit": null, "alt_name": null, "tourism": null, "parking": null, "landuse": null, "natural": null, "fixme": null, "area": null, "hoops": null, "leaf_cycle": null, "leaf_type": null, "addr:subdistrict": null, "covered": null, "education": null, "type": null }, "geometry": { "type": "Polygon", "coordinates": [ [ [ 126.9091122, 35.1789879 ], [ 126.9094704, 35.179125 ], [ 126.9095232, 35.1791571 ], [ 126.9095348, 35.1791711 ], [ 126.9095368, 35.1791904 ], [ 126.9095338, 35.1792374 ], [ 126.909552, 35.1792645 ], [ 126.9094976, 35.179367 ], [ 126.9094401, 35.1793448 ], [ 126.9094537, 35.1793102 ], [ 126.9089747, 35.1791361 ], [ 126.9090125, 35.1790706 ], [ 126.9090367, 35.1790719 ], [ 126.9090609, 35.1790286 ], [ 126.9091122, 35.1789879 ] ] ] } },
{ "type": "Feature", "properties": { "element": "way", "id": 1125544290, "amenity": null, "name": null, "name:ko": null, "operator": null, "operator:type": null, "start_date": null, "website": null, "wikidata": null, "wikipedia": null, "leisure": "park", "sport": null, "indoor": null, "access": null, "addr:city": null, "addr:district": null, "addr:housenumber": null, "addr:postcode": null, "addr:street": null, "name:en": null, "surface": null, "addr:housename": null, "internet_access": null, "name:ja": null, "name:zh": null, "phone": null, "name:ko-Latn": null, "lit": null, "alt_name": null, "tourism": null, "parking": null, "landuse": null, "natural": null, "fixme": null, "area": null, "hoops": null, "leaf_cycle": null, "leaf_type": null, "addr:subdistrict": null, "covered": null, "education": null, "type": null }, "geometry": { "type": "Polygon", "coordinates": [ [ [ 126.9030919, 35.1757056 ], [ 126.9030696, 35.1758353 ], [ 126.9030574, 35.175915 ], [ 126.9030493, 35.1760214 ], [ 126.9030574, 35.1761443 ], [ 126.9030592, 35.1761982 ], [ 126.9027979, 35.1762627 ], [ 126.9027254, 35.1761759 ], [ 126.9026546, 35.1759994 ], [ 126.9025246, 35.1753959 ], [ 126.9026173, 35.1753985 ], [ 126.9028042, 35.1754009 ], [ 126.9028773, 35.1753959 ], [ 126.9029338, 35.1753813 ], [ 126.9029757, 35.1753623 ], [ 126.9030192, 35.1753572 ], [ 126.9030535, 35.1754058 ], [ 126.9030259, 35.1757003 ], [ 126.9030919, 35.1757056 ] ] ] } },
{ "type": "Feature", "properties": { "element": "way", "id": 1125544292, "amenity": null, "name": "공과대 운동장", "name:ko": "공과대 운동장", "operator": null, "operator:type": null, "start_date": null, "website": null, "wikidata": null, "wikipedia": null, "leisure": "pitch", "sport": null, "indoor": null, "access": null, "addr:city": null, "addr:district": null, "addr:housenumber": null, "addr:postcode": null, "addr:street": null, "name:en": "College of Engineering Field", "surface": null, "addr:housename": null, "internet_access": null, "name:ja": null, "name:zh": null, "phone": null, "name:ko-Latn": null, "lit": null, "alt_name": null, "tourism": null, "parking": null, "landuse": null, "natural": null, "fixme": null, "area": null, "hoops": null, "leaf_cycle": null, "leaf_type": null, "addr:subdistrict": null, "covered": null, "education": null, "type": null }, "geometry": { "type": "Polygon", "coordinates": [ [ [ 126.9079689, 35.1797692 ], [ 126.908872, 35.1800978 ], [ 126.9090073, 35.180147 ], [ 126.9090196, 35.1801709 ], [ 126.9090134, 35.1801904 ], [ 126.9090088, 35.1802049 ], [ 126.9086807, 35.1808004 ], [ 126.9076624, 35.1804391 ], [ 126.9079366, 35.1797856 ], [ 126.9079505, 35.179773 ], [ 126.9079689, 35.1797692 ] ] ] } },
{ "type": "Feature", "properties": { "element": "way", "id": 1126607808, "amenity": null, "name": null, "name:ko": null, "operator": null, "operator:type": null, "start_date": null, "website": null, "wikidata": null, "wikipedia": null, "leisure": "pitch", "sport": "multi", "indoor": null, "access": null, "addr:city": null, "addr:district": null, "addr:housenumber": null, "addr:postcode": null, "addr:street": null, "name:en": null, "surface": "sand", "addr:housename": null, "internet_access": null, "name:ja": null, "name:zh": null, "phone": null, "name:ko-Latn": null, "lit": null, "alt_name": null, "tourism": null, "parking": null, "landuse": null, "natural": null, "fixme": null, "area": null, "hoops": null, "leaf_cycle": null, "leaf_type": null, "addr:subdistrict": null, "covered": null, "education": null, "type": null }, "geometry": { "type": "Polygon", "coordinates": [ [ [ 126.9040418, 35.2114485 ], [ 126.9040243, 35.2118912 ], [ 126.9039546, 35.212232 ], [ 126.9039251, 35.2123558 ], [ 126.9038272, 35.2123919 ], [ 126.903681, 35.2123865 ], [ 126.9035871, 35.2123043 ], [ 126.9035603, 35.212118 ], [ 126.9035026, 35.2116008 ], [ 126.9035536, 35.2115066 ], [ 126.9037722, 35.211465 ], [ 126.9040418, 35.2114485 ] ] ] } },
{ "type": "Feature", "properties": { "element": "way", "id": 1126607814, "amenity": null, "name": null, "name:ko": null, "operator": null, "operator:type": null, "start_date": null, "website": null, "wikidata": null, "wikipedia": null, "leisure": "pitch", "sport": "multi", "indoor": null, "access": null, "addr:city": null, "addr:district": null, "addr:housenumber": null, "addr:postcode": null, "addr:street": null, "name:en": null, "surface": "sand", "addr:housename": null, "internet_access": null, "name:ja": null, "name:zh": null, "phone": null, "name:ko-Latn": null, "lit": null, "alt_name": null, "tourism": null, "parking": null, "landuse": null, "natural": null, "fixme": null, "area": null, "hoops": null, "leaf_cycle": null, "leaf_type": null, "addr:subdistrict": null, "covered": null, "education": null, "type": null }, "geometry": { "type": "Polygon", "coordinates": [ [ [ 126.9020382, 35.2105698 ], [ 126.9020556, 35.2107414 ], [ 126.9020633, 35.2108179 ], [ 126.9021133, 35.2113105 ], [ 126.9016533, 35.2113346 ], [ 126.9015929, 35.2113587 ], [ 126.9015634, 35.2113214 ], [ 126.901601, 35.2112568 ], [ 126.9015929, 35.2110289 ], [ 126.9016613, 35.2110272 ], [ 126.9016582, 35.210939 ], [ 126.901715, 35.2109376 ], [ 126.9017109, 35.2108197 ], [ 126.901644, 35.2108212 ], [ 126.9016355, 35.2105792 ], [ 126.9020382, 35.2105698 ] ] ] } },
{ "type": "Feature", "properties": { "element": "way", "id": 1126609578, "amenity": null, "name": null, "name:ko": null, "operator": null, "operator:type": null, "start_date": null, "website": null, "wikidata": null, "wikipedia": null, "leisure": "park", "sport": null, "indoor": null, "access": null, "addr:city": null, "addr:district": null, "addr:housenumber": null, "addr:postcode": null, "addr:street": null, "name:en": null, "surface": null, "addr:housename": null, "internet_access": null, "name:ja": null, "name:zh": null, "phone": null, "name:ko-Latn": null, "lit": null, "alt_name": null, "tourism": null, "parking": null, "landuse": null, "natural": null, "fixme": null, "area": null, "hoops": null, "leaf_cycle": null, "leaf_type": null, "addr:subdistrict": null, "covered": null, "education": null, "type": null }, "geometry": { "type": "Polygon", "coordinates": [ [ [ 126.8981704, 35.2073921 ], [ 126.898167, 35.2071889 ], [ 126.8978156, 35.2071929 ], [ 126.897819, 35.207396 ], [ 126.8981704, 35.2073921 ] ] ] } },
{ "type": "Feature", "properties": { "element": "way", "id": 1126636194, "amenity": null, "name": null, "name:ko": null, "operator": null, "operator:type": null, "start_date": null, "website": null, "wikidata": null, "wikipedia": null, "leisure": "pitch", "sport": "multi", "indoor": null, "access": null, "addr:city": null, "addr:district": null, "addr:housenumber": null, "addr:postcode": null, "addr:street": null, "name:en": null, "surface": "sand", "addr:housename": null, "internet_access": null, "name:ja": null, "name:zh": null, "phone": null, "name:ko-Latn": null, "lit": null, "alt_name": null, "tourism": null, "parking": null, "landuse": null, "natural": null, "fixme": null, "area": null, "hoops": null, "leaf_cycle": null, "leaf_type": null, "addr:subdistrict": null, "covered": null, "education": null, "type": null }, "geometry": { "type": "Polygon", "coordinates": [ [ [ 126.9091701, 35.2187063 ], [ 126.9085184, 35.2191533 ], [ 126.9079524, 35.2185101 ], [ 126.9079766, 35.2184828 ], [ 126.9082025, 35.2186568 ], [ 126.9085592, 35.2183479 ], [ 126.9088308, 35.2185627 ], [ 126.9089368, 35.2184718 ], [ 126.9091701, 35.2187063 ] ] ] } },
{ "type": "Feature", "properties": { "element": "way", "id": 1126636224, "amenity": null, "name": null, "name:ko": null, "operator": null, "operator:type": null, "start_date": null, "website": null, "wikidata": null, "wikipedia": null, "leisure": "pitch", "sport": "soccer", "indoor": null, "access": null, "addr:city": null, "addr:district": null, "addr:housenumber": null, "addr:postcode": null, "addr:street": null, "name:en": null, "surface": null, "addr:housename": null, "internet_access": null, "name:ja": null, "name:zh": null, "phone": null, "name:ko-Latn": null, "lit": null, "alt_name": null, "tourism": null, "parking": null, "landuse": null, "natural": null, "fixme": null, "area": null, "hoops": null, "leaf_cycle": null, "leaf_type": null, "addr:subdistrict": null, "covered": null, "education": null, "type": null }, "geometry": { "type": "Polygon", "coordinates": [ [ [ 126.9083333, 35.2181738 ], [ 126.9079766, 35.2184828 ], [ 126.9082025, 35.2186568 ], [ 126.9085592, 35.2183479 ], [ 126.9083333, 35.2181738 ] ] ] } },
{ "type": "Feature", "properties": { "element": "way", "id": 1126639408, "amenity": null, "name": null, "name:ko": null, "operator": null, "operator:type": null, "start_date": null, "website": null, "wikidata": null, "wikipedia": null, "leisure": "pitch", "sport": "multi", "indoor": null, "access": null, "addr:city": null, "addr:district": null, "addr:housenumber": null, "addr:postcode": null, "addr:street": null, "name:en": null, "surface": "sand", "addr:housename": null, "internet_access": null, "name:ja": null, "name:zh": null, "phone": null, "name:ko-Latn": null, "lit": null, "alt_name": null, "tourism": null, "parking": null, "landuse": null, "natural": null, "fixme": null, "area": null, "hoops": null, "leaf_cycle": null, "leaf_type": null, "addr:subdistrict": null, "covered": null, "education": null, "type": null }, "geometry": { "type": "Polygon", "coordinates": [ [ [ 126.9124411, 35.2096406 ], [ 126.9124212, 35.2088999 ], [ 126.9123928, 35.2088505 ], [ 126.9123432, 35.2088209 ], [ 126.9122735, 35.2088007 ], [ 126.9119395, 35.2088067 ], [ 126.9119622, 35.2096492 ], [ 126.9124411, 35.2096406 ] ] ] } },
{ "type": "Feature", "properties": { "element": "way", "id": 1126639447, "amenity": null, "name": null, "name:ko": null, "operator": null, "operator:type": null, "start_date": null, "website": null, "wikidata": null, "wikipedia": null, "leisure": "pitch", "sport": "tennis", "indoor": null, "access": null, "addr:city": null, "addr:district": null, "addr:housenumber": null, "addr:postcode": null, "addr:street": null, "name:en": null, "surface": null, "addr:housename": null, "internet_access": null, "name:ja": null, "name:zh": null, "phone": null, "name:ko-Latn": null, "lit": null, "alt_name": null, "tourism": null, "parking": null, "landuse": null, "natural": null, "fixme": null, "area": null, "hoops": null, "leaf_cycle": null, "leaf_type": null, "addr:subdistrict": null, "covered": null, "education": null, "type": null }, "geometry": { "type": "Polygon", "coordinates": [ [ [ 126.9093525, 35.2115723 ], [ 126.9093467, 35.2118922 ], [ 126.9098029, 35.2118978 ], [ 126.9098088, 35.2115779 ], [ 126.9093525, 35.2115723 ] ] ] } },
{ "type": "Feature", "properties": { "element": "way", "id": 1126652277, "amenity": null, "name": null, "name:ko": null, "operator": null, "operator:type": null, "start_date": null, "website": null, "wikidata": null, "wikipedia": null, "leisure": "pitch", "sport": "golf", "indoor": null, "access": null, "addr:city": null, "addr:district": null, "addr:housenumber": null, "addr:postcode": null, "addr:street": null, "name:en": null, "surface": null, "addr:housename": null, "internet_access": null, "name:ja": null, "name:zh": null, "phone": null, "name:ko-Latn": null, "lit": null, "alt_name": null, "tourism": null, "parking": null, "landuse": null, "natural": null, "fixme": null, "area": null, "hoops": null, "leaf_cycle": null, "leaf_type": null, "addr:subdistrict": null, "covered": null, "education": null, "type": null }, "geometry": { "type": "Polygon", "coordinates": [ [ [ 126.9024847, 35.2205283 ], [ 126.9022501, 35.2209939 ], [ 126.9022272, 35.2212183 ], [ 126.9015849, 35.2212119 ], [ 126.9015916, 35.2210005 ], [ 126.9018303, 35.2204056 ], [ 126.9019094, 35.2204132 ], [ 126.9019443, 35.2203574 ], [ 126.9024847, 35.2205283 ] ] ] } },
{ "type": "Feature", "properties": { "element": "way", "id": 1126652278, "amenity": null, "name": null, "name:ko": null, "operator": null, "operator:type": null, "start_date": null, "website": null, "wikidata": null, "wikipedia": null, "leisure": "pitch", "sport": "jokgu", "indoor": null, "access": null, "addr:city": null, "addr:district": null, "addr:housenumber": null, "addr:postcode": null, "addr:street": null, "name:en": null, "surface": "sand", "addr:housename": null, "internet_access": null, "name:ja": null, "name:zh": null, "phone": null, "name:ko-Latn": null, "lit": null, "alt_name": null, "tourism": null, "parking": null, "landuse": null, "natural": null, "fixme": null, "area": null, "hoops": null, "leaf_cycle": null, "leaf_type": null, "addr:subdistrict": null, "covered": null, "education": null, "type": null }, "geometry": { "type": "Polygon", "coordinates": [ [ [ 126.9013842, 35.2218794 ], [ 126.9013992, 35.221552 ], [ 126.9011593, 35.2215447 ], [ 126.9011443, 35.2218721 ], [ 126.9013842, 35.2218794 ] ] ] } },
{ "type": "Feature", "properties": { "element": "way", "id": 1126652281, "amenity": null, "name": null, "name:ko": null, "operator": null, "operator:type": null, "start_date": null, "website": null, "wikidata": null, "wikipedia": null, "leisure": "pitch", "sport": "tennis", "indoor": null, "access": null, "addr:city": null, "addr:district": null, "addr:housenumber": null, "addr:postcode": null, "addr:street": null, "name:en": null, "surface": "sand", "addr:housename": null, "internet_access": null, "name:ja": null, "name:zh": null, "phone": null, "name:ko-Latn": null, "lit": null, "alt_name": null, "tourism": null, "parking": null, "landuse": null, "natural": null, "fixme": null, "area": null, "hoops": null, "leaf_cycle": null, "leaf_type": null, "addr:subdistrict": null, "covered": null, "education": null, "type": null }, "geometry": { "type": "Polygon", "coordinates": [ [ [ 126.9015849, 35.2212119 ], [ 126.9015746, 35.2218998 ], [ 126.9023403, 35.2219074 ], [ 126.9023505, 35.2212195 ], [ 126.9022272, 35.2212183 ], [ 126.9015849, 35.2212119 ] ] ] } },
{ "type": "Feature", "properties": { "element": "way", "id": 1126709192, "amenity": null, "name": null, "name:ko": null, "operator": null, "operator:type": null, "start_date": null, "website": null, "wikidata": null, "wikipedia": null, "leisure": "park", "sport": null, "indoor": null, "access": null, "addr:city": null, "addr:district": null, "addr:housenumber": null, "addr:postcode": null, "addr:street": null, "name:en": null, "surface": null, "addr:housename": null, "internet_access": null, "name:ja": null, "name:zh": null, "phone": null, "name:ko-Latn": null, "lit": null, "alt_name": null, "tourism": null, "parking": null, "landuse": null, "natural": null, "fixme": null, "area": null, "hoops": null, "leaf_cycle": null, "leaf_type": null, "addr:subdistrict": null, "covered": null, "education": null, "type": null }, "geometry": { "type": "Polygon", "coordinates": [ [ [ 126.9095234, 35.1796563 ], [ 126.9096575, 35.1797027 ], [ 126.910018, 35.1798298 ], [ 126.9099925, 35.1798846 ], [ 126.9101293, 35.1799306 ], [ 126.9101722, 35.1799218 ], [ 126.9102165, 35.1798966 ], [ 126.9102473, 35.1798692 ], [ 126.9095379, 35.1796314 ], [ 126.9095137, 35.1796226 ], [ 126.9094748, 35.1796346 ], [ 126.909448, 35.1796851 ], [ 126.9094984, 35.1797045 ], [ 126.9095234, 35.1796563 ] ] ] } },
{ "type": "Feature", "properties": { "element": "way", "id": 1126709211, "amenity": null, "name": null, "name:ko": null, "operator": null, "operator:type": null, "start_date": null, "website": null, "wikidata": null, "wikipedia": null, "leisure": "park", "sport": null, "indoor": null, "access": null, "addr:city": null, "addr:district": null, "addr:housenumber": null, "addr:postcode": null, "addr:street": null, "name:en": null, "surface": null, "addr:housename": null, "internet_access": null, "name:ja": null, "name:zh": null, "phone": null, "name:ko-Latn": null, "lit": null, "alt_name": null, "tourism": null, "parking": null, "landuse": null, "natural": null, "fixme": null, "area": null, "hoops": null, "leaf_cycle": null, "leaf_type": null, "addr:subdistrict": null, "covered": null, "education": null, "type": null }, "geometry": { "type": "Polygon", "coordinates": [ [ [ 126.9097831, 35.180469 ], [ 126.9097593, 35.180471 ], [ 126.9097696, 35.1804476 ], [ 126.909548, 35.1803672 ], [ 126.9095197, 35.1804021 ], [ 126.9093124, 35.1803281 ], [ 126.9092146, 35.1802932 ], [ 126.9088771, 35.1809279 ], [ 126.9089564, 35.1809844 ], [ 126.9090926, 35.1810774 ], [ 126.9092227, 35.1811572 ], [ 126.9093345, 35.1812087 ], [ 126.9094361, 35.1812569 ], [ 126.9098793, 35.1814396 ], [ 126.909924, 35.1814213 ], [ 126.910009, 35.1812654 ], [ 126.9099209, 35.1812487 ], [ 126.9098896, 35.1811998 ], [ 126.9098242, 35.1812022 ], [ 126.9097303, 35.1812022 ], [ 126.909662, 35.1811673 ], [ 126.909622, 35.1811362 ], [ 126.9095851, 35.1810742 ], [ 126.909551, 35.1810301 ], [ 126.9095396, 35.1809673 ], [ 126.9094884, 35.1809207 ], [ 126.9094429, 35.1808649 ], [ 126.90944, 35.1808161 ], [ 126.9094855, 35.1807393 ], [ 126.9095681, 35.1806463 ], [ 126.9096307, 35.1805905 ], [ 126.9097417, 35.1805277 ], [ 126.9097831, 35.180469 ] ] ] } },
{ "type": "Feature", "properties": { "element": "way", "id": 1127751261, "amenity": null, "name": null, "name:ko": null, "operator": null, "operator:type": null, "start_date": null, "website": null, "wikidata": null, "wikipedia": null, "leisure": "park", "sport": null, "indoor": null, "access": null, "addr:city": null, "addr:district": null, "addr:housenumber": null, "addr:postcode": null, "addr:street": null, "name:en": null, "surface": null, "addr:housename": null, "internet_access": null, "name:ja": null, "name:zh": null, "phone": null, "name:ko-Latn": null, "lit": null, "alt_name": null, "tourism": null, "parking": null, "landuse": null, "natural": null, "fixme": null, "area": null, "hoops": null, "leaf_cycle": null, "leaf_type": null, "addr:subdistrict": null, "covered": null, "education": null, "type": null }, "geometry": { "type": "Polygon", "coordinates": [ [ [ 126.9058281, 35.1753013 ], [ 126.9058594, 35.1752575 ], [ 126.9058541, 35.1752285 ], [ 126.9056099, 35.1746673 ], [ 126.9055833, 35.1746948 ], [ 126.9055815, 35.1747338 ], [ 126.9056134, 35.1747729 ], [ 126.9056024, 35.174805 ], [ 126.9055833, 35.1748293 ], [ 126.9054648, 35.1747295 ], [ 126.905394, 35.1746861 ], [ 126.9053735, 35.1746956 ], [ 126.9053855, 35.1747265 ], [ 126.9053807, 35.1747759 ], [ 126.9052104, 35.1748843 ], [ 126.9052781, 35.1750081 ], [ 126.9054136, 35.1750602 ], [ 126.9055013, 35.1750325 ], [ 126.9055391, 35.1750716 ], [ 126.905575, 35.1751547 ], [ 126.9056707, 35.1751254 ], [ 126.9057205, 35.1752068 ], [ 126.9057962, 35.175272 ], [ 126.9058281, 35.1753013 ] ] ] } },
{ "type": "Feature", "properties": { "element": "way", "id": 1127751270, "amenity": null, "name": null, "name:ko": null, "operator": null, "operator:type": null, "start_date": null, "website": null, "wikidata": null, "wikipedia": null, "leisure": "park", "sport": null, "indoor": null, "access": null, "addr:city": null, "addr:district": null, "addr:housenumber": null, "addr:postcode": null, "addr:street": null, "name:en": null, "surface": null, "addr:housename": null, "internet_access": null, "name:ja": null, "name:zh": null, "phone": null, "name:ko-Latn": null, "lit": null, "alt_name": null, "tourism": null, "parking": null, "landuse": null, "natural": null, "fixme": null, "area": null, "hoops": null, "leaf_cycle": null, "leaf_type": null, "addr:subdistrict": null, "covered": null, "education": null, "type": null }, "geometry": { "type": "Polygon", "coordinates": [ [ [ 126.9067387, 35.1754468 ], [ 126.9067946, 35.1756476 ], [ 126.9075591, 35.1754378 ], [ 126.9075498, 35.1754219 ], [ 126.9075416, 35.1754095 ], [ 126.9075325, 35.175392 ], [ 126.9075284, 35.1752159 ], [ 126.9075203, 35.1751943 ], [ 126.9075226, 35.1751819 ], [ 126.9074731, 35.1751073 ], [ 126.9074335, 35.1751097 ], [ 126.9072826, 35.1751557 ], [ 126.9071639, 35.1751974 ], [ 126.9071377, 35.1752067 ], [ 126.9071149, 35.1752182 ], [ 126.9070372, 35.1752528 ], [ 126.9069647, 35.1752917 ], [ 126.9068561, 35.175301 ], [ 126.9068051, 35.1754084 ], [ 126.9067387, 35.1754468 ] ] ] } },
{ "type": "Feature", "properties": { "element": "way", "id": 1127751271, "amenity": null, "name": null, "name:ko": null, "operator": null, "operator:type": null, "start_date": null, "website": null, "wikidata": null, "wikipedia": null, "leisure": "park", "sport": null, "indoor": null, "access": null, "addr:city": null, "addr:district": null, "addr:housenumber": null, "addr:postcode": null, "addr:street": null, "name:en": null, "surface": null, "addr:housename": null, "internet_access": null, "name:ja": null, "name:zh": null, "phone": null, "name:ko-Latn": null, "lit": null, "alt_name": null, "tourism": null, "parking": null, "landuse": null, "natural": null, "fixme": null, "area": null, "hoops": null, "leaf_cycle": null, "leaf_type": null, "addr:subdistrict": null, "covered": null, "education": null, "type": null }, "geometry": { "type": "Polygon", "coordinates": [ [ [ 126.9067387, 35.1754468 ], [ 126.9067255, 35.175412 ], [ 126.9067214, 35.1753596 ], [ 126.9067204, 35.1753106 ], [ 126.9067408, 35.1752674 ], [ 126.9067855, 35.1752134 ], [ 126.9068383, 35.175171 ], [ 126.9069318, 35.1751303 ], [ 126.9074451, 35.1749758 ], [ 126.9074939, 35.1749725 ], [ 126.9075213, 35.1749675 ], [ 126.9075356, 35.1749584 ], [ 126.9075538, 35.1749791 ], [ 126.907556, 35.1749985 ], [ 126.9075589, 35.1750356 ], [ 126.907563, 35.1750813 ], [ 126.907566, 35.1752117 ], [ 126.9075427, 35.1751777 ], [ 126.9075226, 35.1751819 ], [ 126.9074731, 35.1751073 ], [ 126.9074335, 35.1751097 ], [ 126.9072826, 35.1751557 ], [ 126.9071639, 35.1751974 ], [ 126.9071377, 35.1752067 ], [ 126.9071149, 35.1752182 ], [ 126.9070372, 35.1752528 ], [ 126.9069647, 35.1752917 ], [ 126.9068561, 35.175301 ], [ 126.9068051, 35.1754084 ], [ 126.9067387, 35.1754468 ] ] ] } },
{ "type": "Feature", "properties": { "element": "way", "id": 1127751275, "amenity": null, "name": "박승희 정원", "name:ko": "박승희 정원", "operator": null, "operator:type": null, "start_date": null, "website": null, "wikidata": null, "wikipedia": null, "leisure": "park", "sport": null, "indoor": null, "access": null, "addr:city": null, "addr:district": null, "addr:housenumber": null, "addr:postcode": null, "addr:street": null, "name:en": "Park Seunghee Garden", "surface": null, "addr:housename": null, "internet_access": null, "name:ja": null, "name:zh": null, "phone": null, "name:ko-Latn": null, "lit": null, "alt_name": null, "tourism": null, "parking": null, "landuse": null, "natural": null, "fixme": null, "area": null, "hoops": null, "leaf_cycle": null, "leaf_type": null, "addr:subdistrict": null, "covered": null, "education": null, "type": null }, "geometry": { "type": "Polygon", "coordinates": [ [ [ 126.9070419, 35.1765631 ], [ 126.9070753, 35.1765563 ], [ 126.9070792, 35.1765555 ], [ 126.9073746, 35.1766948 ], [ 126.9073945, 35.176752 ], [ 126.9072777, 35.1767788 ], [ 126.9072112, 35.1768904 ], [ 126.9071808, 35.1767864 ], [ 126.9071154, 35.1767988 ], [ 126.907103, 35.1767975 ], [ 126.9070395, 35.1765767 ], [ 126.9070419, 35.1765631 ] ] ] } },
{ "type": "Feature", "properties": { "element": "way", "id": 1128000296, "amenity": null, "name": null, "name:ko": null, "operator": null, "operator:type": null, "start_date": null, "website": null, "wikidata": null, "wikipedia": null, "leisure": "pitch", "sport": "tennis", "indoor": null, "access": null, "addr:city": null, "addr:district": null, "addr:housenumber": null, "addr:postcode": null, "addr:street": null, "name:en": null, "surface": "clay", "addr:housename": null, "internet_access": null, "name:ja": null, "name:zh": null, "phone": null, "name:ko-Latn": null, "lit": "yes", "alt_name": null, "tourism": null, "parking": null, "landuse": null, "natural": null, "fixme": null, "area": null, "hoops": null, "leaf_cycle": null, "leaf_type": null, "addr:subdistrict": null, "covered": null, "education": null, "type": null }, "geometry": { "type": "Polygon", "coordinates": [ [ [ 126.9083028, 35.1742585 ], [ 126.9084248, 35.1742625 ], [ 126.9084357, 35.1740446 ], [ 126.9083136, 35.1740405 ], [ 126.9083028, 35.1742585 ] ] ] } },
{ "type": "Feature", "properties": { "element": "way", "id": 1128000297, "amenity": null, "name": null, "name:ko": null, "operator": null, "operator:type": null, "start_date": null, "website": null, "wikidata": null, "wikipedia": null, "leisure": "pitch", "sport": "tennis", "indoor": null, "access": null, "addr:city": null, "addr:district": null, "addr:housenumber": null, "addr:postcode": null, "addr:street": null, "name:en": null, "surface": "clay", "addr:housename": null, "internet_access": null, "name:ja": null, "name:zh": null, "phone": null, "name:ko-Latn": null, "lit": "yes", "alt_name": null, "tourism": null, "parking": null, "landuse": null, "natural": null, "fixme": null, "area": null, "hoops": null, "leaf_cycle": null, "leaf_type": null, "addr:subdistrict": null, "covered": null, "education": null, "type": null }, "geometry": { "type": "Polygon", "coordinates": [ [ [ 126.9084774, 35.1742676 ], [ 126.9086022, 35.1742717 ], [ 126.9086126, 35.1740577 ], [ 126.9084878, 35.1740536 ], [ 126.9084774, 35.1742676 ] ] ] } },
{ "type": "Feature", "properties": { "element": "way", "id": 1128000298, "amenity": null, "name": null, "name:ko": null, "operator": null, "operator:type": null, "start_date": null, "website": null, "wikidata": null, "wikipedia": null, "leisure": "pitch", "sport": "tennis", "indoor": null, "access": null, "addr:city": null, "addr:district": null, "addr:housenumber": null, "addr:postcode": null, "addr:street": null, "name:en": null, "surface": "clay", "addr:housename": null, "internet_access": null, "name:ja": null, "name:zh": null, "phone": null, "name:ko-Latn": null, "lit": "yes", "alt_name": null, "tourism": null, "parking": null, "landuse": null, "natural": null, "fixme": null, "area": null, "hoops": null, "leaf_cycle": null, "leaf_type": null, "addr:subdistrict": null, "covered": null, "education": null, "type": null }, "geometry": { "type": "Polygon", "coordinates": [ [ [ 126.9086539, 35.1742746 ], [ 126.9087678, 35.1742787 ], [ 126.9087798, 35.174057 ], [ 126.9086658, 35.1740529 ], [ 126.9086539, 35.1742746 ] ] ] } },
{ "type": "Feature", "properties": { "element": "way", "id": 1128214511, "amenity": "university", "name": null, "name:ko": null, "operator": null, "operator:type": null, "start_date": null, "website": null, "wikidata": null, "wikipedia": null, "leisure": null, "sport": null, "indoor": null, "access": null, "addr:city": null, "addr:district": null, "addr:housenumber": null, "addr:postcode": null, "addr:street": null, "name:en": null, "surface": null, "addr:housename": null, "internet_access": null, "name:ja": null, "name:zh": null, "phone": null, "name:ko-Latn": null, "lit": null, "alt_name": null, "tourism": null, "parking": null, "landuse": null, "natural": null, "fixme": null, "area": null, "hoops": null, "leaf_cycle": null, "leaf_type": null, "addr:subdistrict": null, "covered": null, "education": null, "type": null }, "geometry": { "type": "Polygon", "coordinates": [ [ [ 126.9115312, 35.1787861 ], [ 126.9118513, 35.1788914 ], [ 126.9116489, 35.1793025 ], [ 126.9113287, 35.1791972 ], [ 126.9115312, 35.1787861 ] ] ] } },
{ "type": "Feature", "properties": { "element": "way", "id": 1130967822, "amenity": null, "name": null, "name:ko": null, "operator": null, "operator:type": null, "start_date": null, "website": null, "wikidata": null, "wikipedia": null, "leisure": "pitch", "sport": "basketball", "indoor": null, "access": null, "addr:city": null, "addr:district": null, "addr:housenumber": null, "addr:postcode": null, "addr:street": null, "name:en": null, "surface": null, "addr:housename": null, "internet_access": null, "name:ja": null, "name:zh": null, "phone": null, "name:ko-Latn": null, "lit": null, "alt_name": null, "tourism": null, "parking": null, "landuse": null, "natural": null, "fixme": null, "area": null, "hoops": null, "leaf_cycle": null, "leaf_type": null, "addr:subdistrict": null, "covered": null, "education": null, "type": null }, "geometry": { "type": "Polygon", "coordinates": [ [ [ 126.8962204, 35.2027184 ], [ 126.8960729, 35.2024631 ], [ 126.8958598, 35.2025453 ], [ 126.8960073, 35.2028006 ], [ 126.8962204, 35.2027184 ] ] ] } },
{ "type": "Feature", "properties": { "element": "way", "id": 1131138753, "amenity": null, "name": null, "name:ko": null, "operator": null, "operator:type": null, "start_date": null, "website": null, "wikidata": null, "wikipedia": null, "leisure": "park", "sport": null, "indoor": null, "access": null, "addr:city": null, "addr:district": null, "addr:housenumber": null, "addr:postcode": null, "addr:street": null, "name:en": null, "surface": null, "addr:housename": null, "internet_access": null, "name:ja": null, "name:zh": null, "phone": null, "name:ko-Latn": null, "lit": null, "alt_name": null, "tourism": null, "parking": null, "landuse": null, "natural": null, "fixme": null, "area": null, "hoops": null, "leaf_cycle": null, "leaf_type": null, "addr:subdistrict": null, "covered": null, "education": null, "type": null }, "geometry": { "type": "Polygon", "coordinates": [ [ [ 126.9098699, 35.1788472 ], [ 126.9100579, 35.1789104 ], [ 126.9100285, 35.1789688 ], [ 126.9100071, 35.1789616 ], [ 126.9099522, 35.1790708 ], [ 126.9101305, 35.1791307 ], [ 126.910107, 35.1791774 ], [ 126.9097621, 35.1790615 ], [ 126.9098699, 35.1788472 ] ] ] } },
{ "type": "Feature", "properties": { "element": "way", "id": 1131138754, "amenity": null, "name": null, "name:ko": null, "operator": null, "operator:type": null, "start_date": null, "website": null, "wikidata": null, "wikipedia": null, "leisure": "park", "sport": null, "indoor": null, "access": null, "addr:city": null, "addr:district": null, "addr:housenumber": null, "addr:postcode": null, "addr:street": null, "name:en": null, "surface": null, "addr:housename": null, "internet_access": null, "name:ja": null, "name:zh": null, "phone": null, "name:ko-Latn": null, "lit": null, "alt_name": null, "tourism": null, "parking": null, "landuse": null, "natural": null, "fixme": null, "area": null, "hoops": null, "leaf_cycle": null, "leaf_type": null, "addr:subdistrict": null, "covered": null, "education": null, "type": null }, "geometry": { "type": "Polygon", "coordinates": [ [ [ 126.9102323, 35.179144 ], [ 126.9106853, 35.1793089 ], [ 126.9106462, 35.1793808 ], [ 126.9101932, 35.1792158 ], [ 126.9102323, 35.179144 ] ] ] } },
{ "type": "Feature", "properties": { "element": "way", "id": 1131138755, "amenity": null, "name": null, "name:ko": null, "operator": null, "operator:type": null, "start_date": null, "website": null, "wikidata": null, "wikipedia": null, "leisure": "park", "sport": null, "indoor": null, "access": null, "addr:city": null, "addr:district": null, "addr:housenumber": null, "addr:postcode": null, "addr:street": null, "name:en": null, "surface": null, "addr:housename": null, "internet_access": null, "name:ja": null, "name:zh": null, "phone": null, "name:ko-Latn": null, "lit": null, "alt_name": null, "tourism": null, "parking": null, "landuse": null, "natural": null, "fixme": null, "area": null, "hoops": null, "leaf_cycle": null, "leaf_type": null, "addr:subdistrict": null, "covered": null, "education": null, "type": null }, "geometry": { "type": "Polygon", "coordinates": [ [ [ 126.9106821, 35.1793811 ], [ 126.9109939, 35.1794904 ], [ 126.9110927, 35.1793022 ], [ 126.9110103, 35.1792733 ], [ 126.9109386, 35.1794101 ], [ 126.910709, 35.1793297 ], [ 126.9106821, 35.1793811 ] ] ] } },
{ "type": "Feature", "properties": { "element": "way", "id": 1131138756, "amenity": null, "name": null, "name:ko": null, "operator": null, "operator:type": null, "start_date": null, "website": null, "wikidata": null, "wikipedia": null, "leisure": "park", "sport": null, "indoor": null, "access": null, "addr:city": null, "addr:district": null, "addr:housenumber": null, "addr:postcode": null, "addr:street": null, "name:en": null, "surface": null, "addr:housename": null, "internet_access": null, "name:ja": null, "name:zh": null, "phone": null, "name:ko-Latn": null, "lit": null, "alt_name": null, "tourism": null, "parking": null, "landuse": null, "natural": null, "fixme": null, "area": null, "hoops": null, "leaf_cycle": null, "leaf_type": null, "addr:subdistrict": null, "covered": null, "education": null, "type": null }, "geometry": { "type": "Polygon", "coordinates": [ [ [ 126.9110057, 35.1790775 ], [ 126.9111512, 35.1791279 ], [ 126.9111807, 35.1790709 ], [ 126.9112114, 35.1790816 ], [ 126.9111157, 35.1792659 ], [ 126.9110455, 35.1792415 ], [ 126.9110751, 35.1791845 ], [ 126.9110129, 35.1791629 ], [ 126.9109927, 35.1792019 ], [ 126.910949, 35.1791868 ], [ 126.9110057, 35.1790775 ] ] ] } },
{ "type": "Feature", "properties": { "element": "way", "id": 1131138759, "amenity": null, "name": null, "name:ko": null, "operator": null, "operator:type": null, "start_date": null, "website": null, "wikidata": null, "wikipedia": null, "leisure": "park", "sport": null, "indoor": null, "access": null, "addr:city": null, "addr:district": null, "addr:housenumber": null, "addr:postcode": null, "addr:street": null, "name:en": null, "surface": null, "addr:housename": null, "internet_access": null, "name:ja": null, "name:zh": null, "phone": null, "name:ko-Latn": null, "lit": null, "alt_name": null, "tourism": null, "parking": null, "landuse": null, "natural": null, "fixme": null, "area": null, "hoops": null, "leaf_cycle": null, "leaf_type": null, "addr:subdistrict": null, "covered": null, "education": null, "type": null }, "geometry": { "type": "Polygon", "coordinates": [ [ [ 126.9086743, 35.1783501 ], [ 126.9087176, 35.1782669 ], [ 126.9087516, 35.1782014 ], [ 126.9090273, 35.1783014 ], [ 126.9089502, 35.1784434 ], [ 126.9086743, 35.1783501 ] ] ] } },
{ "type": "Feature", "properties": { "element": "way", "id": 1131138760, "amenity": null, "name": null, "name:ko": null, "operator": null, "operator:type": null, "start_date": null, "website": null, "wikidata": null, "wikipedia": null, "leisure": "park", "sport": null, "indoor": null, "access": null, "addr:city": null, "addr:district": null, "addr:housenumber": null, "addr:postcode": null, "addr:street": null, "name:en": null, "surface": null, "addr:housename": null, "internet_access": null, "name:ja": null, "name:zh": null, "phone": null, "name:ko-Latn": null, "lit": null, "alt_name": null, "tourism": null, "parking": null, "landuse": null, "natural": null, "fixme": null, "area": null, "hoops": null, "leaf_cycle": null, "leaf_type": null, "addr:subdistrict": null, "covered": null, "education": null, "type": null }, "geometry": { "type": "Polygon", "coordinates": [ [ [ 126.9089502, 35.1784434 ], [ 126.9093501, 35.1785884 ], [ 126.9094272, 35.1784464 ], [ 126.9090273, 35.1783014 ], [ 126.9089502, 35.1784434 ] ] ] } },
{ "type": "Feature", "properties": { "element": "way", "id": 1131138761, "amenity": null, "name": null, "name:ko": null, "operator": null, "operator:type": null, "start_date": null, "website": null, "wikidata": null, "wikipedia": null, "leisure": "park", "sport": null, "indoor": null, "access": null, "addr:city": null, "addr:district": null, "addr:housenumber": null, "addr:postcode": null, "addr:street": null, "name:en": null, "surface": null, "addr:housename": null, "internet_access": null, "name:ja": null, "name:zh": null, "phone": null, "name:ko-Latn": null, "lit": null, "alt_name": null, "tourism": null, "parking": null, "landuse": null, "natural": null, "fixme": null, "area": null, "hoops": null, "leaf_cycle": null, "leaf_type": null, "addr:subdistrict": null, "covered": null, "education": null, "type": null }, "geometry": { "type": "Polygon", "coordinates": [ [ [ 126.9093501, 35.1785884 ], [ 126.9097489, 35.1787318 ], [ 126.9099438, 35.1783808 ], [ 126.909858, 35.178349 ], [ 126.909738, 35.178565 ], [ 126.9094272, 35.1784464 ], [ 126.9093501, 35.1785884 ] ] ] } },
{ "type": "Feature", "properties": { "element": "way", "id": 1131138762, "amenity": null, "name": null, "name:ko": null, "operator": null, "operator:type": null, "start_date": null, "website": null, "wikidata": null, "wikipedia": null, "leisure": "park", "sport": null, "indoor": null, "access": null, "addr:city": null, "addr:district": null, "addr:housenumber": null, "addr:postcode": null, "addr:street": null, "name:en": null, "surface": null, "addr:housename": null, "internet_access": null, "name:ja": null, "name:zh": null, "phone": null, "name:ko-Latn": null, "lit": null, "alt_name": null, "tourism": null, "parking": null, "landuse": null, "natural": null, "fixme": null, "area": null, "hoops": null, "leaf_cycle": null, "leaf_type": null, "addr:subdistrict": null, "covered": null, "education": null, "type": null }, "geometry": { "type": "Polygon", "coordinates": [ [ [ 126.9094491, 35.1786787 ], [ 126.9096361, 35.1787402 ], [ 126.909727, 35.1787719 ], [ 126.9096872, 35.1788564 ], [ 126.9096569, 35.178896 ], [ 126.9096245, 35.1789874 ], [ 126.9095607, 35.1790032 ], [ 126.9093312, 35.1789213 ], [ 126.9092997, 35.1789086 ], [ 126.9093342, 35.1788455 ], [ 126.9093793, 35.1788571 ], [ 126.9094218, 35.1788571 ], [ 126.9094466, 35.1788412 ], [ 126.9094846, 35.1787624 ], [ 126.9094731, 35.1787204 ], [ 126.9094386, 35.1786965 ], [ 126.9094491, 35.1786787 ] ] ] } },
{ "type": "Feature", "properties": { "element": "way", "id": 1131138777, "amenity": null, "name": null, "name:ko": null, "operator": null, "operator:type": null, "start_date": null, "website": null, "wikidata": null, "wikipedia": null, "leisure": "park", "sport": null, "indoor": null, "access": null, "addr:city": null, "addr:district": null, "addr:housenumber": null, "addr:postcode": null, "addr:street": null, "name:en": null, "surface": null, "addr:housename": null, "internet_access": null, "name:ja": null, "name:zh": null, "phone": null, "name:ko-Latn": null, "lit": null, "alt_name": null, "tourism": null, "parking": null, "landuse": null, "natural": null, "fixme": null, "area": null, "hoops": null, "leaf_cycle": null, "leaf_type": null, "addr:subdistrict": null, "covered": null, "education": null, "type": null }, "geometry": { "type": "Polygon", "coordinates": [ [ [ 126.9098759, 35.178157 ], [ 126.910037, 35.1782102 ], [ 126.9100614, 35.1781977 ], [ 126.9100817, 35.1781711 ], [ 126.9102097, 35.1779377 ], [ 126.9100461, 35.1778721 ], [ 126.9100278, 35.1778854 ], [ 126.9100014, 35.177887 ], [ 126.9099943, 35.1778837 ], [ 126.9099679, 35.1779327 ], [ 126.9100146, 35.1779593 ], [ 126.909979, 35.1780316 ], [ 126.9099536, 35.1780282 ], [ 126.9099241, 35.1780964 ], [ 126.9098908, 35.1780858 ], [ 126.9098735, 35.1781188 ], [ 126.909892, 35.178125 ], [ 126.9098759, 35.178157 ] ] ] } },
{ "type": "Feature", "properties": { "element": "way", "id": 1131138786, "amenity": null, "name": null, "name:ko": null, "operator": null, "operator:type": null, "start_date": null, "website": null, "wikidata": null, "wikipedia": null, "leisure": "park", "sport": null, "indoor": null, "access": null, "addr:city": null, "addr:district": null, "addr:housenumber": null, "addr:postcode": null, "addr:street": null, "name:en": null, "surface": null, "addr:housename": null, "internet_access": null, "name:ja": null, "name:zh": null, "phone": null, "name:ko-Latn": null, "lit": null, "alt_name": null, "tourism": null, "parking": null, "landuse": null, "natural": null, "fixme": null, "area": null, "hoops": null, "leaf_cycle": null, "leaf_type": null, "addr:subdistrict": null, "covered": null, "education": null, "type": null }, "geometry": { "type": "Polygon", "coordinates": [ [ [ 126.9107109, 35.1780722 ], [ 126.9109942, 35.1781721 ], [ 126.9111473, 35.1778823 ], [ 126.9108641, 35.1777823 ], [ 126.9107109, 35.1780722 ] ] ] } },
{ "type": "Feature", "properties": { "element": "way", "id": 1131138787, "amenity": null, "name": null, "name:ko": null, "operator": null, "operator:type": null, "start_date": null, "website": null, "wikidata": null, "wikipedia": null, "leisure": "park", "sport": null, "indoor": null, "access": null, "addr:city": null, "addr:district": null, "addr:housenumber": null, "addr:postcode": null, "addr:street": null, "name:en": null, "surface": null, "addr:housename": null, "internet_access": null, "name:ja": null, "name:zh": null, "phone": null, "name:ko-Latn": null, "lit": null, "alt_name": null, "tourism": null, "parking": null, "landuse": null, "natural": null, "fixme": null, "area": null, "hoops": null, "leaf_cycle": null, "leaf_type": null, "addr:subdistrict": null, "covered": null, "education": null, "type": null }, "geometry": { "type": "Polygon", "coordinates": [ [ [ 126.9110453, 35.1781947 ], [ 126.9111963, 35.1778955 ], [ 126.9114036, 35.1779655 ], [ 126.9112525, 35.1782646 ], [ 126.9110453, 35.1781947 ] ] ] } },
{ "type": "Feature", "properties": { "element": "way", "id": 1131867356, "amenity": null, "name": null, "name:ko": null, "operator": null, "operator:type": null, "start_date": null, "website": null, "wikidata": null, "wikipedia": null, "leisure": "park", "sport": null, "indoor": null, "access": null, "addr:city": null, "addr:district": null, "addr:housenumber": null, "addr:postcode": null, "addr:street": null, "name:en": null, "surface": null, "addr:housename": null, "internet_access": null, "name:ja": null, "name:zh": null, "phone": null, "name:ko-Latn": null, "lit": null, "alt_name": null, "tourism": null, "parking": null, "landuse": null, "natural": null, "fixme": null, "area": null, "hoops": null, "leaf_cycle": null, "leaf_type": null, "addr:subdistrict": null, "covered": null, "education": null, "type": null }, "geometry": { "type": "Polygon", "coordinates": [ [ [ 126.9096739, 35.1766158 ], [ 126.9100001, 35.1767361 ], [ 126.9099895, 35.1767554 ], [ 126.9096633, 35.1766351 ], [ 126.9096739, 35.1766158 ] ] ] } },
{ "type": "Feature", "properties": { "element": "way", "id": 1131867357, "amenity": null, "name": null, "name:ko": null, "operator": null, "operator:type": null, "start_date": null, "website": null, "wikidata": null, "wikipedia": null, "leisure": "park", "sport": null, "indoor": null, "access": null, "addr:city": null, "addr:district": null, "addr:housenumber": null, "addr:postcode": null, "addr:street": null, "name:en": null, "surface": null, "addr:housename": null, "internet_access": null, "name:ja": null, "name:zh": null, "phone": null, "name:ko-Latn": null, "lit": null, "alt_name": null, "tourism": null, "parking": null, "landuse": null, "natural": null, "fixme": null, "area": null, "hoops": null, "leaf_cycle": null, "leaf_type": null, "addr:subdistrict": null, "covered": null, "education": null, "type": null }, "geometry": { "type": "Polygon", "coordinates": [ [ [ 126.910122, 35.1767713 ], [ 126.9104278, 35.176882 ], [ 126.9104085, 35.1769177 ], [ 126.9101026, 35.176807 ], [ 126.910122, 35.1767713 ] ] ] } },
{ "type": "Feature", "properties": { "element": "way", "id": 1131867359, "amenity": null, "name": null, "name:ko": null, "operator": null, "operator:type": null, "start_date": null, "website": null, "wikidata": null, "wikipedia": null, "leisure": "park", "sport": null, "indoor": null, "access": null, "addr:city": null, "addr:district": null, "addr:housenumber": null, "addr:postcode": null, "addr:street": null, "name:en": null, "surface": null, "addr:housename": null, "internet_access": null, "name:ja": null, "name:zh": null, "phone": null, "name:ko-Latn": null, "lit": null, "alt_name": null, "tourism": null, "parking": null, "landuse": null, "natural": null, "fixme": null, "area": null, "hoops": null, "leaf_cycle": null, "leaf_type": null, "addr:subdistrict": null, "covered": null, "education": null, "type": null }, "geometry": { "type": "Polygon", "coordinates": [ [ [ 126.910351, 35.1767807 ], [ 126.910617, 35.176872 ], [ 126.9106431, 35.1768205 ], [ 126.9107615, 35.1768606 ], [ 126.9108006, 35.1767874 ], [ 126.9104157, 35.176655 ], [ 126.910351, 35.1767807 ] ] ] } },
{ "type": "Feature", "properties": { "element": "way", "id": 1131867360, "amenity": null, "name": null, "name:ko": null, "operator": null, "operator:type": null, "start_date": null, "website": null, "wikidata": null, "wikipedia": null, "leisure": "park", "sport": null, "indoor": null, "access": null, "addr:city": null, "addr:district": null, "addr:housenumber": null, "addr:postcode": null, "addr:street": null, "name:en": null, "surface": null, "addr:housename": null, "internet_access": null, "name:ja": null, "name:zh": null, "phone": null, "name:ko-Latn": null, "lit": null, "alt_name": null, "tourism": null, "parking": null, "landuse": null, "natural": null, "fixme": null, "area": null, "hoops": null, "leaf_cycle": null, "leaf_type": null, "addr:subdistrict": null, "covered": null, "education": null, "type": null }, "geometry": { "type": "Polygon", "coordinates": [ [ [ 126.910617, 35.176872 ], [ 126.9107354, 35.176912 ], [ 126.9107615, 35.1768606 ], [ 126.9106431, 35.1768205 ], [ 126.910617, 35.176872 ] ] ] } },
{ "type": "Feature", "properties": { "element": "way", "id": 1131868193, "amenity": null, "name": null, "name:ko": null, "operator": null, "operator:type": null, "start_date": null, "website": null, "wikidata": null, "wikipedia": null, "leisure": "park", "sport": null, "indoor": null, "access": null, "addr:city": null, "addr:district": null, "addr:housenumber": null, "addr:postcode": null, "addr:street": null, "name:en": null, "surface": null, "addr:housename": null, "internet_access": null, "name:ja": null, "name:zh": null, "phone": null, "name:ko-Latn": null, "lit": null, "alt_name": null, "tourism": null, "parking": null, "landuse": null, "natural": null, "fixme": null, "area": null, "hoops": null, "leaf_cycle": null, "leaf_type": null, "addr:subdistrict": null, "covered": null, "education": null, "type": null }, "geometry": { "type": "Polygon", "coordinates": [ [ [ 126.9114425, 35.1784201 ], [ 126.9115471, 35.1784578 ], [ 126.9114547, 35.1786293 ], [ 126.9109485, 35.1784472 ], [ 126.9109628, 35.1784207 ], [ 126.9113644, 35.1785652 ], [ 126.9114425, 35.1784201 ] ] ] } },
{ "type": "Feature", "properties": { "element": "way", "id": 1132460155, "amenity": null, "name": null, "name:ko": null, "operator": null, "operator:type": null, "start_date": null, "website": null, "wikidata": null, "wikipedia": null, "leisure": "park", "sport": null, "indoor": null, "access": null, "addr:city": null, "addr:district": null, "addr:housenumber": null, "addr:postcode": null, "addr:street": null, "name:en": null, "surface": null, "addr:housename": null, "internet_access": null, "name:ja": null, "name:zh": null, "phone": null, "name:ko-Latn": null, "lit": null, "alt_name": null, "tourism": null, "parking": null, "landuse": null, "natural": null, "fixme": null, "area": null, "hoops": null, "leaf_cycle": null, "leaf_type": null, "addr:subdistrict": null, "covered": null, "education": null, "type": null }, "geometry": { "type": "Polygon", "coordinates": [ [ [ 126.911497, 35.1758916 ], [ 126.9119747, 35.1760026 ], [ 126.9119906, 35.1759432 ], [ 126.91201, 35.1758704 ], [ 126.9115676, 35.1757959 ], [ 126.9115415, 35.1758095 ], [ 126.9115063, 35.1758278 ], [ 126.911497, 35.1758916 ] ] ] } },
{ "type": "Feature", "properties": { "element": "way", "id": 1132460161, "amenity": null, "name": null, "name:ko": null, "operator": null, "operator:type": null, "start_date": null, "website": null, "wikidata": null, "wikipedia": null, "leisure": "park", "sport": null, "indoor": null, "access": null, "addr:city": null, "addr:district": null, "addr:housenumber": null, "addr:postcode": null, "addr:street": null, "name:en": null, "surface": null, "addr:housename": null, "internet_access": null, "name:ja": null, "name:zh": null, "phone": null, "name:ko-Latn": null, "lit": null, "alt_name": null, "tourism": null, "parking": null, "landuse": null, "natural": null, "fixme": null, "area": null, "hoops": null, "leaf_cycle": null, "leaf_type": null, "addr:subdistrict": null, "covered": null, "education": null, "type": null }, "geometry": { "type": "Polygon", "coordinates": [ [ [ 126.9120659, 35.1760288 ], [ 126.912294, 35.1761962 ], [ 126.9122002, 35.1768535 ], [ 126.9121368, 35.1768439 ], [ 126.9122253, 35.1763095 ], [ 126.9120193, 35.1762794 ], [ 126.9120659, 35.1760288 ] ] ] } },
{ "type": "Feature", "properties": { "element": "way", "id": 1132460162, "amenity": null, "name": null, "name:ko": null, "operator": null, "operator:type": null, "start_date": null, "website": null, "wikidata": null, "wikipedia": null, "leisure": "park", "sport": null, "indoor": null, "access": null, "addr:city": null, "addr:district": null, "addr:housenumber": null, "addr:postcode": null, "addr:street": null, "name:en": null, "surface": null, "addr:housename": null, "internet_access": null, "name:ja": null, "name:zh": null, "phone": null, "name:ko-Latn": null, "lit": null, "alt_name": null, "tourism": null, "parking": null, "landuse": null, "natural": null, "fixme": null, "area": null, "hoops": null, "leaf_cycle": null, "leaf_type": null, "addr:subdistrict": null, "covered": null, "education": null, "type": null }, "geometry": { "type": "Polygon", "coordinates": [ [ [ 126.9120816, 35.1759113 ], [ 126.9122232, 35.1759309 ], [ 126.9123121, 35.1759432 ], [ 126.9123316, 35.1759599 ], [ 126.9123203, 35.1760309 ], [ 126.9123158, 35.176059 ], [ 126.912294, 35.1761962 ], [ 126.9120659, 35.1760288 ], [ 126.9120816, 35.1759113 ] ] ] } },
{ "type": "Feature", "properties": { "element": "way", "id": 1132460208, "amenity": null, "name": null, "name:ko": null, "operator": null, "operator:type": null, "start_date": null, "website": null, "wikidata": null, "wikipedia": null, "leisure": "park", "sport": null, "indoor": null, "access": null, "addr:city": null, "addr:district": null, "addr:housenumber": null, "addr:postcode": null, "addr:street": null, "name:en": null, "surface": null, "addr:housename": null, "internet_access": null, "name:ja": null, "name:zh": null, "phone": null, "name:ko-Latn": null, "lit": null, "alt_name": null, "tourism": null, "parking": null, "landuse": null, "natural": null, "fixme": null, "area": null, "hoops": null, "leaf_cycle": null, "leaf_type": null, "addr:subdistrict": null, "covered": null, "education": null, "type": null }, "geometry": { "type": "Polygon", "coordinates": [ [ [ 126.9105349, 35.1753257 ], [ 126.910563, 35.1753127 ], [ 126.9105679, 35.1753033 ], [ 126.9105806, 35.1752792 ], [ 126.9102458, 35.1751938 ], [ 126.9101319, 35.1751634 ], [ 126.9100022, 35.1751275 ], [ 126.9097495, 35.175063 ], [ 126.9096457, 35.1750372 ], [ 126.9090928, 35.174877 ], [ 126.9090635, 35.1748616 ], [ 126.9090424, 35.1748486 ], [ 126.9090131, 35.1749044 ], [ 126.9091651, 35.174948 ], [ 126.9094489, 35.1750295 ], [ 126.9097134, 35.1751145 ], [ 126.9103035, 35.1752727 ], [ 126.9105349, 35.1753257 ] ] ] } },
{ "type": "Feature", "properties": { "element": "way", "id": 1132634453, "amenity": null, "name": null, "name:ko": null, "operator": null, "operator:type": null, "start_date": null, "website": null, "wikidata": null, "wikipedia": null, "leisure": "park", "sport": null, "indoor": null, "access": null, "addr:city": null, "addr:district": null, "addr:housenumber": null, "addr:postcode": null, "addr:street": null, "name:en": null, "surface": null, "addr:housename": null, "internet_access": null, "name:ja": null, "name:zh": null, "phone": null, "name:ko-Latn": null, "lit": null, "alt_name": null, "tourism": null, "parking": null, "landuse": null, "natural": null, "fixme": null, "area": null, "hoops": null, "leaf_cycle": null, "leaf_type": null, "addr:subdistrict": null, "covered": null, "education": null, "type": null }, "geometry": { "type": "Polygon", "coordinates": [ [ [ 126.9090131, 35.1749044 ], [ 126.908894, 35.1748664 ], [ 126.9089972, 35.1744433 ], [ 126.9090373, 35.174296 ], [ 126.9091204, 35.1741159 ], [ 126.9091605, 35.174068 ], [ 126.9092514, 35.1740076 ], [ 126.9093223, 35.1739849 ], [ 126.9094116, 35.1739736 ], [ 126.9095903, 35.1739812 ], [ 126.9098091, 35.1739937 ], [ 126.9104453, 35.1740378 ], [ 126.9107056, 35.1740743 ], [ 126.9107965, 35.1740894 ], [ 126.9108443, 35.1741209 ], [ 126.9109059, 35.1741726 ], [ 126.9109737, 35.1742406 ], [ 126.9109968, 35.1742569 ], [ 126.9110553, 35.174267 ], [ 126.9111139, 35.1742695 ], [ 126.9111647, 35.174296 ], [ 126.9111832, 35.1743199 ], [ 126.9111818, 35.174344 ], [ 126.9111307, 35.1743681 ], [ 126.9112388, 35.174521 ], [ 126.9112882, 35.1744957 ], [ 126.9112985, 35.1745101 ], [ 126.9113265, 35.1744959 ], [ 126.9113211, 35.174603 ], [ 126.9113206, 35.1746128 ], [ 126.9112605, 35.1746484 ], [ 126.9113888, 35.174856 ], [ 126.9113523, 35.1748981 ], [ 126.9113219, 35.1749331 ], [ 126.9109937, 35.1748979 ], [ 126.9108628, 35.1754016 ], [ 126.9105349, 35.1753257 ], [ 126.9105679, 35.1753033 ], [ 126.9105806, 35.1752792 ], [ 126.9106514, 35.1752985 ], [ 126.9106765, 35.1752917 ], [ 126.9107007, 35.1752753 ], [ 126.9107516, 35.1752546 ], [ 126.9107835, 35.1752269 ], [ 126.9107899, 35.1751978 ], [ 126.9107882, 35.1751659 ], [ 126.9107934, 35.1751433 ], [ 126.9108027, 35.1751302 ], [ 126.9108216, 35.1750837 ], [ 126.9108302, 35.175063 ], [ 126.9108489, 35.1750479 ], [ 126.9108599, 35.1750377 ], [ 126.9108754, 35.1750268 ], [ 126.9108645, 35.1748413 ], [ 126.9108987, 35.1748034 ], [ 126.9108944, 35.1747459 ], [ 126.9107758, 35.1748009 ], [ 126.9107107, 35.1746846 ], [ 126.9107778, 35.174648 ], [ 126.910851, 35.1746646 ], [ 126.9109018, 35.1745766 ], [ 126.9108347, 35.1745168 ], [ 126.9107656, 35.1744852 ], [ 126.9107616, 35.1743739 ], [ 126.9106985, 35.174334 ], [ 126.9105806, 35.1741047 ], [ 126.9104587, 35.1740897 ], [ 126.9103931, 35.1741457 ], [ 126.910277, 35.1740797 ], [ 126.9101622, 35.1740657 ], [ 126.9100448, 35.1740248 ], [ 126.9098818, 35.1740159 ], [ 126.9096602, 35.1740365 ], [ 126.909464, 35.1740529 ], [ 126.909378, 35.1740623 ], [ 126.9093363, 35.1740619 ], [ 126.9093043, 35.1740699 ], [ 126.909284, 35.1740863 ], [ 126.9092789, 35.1741182 ], [ 126.9092065, 35.1741018 ], [ 126.9091449, 35.1741094 ], [ 126.9090574, 35.1744469 ], [ 126.9090629, 35.1744641 ], [ 126.9090689, 35.1744845 ], [ 126.9090682, 35.1745068 ], [ 126.9090528, 35.1745235 ], [ 126.9090408, 35.1745341 ], [ 126.909028, 35.1745402 ], [ 126.9089841, 35.1746743 ], [ 126.9090284, 35.1747482 ], [ 126.9090167, 35.1747672 ], [ 126.9090114, 35.1747911 ], [ 126.9090175, 35.1748129 ], [ 126.9090286, 35.1748286 ], [ 126.9090424, 35.1748486 ], [ 126.9090131, 35.1749044 ] ] ] } },
{ "type": "Feature", "properties": { "element": "way", "id": 1132919969, "amenity": null, "name": null, "name:ko": null, "operator": null, "operator:type": null, "start_date": null, "website": null, "wikidata": null, "wikipedia": null, "leisure": "park", "sport": null, "indoor": null, "access": null, "addr:city": null, "addr:district": null, "addr:housenumber": null, "addr:postcode": null, "addr:street": null, "name:en": null, "surface": null, "addr:housename": null, "internet_access": null, "name:ja": null, "name:zh": null, "phone": null, "name:ko-Latn": null, "lit": null, "alt_name": null, "tourism": null, "parking": null, "landuse": null, "natural": null, "fixme": null, "area": null, "hoops": null, "leaf_cycle": null, "leaf_type": null, "addr:subdistrict": null, "covered": null, "education": null, "type": null }, "geometry": { "type": "Polygon", "coordinates": [ [ [ 126.9115304, 35.1755438 ], [ 126.9115286, 35.1755703 ], [ 126.9114977, 35.1755988 ], [ 126.9114481, 35.1756141 ], [ 126.9112818, 35.17559 ], [ 126.9112952, 35.1755144 ], [ 126.9113202, 35.175518 ], [ 126.9115304, 35.1755438 ] ] ] } },
{ "type": "Feature", "properties": { "element": "way", "id": 1132919971, "amenity": null, "name": null, "name:ko": null, "operator": null, "operator:type": null, "start_date": null, "website": null, "wikidata": null, "wikipedia": null, "leisure": "park", "sport": null, "indoor": null, "access": null, "addr:city": null, "addr:district": null, "addr:housenumber": null, "addr:postcode": null, "addr:street": null, "name:en": null, "surface": null, "addr:housename": null, "internet_access": null, "name:ja": null, "name:zh": null, "phone": null, "name:ko-Latn": null, "lit": null, "alt_name": null, "tourism": null, "parking": null, "landuse": null, "natural": null, "fixme": null, "area": null, "hoops": null, "leaf_cycle": null, "leaf_type": null, "addr:subdistrict": null, "covered": null, "education": null, "type": null }, "geometry": { "type": "Polygon", "coordinates": [ [ [ 126.9113381, 35.1752562 ], [ 126.9113496, 35.1752468 ], [ 126.911561, 35.1752627 ], [ 126.9115769, 35.1752772 ], [ 126.9115823, 35.1752924 ], [ 126.9115635, 35.1754004 ], [ 126.9113294, 35.1753726 ], [ 126.9113381, 35.1752562 ] ] ] } },
{ "type": "Feature", "properties": { "element": "way", "id": 1132919988, "amenity": null, "name": null, "name:ko": null, "operator": null, "operator:type": null, "start_date": null, "website": null, "wikidata": null, "wikipedia": null, "leisure": "park", "sport": null, "indoor": null, "access": null, "addr:city": null, "addr:district": null, "addr:housenumber": null, "addr:postcode": null, "addr:street": null, "name:en": null, "surface": null, "addr:housename": null, "internet_access": null, "name:ja": null, "name:zh": null, "phone": null, "name:ko-Latn": null, "lit": null, "alt_name": null, "tourism": null, "parking": null, "landuse": null, "natural": null, "fixme": null, "area": null, "hoops": null, "leaf_cycle": null, "leaf_type": null, "addr:subdistrict": null, "covered": null, "education": null, "type": null }, "geometry": { "type": "Polygon", "coordinates": [ [ [ 126.9101113, 35.1734419 ], [ 126.9102737, 35.1734808 ], [ 126.9102993, 35.1734064 ], [ 126.9103362, 35.1733193 ], [ 126.9104362, 35.1733441 ], [ 126.9104537, 35.1733391 ], [ 126.9107858, 35.1734232 ], [ 126.9107985, 35.1734053 ], [ 126.9106035, 35.1733209 ], [ 126.9105259, 35.1732936 ], [ 126.9102154, 35.1731877 ], [ 126.9101113, 35.1734419 ] ] ] } },
{ "type": "Feature", "properties": { "element": "way", "id": 1132919990, "amenity": null, "name": null, "name:ko": null, "operator": null, "operator:type": null, "start_date": null, "website": null, "wikidata": null, "wikipedia": null, "leisure": "park", "sport": null, "indoor": null, "access": null, "addr:city": null, "addr:district": null, "addr:housenumber": null, "addr:postcode": null, "addr:street": null, "name:en": null, "surface": null, "addr:housename": null, "internet_access": null, "name:ja": null, "name:zh": null, "phone": null, "name:ko-Latn": null, "lit": null, "alt_name": null, "tourism": null, "parking": null, "landuse": null, "natural": null, "fixme": null, "area": null, "hoops": null, "leaf_cycle": null, "leaf_type": null, "addr:subdistrict": null, "covered": null, "education": null, "type": null }, "geometry": { "type": "Polygon", "coordinates": [ [ [ 126.9055127, 35.1730042 ], [ 126.9055675, 35.1730293 ], [ 126.9057358, 35.1731066 ], [ 126.9058088, 35.1731401 ], [ 126.9060143, 35.1730511 ], [ 126.9061866, 35.1730165 ], [ 126.9062863, 35.1729548 ], [ 126.9066036, 35.1727473 ], [ 126.9066, 35.1726239 ], [ 126.9058088, 35.1726626 ], [ 126.9054192, 35.1726803 ], [ 126.9052724, 35.1726986 ], [ 126.9052383, 35.1727124 ], [ 126.9051892, 35.1727782 ], [ 126.9051922, 35.1728122 ], [ 126.9052588, 35.1728535 ], [ 126.9052861, 35.1728521 ], [ 126.9053072, 35.172851 ], [ 126.9053285, 35.1729007 ], [ 126.9053703, 35.1729242 ], [ 126.9053951, 35.1729381 ], [ 126.9054959, 35.1729947 ], [ 126.9055127, 35.1730042 ] ] ] } },
{ "type": "Feature", "properties": { "element": "way", "id": 1132919992, "amenity": null, "name": null, "name:ko": null, "operator": null, "operator:type": null, "start_date": null, "website": null, "wikidata": null, "wikipedia": null, "leisure": "park", "sport": null, "indoor": null, "access": null, "addr:city": null, "addr:district": null, "addr:housenumber": null, "addr:postcode": null, "addr:street": null, "name:en": null, "surface": null, "addr:housename": null, "internet_access": null, "name:ja": null, "name:zh": null, "phone": null, "name:ko-Latn": null, "lit": null, "alt_name": null, "tourism": null, "parking": null, "landuse": null, "natural": null, "fixme": null, "area": null, "hoops": null, "leaf_cycle": null, "leaf_type": null, "addr:subdistrict": null, "covered": null, "education": null, "type": null }, "geometry": { "type": "Polygon", "coordinates": [ [ [ 126.9058088, 35.1731401 ], [ 126.9059578, 35.1732134 ], [ 126.9060654, 35.173124 ], [ 126.9061366, 35.1730588 ], [ 126.9062928, 35.173029 ], [ 126.9064664, 35.1730176 ], [ 126.9066816, 35.1730403 ], [ 126.9068031, 35.1730815 ], [ 126.9069003, 35.1731226 ], [ 126.907086, 35.1736433 ], [ 126.9072908, 35.1736022 ], [ 126.9072249, 35.1733595 ], [ 126.9071988, 35.173317 ], [ 126.907187, 35.1732752 ], [ 126.9071468, 35.1732049 ], [ 126.9071505, 35.1731374 ], [ 126.9071701, 35.1730794 ], [ 126.9071465, 35.1730307 ], [ 126.9070916, 35.1729992 ], [ 126.9070444, 35.1730042 ], [ 126.907, 35.1730345 ], [ 126.9069878, 35.1730718 ], [ 126.9069281, 35.1730261 ], [ 126.9068031, 35.1730261 ], [ 126.9067996, 35.1728899 ], [ 126.9069767, 35.1728828 ], [ 126.9069923, 35.1729892 ], [ 126.90706, 35.1729836 ], [ 126.9071465, 35.1729467 ], [ 126.9071572, 35.1729268 ], [ 126.9072683, 35.1729041 ], [ 126.9073603, 35.1729325 ], [ 126.9073742, 35.1729907 ], [ 126.9073503, 35.1730194 ], [ 126.9073481, 35.1730446 ], [ 126.9072561, 35.1730616 ], [ 126.9071988, 35.1730914 ], [ 126.9072023, 35.1731254 ], [ 126.9073342, 35.1735341 ], [ 126.9073776, 35.1735241 ], [ 126.907388, 35.1734745 ], [ 126.907368, 35.1733933 ], [ 126.9073652, 35.1733322 ], [ 126.9073661, 35.1732818 ], [ 126.9074019, 35.1731978 ], [ 126.9074609, 35.1731013 ], [ 126.9075738, 35.1730148 ], [ 126.9076692, 35.1729665 ], [ 126.907765, 35.1729447 ], [ 126.9077857, 35.1728325 ], [ 126.9077838, 35.1727894 ], [ 126.9070543, 35.1727924 ], [ 126.9068899, 35.1727932 ], [ 126.9068813, 35.1726182 ], [ 126.9066, 35.1726239 ], [ 126.9066036, 35.1727473 ], [ 126.9062863, 35.1729548 ], [ 126.9061866, 35.1730165 ], [ 126.9060143, 35.1730511 ], [ 126.9058088, 35.1731401 ] ] ] } },
{ "type": "Feature", "properties": { "element": "way", "id": 1132919993, "amenity": null, "name": null, "name:ko": null, "operator": null, "operator:type": null, "start_date": null, "website": null, "wikidata": null, "wikipedia": null, "leisure": "park", "sport": null, "indoor": null, "access": null, "addr:city": null, "addr:district": null, "addr:housenumber": null, "addr:postcode": null, "addr:street": null, "name:en": null, "surface": null, "addr:housename": null, "internet_access": null, "name:ja": null, "name:zh": null, "phone": null, "name:ko-Latn": null, "lit": null, "alt_name": null, "tourism": null, "parking": null, "landuse": null, "natural": null, "fixme": null, "area": null, "hoops": null, "leaf_cycle": null, "leaf_type": null, "addr:subdistrict": null, "covered": null, "education": null, "type": null }, "geometry": { "type": "Polygon", "coordinates": [ [ [ 126.9111999, 35.173743 ], [ 126.9112665, 35.1736685 ], [ 126.9113901, 35.1737435 ], [ 126.9115558, 35.1739335 ], [ 126.9115889, 35.1739192 ], [ 126.9116178, 35.1738993 ], [ 126.9113472, 35.1736427 ], [ 126.9111076, 35.1735391 ], [ 126.9107985, 35.1734053 ], [ 126.9107858, 35.1734232 ], [ 126.9107166, 35.1736057 ], [ 126.9111999, 35.173743 ] ] ] } },
{ "type": "Feature", "properties": { "element": "way", "id": 1132919997, "amenity": "university", "name": "운동장", "name:ko": null, "operator": null, "operator:type": null, "start_date": null, "website": null, "wikidata": null, "wikipedia": null, "leisure": null, "sport": null, "indoor": null, "access": null, "addr:city": null, "addr:district": null, "addr:housenumber": null, "addr:postcode": null, "addr:street": null, "name:en": null, "surface": null, "addr:housename": null, "internet_access": null, "name:ja": null, "name:zh": null, "phone": null, "name:ko-Latn": null, "lit": null, "alt_name": null, "tourism": null, "parking": null, "landuse": null, "natural": null, "fixme": null, "area": null, "hoops": null, "leaf_cycle": null, "leaf_type": null, "addr:subdistrict": null, "covered": null, "education": "university", "type": null }, "geometry": { "type": "Polygon", "coordinates": [ [ [ 126.9073342, 35.1735341 ], [ 126.9074363, 35.1738473 ], [ 126.9091859, 35.173909 ], [ 126.909183, 35.1738993 ], [ 126.9091799, 35.1738585 ], [ 126.909183, 35.1738227 ], [ 126.9092041, 35.1737696 ], [ 126.909254, 35.1737177 ], [ 126.909319, 35.1736337 ], [ 126.9093688, 35.1734695 ], [ 126.9093718, 35.1734275 ], [ 126.9093507, 35.1733719 ], [ 126.9093386, 35.1733274 ], [ 126.9093144, 35.1732927 ], [ 126.9092782, 35.1732223 ], [ 126.9092465, 35.1731432 ], [ 126.9091588, 35.1730852 ], [ 126.9090651, 35.1730284 ], [ 126.908985, 35.1730024 ], [ 126.9079968, 35.1729469 ], [ 126.9078548, 35.1729481 ], [ 126.907765, 35.1729447 ], [ 126.9076692, 35.1729665 ], [ 126.9075738, 35.1730148 ], [ 126.9074609, 35.1731013 ], [ 126.9074019, 35.1731978 ], [ 126.9073661, 35.1732818 ], [ 126.9073652, 35.1733322 ], [ 126.907368, 35.1733933 ], [ 126.907388, 35.1734745 ], [ 126.9073776, 35.1735241 ], [ 126.9073342, 35.1735341 ] ] ] } },
{ "type": "Feature", "properties": { "element": "way", "id": 1132919998, "amenity": null, "name": "농구장", "name:ko": "농구장", "operator": null, "operator:type": null, "start_date": null, "website": null, "wikidata": null, "wikipedia": null, "leisure": "pitch", "sport": "basketball", "indoor": null, "access": null, "addr:city": null, "addr:district": null, "addr:housenumber": null, "addr:postcode": null, "addr:street": null, "name:en": "Basketball Court", "surface": "concrete", "addr:housename": null, "internet_access": null, "name:ja": null, "name:zh": null, "phone": null, "name:ko-Latn": null, "lit": "yes", "alt_name": null, "tourism": null, "parking": null, "landuse": null, "natural": null, "fixme": null, "area": null, "hoops": "2", "leaf_cycle": null, "leaf_type": null, "addr:subdistrict": null, "covered": null, "education": null, "type": null }, "geometry": { "type": "Polygon", "coordinates": [ [ [ 126.9077624, 35.1735153 ], [ 126.9077776, 35.1732203 ], [ 126.9075599, 35.1732128 ], [ 126.9075447, 35.1735077 ], [ 126.9077624, 35.1735153 ] ] ] } },
{ "type": "Feature", "properties": { "element": "way", "id": 1132919999, "amenity": null, "name": "농구장", "name:ko": "농구장", "operator": null, "operator:type": null, "start_date": null, "website": null, "wikidata": null, "wikipedia": null, "leisure": "pitch", "sport": "basketball", "indoor": null, "access": null, "addr:city": null, "addr:district": null, "addr:housenumber": null, "addr:postcode": null, "addr:street": null, "name:en": "Basketball Court", "surface": "concrete", "addr:housename": null, "internet_access": null, "name:ja": null, "name:zh": null, "phone": null, "name:ko-Latn": null, "lit": "yes", "alt_name": null, "tourism": null, "parking": null, "landuse": null, "natural": null, "fixme": null, "area": null, "hoops": "2", "leaf_cycle": null, "leaf_type": null, "addr:subdistrict": null, "covered": null, "education": null, "type": null }, "geometry": { "type": "Polygon", "coordinates": [ [ [ 126.9089647, 35.1735668 ], [ 126.909185, 35.173573 ], [ 126.9091973, 35.1732805 ], [ 126.908977, 35.1732742 ], [ 126.9089647, 35.1735668 ] ] ] } },
{ "type": "Feature", "properties": { "element": "way", "id": 1132920026, "amenity": null, "name": null, "name:ko": null, "operator": null, "operator:type": null, "start_date": null, "website": null, "wikidata": null, "wikipedia": null, "leisure": "park", "sport": null, "indoor": null, "access": null, "addr:city": null, "addr:district": null, "addr:housenumber": null, "addr:postcode": null, "addr:street": null, "name:en": null, "surface": null, "addr:housename": null, "internet_access": null, "name:ja": null, "name:zh": null, "phone": null, "name:ko-Latn": null, "lit": null, "alt_name": null, "tourism": null, "parking": null, "landuse": null, "natural": null, "fixme": null, "area": null, "hoops": null, "leaf_cycle": null, "leaf_type": null, "addr:subdistrict": null, "covered": null, "education": null, "type": null }, "geometry": { "type": "Polygon", "coordinates": [ [ [ 126.9117133, 35.1754646 ], [ 126.9122629, 35.1754819 ], [ 126.9122878, 35.1752316 ], [ 126.9124474, 35.1752331 ], [ 126.9123984, 35.1755001 ], [ 126.9123587, 35.1757043 ], [ 126.9118644, 35.1756615 ], [ 126.9115919, 35.1756326 ], [ 126.9115929, 35.175575 ], [ 126.9116067, 35.1754653 ], [ 126.9117133, 35.1754646 ] ] ] } },
{ "type": "Feature", "properties": { "element": "way", "id": 1132925654, "amenity": null, "name": "오월열사 기억정원", "name:ko": "오월열사 기억정원", "operator": null, "operator:type": null, "start_date": null, "website": null, "wikidata": null, "wikipedia": null, "leisure": "park", "sport": null, "indoor": null, "access": null, "addr:city": null, "addr:district": null, "addr:housenumber": null, "addr:postcode": null, "addr:street": null, "name:en": "May martyr Memory Garden", "surface": null, "addr:housename": null, "internet_access": null, "name:ja": null, "name:zh": null, "phone": null, "name:ko-Latn": null, "lit": null, "alt_name": null, "tourism": null, "parking": null, "landuse": null, "natural": null, "fixme": null, "area": null, "hoops": null, "leaf_cycle": null, "leaf_type": null, "addr:subdistrict": null, "covered": null, "education": null, "type": null }, "geometry": { "type": "Polygon", "coordinates": [ [ [ 126.9098928, 35.1788112 ], [ 126.9101508, 35.1789028 ], [ 126.9102606, 35.1787043 ], [ 126.9101053, 35.1786489 ], [ 126.9100004, 35.1786127 ], [ 126.9098928, 35.1788112 ] ] ] } },
{ "type": "Feature", "properties": { "element": "way", "id": 1132925655, "amenity": null, "name": null, "name:ko": null, "operator": null, "operator:type": null, "start_date": null, "website": null, "wikidata": null, "wikipedia": null, "leisure": "park", "sport": null, "indoor": null, "access": null, "addr:city": null, "addr:district": null, "addr:housenumber": null, "addr:postcode": null, "addr:street": null, "name:en": null, "surface": null, "addr:housename": null, "internet_access": null, "name:ja": null, "name:zh": null, "phone": null, "name:ko-Latn": null, "lit": null, "alt_name": null, "tourism": null, "parking": null, "landuse": null, "natural": null, "fixme": null, "area": null, "hoops": null, "leaf_cycle": null, "leaf_type": null, "addr:subdistrict": null, "covered": null, "education": null, "type": null }, "geometry": { "type": "Polygon", "coordinates": [ [ [ 126.9100004, 35.1786127 ], [ 126.9101053, 35.1786489 ], [ 126.9101987, 35.1784772 ], [ 126.9104602, 35.178565 ], [ 126.910471, 35.1785446 ], [ 126.9105093, 35.1784724 ], [ 126.9101473, 35.1783417 ], [ 126.9100004, 35.1786127 ] ] ] } },
{ "type": "Feature", "properties": { "element": "way", "id": 1133066120, "amenity": null, "name": null, "name:ko": null, "operator": null, "operator:type": null, "start_date": null, "website": null, "wikidata": null, "wikipedia": null, "leisure": "park", "sport": null, "indoor": null, "access": null, "addr:city": null, "addr:district": null, "addr:housenumber": null, "addr:postcode": null, "addr:street": null, "name:en": null, "surface": null, "addr:housename": null, "internet_access": null, "name:ja": null, "name:zh": null, "phone": null, "name:ko-Latn": null, "lit": null, "alt_name": null, "tourism": null, "parking": null, "landuse": null, "natural": null, "fixme": null, "area": null, "hoops": null, "leaf_cycle": null, "leaf_type": null, "addr:subdistrict": null, "covered": null, "education": null, "type": null }, "geometry": { "type": "Polygon", "coordinates": [ [ [ 126.9123795, 35.174349 ], [ 126.9124996, 35.1743094 ], [ 126.9124533, 35.1742172 ], [ 126.9125576, 35.1741819 ], [ 126.9125586, 35.1742413 ], [ 126.9125513, 35.1743042 ], [ 126.9125239, 35.174355 ], [ 126.9125175, 35.1744033 ], [ 126.9124248, 35.1744386 ], [ 126.9123795, 35.174349 ] ] ] } },
{ "type": "Feature", "properties": { "element": "way", "id": 1133070854, "amenity": null, "name": "북구청공원", "name:ko": "북구청공원", "operator": null, "operator:type": null, "start_date": null, "website": null, "wikidata": null, "wikipedia": null, "leisure": "park", "sport": null, "indoor": null, "access": null, "addr:city": null, "addr:district": null, "addr:housenumber": null, "addr:postcode": null, "addr:street": null, "name:en": "Bukgu District Office Park", "surface": null, "addr:housename": null, "internet_access": null, "name:ja": null, "name:zh": null, "phone": null, "name:ko-Latn": null, "lit": null, "alt_name": null, "tourism": null, "parking": null, "landuse": null, "natural": null, "fixme": null, "area": null, "hoops": null, "leaf_cycle": null, "leaf_type": null, "addr:subdistrict": null, "covered": null, "education": null, "type": null }, "geometry": { "type": "Polygon", "coordinates": [ [ [ 126.9124314, 35.1744479 ], [ 126.9125358, 35.1744131 ], [ 126.9125693, 35.1742931 ], [ 126.9125848, 35.1741878 ], [ 126.9125642, 35.1740772 ], [ 126.9125564, 35.1740561 ], [ 126.912425, 35.173915 ], [ 126.9123529, 35.1738444 ], [ 126.9123065, 35.1738287 ], [ 126.9122594, 35.173795 ], [ 126.912055, 35.1738699 ], [ 126.9122665, 35.1742425 ], [ 126.9124057, 35.1744616 ], [ 126.9124314, 35.1744479 ] ] ] } },
{ "type": "Feature", "properties": { "element": "way", "id": 1160199344, "amenity": null, "name": "새봄어린이공원", "name:ko": null, "operator": null, "operator:type": null, "start_date": null, "website": null, "wikidata": null, "wikipedia": null, "leisure": "park", "sport": null, "indoor": null, "access": null, "addr:city": null, "addr:district": null, "addr:housenumber": null, "addr:postcode": null, "addr:street": null, "name:en": "Saebom Children's Park", "surface": null, "addr:housename": null, "internet_access": null, "name:ja": null, "name:zh": null, "phone": null, "name:ko-Latn": null, "lit": null, "alt_name": null, "tourism": null, "parking": null, "landuse": null, "natural": null, "fixme": null, "area": null, "hoops": null, "leaf_cycle": null, "leaf_type": null, "addr:subdistrict": null, "covered": null, "education": null, "type": null }, "geometry": { "type": "Polygon", "coordinates": [ [ [ 126.9007874, 35.1780638 ], [ 126.9008074, 35.1780235 ], [ 126.9007104, 35.1776822 ], [ 126.9006811, 35.177657 ], [ 126.9002769, 35.1777353 ], [ 126.9003942, 35.1781399 ], [ 126.9007874, 35.1780638 ] ] ] } },
{ "type": "Feature", "properties": { "element": "way", "id": 1160199346, "amenity": null, "name": "충효어린이공원", "name:ko": null, "operator": null, "operator:type": null, "start_date": null, "website": null, "wikidata": null, "wikipedia": null, "leisure": "park", "sport": null, "indoor": null, "access": null, "addr:city": null, "addr:district": null, "addr:housenumber": null, "addr:postcode": null, "addr:street": null, "name:en": null, "surface": null, "addr:housename": null, "internet_access": null, "name:ja": null, "name:zh": null, "phone": null, "name:ko-Latn": null, "lit": null, "alt_name": null, "tourism": null, "parking": null, "landuse": null, "natural": null, "fixme": null, "area": null, "hoops": null, "leaf_cycle": null, "leaf_type": null, "addr:subdistrict": null, "covered": null, "education": null, "type": null }, "geometry": { "type": "Polygon", "coordinates": [ [ [ 126.9191737, 35.1763497 ], [ 126.9190843, 35.1762337 ], [ 126.9188555, 35.1759551 ], [ 126.9186453, 35.175705 ], [ 126.9185519, 35.175726 ], [ 126.9184959, 35.1757738 ], [ 126.9184562, 35.1758386 ], [ 126.9183908, 35.175936 ], [ 126.9182624, 35.1761994 ], [ 126.918232, 35.176312 ], [ 126.918211, 35.1764246 ], [ 126.9182157, 35.1764933 ], [ 126.9182419, 35.1766134 ], [ 126.9191737, 35.1763497 ] ] ] } },
{ "type": "Feature", "properties": { "element": "way", "id": 1160199348, "amenity": null, "name": "봉곡어린이공원", "name:ko": null, "operator": null, "operator:type": null, "start_date": null, "website": null, "wikidata": null, "wikipedia": null, "leisure": "park", "sport": null, "indoor": null, "access": null, "addr:city": null, "addr:district": null, "addr:housenumber": null, "addr:postcode": null, "addr:street": null, "name:en": "Bonggok Children's Park", "surface": null, "addr:housename": null, "internet_access": null, "name:ja": null, "name:zh": null, "phone": null, "name:ko-Latn": null, "lit": null, "alt_name": null, "tourism": null, "parking": null, "landuse": null, "natural": null, "fixme": null, "area": null, "hoops": null, "leaf_cycle": null, "leaf_type": null, "addr:subdistrict": null, "covered": null, "education": null, "type": null }, "geometry": { "type": "Polygon", "coordinates": [ [ [ 126.8996271, 35.1803502 ], [ 126.8994884, 35.1799083 ], [ 126.8988923, 35.1800317 ], [ 126.8989246, 35.1801324 ], [ 126.898957, 35.180174 ], [ 126.8989909, 35.1801954 ], [ 126.8994438, 35.180388 ], [ 126.8996271, 35.1803502 ] ] ] } },
{ "type": "Feature", "properties": { "element": "way", "id": 1160315506, "amenity": null, "name": null, "name:ko": null, "operator": null, "operator:type": null, "start_date": null, "website": null, "wikidata": null, "wikipedia": null, "leisure": "park", "sport": null, "indoor": null, "access": null, "addr:city": null, "addr:district": null, "addr:housenumber": null, "addr:postcode": null, "addr:street": null, "name:en": null, "surface": null, "addr:housename": null, "internet_access": null, "name:ja": null, "name:zh": null, "phone": null, "name:ko-Latn": null, "lit": null, "alt_name": null, "tourism": null, "parking": null, "landuse": null, "natural": null, "fixme": null, "area": null, "hoops": null, "leaf_cycle": null, "leaf_type": null, "addr:subdistrict": null, "covered": null, "education": null, "type": null }, "geometry": { "type": "Polygon", "coordinates": [ [ [ 126.904374, 35.1819425 ], [ 126.9036847, 35.1820927 ], [ 126.9036927, 35.1821157 ], [ 126.904421, 35.1824084 ], [ 126.9044733, 35.182381 ], [ 126.904374, 35.1819425 ] ] ] } },
{ "type": "Feature", "properties": { "element": "way", "id": 1160315507, "amenity": null, "name": null, "name:ko": null, "operator": null, "operator:type": null, "start_date": null, "website": null, "wikidata": null, "wikipedia": null, "leisure": "park", "sport": null, "indoor": null, "access": null, "addr:city": null, "addr:district": null, "addr:housenumber": null, "addr:postcode": null, "addr:street": null, "name:en": null, "surface": null, "addr:housename": null, "internet_access": null, "name:ja": null, "name:zh": null, "phone": null, "name:ko-Latn": null, "lit": null, "alt_name": null, "tourism": null, "parking": null, "landuse": null, "natural": null, "fixme": null, "area": null, "hoops": null, "leaf_cycle": null, "leaf_type": null, "addr:subdistrict": null, "covered": null, "education": null, "type": null }, "geometry": { "type": "Polygon", "coordinates": [ [ [ 126.9028694, 35.1832155 ], [ 126.9028226, 35.1831457 ], [ 126.9023714, 35.1829978 ], [ 126.9023366, 35.1830531 ], [ 126.9023815, 35.1836275 ], [ 126.9028491, 35.1836009 ], [ 126.9028979, 35.1835627 ], [ 126.9028694, 35.1832155 ] ] ] } },
{ "type": "Feature", "properties": { "element": "way", "id": 1163398292, "amenity": null, "name": "차돌공원", "name:ko": null, "operator": null, "operator:type": null, "start_date": null, "website": null, "wikidata": null, "wikipedia": null, "leisure": "park", "sport": null, "indoor": null, "access": null, "addr:city": null, "addr:district": null, "addr:housenumber": null, "addr:postcode": null, "addr:street": null, "name:en": null, "surface": null, "addr:housename": null, "internet_access": null, "name:ja": null, "name:zh": null, "phone": null, "name:ko-Latn": null, "lit": null, "alt_name": null, "tourism": null, "parking": null, "landuse": null, "natural": null, "fixme": null, "area": null, "hoops": null, "leaf_cycle": null, "leaf_type": null, "addr:subdistrict": null, "covered": null, "education": null, "type": null }, "geometry": { "type": "Polygon", "coordinates": [ [ [ 126.9036899, 35.1889085 ], [ 126.9036822, 35.1893696 ], [ 126.9041912, 35.1893748 ], [ 126.9042399, 35.189314 ], [ 126.9037694, 35.188919 ], [ 126.9036899, 35.1889085 ] ] ] } },
{ "type": "Feature", "properties": { "element": "way", "id": 1163398309, "amenity": null, "name": "박들어린이공원", "name:ko": null, "operator": null, "operator:type": null, "start_date": null, "website": null, "wikidata": null, "wikipedia": null, "leisure": "park", "sport": null, "indoor": null, "access": null, "addr:city": null, "addr:district": null, "addr:housenumber": null, "addr:postcode": null, "addr:street": null, "name:en": null, "surface": null, "addr:housename": null, "internet_access": null, "name:ja": null, "name:zh": null, "phone": null, "name:ko-Latn": null, "lit": null, "alt_name": null, "tourism": null, "parking": null, "landuse": null, "natural": null, "fixme": null, "area": null, "hoops": null, "leaf_cycle": null, "leaf_type": null, "addr:subdistrict": null, "covered": null, "education": null, "type": null }, "geometry": { "type": "Polygon", "coordinates": [ [ [ 126.9036702, 35.1913673 ], [ 126.902997, 35.1913708 ], [ 126.9029949, 35.1911036 ], [ 126.9036681, 35.1911001 ], [ 126.9036702, 35.1913673 ] ] ] } },
{ "type": "Feature", "properties": { "element": "way", "id": 1163633831, "amenity": null, "name": null, "name:ko": null, "operator": null, "operator:type": null, "start_date": null, "website": null, "wikidata": null, "wikipedia": null, "leisure": "park", "sport": null, "indoor": null, "access": null, "addr:city": null, "addr:district": null, "addr:housenumber": null, "addr:postcode": null, "addr:street": null, "name:en": null, "surface": null, "addr:housename": null, "internet_access": null, "name:ja": null, "name:zh": null, "phone": null, "name:ko-Latn": null, "lit": null, "alt_name": null, "tourism": null, "parking": null, "landuse": null, "natural": null, "fixme": null, "area": null, "hoops": null, "leaf_cycle": null, "leaf_type": null, "addr:subdistrict": null, "covered": null, "education": null, "type": null }, "geometry": { "type": "Polygon", "coordinates": [ [ [ 126.9215154, 35.1799851 ], [ 126.9216281, 35.1802701 ], [ 126.9209639, 35.1804455 ], [ 126.9208686, 35.1802044 ], [ 126.9208969, 35.1801484 ], [ 126.9215154, 35.1799851 ] ] ] } },
{ "type": "Feature", "properties": { "element": "way", "id": 1163781412, "amenity": null, "name": null, "name:ko": null, "operator": null, "operator:type": null, "start_date": null, "website": null, "wikidata": null, "wikipedia": null, "leisure": "park", "sport": null, "indoor": null, "access": null, "addr:city": null, "addr:district": null, "addr:housenumber": null, "addr:postcode": null, "addr:street": null, "name:en": null, "surface": null, "addr:housename": null, "internet_access": null, "name:ja": null, "name:zh": null, "phone": null, "name:ko-Latn": null, "lit": null, "alt_name": null, "tourism": null, "parking": null, "landuse": null, "natural": null, "fixme": null, "area": null, "hoops": null, "leaf_cycle": null, "leaf_type": null, "addr:subdistrict": null, "covered": null, "education": null, "type": null }, "geometry": { "type": "Polygon", "coordinates": [ [ [ 126.9368908, 35.1775221 ], [ 126.9368873, 35.1774975 ], [ 126.936866, 35.1774614 ], [ 126.9365723, 35.1771099 ], [ 126.9362308, 35.1772299 ], [ 126.9364874, 35.1776653 ], [ 126.9368908, 35.1775221 ] ] ] } },
{ "type": "Feature", "properties": { "element": "way", "id": 1164303464, "amenity": null, "name": null, "name:ko": null, "operator": null, "operator:type": null, "start_date": null, "website": null, "wikidata": null, "wikipedia": null, "leisure": "park", "sport": null, "indoor": null, "access": null, "addr:city": null, "addr:district": null, "addr:housenumber": null, "addr:postcode": null, "addr:street": null, "name:en": null, "surface": null, "addr:housename": null, "internet_access": null, "name:ja": null, "name:zh": null, "phone": null, "name:ko-Latn": null, "lit": null, "alt_name": null, "tourism": null, "parking": null, "landuse": null, "natural": null, "fixme": null, "area": null, "hoops": null, "leaf_cycle": null, "leaf_type": null, "addr:subdistrict": null, "covered": null, "education": null, "type": null }, "geometry": { "type": "Polygon", "coordinates": [ [ [ 126.8971394, 35.1798788 ], [ 126.8970744, 35.1798339 ], [ 126.896738, 35.1798414 ], [ 126.8966963, 35.1798954 ], [ 126.8967288, 35.1804777 ], [ 126.8967959, 35.1805409 ], [ 126.8971242, 35.1805293 ], [ 126.897171, 35.1804802 ], [ 126.8971394, 35.1798788 ] ] ] } },
{ "type": "Feature", "properties": { "element": "way", "id": 1164303470, "amenity": null, "name": null, "name:ko": null, "operator": null, "operator:type": null, "start_date": null, "website": null, "wikidata": null, "wikipedia": null, "leisure": "park", "sport": null, "indoor": null, "access": null, "addr:city": null, "addr:district": null, "addr:housenumber": null, "addr:postcode": null, "addr:street": null, "name:en": null, "surface": null, "addr:housename": null, "internet_access": null, "name:ja": null, "name:zh": null, "phone": null, "name:ko-Latn": null, "lit": null, "alt_name": null, "tourism": null, "parking": null, "landuse": null, "natural": null, "fixme": null, "area": null, "hoops": null, "leaf_cycle": null, "leaf_type": null, "addr:subdistrict": null, "covered": null, "education": null, "type": null }, "geometry": { "type": "Polygon", "coordinates": [ [ [ 126.8826527, 35.2108529 ], [ 126.8826711, 35.2108189 ], [ 126.8824543, 35.2104452 ], [ 126.8816122, 35.2107425 ], [ 126.8817145, 35.2109316 ], [ 126.8818918, 35.2108676 ], [ 126.8820093, 35.211085 ], [ 126.8826527, 35.2108529 ] ] ] } },
{ "type": "Feature", "properties": { "element": "way", "id": 1164369775, "amenity": null, "name": null, "name:ko": null, "operator": null, "operator:type": null, "start_date": null, "website": null, "wikidata": null, "wikipedia": null, "leisure": "pitch", "sport": "tennis;badminton", "indoor": null, "access": "yes", "addr:city": null, "addr:district": null, "addr:housenumber": null, "addr:postcode": null, "addr:street": null, "name:en": null, "surface": null, "addr:housename": null, "internet_access": null, "name:ja": null, "name:zh": null, "phone": null, "name:ko-Latn": null, "lit": null, "alt_name": null, "tourism": null, "parking": null, "landuse": null, "natural": null, "fixme": null, "area": null, "hoops": null, "leaf_cycle": null, "leaf_type": null, "addr:subdistrict": null, "covered": null, "education": null, "type": null }, "geometry": { "type": "Polygon", "coordinates": [ [ [ 126.8611369, 35.209665 ], [ 126.8613639, 35.2096648 ], [ 126.8613637, 35.209489 ], [ 126.8611366, 35.2094892 ], [ 126.8611369, 35.209665 ] ] ] } },
{ "type": "Feature", "properties": { "element": "way", "id": 1164369776, "amenity": null, "name": null, "name:ko": null, "operator": null, "operator:type": null, "start_date": null, "website": null, "wikidata": null, "wikipedia": null, "leisure": "pitch", "sport": null, "indoor": null, "access": "yes", "addr:city": null, "addr:district": null, "addr:housenumber": null, "addr:postcode": null, "addr:street": null, "name:en": null, "surface": "sand", "addr:housename": null, "internet_access": null, "name:ja": null, "name:zh": null, "phone": null, "name:ko-Latn": null, "lit": null, "alt_name": null, "tourism": null, "parking": null, "landuse": null, "natural": null, "fixme": null, "area": null, "hoops": null, "leaf_cycle": null, "leaf_type": null, "addr:subdistrict": null, "covered": null, "education": null, "type": null }, "geometry": { "type": "Polygon", "coordinates": [ [ [ 126.8607749, 35.2097047 ], [ 126.8610556, 35.2097073 ], [ 126.8610587, 35.2094892 ], [ 126.8607779, 35.2094867 ], [ 126.8607749, 35.2097047 ] ] ] } },
{ "type": "Feature", "properties": { "element": "way", "id": 1164518273, "amenity": null, "name": null, "name:ko": null, "operator": null, "operator:type": null, "start_date": null, "website": null, "wikidata": null, "wikipedia": null, "leisure": "pitch", "sport": "tennis", "indoor": null, "access": null, "addr:city": null, "addr:district": null, "addr:housenumber": null, "addr:postcode": null, "addr:street": null, "name:en": null, "surface": null, "addr:housename": null, "internet_access": null, "name:ja": null, "name:zh": null, "phone": null, "name:ko-Latn": null, "lit": null, "alt_name": null, "tourism": null, "parking": null, "landuse": null, "natural": null, "fixme": null, "area": null, "hoops": null, "leaf_cycle": null, "leaf_type": null, "addr:subdistrict": null, "covered": null, "education": null, "type": null }, "geometry": { "type": "Polygon", "coordinates": [ [ [ 126.861579, 35.212249 ], [ 126.8616985, 35.2122503 ], [ 126.8617019, 35.2120521 ], [ 126.8615519, 35.2120504 ], [ 126.8614905, 35.2121516 ], [ 126.861579, 35.212249 ] ] ] } },
{ "type": "Feature", "properties": { "element": "way", "id": 1171288949, "amenity": null, "name": null, "name:ko": null, "operator": null, "operator:type": null, "start_date": null, "website": null, "wikidata": null, "wikipedia": null, "leisure": "park", "sport": null, "indoor": null, "access": null, "addr:city": null, "addr:district": null, "addr:housenumber": null, "addr:postcode": null, "addr:street": null, "name:en": null, "surface": null, "addr:housename": null, "internet_access": null, "name:ja": null, "name:zh": null, "phone": null, "name:ko-Latn": null, "lit": null, "alt_name": null, "tourism": null, "parking": null, "landuse": null, "natural": null, "fixme": null, "area": null, "hoops": null, "leaf_cycle": null, "leaf_type": null, "addr:subdistrict": null, "covered": null, "education": null, "type": null }, "geometry": { "type": "Polygon", "coordinates": [ [ [ 126.8388299, 35.2284942 ], [ 126.8394422, 35.2282754 ], [ 126.8389592, 35.2273738 ], [ 126.8383472, 35.2275925 ], [ 126.8388299, 35.2284942 ] ] ] } },
{ "type": "Feature", "properties": { "element": "way", "id": 1171538991, "amenity": null, "name": null, "name:ko": null, "operator": null, "operator:type": null, "start_date": null, "website": null, "wikidata": null, "wikipedia": null, "leisure": "park", "sport": null, "indoor": null, "access": null, "addr:city": null, "addr:district": null, "addr:housenumber": null, "addr:postcode": null, "addr:street": null, "name:en": null, "surface": null, "addr:housename": null, "internet_access": null, "name:ja": null, "name:zh": null, "phone": null, "name:ko-Latn": null, "lit": null, "alt_name": null, "tourism": null, "parking": null, "landuse": null, "natural": null, "fixme": null, "area": null, "hoops": null, "leaf_cycle": null, "leaf_type": null, "addr:subdistrict": null, "covered": null, "education": null, "type": null }, "geometry": { "type": "Polygon", "coordinates": [ [ [ 126.8409588, 35.2257417 ], [ 126.8409846, 35.2256961 ], [ 126.840919, 35.2256299 ], [ 126.8408628, 35.225595 ], [ 126.8408137, 35.2255778 ], [ 126.8407183, 35.2255846 ], [ 126.8406512, 35.2255993 ], [ 126.8405816, 35.2256291 ], [ 126.8405322, 35.2256731 ], [ 126.8404965, 35.2257308 ], [ 126.8404851, 35.2257925 ], [ 126.8404954, 35.2258422 ], [ 126.8405709, 35.2258848 ], [ 126.8409588, 35.2257417 ] ] ] } },
{ "type": "Feature", "properties": { "element": "way", "id": 1171538992, "amenity": null, "name": null, "name:ko": null, "operator": null, "operator:type": null, "start_date": null, "website": null, "wikidata": null, "wikipedia": null, "leisure": "park", "sport": null, "indoor": null, "access": null, "addr:city": null, "addr:district": null, "addr:housenumber": null, "addr:postcode": null, "addr:street": null, "name:en": null, "surface": null, "addr:housename": null, "internet_access": null, "name:ja": null, "name:zh": null, "phone": null, "name:ko-Latn": null, "lit": null, "alt_name": null, "tourism": null, "parking": null, "landuse": null, "natural": null, "fixme": null, "area": null, "hoops": null, "leaf_cycle": null, "leaf_type": null, "addr:subdistrict": null, "covered": null, "education": null, "type": null }, "geometry": { "type": "Polygon", "coordinates": [ [ [ 126.8397921, 35.2258493 ], [ 126.8399821, 35.2261817 ], [ 126.8403888, 35.2259551 ], [ 126.840387, 35.2258643 ], [ 126.8403853, 35.2258014 ], [ 126.8403852, 35.2257465 ], [ 126.8404018, 35.2256851 ], [ 126.8404216, 35.2256297 ], [ 126.8404662, 35.2255631 ], [ 126.8404928, 35.2255358 ], [ 126.8404938, 35.2254785 ], [ 126.8403588, 35.2252594 ], [ 126.8403055, 35.2252746 ], [ 126.8402495, 35.225231 ], [ 126.8401858, 35.2252219 ], [ 126.8396781, 35.2253879 ], [ 126.8396048, 35.2254816 ], [ 126.8396894, 35.2256496 ], [ 126.8397588, 35.2256443 ], [ 126.8398213, 35.2256654 ], [ 126.8398579, 35.2256996 ], [ 126.8398759, 35.2257513 ], [ 126.8398484, 35.2258044 ], [ 126.8397921, 35.2258493 ] ] ] } },
{ "type": "Feature", "properties": { "element": "way", "id": 1171604954, "amenity": null, "name": null, "name:ko": null, "operator": null, "operator:type": null, "start_date": null, "website": null, "wikidata": null, "wikipedia": null, "leisure": "pitch", "sport": "baseball", "indoor": null, "access": null, "addr:city": null, "addr:district": null, "addr:housenumber": null, "addr:postcode": null, "addr:street": null, "name:en": null, "surface": null, "addr:housename": null, "internet_access": null, "name:ja": null, "name:zh": null, "phone": null, "name:ko-Latn": null, "lit": null, "alt_name": null, "tourism": null, "parking": null, "landuse": null, "natural": null, "fixme": null, "area": null, "hoops": null, "leaf_cycle": null, "leaf_type": null, "addr:subdistrict": null, "covered": null, "education": null, "type": null }, "geometry": { "type": "Polygon", "coordinates": [ [ [ 126.8464456, 35.2279386 ], [ 126.8474369, 35.2276229 ], [ 126.8473583, 35.2274257 ], [ 126.8472469, 35.227231 ], [ 126.8470949, 35.2271183 ], [ 126.8469571, 35.2270532 ], [ 126.8468064, 35.2269797 ], [ 126.846656, 35.2269461 ], [ 126.8463845, 35.2269427 ], [ 126.8460423, 35.2270598 ], [ 126.8464456, 35.2279386 ] ] ] } },
{ "type": "Feature", "properties": { "element": "way", "id": 1171604955, "amenity": null, "name": null, "name:ko": null, "operator": null, "operator:type": null, "start_date": null, "website": null, "wikidata": null, "wikipedia": null, "leisure": "pitch", "sport": "basketball", "indoor": null, "access": null, "addr:city": null, "addr:district": null, "addr:housenumber": null, "addr:postcode": null, "addr:street": null, "name:en": null, "surface": null, "addr:housename": null, "internet_access": null, "name:ja": null, "name:zh": null, "phone": null, "name:ko-Latn": null, "lit": null, "alt_name": null, "tourism": null, "parking": null, "landuse": null, "natural": null, "fixme": null, "area": null, "hoops": null, "leaf_cycle": null, "leaf_type": null, "addr:subdistrict": null, "covered": null, "education": null, "type": null }, "geometry": { "type": "Polygon", "coordinates": [ [ [ 126.8472369, 35.2278977 ], [ 126.8468783, 35.2280172 ], [ 126.8467961, 35.2278525 ], [ 126.8471547, 35.227733 ], [ 126.8472369, 35.2278977 ] ] ] } },
{ "type": "Feature", "properties": { "element": "way", "id": 1171604956, "amenity": null, "name": null, "name:ko": null, "operator": null, "operator:type": null, "start_date": null, "website": null, "wikidata": null, "wikipedia": null, "leisure": "pitch", "sport": null, "indoor": null, "access": null, "addr:city": null, "addr:district": null, "addr:housenumber": null, "addr:postcode": null, "addr:street": null, "name:en": null, "surface": null, "addr:housename": null, "internet_access": null, "name:ja": null, "name:zh": null, "phone": null, "name:ko-Latn": null, "lit": null, "alt_name": null, "tourism": null, "parking": null, "landuse": null, "natural": null, "fixme": null, "area": null, "hoops": null, "leaf_cycle": null, "leaf_type": null, "addr:subdistrict": null, "covered": null, "education": null, "type": null }, "geometry": { "type": "Polygon", "coordinates": [ [ [ 126.8470002, 35.2281608 ], [ 126.8469283, 35.2280164 ], [ 126.8471985, 35.2279266 ], [ 126.8472705, 35.228071 ], [ 126.8470002, 35.2281608 ] ] ] } },
{ "type": "Feature", "properties": { "element": "way", "id": 1171989812, "amenity": null, "name": null, "name:ko": null, "operator": null, "operator:type": null, "start_date": null, "website": null, "wikidata": null, "wikipedia": null, "leisure": "park", "sport": null, "indoor": null, "access": null, "addr:city": null, "addr:district": null, "addr:housenumber": null, "addr:postcode": null, "addr:street": null, "name:en": null, "surface": null, "addr:housename": null, "internet_access": null, "name:ja": null, "name:zh": null, "phone": null, "name:ko-Latn": null, "lit": null, "alt_name": null, "tourism": null, "parking": null, "landuse": null, "natural": null, "fixme": null, "area": null, "hoops": null, "leaf_cycle": null, "leaf_type": null, "addr:subdistrict": null, "covered": null, "education": null, "type": null }, "geometry": { "type": "Polygon", "coordinates": [ [ [ 126.8405324, 35.2251974 ], [ 126.8406101, 35.2251648 ], [ 126.8405873, 35.225121 ], [ 126.8407327, 35.2250545 ], [ 126.8407527, 35.2250917 ], [ 126.8409623, 35.2250166 ], [ 126.8408861, 35.2248748 ], [ 126.840621, 35.2249699 ], [ 126.8405833, 35.2248797 ], [ 126.8404878, 35.2248919 ], [ 126.8404631, 35.2248588 ], [ 126.8404828, 35.224811 ], [ 126.840526, 35.2247775 ], [ 126.8405722, 35.224744 ], [ 126.8406327, 35.2247153 ], [ 126.8408386, 35.2247816 ], [ 126.8409657, 35.2247711 ], [ 126.8409591, 35.2247172 ], [ 126.8411075, 35.2247588 ], [ 126.8418205, 35.2249542 ], [ 126.8420307, 35.2250113 ], [ 126.8424551, 35.2251543 ], [ 126.8424771, 35.225206 ], [ 126.8429775, 35.2253656 ], [ 126.8430376, 35.2253485 ], [ 126.8444789, 35.2258318 ], [ 126.8444486, 35.2258885 ], [ 126.8441763, 35.2258019 ], [ 126.8441242, 35.2259113 ], [ 126.8440013, 35.2258704 ], [ 126.8438917, 35.2257114 ], [ 126.8435263, 35.2257402 ], [ 126.8434332, 35.2255584 ], [ 126.8432614, 35.2256171 ], [ 126.8431882, 35.2256388 ], [ 126.843104, 35.2256034 ], [ 126.8429378, 35.2255926 ], [ 126.8424124, 35.2255925 ], [ 126.8420368, 35.2255929 ], [ 126.8416491, 35.2256269 ], [ 126.8412884, 35.2256759 ], [ 126.8411749, 35.2256739 ], [ 126.8411212, 35.2256275 ], [ 126.8410576, 35.2255766 ], [ 126.840962, 35.2255409 ], [ 126.8408863, 35.2255121 ], [ 126.8408144, 35.2254955 ], [ 126.840709, 35.2254694 ], [ 126.840674, 35.2254596 ], [ 126.8405324, 35.2251974 ] ] ] } },
{ "type": "Feature", "properties": { "element": "way", "id": 1176023659, "amenity": null, "name": null, "name:ko": null, "operator": null, "operator:type": null, "start_date": null, "website": null, "wikidata": null, "wikipedia": null, "leisure": "pitch", "sport": "baseball", "indoor": null, "access": null, "addr:city": null, "addr:district": null, "addr:housenumber": null, "addr:postcode": null, "addr:street": null, "name:en": null, "surface": null, "addr:housename": null, "internet_access": null, "name:ja": null, "name:zh": null, "phone": null, "name:ko-Latn": null, "lit": null, "alt_name": null, "tourism": null, "parking": null, "landuse": null, "natural": null, "fixme": null, "area": null, "hoops": null, "leaf_cycle": null, "leaf_type": null, "addr:subdistrict": null, "covered": null, "education": null, "type": null }, "geometry": { "type": "Polygon", "coordinates": [ [ [ 126.8518959, 35.1805151 ], [ 126.8525715, 35.1799674 ], [ 126.8532292, 35.1805005 ], [ 126.8530944, 35.1806238 ], [ 126.8529309, 35.1807472 ], [ 126.8527332, 35.1808162 ], [ 126.8525661, 35.180825 ], [ 126.8523218, 35.180778 ], [ 126.8521924, 35.1807428 ], [ 126.8520774, 35.1806738 ], [ 126.8518959, 35.1805151 ] ] ] } },
{ "type": "Feature", "properties": { "element": "way", "id": 1178498528, "amenity": null, "name": null, "name:ko": null, "operator": null, "operator:type": null, "start_date": null, "website": null, "wikidata": null, "wikipedia": null, "leisure": "park", "sport": null, "indoor": null, "access": null, "addr:city": null, "addr:district": null, "addr:housenumber": null, "addr:postcode": null, "addr:street": null, "name:en": null, "surface": null, "addr:housename": null, "internet_access": null, "name:ja": null, "name:zh": null, "phone": null, "name:ko-Latn": null, "lit": null, "alt_name": null, "tourism": null, "parking": null, "landuse": null, "natural": null, "fixme": null, "area": null, "hoops": null, "leaf_cycle": null, "leaf_type": null, "addr:subdistrict": null, "covered": null, "education": null, "type": null }, "geometry": { "type": "Polygon", "coordinates": [ [ [ 126.8680358, 35.1880099 ], [ 126.8680963, 35.1883082 ], [ 126.867729, 35.1883636 ], [ 126.8674162, 35.1881088 ], [ 126.8680358, 35.1880099 ] ] ] } },
{ "type": "Feature", "properties": { "element": "way", "id": 1178504260, "amenity": null, "name": null, "name:ko": null, "operator": null, "operator:type": null, "start_date": null, "website": null, "wikidata": null, "wikipedia": null, "leisure": "pitch", "sport": "multi", "indoor": null, "access": null, "addr:city": null, "addr:district": null, "addr:housenumber": null, "addr:postcode": null, "addr:street": null, "name:en": null, "surface": "sand", "addr:housename": null, "internet_access": null, "name:ja": null, "name:zh": null, "phone": null, "name:ko-Latn": null, "lit": null, "alt_name": null, "tourism": null, "parking": null, "landuse": null, "natural": null, "fixme": null, "area": null, "hoops": null, "leaf_cycle": null, "leaf_type": null, "addr:subdistrict": null, "covered": null, "education": null, "type": null }, "geometry": { "type": "Polygon", "coordinates": [ [ [ 126.8670746, 35.1872273 ], [ 126.8670335, 35.1870686 ], [ 126.8669621, 35.1867928 ], [ 126.8679168, 35.1865672 ], [ 126.8680117, 35.1865422 ], [ 126.8681261, 35.186593 ], [ 126.86823, 35.1870156 ], [ 126.8670746, 35.1872273 ] ] ] } },
{ "type": "Feature", "properties": { "element": "way", "id": 1185911753, "amenity": null, "name": null, "name:ko": null, "operator": null, "operator:type": null, "start_date": null, "website": null, "wikidata": null, "wikipedia": null, "leisure": "pitch", "sport": "basketball", "indoor": null, "access": null, "addr:city": null, "addr:district": null, "addr:housenumber": null, "addr:postcode": null, "addr:street": null, "name:en": null, "surface": null, "addr:housename": null, "internet_access": null, "name:ja": null, "name:zh": null, "phone": null, "name:ko-Latn": null, "lit": null, "alt_name": null, "tourism": null, "parking": null, "landuse": null, "natural": null, "fixme": null, "area": null, "hoops": null, "leaf_cycle": null, "leaf_type": null, "addr:subdistrict": null, "covered": null, "education": null, "type": null }, "geometry": { "type": "Polygon", "coordinates": [ [ [ 126.8680118, 35.1771534 ], [ 126.8681787, 35.1771731 ], [ 126.8681444, 35.1773674 ], [ 126.8679775, 35.1773477 ], [ 126.8680118, 35.1771534 ] ] ] } },
{ "type": "Feature", "properties": { "element": "way", "id": 1189192803, "amenity": null, "name": null, "name:ko": null, "operator": null, "operator:type": null, "start_date": null, "website": null, "wikidata": null, "wikipedia": null, "leisure": "pitch", "sport": "soccer", "indoor": null, "access": null, "addr:city": null, "addr:district": null, "addr:housenumber": null, "addr:postcode": null, "addr:street": null, "name:en": null, "surface": null, "addr:housename": null, "internet_access": null, "name:ja": null, "name:zh": null, "phone": null, "name:ko-Latn": null, "lit": null, "alt_name": null, "tourism": null, "parking": null, "landuse": null, "natural": null, "fixme": null, "area": null, "hoops": null, "leaf_cycle": null, "leaf_type": null, "addr:subdistrict": null, "covered": null, "education": null, "type": null }, "geometry": { "type": "Polygon", "coordinates": [ [ [ 126.8785615, 35.1817007 ], [ 126.8791145, 35.182131 ], [ 126.8791946, 35.1820764 ], [ 126.8798444, 35.1815385 ], [ 126.8798937, 35.1814812 ], [ 126.8793431, 35.1810387 ], [ 126.8792714, 35.1810844 ], [ 126.8786062, 35.1816383 ], [ 126.8785615, 35.1817007 ] ] ] } },
{ "type": "Feature", "properties": { "element": "way", "id": 1189573866, "amenity": null, "name": null, "name:ko": null, "operator": null, "operator:type": null, "start_date": null, "website": null, "wikidata": null, "wikipedia": null, "leisure": "pitch", "sport": null, "indoor": null, "access": null, "addr:city": null, "addr:district": null, "addr:housenumber": null, "addr:postcode": null, "addr:street": null, "name:en": null, "surface": null, "addr:housename": null, "internet_access": null, "name:ja": null, "name:zh": null, "phone": null, "name:ko-Latn": null, "lit": null, "alt_name": null, "tourism": null, "parking": null, "landuse": null, "natural": null, "fixme": null, "area": null, "hoops": null, "leaf_cycle": null, "leaf_type": null, "addr:subdistrict": null, "covered": null, "education": null, "type": null }, "geometry": { "type": "Polygon", "coordinates": [ [ [ 126.898842, 35.1854146 ], [ 126.8995077, 35.1853962 ], [ 126.8994669, 35.1847662 ], [ 126.898938, 35.1847989 ], [ 126.898842, 35.1854146 ] ] ] } },
{ "type": "Feature", "properties": { "element": "way", "id": 1194335683, "amenity": null, "name": null, "name:ko": null, "operator": null, "operator:type": null, "start_date": null, "website": null, "wikidata": null, "wikipedia": null, "leisure": "pitch", "sport": "tennis", "indoor": null, "access": null, "addr:city": null, "addr:district": null, "addr:housenumber": null, "addr:postcode": null, "addr:street": null, "name:en": null, "surface": null, "addr:housename": null, "internet_access": null, "name:ja": null, "name:zh": null, "phone": null, "name:ko-Latn": null, "lit": null, "alt_name": null, "tourism": null, "parking": null, "landuse": null, "natural": null, "fixme": null, "area": null, "hoops": null, "leaf_cycle": null, "leaf_type": null, "addr:subdistrict": null, "covered": null, "education": null, "type": null }, "geometry": { "type": "Polygon", "coordinates": [ [ [ 126.8917476, 35.217415 ], [ 126.8918716, 35.2174192 ], [ 126.8918821, 35.2172088 ], [ 126.8917582, 35.2172046 ], [ 126.8917476, 35.217415 ] ] ] } },
{ "type": "Feature", "properties": { "element": "way", "id": 1194335684, "amenity": null, "name": null, "name:ko": null, "operator": null, "operator:type": null, "start_date": null, "website": null, "wikidata": null, "wikipedia": null, "leisure": "pitch", "sport": "tennis", "indoor": null, "access": null, "addr:city": null, "addr:district": null, "addr:housenumber": null, "addr:postcode": null, "addr:street": null, "name:en": null, "surface": null, "addr:housename": null, "internet_access": null, "name:ja": null, "name:zh": null, "phone": null, "name:ko-Latn": null, "lit": null, "alt_name": null, "tourism": null, "parking": null, "landuse": null, "natural": null, "fixme": null, "area": null, "hoops": null, "leaf_cycle": null, "leaf_type": null, "addr:subdistrict": null, "covered": null, "education": null, "type": null }, "geometry": { "type": "Polygon", "coordinates": [ [ [ 126.8919261, 35.217421 ], [ 126.8920501, 35.2174252 ], [ 126.8920606, 35.2172148 ], [ 126.8919367, 35.2172106 ], [ 126.8919261, 35.217421 ] ] ] } },
{ "type": "Feature", "properties": { "element": "way", "id": 1194335685, "amenity": null, "name": null, "name:ko": null, "operator": null, "operator:type": null, "start_date": null, "website": null, "wikidata": null, "wikipedia": null, "leisure": "pitch", "sport": "tennis", "indoor": null, "access": null, "addr:city": null, "addr:district": null, "addr:housenumber": null, "addr:postcode": null, "addr:street": null, "name:en": null, "surface": null, "addr:housename": null, "internet_access": null, "name:ja": null, "name:zh": null, "phone": null, "name:ko-Latn": null, "lit": null, "alt_name": null, "tourism": null, "parking": null, "landuse": null, "natural": null, "fixme": null, "area": null, "hoops": null, "leaf_cycle": null, "leaf_type": null, "addr:subdistrict": null, "covered": null, "education": null, "type": null }, "geometry": { "type": "Polygon", "coordinates": [ [ [ 126.8920899, 35.2174265 ], [ 126.8922139, 35.2174307 ], [ 126.8922244, 35.2172203 ], [ 126.8921005, 35.2172161 ], [ 126.8920899, 35.2174265 ] ] ] } },
{ "type": "Feature", "properties": { "element": "way", "id": 1194335686, "amenity": null, "name": null, "name:ko": null, "operator": null, "operator:type": null, "start_date": null, "website": null, "wikidata": null, "wikipedia": null, "leisure": "pitch", "sport": "tennis", "indoor": null, "access": null, "addr:city": null, "addr:district": null, "addr:housenumber": null, "addr:postcode": null, "addr:street": null, "name:en": null, "surface": null, "addr:housename": null, "internet_access": null, "name:ja": null, "name:zh": null, "phone": null, "name:ko-Latn": null, "lit": null, "alt_name": null, "tourism": null, "parking": null, "landuse": null, "natural": null, "fixme": null, "area": null, "hoops": null, "leaf_cycle": null, "leaf_type": null, "addr:subdistrict": null, "covered": null, "education": null, "type": null }, "geometry": { "type": "Polygon", "coordinates": [ [ [ 126.8922666, 35.2174324 ], [ 126.8923905, 35.2174366 ], [ 126.8924011, 35.2172262 ], [ 126.8922771, 35.217222 ], [ 126.8922666, 35.2174324 ] ] ] } },
{ "type": "Feature", "properties": { "element": "way", "id": 1194665809, "amenity": null, "name": null, "name:ko": null, "operator": null, "operator:type": null, "start_date": null, "website": null, "wikidata": null, "wikipedia": null, "leisure": "pitch", "sport": null, "indoor": null, "access": null, "addr:city": null, "addr:district": null, "addr:housenumber": null, "addr:postcode": null, "addr:street": null, "name:en": null, "surface": null, "addr:housename": null, "internet_access": null, "name:ja": null, "name:zh": null, "phone": null, "name:ko-Latn": null, "lit": null, "alt_name": null, "tourism": null, "parking": null, "landuse": null, "natural": null, "fixme": null, "area": null, "hoops": null, "leaf_cycle": null, "leaf_type": null, "addr:subdistrict": null, "covered": null, "education": null, "type": null }, "geometry": { "type": "Polygon", "coordinates": [ [ [ 126.8911024, 35.1731469 ], [ 126.8911215, 35.172815 ], [ 126.8913604, 35.1728242 ], [ 126.8913412, 35.1731561 ], [ 126.8911024, 35.1731469 ] ] ] } },
{ "type": "Feature", "properties": { "element": "way", "id": 1194665810, "amenity": null, "name": null, "name:ko": null, "operator": null, "operator:type": null, "start_date": null, "website": null, "wikidata": null, "wikipedia": null, "leisure": "pitch", "sport": "tennis", "indoor": null, "access": null, "addr:city": null, "addr:district": null, "addr:housenumber": null, "addr:postcode": null, "addr:street": null, "name:en": null, "surface": null, "addr:housename": null, "internet_access": null, "name:ja": null, "name:zh": null, "phone": null, "name:ko-Latn": null, "lit": null, "alt_name": null, "tourism": null, "parking": null, "landuse": null, "natural": null, "fixme": null, "area": null, "hoops": null, "leaf_cycle": null, "leaf_type": null, "addr:subdistrict": null, "covered": null, "education": null, "type": null }, "geometry": { "type": "Polygon", "coordinates": [ [ [ 126.8911696, 35.173094 ], [ 126.8911845, 35.172876 ], [ 126.8913015, 35.1728813 ], [ 126.8912865, 35.1730994 ], [ 126.8911696, 35.173094 ] ] ] } },
{ "type": "Feature", "properties": { "element": "way", "id": 1195006330, "amenity": null, "name": "우산체육공원", "name:ko": null, "operator": null, "operator:type": null, "start_date": null, "website": null, "wikidata": null, "wikipedia": null, "leisure": "park", "sport": null, "indoor": null, "access": null, "addr:city": null, "addr:district": null, "addr:housenumber": null, "addr:postcode": null, "addr:street": null, "name:en": null, "surface": null, "addr:housename": null, "internet_access": null, "name:ja": null, "name:zh": null, "phone": null, "name:ko-Latn": null, "lit": null, "alt_name": null, "tourism": null, "parking": null, "landuse": null, "natural": null, "fixme": null, "area": null, "hoops": null, "leaf_cycle": null, "leaf_type": null, "addr:subdistrict": null, "covered": null, "education": null, "type": null }, "geometry": { "type": "Polygon", "coordinates": [ [ [ 126.9212478, 35.1763038 ], [ 126.9213167, 35.1765224 ], [ 126.9211976, 35.17664 ], [ 126.921185, 35.1767264 ], [ 126.9213282, 35.1771775 ], [ 126.9217998, 35.1771954 ], [ 126.9220413, 35.1772574 ], [ 126.9221427, 35.177315 ], [ 126.9227028, 35.1771899 ], [ 126.9226868, 35.1770927 ], [ 126.9227046, 35.176991 ], [ 126.9227028, 35.1769588 ], [ 126.9226958, 35.1768332 ], [ 126.9227769, 35.1765746 ], [ 126.9227958, 35.1764175 ], [ 126.922798, 35.1763988 ], [ 126.9229161, 35.1761531 ], [ 126.9228086, 35.1759809 ], [ 126.9226367, 35.1759002 ], [ 126.9225231, 35.1759302 ], [ 126.9219822, 35.1760732 ], [ 126.9212702, 35.1762613 ], [ 126.9212478, 35.1763038 ] ] ] } },
{ "type": "Feature", "properties": { "element": "way", "id": 1195006332, "amenity": null, "name": null, "name:ko": null, "operator": null, "operator:type": null, "start_date": null, "website": null, "wikidata": null, "wikipedia": null, "leisure": "pitch", "sport": null, "indoor": null, "access": null, "addr:city": null, "addr:district": null, "addr:housenumber": null, "addr:postcode": null, "addr:street": null, "name:en": null, "surface": null, "addr:housename": null, "internet_access": null, "name:ja": null, "name:zh": null, "phone": null, "name:ko-Latn": null, "lit": null, "alt_name": null, "tourism": null, "parking": null, "landuse": null, "natural": null, "fixme": null, "area": null, "hoops": null, "leaf_cycle": null, "leaf_type": null, "addr:subdistrict": null, "covered": null, "education": null, "type": null }, "geometry": { "type": "Polygon", "coordinates": [ [ [ 126.9213979, 35.1765591 ], [ 126.921316, 35.1763503 ], [ 126.9215915, 35.176278 ], [ 126.9216735, 35.1764868 ], [ 126.9213979, 35.1765591 ] ] ] } },
{ "type": "Feature", "properties": { "element": "way", "id": 1195006337, "amenity": null, "name": null, "name:ko": null, "operator": null, "operator:type": null, "start_date": null, "website": null, "wikidata": null, "wikipedia": null, "leisure": "park", "sport": null, "indoor": null, "access": null, "addr:city": null, "addr:district": null, "addr:housenumber": null, "addr:postcode": null, "addr:street": null, "name:en": null, "surface": null, "addr:housename": null, "internet_access": null, "name:ja": null, "name:zh": null, "phone": null, "name:ko-Latn": null, "lit": null, "alt_name": null, "tourism": null, "parking": null, "landuse": null, "natural": null, "fixme": null, "area": null, "hoops": null, "leaf_cycle": null, "leaf_type": null, "addr:subdistrict": null, "covered": null, "education": null, "type": null }, "geometry": { "type": "Polygon", "coordinates": [ [ [ 126.9254725, 35.1760089 ], [ 126.9253225, 35.1756713 ], [ 126.9250369, 35.1753353 ], [ 126.9248817, 35.1754346 ], [ 126.9249945, 35.1757298 ], [ 126.9249675, 35.1757389 ], [ 126.9240762, 35.1760388 ], [ 126.9242315, 35.1763673 ], [ 126.9248235, 35.1762513 ], [ 126.925148, 35.1761714 ], [ 126.9251247, 35.1761234 ], [ 126.9254725, 35.1760089 ] ] ] } },
{ "type": "Feature", "properties": { "element": "way", "id": 1210543099, "amenity": null, "name": null, "name:ko": null, "operator": null, "operator:type": null, "start_date": null, "website": null, "wikidata": null, "wikipedia": null, "leisure": "pitch", "sport": "multi", "indoor": null, "access": null, "addr:city": null, "addr:district": null, "addr:housenumber": null, "addr:postcode": null, "addr:street": null, "name:en": null, "surface": "dirt", "addr:housename": null, "internet_access": null, "name:ja": null, "name:zh": null, "phone": null, "name:ko-Latn": null, "lit": null, "alt_name": null, "tourism": null, "parking": null, "landuse": null, "natural": null, "fixme": null, "area": null, "hoops": null, "leaf_cycle": null, "leaf_type": null, "addr:subdistrict": null, "covered": null, "education": null, "type": null }, "geometry": { "type": "Polygon", "coordinates": [ [ [ 127.0021972, 35.1812032 ], [ 127.0030823, 35.1811757 ], [ 127.0030783, 35.1810946 ], [ 127.0032781, 35.1810256 ], [ 127.0032419, 35.1806781 ], [ 127.002275, 35.1807022 ], [ 127.0021972, 35.1812032 ] ] ] } },
{ "type": "Feature", "properties": { "element": "way", "id": 1221635876, "amenity": null, "name": "배드민턴장", "name:ko": null, "operator": null, "operator:type": null, "start_date": null, "website": null, "wikidata": null, "wikipedia": null, "leisure": "pitch", "sport": "badminton", "indoor": null, "access": null, "addr:city": null, "addr:district": null, "addr:housenumber": null, "addr:postcode": null, "addr:street": null, "name:en": null, "surface": null, "addr:housename": null, "internet_access": null, "name:ja": null, "name:zh": null, "phone": null, "name:ko-Latn": null, "lit": null, "alt_name": null, "tourism": null, "parking": null, "landuse": null, "natural": null, "fixme": null, "area": null, "hoops": null, "leaf_cycle": null, "leaf_type": null, "addr:subdistrict": null, "covered": null, "education": null, "type": null }, "geometry": { "type": "Polygon", "coordinates": [ [ [ 126.9006341, 35.1853075 ], [ 126.9006215, 35.1851526 ], [ 126.9007374, 35.185147 ], [ 126.9007493, 35.1853018 ], [ 126.9006341, 35.1853075 ] ] ] } },
{ "type": "Feature", "properties": { "element": "way", "id": 1226960956, "amenity": null, "name": "조각공원", "name:ko": "조각공원", "operator": null, "operator:type": null, "start_date": null, "website": null, "wikidata": null, "wikipedia": null, "leisure": "park", "sport": null, "indoor": null, "access": null, "addr:city": null, "addr:district": null, "addr:housenumber": null, "addr:postcode": null, "addr:street": null, "name:en": "Sculpture Park", "surface": null, "addr:housename": null, "internet_access": null, "name:ja": null, "name:zh": null, "phone": null, "name:ko-Latn": null, "lit": null, "alt_name": null, "tourism": null, "parking": null, "landuse": null, "natural": null, "fixme": null, "area": null, "hoops": null, "leaf_cycle": null, "leaf_type": null, "addr:subdistrict": null, "covered": null, "education": null, "type": null }, "geometry": { "type": "Polygon", "coordinates": [ [ [ 126.8802784, 35.1762785 ], [ 126.8803614, 35.1762174 ], [ 126.8808071, 35.1767365 ], [ 126.8808445, 35.1767289 ], [ 126.8809075, 35.1768186 ], [ 126.8808585, 35.1768625 ], [ 126.8808351, 35.176914 ], [ 126.880116, 35.1771182 ], [ 126.8800973, 35.1770762 ], [ 126.8801066, 35.1770304 ], [ 126.880116, 35.1769674 ], [ 126.8803074, 35.1766468 ], [ 126.8803401, 35.1765628 ], [ 126.8803518, 35.1764731 ], [ 126.8803098, 35.1763624 ], [ 126.8802784, 35.1762785 ] ] ] } },
{ "type": "Feature", "properties": { "element": "way", "id": 1226970639, "amenity": null, "name": null, "name:ko": null, "operator": null, "operator:type": null, "start_date": null, "website": null, "wikidata": null, "wikipedia": null, "leisure": "pitch", "sport": "tennis", "indoor": null, "access": null, "addr:city": null, "addr:district": null, "addr:housenumber": null, "addr:postcode": null, "addr:street": null, "name:en": null, "surface": null, "addr:housename": null, "internet_access": null, "name:ja": null, "name:zh": null, "phone": null, "name:ko-Latn": null, "lit": null, "alt_name": null, "tourism": null, "parking": null, "landuse": null, "natural": null, "fixme": null, "area": null, "hoops": null, "leaf_cycle": null, "leaf_type": null, "addr:subdistrict": null, "covered": null, "education": null, "type": null }, "geometry": { "type": "Polygon", "coordinates": [ [ [ 126.9100446, 35.1652541 ], [ 126.9105506, 35.1651096 ], [ 126.9104162, 35.1647954 ], [ 126.9099103, 35.1649399 ], [ 126.9100446, 35.1652541 ] ] ] } },
{ "type": "Feature", "properties": { "element": "way", "id": 1234352806, "amenity": null, "name": null, "name:ko": null, "operator": null, "operator:type": null, "start_date": null, "website": null, "wikidata": null, "wikipedia": null, "leisure": "pitch", "sport": "multi", "indoor": null, "access": null, "addr:city": null, "addr:district": null, "addr:housenumber": null, "addr:postcode": null, "addr:street": null, "name:en": null, "surface": "sand", "addr:housename": null, "internet_access": null, "name:ja": null, "name:zh": null, "phone": null, "name:ko-Latn": null, "lit": null, "alt_name": null, "tourism": null, "parking": null, "landuse": null, "natural": null, "fixme": null, "area": null, "hoops": null, "leaf_cycle": null, "leaf_type": null, "addr:subdistrict": null, "covered": null, "education": null, "type": null }, "geometry": { "type": "Polygon", "coordinates": [ [ [ 126.9513157, 35.2056026 ], [ 126.9506559, 35.2052739 ], [ 126.9509456, 35.2048996 ], [ 126.9515987, 35.2052607 ], [ 126.9513157, 35.2056026 ] ] ] } },
{ "type": "Feature", "properties": { "element": "way", "id": 1243062127, "amenity": null, "name": null, "name:ko": null, "operator": null, "operator:type": null, "start_date": null, "website": null, "wikidata": null, "wikipedia": null, "leisure": "pitch", "sport": "badminton", "indoor": null, "access": null, "addr:city": null, "addr:district": null, "addr:housenumber": null, "addr:postcode": null, "addr:street": null, "name:en": null, "surface": null, "addr:housename": null, "internet_access": null, "name:ja": null, "name:zh": null, "phone": null, "name:ko-Latn": null, "lit": null, "alt_name": null, "tourism": null, "parking": null, "landuse": null, "natural": null, "fixme": null, "area": null, "hoops": null, "leaf_cycle": null, "leaf_type": null, "addr:subdistrict": null, "covered": null, "education": null, "type": null }, "geometry": { "type": "Polygon", "coordinates": [ [ [ 126.8721439, 35.2170205 ], [ 126.872142, 35.2169223 ], [ 126.8721946, 35.2169216 ], [ 126.8721942, 35.2169021 ], [ 126.8724131, 35.2168993 ], [ 126.8724134, 35.2169123 ], [ 126.8724539, 35.2169118 ], [ 126.872456, 35.2170209 ], [ 126.8723561, 35.2170221 ], [ 126.8723564, 35.2170382 ], [ 126.8722818, 35.2170391 ], [ 126.8722814, 35.2170188 ], [ 126.8721439, 35.2170205 ] ] ] } },
{ "type": "Feature", "properties": { "element": "way", "id": 1247177664, "amenity": null, "name": null, "name:ko": null, "operator": null, "operator:type": null, "start_date": null, "website": null, "wikidata": null, "wikipedia": null, "leisure": "park", "sport": null, "indoor": null, "access": null, "addr:city": null, "addr:district": null, "addr:housenumber": null, "addr:postcode": null, "addr:street": null, "name:en": null, "surface": null, "addr:housename": null, "internet_access": null, "name:ja": null, "name:zh": null, "phone": null, "name:ko-Latn": null, "lit": null, "alt_name": null, "tourism": null, "parking": null, "landuse": null, "natural": null, "fixme": null, "area": null, "hoops": null, "leaf_cycle": null, "leaf_type": null, "addr:subdistrict": null, "covered": null, "education": null, "type": null }, "geometry": { "type": "Polygon", "coordinates": [ [ [ 126.9258322, 35.1750211 ], [ 126.9258699, 35.1750863 ], [ 126.9258811, 35.1751407 ], [ 126.9262208, 35.1750803 ], [ 126.926228, 35.1750194 ], [ 126.9262907, 35.1749461 ], [ 126.9262765, 35.1749033 ], [ 126.9258322, 35.1750211 ] ] ] } },
{ "type": "Feature", "properties": { "element": "way", "id": 1247177666, "amenity": null, "name": null, "name:ko": null, "operator": null, "operator:type": null, "start_date": null, "website": null, "wikidata": null, "wikipedia": null, "leisure": "park", "sport": null, "indoor": null, "access": null, "addr:city": null, "addr:district": null, "addr:housenumber": null, "addr:postcode": null, "addr:street": null, "name:en": null, "surface": null, "addr:housename": null, "internet_access": null, "name:ja": null, "name:zh": null, "phone": null, "name:ko-Latn": null, "lit": null, "alt_name": null, "tourism": null, "parking": null, "landuse": null, "natural": null, "fixme": null, "area": null, "hoops": null, "leaf_cycle": null, "leaf_type": null, "addr:subdistrict": null, "covered": null, "education": null, "type": null }, "geometry": { "type": "Polygon", "coordinates": [ [ [ 126.9266993, 35.1761984 ], [ 126.926555, 35.1762949 ], [ 126.9265139, 35.1762872 ], [ 126.9265371, 35.1760639 ], [ 126.9266181, 35.1759872 ], [ 126.9266535, 35.1759898 ], [ 126.9266993, 35.1761984 ] ] ] } },
{ "type": "Feature", "properties": { "element": "way", "id": 1247512601, "amenity": null, "name": null, "name:ko": null, "operator": null, "operator:type": null, "start_date": null, "website": null, "wikidata": null, "wikipedia": null, "leisure": "pitch", "sport": "baseball", "indoor": null, "access": null, "addr:city": null, "addr:district": null, "addr:housenumber": null, "addr:postcode": null, "addr:street": null, "name:en": null, "surface": null, "addr:housename": null, "internet_access": null, "name:ja": null, "name:zh": null, "phone": null, "name:ko-Latn": null, "lit": null, "alt_name": null, "tourism": null, "parking": null, "landuse": null, "natural": null, "fixme": null, "area": null, "hoops": null, "leaf_cycle": null, "leaf_type": null, "addr:subdistrict": null, "covered": null, "education": null, "type": null }, "geometry": { "type": "Polygon", "coordinates": [ [ [ 126.8870608, 35.169341 ], [ 126.8871114, 35.1695129 ], [ 126.8874356, 35.1694696 ], [ 126.8874338, 35.1693953 ], [ 126.8879331, 35.1686785 ], [ 126.8878593, 35.1685866 ], [ 126.8877723, 35.1685243 ], [ 126.8876525, 35.1684549 ], [ 126.8875053, 35.1683903 ], [ 126.8874004, 35.1683585 ], [ 126.887291, 35.1683412 ], [ 126.8871941, 35.1683343 ], [ 126.8870715, 35.1683476 ], [ 126.8869673, 35.168375 ], [ 126.8868729, 35.1684118 ], [ 126.8867486, 35.1684683 ], [ 126.8866611, 35.1685292 ], [ 126.8865488, 35.1686386 ], [ 126.8864951, 35.1687176 ], [ 126.8864515, 35.1687948 ], [ 126.8870608, 35.169341 ] ] ] } },
{ "type": "Feature", "properties": { "element": "way", "id": 1250501325, "amenity": null, "name": null, "name:ko": null, "operator": null, "operator:type": null, "start_date": null, "website": null, "wikidata": null, "wikipedia": null, "leisure": "pitch", "sport": null, "indoor": null, "access": null, "addr:city": null, "addr:district": null, "addr:housenumber": null, "addr:postcode": null, "addr:street": null, "name:en": null, "surface": null, "addr:housename": null, "internet_access": null, "name:ja": null, "name:zh": null, "phone": null, "name:ko-Latn": null, "lit": null, "alt_name": null, "tourism": null, "parking": null, "landuse": null, "natural": null, "fixme": null, "area": null, "hoops": null, "leaf_cycle": null, "leaf_type": null, "addr:subdistrict": null, "covered": null, "education": null, "type": null }, "geometry": { "type": "Polygon", "coordinates": [ [ [ 126.9264871, 35.1850319 ], [ 126.9266747, 35.1850335 ], [ 126.9266771, 35.1848476 ], [ 126.9264895, 35.184846 ], [ 126.9264871, 35.1850319 ] ] ] } },
{ "type": "Feature", "properties": { "element": "way", "id": 1254607138, "amenity": null, "name": null, "name:ko": null, "operator": null, "operator:type": null, "start_date": null, "website": null, "wikidata": null, "wikipedia": null, "leisure": "pitch", "sport": "tennis", "indoor": null, "access": null, "addr:city": null, "addr:district": null, "addr:housenumber": null, "addr:postcode": null, "addr:street": null, "name:en": null, "surface": null, "addr:housename": null, "internet_access": null, "name:ja": null, "name:zh": null, "phone": null, "name:ko-Latn": null, "lit": null, "alt_name": null, "tourism": null, "parking": null, "landuse": null, "natural": null, "fixme": null, "area": null, "hoops": null, "leaf_cycle": null, "leaf_type": null, "addr:subdistrict": null, "covered": null, "education": null, "type": null }, "geometry": { "type": "Polygon", "coordinates": [ [ [ 126.9491512, 35.2165829 ], [ 126.9490484, 35.2166567 ], [ 126.9492147, 35.2168112 ], [ 126.9493175, 35.2167374 ], [ 126.9491512, 35.2165829 ] ] ] } },
{ "type": "Feature", "properties": { "element": "way", "id": 1255605534, "amenity": null, "name": null, "name:ko": null, "operator": null, "operator:type": null, "start_date": null, "website": null, "wikidata": null, "wikipedia": null, "leisure": "park", "sport": null, "indoor": null, "access": null, "addr:city": null, "addr:district": null, "addr:housenumber": null, "addr:postcode": null, "addr:street": null, "name:en": null, "surface": null, "addr:housename": null, "internet_access": null, "name:ja": null, "name:zh": null, "phone": null, "name:ko-Latn": null, "lit": null, "alt_name": null, "tourism": null, "parking": null, "landuse": null, "natural": null, "fixme": null, "area": null, "hoops": null, "leaf_cycle": null, "leaf_type": null, "addr:subdistrict": null, "covered": null, "education": null, "type": null }, "geometry": { "type": "Polygon", "coordinates": [ [ [ 126.8915693, 35.2389212 ], [ 126.8918047, 35.2393419 ], [ 126.8920311, 35.2392536 ], [ 126.8920407, 35.2392185 ], [ 126.8917905, 35.2390141 ], [ 126.8915693, 35.2389212 ] ] ] } },
{ "type": "Feature", "properties": { "element": "way", "id": 1257036310, "amenity": null, "name": null, "name:ko": null, "operator": null, "operator:type": null, "start_date": null, "website": null, "wikidata": null, "wikipedia": null, "leisure": "park", "sport": null, "indoor": null, "access": null, "addr:city": null, "addr:district": null, "addr:housenumber": null, "addr:postcode": null, "addr:street": null, "name:en": null, "surface": null, "addr:housename": null, "internet_access": null, "name:ja": null, "name:zh": null, "phone": null, "name:ko-Latn": null, "lit": null, "alt_name": null, "tourism": null, "parking": null, "landuse": null, "natural": null, "fixme": null, "area": null, "hoops": null, "leaf_cycle": null, "leaf_type": null, "addr:subdistrict": null, "covered": null, "education": null, "type": null }, "geometry": { "type": "Polygon", "coordinates": [ [ [ 126.8858313, 35.1685935 ], [ 126.8858265, 35.1687064 ], [ 126.8860511, 35.1689059 ], [ 126.8871978, 35.1699247 ], [ 126.8877407, 35.169769 ], [ 126.8890564, 35.1694435 ], [ 126.8898127, 35.1692104 ], [ 126.8896046, 35.1689156 ], [ 126.8893402, 35.1690094 ], [ 126.8888789, 35.1689935 ], [ 126.8883823, 35.1689078 ], [ 126.8881984, 35.1687774 ], [ 126.8879657, 35.1685054 ], [ 126.8878257, 35.1682739 ], [ 126.8876553, 35.1681433 ], [ 126.887555, 35.168107 ], [ 126.8871836, 35.1677411 ], [ 126.886936, 35.1678073 ], [ 126.8858313, 35.1685935 ] ] ] } },
{ "type": "Feature", "properties": { "element": "way", "id": 1286149106, "amenity": null, "name": "각화체육공원", "name:ko": null, "operator": null, "operator:type": null, "start_date": null, "website": null, "wikidata": null, "wikipedia": null, "leisure": "park", "sport": null, "indoor": null, "access": null, "addr:city": null, "addr:district": null, "addr:housenumber": null, "addr:postcode": null, "addr:street": null, "name:en": null, "surface": null, "addr:housename": null, "internet_access": null, "name:ja": null, "name:zh": null, "phone": null, "name:ko-Latn": null, "lit": null, "alt_name": null, "tourism": null, "parking": null, "landuse": null, "natural": null, "fixme": null, "area": null, "hoops": null, "leaf_cycle": null, "leaf_type": null, "addr:subdistrict": null, "covered": null, "education": null, "type": null }, "geometry": { "type": "Polygon", "coordinates": [ [ [ 126.94032, 35.1781898 ], [ 126.9404608, 35.1778358 ], [ 126.9405895, 35.1774269 ], [ 126.9405989, 35.1769807 ], [ 126.9404903, 35.176243 ], [ 126.9403321, 35.1758155 ], [ 126.93997, 35.1760073 ], [ 126.939396, 35.176288 ], [ 126.939624, 35.1764633 ], [ 126.9394818, 35.1766344 ], [ 126.939742, 35.1768097 ], [ 126.9397259, 35.176904 ], [ 126.9394912, 35.1773359 ], [ 126.9393209, 35.177656 ], [ 126.9394241, 35.1777404 ], [ 126.9396695, 35.177781 ], [ 126.9398707, 35.1778939 ], [ 126.9400692, 35.1780123 ], [ 126.94032, 35.1781898 ] ] ] } },
{ "type": "Feature", "properties": { "element": "way", "id": 1318040109, "amenity": null, "name": "각화금호 중앙공원", "name:ko": null, "operator": null, "operator:type": null, "start_date": null, "website": null, "wikidata": null, "wikipedia": null, "leisure": "park", "sport": null, "indoor": null, "access": null, "addr:city": null, "addr:district": null, "addr:housenumber": null, "addr:postcode": null, "addr:street": null, "name:en": null, "surface": null, "addr:housename": null, "internet_access": null, "name:ja": null, "name:zh": null, "phone": null, "name:ko-Latn": null, "lit": null, "alt_name": null, "tourism": null, "parking": null, "landuse": null, "natural": null, "fixme": null, "area": null, "hoops": null, "leaf_cycle": null, "leaf_type": null, "addr:subdistrict": null, "covered": null, "education": null, "type": null }, "geometry": { "type": "Polygon", "coordinates": [ [ [ 126.9338226, 35.18213 ], [ 126.9342432, 35.1820286 ], [ 126.9341086, 35.1817124 ], [ 126.9339635, 35.1816488 ], [ 126.9338416, 35.1816694 ], [ 126.9337469, 35.1817261 ], [ 126.9336943, 35.1818327 ], [ 126.9338226, 35.18213 ] ] ] } },
{ "type": "Feature", "properties": { "element": "way", "id": 1343472596, "amenity": null, "name": "말바우어린이공원", "name:ko": null, "operator": null, "operator:type": null, "start_date": null, "website": null, "wikidata": null, "wikipedia": null, "leisure": "park", "sport": null, "indoor": null, "access": null, "addr:city": null, "addr:district": null, "addr:housenumber": null, "addr:postcode": null, "addr:street": null, "name:en": null, "surface": null, "addr:housename": null, "internet_access": null, "name:ja": null, "name:zh": null, "phone": null, "name:ko-Latn": null, "lit": null, "alt_name": null, "tourism": null, "parking": null, "landuse": null, "natural": null, "fixme": null, "area": null, "hoops": null, "leaf_cycle": null, "leaf_type": null, "addr:subdistrict": null, "covered": null, "education": null, "type": null }, "geometry": { "type": "Polygon", "coordinates": [ [ [ 126.9204759, 35.1716293 ], [ 126.9200954, 35.1717885 ], [ 126.9200899, 35.1717795 ], [ 126.9200584, 35.1717223 ], [ 126.9200551, 35.1717162 ], [ 126.9198666, 35.1713722 ], [ 126.9198229, 35.1712846 ], [ 126.9197869, 35.171215 ], [ 126.9201631, 35.1710821 ], [ 126.92041, 35.1715149 ], [ 126.9204759, 35.1716293 ] ] ] } },
{ "type": "Feature", "properties": { "element": "way", "id": 1343472605, "amenity": null, "name": null, "name:ko": null, "operator": null, "operator:type": null, "start_date": null, "website": null, "wikidata": null, "wikipedia": null, "leisure": "park", "sport": null, "indoor": null, "access": null, "addr:city": null, "addr:district": null, "addr:housenumber": null, "addr:postcode": null, "addr:street": null, "name:en": null, "surface": null, "addr:housename": null, "internet_access": null, "name:ja": null, "name:zh": null, "phone": null, "name:ko-Latn": null, "lit": null, "alt_name": null, "tourism": null, "parking": null, "landuse": null, "natural": null, "fixme": null, "area": null, "hoops": null, "leaf_cycle": null, "leaf_type": null, "addr:subdistrict": null, "covered": null, "education": null, "type": null }, "geometry": { "type": "Polygon", "coordinates": [ [ [ 126.9144251, 35.1729965 ], [ 126.9144216, 35.1727897 ], [ 126.9143207, 35.1727853 ], [ 126.9138889, 35.1727665 ], [ 126.9138703, 35.1728074 ], [ 126.9137367, 35.1731007 ], [ 126.9140108, 35.173182 ], [ 126.9141207, 35.1729054 ], [ 126.9142972, 35.1729582 ], [ 126.9144251, 35.1729965 ] ] ] } },
{ "type": "Feature", "properties": { "element": "way", "id": 1343472606, "amenity": null, "name": null, "name:ko": null, "operator": null, "operator:type": null, "start_date": null, "website": null, "wikidata": null, "wikipedia": null, "leisure": "park", "sport": null, "indoor": null, "access": null, "addr:city": null, "addr:district": null, "addr:housenumber": null, "addr:postcode": null, "addr:street": null, "name:en": null, "surface": null, "addr:housename": null, "internet_access": null, "name:ja": null, "name:zh": null, "phone": null, "name:ko-Latn": null, "lit": null, "alt_name": null, "tourism": null, "parking": null, "landuse": null, "natural": null, "fixme": null, "area": null, "hoops": null, "leaf_cycle": null, "leaf_type": null, "addr:subdistrict": null, "covered": null, "education": null, "type": null }, "geometry": { "type": "Polygon", "coordinates": [ [ [ 126.913604, 35.1731976 ], [ 126.9133655, 35.1731241 ], [ 126.9133456, 35.173118 ], [ 126.9133064, 35.173181 ], [ 126.9131032, 35.1732106 ], [ 126.913089, 35.1731224 ], [ 126.913043, 35.1731354 ], [ 126.9129298, 35.1729199 ], [ 126.9131364, 35.1728446 ], [ 126.9131563, 35.1728374 ], [ 126.9133067, 35.1728013 ], [ 126.9136146, 35.1727448 ], [ 126.9136058, 35.1727955 ], [ 126.9135403, 35.1728562 ], [ 126.9134978, 35.1729416 ], [ 126.913581, 35.1729763 ], [ 126.9135368, 35.1730689 ], [ 126.91365, 35.1731079 ], [ 126.913604, 35.1731976 ] ] ] } },
{ "type": "Feature", "properties": { "element": "way", "id": 1351728121, "amenity": null, "name": null, "name:ko": null, "operator": null, "operator:type": null, "start_date": null, "website": null, "wikidata": null, "wikipedia": null, "leisure": "pitch", "sport": "baseball", "indoor": null, "access": null, "addr:city": null, "addr:district": null, "addr:housenumber": null, "addr:postcode": null, "addr:street": null, "name:en": null, "surface": null, "addr:housename": null, "internet_access": null, "name:ja": null, "name:zh": null, "phone": null, "name:ko-Latn": null, "lit": null, "alt_name": null, "tourism": null, "parking": null, "landuse": null, "natural": null, "fixme": null, "area": null, "hoops": null, "leaf_cycle": null, "leaf_type": null, "addr:subdistrict": null, "covered": null, "education": null, "type": null }, "geometry": { "type": "Polygon", "coordinates": [ [ [ 126.8887198, 35.1680644 ], [ 126.888683, 35.1679037 ], [ 126.8886956, 35.1678971 ], [ 126.888705, 35.1678875 ], [ 126.8887102, 35.167876 ], [ 126.8887107, 35.1678638 ], [ 126.8889154, 35.167839 ], [ 126.8889168, 35.1678464 ], [ 126.8889242, 35.1678577 ], [ 126.8889358, 35.1678663 ], [ 126.8889496, 35.1678712 ], [ 126.8889645, 35.1678722 ], [ 126.8890026, 35.1680248 ], [ 126.8889875, 35.1680281 ], [ 126.8889745, 35.1680353 ], [ 126.8889653, 35.1680456 ], [ 126.8889614, 35.1680706 ], [ 126.8887736, 35.1680961 ], [ 126.888769, 35.1680844 ], [ 126.8887602, 35.1680745 ], [ 126.8887479, 35.1680674 ], [ 126.8887329, 35.1680638 ], [ 126.8887198, 35.1680644 ] ] ] } },
{ "type": "Feature", "properties": { "element": "way", "id": 1351728122, "amenity": null, "name": null, "name:ko": null, "operator": null, "operator:type": null, "start_date": null, "website": null, "wikidata": null, "wikipedia": null, "leisure": "pitch", "sport": "baseball", "indoor": null, "access": null, "addr:city": null, "addr:district": null, "addr:housenumber": null, "addr:postcode": null, "addr:street": null, "name:en": null, "surface": null, "addr:housename": null, "internet_access": null, "name:ja": null, "name:zh": null, "phone": null, "name:ko-Latn": null, "lit": null, "alt_name": null, "tourism": null, "parking": null, "landuse": null, "natural": null, "fixme": null, "area": null, "hoops": null, "leaf_cycle": null, "leaf_type": null, "addr:subdistrict": null, "covered": null, "education": null, "type": null }, "geometry": { "type": "Polygon", "coordinates": [ [ [ 126.8890915, 35.1677993 ], [ 126.888988, 35.1677101 ], [ 126.8886571, 35.1677634 ], [ 126.8886705, 35.1678311 ], [ 126.8886855, 35.1678348 ], [ 126.8886976, 35.167842 ], [ 126.8889905, 35.1678018 ], [ 126.8889931, 35.1678133 ], [ 126.8890915, 35.1677993 ] ] ] } },
{ "type": "Feature", "properties": { "element": "way", "id": 1351728123, "amenity": null, "name": null, "name:ko": null, "operator": null, "operator:type": null, "start_date": null, "website": null, "wikidata": null, "wikipedia": null, "leisure": "pitch", "sport": "baseball", "indoor": null, "access": null, "addr:city": null, "addr:district": null, "addr:housenumber": null, "addr:postcode": null, "addr:street": null, "name:en": null, "surface": null, "addr:housename": null, "internet_access": null, "name:ja": null, "name:zh": null, "phone": null, "name:ko-Latn": null, "lit": null, "alt_name": null, "tourism": null, "parking": null, "landuse": null, "natural": null, "fixme": null, "area": null, "hoops": null, "leaf_cycle": null, "leaf_type": null, "addr:subdistrict": null, "covered": null, "education": null, "type": null }, "geometry": { "type": "Polygon", "coordinates": [ [ [ 126.8885303, 35.1678761 ], [ 126.8885332, 35.1678587 ], [ 126.8885386, 35.1678438 ], [ 126.8885458, 35.1678285 ], [ 126.8885567, 35.1678126 ], [ 126.8885696, 35.167799 ], [ 126.8885868, 35.1677864 ], [ 126.8886044, 35.1677753 ], [ 126.888625, 35.1677662 ], [ 126.8886404, 35.1678363 ], [ 126.8886286, 35.1678447 ], [ 126.8886208, 35.1678559 ], [ 126.8886189, 35.1678646 ], [ 126.8885303, 35.1678761 ] ] ] } },
{ "type": "Feature", "properties": { "element": "way", "id": 1351728125, "amenity": null, "name": null, "name:ko": null, "operator": null, "operator:type": null, "start_date": null, "website": null, "wikidata": null, "wikipedia": null, "leisure": "pitch", "sport": "baseball", "indoor": null, "access": null, "addr:city": null, "addr:district": null, "addr:housenumber": null, "addr:postcode": null, "addr:street": null, "name:en": null, "surface": null, "addr:housename": null, "internet_access": null, "name:ja": null, "name:zh": null, "phone": null, "name:ko-Latn": null, "lit": null, "alt_name": null, "tourism": null, "parking": null, "landuse": null, "natural": null, "fixme": null, "area": null, "hoops": null, "leaf_cycle": null, "leaf_type": null, "addr:subdistrict": null, "covered": null, "education": null, "type": null }, "geometry": { "type": "Polygon", "coordinates": [ [ [ 126.8887391, 35.1682144 ], [ 126.8886034, 35.1681817 ], [ 126.8885311, 35.1679032 ], [ 126.8886264, 35.1678898 ], [ 126.888628, 35.1678923 ], [ 126.8886396, 35.1679009 ], [ 126.8886534, 35.1679057 ], [ 126.8887038, 35.1681341 ], [ 126.8887222, 35.1681326 ], [ 126.8887391, 35.1682144 ] ] ] } },
{ "type": "Feature", "properties": { "element": "way", "id": 1373281863, "amenity": null, "name": null, "name:ko": null, "operator": null, "operator:type": null, "start_date": null, "website": null, "wikidata": null, "wikipedia": null, "leisure": "park", "sport": null, "indoor": null, "access": null, "addr:city": null, "addr:district": null, "addr:housenumber": null, "addr:postcode": null, "addr:street": null, "name:en": null, "surface": null, "addr:housename": null, "internet_access": null, "name:ja": null, "name:zh": null, "phone": null, "name:ko-Latn": null, "lit": null, "alt_name": null, "tourism": null, "parking": null, "landuse": null, "natural": null, "fixme": null, "area": null, "hoops": null, "leaf_cycle": null, "leaf_type": null, "addr:subdistrict": null, "covered": null, "education": null, "type": null }, "geometry": { "type": "Polygon", "coordinates": [ [ [ 126.9215552, 35.1709679 ], [ 126.9213092, 35.1708258 ], [ 126.9210626, 35.1709275 ], [ 126.9206019, 35.171126 ], [ 126.9205644, 35.1712254 ], [ 126.9205769, 35.1713284 ], [ 126.9206666, 35.1714203 ], [ 126.92041, 35.1715149 ], [ 126.9205027, 35.1716899 ], [ 126.9207211, 35.1716154 ], [ 126.9207829, 35.1715621 ], [ 126.9214686, 35.1711592 ], [ 126.921528, 35.1711011 ], [ 126.9215887, 35.1710254 ], [ 126.9215552, 35.1709679 ] ] ] } },
{ "type": "Feature", "properties": { "element": "way", "id": 1373281864, "amenity": null, "name": null, "name:ko": null, "operator": null, "operator:type": null, "start_date": null, "website": null, "wikidata": null, "wikipedia": null, "leisure": "park", "sport": null, "indoor": null, "access": null, "addr:city": null, "addr:district": null, "addr:housenumber": null, "addr:postcode": null, "addr:street": null, "name:en": null, "surface": null, "addr:housename": null, "internet_access": null, "name:ja": null, "name:zh": null, "phone": null, "name:ko-Latn": null, "lit": null, "alt_name": null, "tourism": null, "parking": null, "landuse": null, "natural": null, "fixme": null, "area": null, "hoops": null, "leaf_cycle": null, "leaf_type": null, "addr:subdistrict": null, "covered": null, "education": null, "type": null }, "geometry": { "type": "Polygon", "coordinates": [ [ [ 126.9207987, 35.1708322 ], [ 126.9207745, 35.1707949 ], [ 126.9206758, 35.1706431 ], [ 126.9213688, 35.1703542 ], [ 126.9214413, 35.1703953 ], [ 126.9213834, 35.1704064 ], [ 126.921304, 35.1704207 ], [ 126.921264, 35.1706522 ], [ 126.9207987, 35.1708322 ] ] ] } },
{ "type": "Feature", "properties": { "element": "way", "id": 1373552455, "amenity": null, "name": null, "name:ko": null, "operator": null, "operator:type": null, "start_date": null, "website": null, "wikidata": null, "wikipedia": null, "leisure": "pitch", "sport": "soccer", "indoor": null, "access": null, "addr:city": null, "addr:district": null, "addr:housenumber": null, "addr:postcode": null, "addr:street": null, "name:en": null, "surface": null, "addr:housename": null, "internet_access": null, "name:ja": null, "name:zh": null, "phone": null, "name:ko-Latn": null, "lit": null, "alt_name": null, "tourism": null, "parking": null, "landuse": null, "natural": null, "fixme": null, "area": null, "hoops": null, "leaf_cycle": null, "leaf_type": null, "addr:subdistrict": null, "covered": null, "education": null, "type": null }, "geometry": { "type": "Polygon", "coordinates": [ [ [ 126.914407, 35.1722646 ], [ 126.914291, 35.1721422 ], [ 126.9142215, 35.172069 ], [ 126.914557, 35.1717888 ], [ 126.9147483, 35.1719419 ], [ 126.914407, 35.1722646 ] ] ] } },
{ "type": "Feature", "properties": { "element": "way", "id": 1373552456, "amenity": null, "name": null, "name:ko": null, "operator": null, "operator:type": null, "start_date": null, "website": null, "wikidata": null, "wikipedia": null, "leisure": "pitch", "sport": "badminton", "indoor": null, "access": null, "addr:city": null, "addr:district": null, "addr:housenumber": null, "addr:postcode": null, "addr:street": null, "name:en": null, "surface": null, "addr:housename": null, "internet_access": null, "name:ja": null, "name:zh": null, "phone": null, "name:ko-Latn": null, "lit": null, "alt_name": null, "tourism": null, "parking": null, "landuse": null, "natural": null, "fixme": null, "area": null, "hoops": null, "leaf_cycle": null, "leaf_type": null, "addr:subdistrict": null, "covered": null, "education": null, "type": null }, "geometry": { "type": "Polygon", "coordinates": [ [ [ 126.9138983, 35.1711042 ], [ 126.9137161, 35.1709784 ], [ 126.9138479, 35.1708508 ], [ 126.9140301, 35.1709766 ], [ 126.9138983, 35.1711042 ] ] ] } },
{ "type": "Feature", "properties": { "element": "way", "id": 1373552483, "amenity": null, "name": null, "name:ko": null, "operator": null, "operator:type": null, "start_date": null, "website": null, "wikidata": null, "wikipedia": null, "leisure": "park", "sport": null, "indoor": null, "access": null, "addr:city": null, "addr:district": null, "addr:housenumber": null, "addr:postcode": null, "addr:street": null, "name:en": null, "surface": null, "addr:housename": null, "internet_access": null, "name:ja": null, "name:zh": null, "phone": null, "name:ko-Latn": null, "lit": null, "alt_name": null, "tourism": null, "parking": null, "landuse": null, "natural": null, "fixme": null, "area": null, "hoops": null, "leaf_cycle": null, "leaf_type": null, "addr:subdistrict": null, "covered": null, "education": null, "type": null }, "geometry": { "type": "Polygon", "coordinates": [ [ [ 126.9173157, 35.1720607 ], [ 126.9178936, 35.171852 ], [ 126.9179223, 35.1718418 ], [ 126.9180298, 35.1718037 ], [ 126.9195222, 35.1712743 ], [ 126.9195055, 35.1712415 ], [ 126.9194929, 35.1712167 ], [ 126.9194618, 35.1711555 ], [ 126.9179069, 35.1717329 ], [ 126.917268, 35.17197 ], [ 126.9173157, 35.1720607 ] ] ] } },
{ "type": "Feature", "properties": { "element": "way", "id": 1373557492, "amenity": null, "name": null, "name:ko": null, "operator": null, "operator:type": null, "start_date": null, "website": null, "wikidata": null, "wikipedia": null, "leisure": "park", "sport": null, "indoor": null, "access": null, "addr:city": null, "addr:district": null, "addr:housenumber": null, "addr:postcode": null, "addr:street": null, "name:en": null, "surface": null, "addr:housename": null, "internet_access": null, "name:ja": null, "name:zh": null, "phone": null, "name:ko-Latn": null, "lit": null, "alt_name": null, "tourism": null, "parking": null, "landuse": null, "natural": null, "fixme": null, "area": null, "hoops": null, "leaf_cycle": null, "leaf_type": null, "addr:subdistrict": null, "covered": null, "education": null, "type": null }, "geometry": { "type": "Polygon", "coordinates": [ [ [ 126.9147253, 35.1698207 ], [ 126.9146493, 35.1696396 ], [ 126.9145344, 35.1693034 ], [ 126.9145869, 35.1692882 ], [ 126.9146398, 35.1693159 ], [ 126.9146676, 35.1693345 ], [ 126.9146982, 35.169355 ], [ 126.91481, 35.1692433 ], [ 126.9149299, 35.1691418 ], [ 126.9150418, 35.1692105 ], [ 126.9150644, 35.1692244 ], [ 126.9152131, 35.1690339 ], [ 126.9149966, 35.1688838 ], [ 126.9148387, 35.1690163 ], [ 126.9147634, 35.1689704 ], [ 126.9148984, 35.1688349 ], [ 126.9148634, 35.1688114 ], [ 126.9149602, 35.1687286 ], [ 126.9151429, 35.1688408 ], [ 126.9153225, 35.1686712 ], [ 126.9155241, 35.168482 ], [ 126.9155406, 35.1684665 ], [ 126.9157195, 35.168559 ], [ 126.9147253, 35.1698207 ] ] ] } },
{ "type": "Feature", "properties": { "element": "way", "id": 1373590495, "amenity": null, "name": null, "name:ko": null, "operator": null, "operator:type": null, "start_date": null, "website": null, "wikidata": null, "wikipedia": null, "leisure": "pitch", "sport": "baseball", "indoor": null, "access": null, "addr:city": null, "addr:district": null, "addr:housenumber": null, "addr:postcode": null, "addr:street": null, "name:en": null, "surface": null, "addr:housename": null, "internet_access": null, "name:ja": null, "name:zh": null, "phone": null, "name:ko-Latn": null, "lit": null, "alt_name": null, "tourism": null, "parking": null, "landuse": null, "natural": null, "fixme": null, "area": null, "hoops": null, "leaf_cycle": null, "leaf_type": null, "addr:subdistrict": null, "covered": null, "education": null, "type": null }, "geometry": { "type": "Polygon", "coordinates": [ [ [ 126.9071342, 35.1730054 ], [ 126.9071461, 35.173034 ], [ 126.9071688, 35.1730578 ], [ 126.9071997, 35.1730743 ], [ 126.9072355, 35.1730816 ], [ 126.9072723, 35.173079 ], [ 126.907306, 35.1730667 ], [ 126.907333, 35.1730461 ], [ 126.9073503, 35.1730194 ], [ 126.9073559, 35.1729899 ], [ 126.9073497, 35.1729605 ], [ 126.9073321, 35.1729343 ], [ 126.9073051, 35.1729142 ], [ 126.9072716, 35.1729022 ], [ 126.9072352, 35.1728997 ], [ 126.9071998, 35.172907 ], [ 126.9071691, 35.1729233 ], [ 126.9071465, 35.1729467 ], [ 126.9071343, 35.1729752 ], [ 126.9071342, 35.1730054 ] ] ] } },
{ "type": "Feature", "properties": { "element": "way", "id": 1373590507, "amenity": null, "name": null, "name:ko": null, "operator": null, "operator:type": null, "start_date": null, "website": null, "wikidata": null, "wikipedia": null, "leisure": "park", "sport": null, "indoor": null, "access": null, "addr:city": null, "addr:district": null, "addr:housenumber": null, "addr:postcode": null, "addr:street": null, "name:en": null, "surface": null, "addr:housename": null, "internet_access": null, "name:ja": null, "name:zh": null, "phone": null, "name:ko-Latn": null, "lit": null, "alt_name": null, "tourism": null, "parking": null, "landuse": null, "natural": null, "fixme": null, "area": null, "hoops": null, "leaf_cycle": null, "leaf_type": null, "addr:subdistrict": null, "covered": null, "education": null, "type": null }, "geometry": { "type": "Polygon", "coordinates": [ [ [ 126.906273, 35.1771456 ], [ 126.9061963, 35.1769622 ], [ 126.9061012, 35.1767331 ], [ 126.9063922, 35.1766409 ], [ 126.9063655, 35.176958 ], [ 126.906273, 35.1771456 ] ] ] } },
{ "type": "Feature", "properties": { "element": "way", "id": 1373607916, "amenity": null, "name": null, "name:ko": null, "operator": null, "operator:type": null, "start_date": null, "website": null, "wikidata": null, "wikipedia": null, "leisure": "pitch", "sport": "badminton", "indoor": null, "access": null, "addr:city": null, "addr:district": null, "addr:housenumber": null, "addr:postcode": null, "addr:street": null, "name:en": null, "surface": "acrylic", "addr:housename": null, "internet_access": null, "name:ja": null, "name:zh": null, "phone": null, "name:ko-Latn": null, "lit": "yes", "alt_name": null, "tourism": null, "parking": null, "landuse": null, "natural": null, "fixme": null, "area": null, "hoops": null, "leaf_cycle": null, "leaf_type": null, "addr:subdistrict": null, "covered": null, "education": null, "type": null }, "geometry": { "type": "Polygon", "coordinates": [ [ [ 126.9183441, 35.1690277 ], [ 126.9182007, 35.1690685 ], [ 126.9182231, 35.1691211 ], [ 126.9183665, 35.1690803 ], [ 126.9183441, 35.1690277 ] ] ] } },
{ "type": "Feature", "properties": { "element": "way", "id": 1373607926, "amenity": null, "name": null, "name:ko": null, "operator": null, "operator:type": null, "start_date": null, "website": null, "wikidata": null, "wikipedia": null, "leisure": "pitch", "sport": "badminton", "indoor": null, "access": null, "addr:city": null, "addr:district": null, "addr:housenumber": null, "addr:postcode": null, "addr:street": null, "name:en": null, "surface": null, "addr:housename": null, "internet_access": null, "name:ja": null, "name:zh": null, "phone": null, "name:ko-Latn": null, "lit": null, "alt_name": null, "tourism": null, "parking": null, "landuse": null, "natural": null, "fixme": null, "area": null, "hoops": null, "leaf_cycle": null, "leaf_type": null, "addr:subdistrict": null, "covered": null, "education": null, "type": null }, "geometry": { "type": "Polygon", "coordinates": [ [ [ 126.917711, 35.1707466 ], [ 126.9178497, 35.1706977 ], [ 126.9178339, 35.1706676 ], [ 126.9177771, 35.1705602 ], [ 126.9176384, 35.1706091 ], [ 126.917711, 35.1707466 ] ] ] } },
{ "type": "Feature", "properties": { "element": "way", "id": 1373610315, "amenity": null, "name": null, "name:ko": null, "operator": null, "operator:type": null, "start_date": null, "website": null, "wikidata": null, "wikipedia": null, "leisure": "pitch", "sport": "badminton", "indoor": null, "access": null, "addr:city": null, "addr:district": null, "addr:housenumber": null, "addr:postcode": null, "addr:street": null, "name:en": null, "surface": null, "addr:housename": null, "internet_access": null, "name:ja": null, "name:zh": null, "phone": null, "name:ko-Latn": null, "lit": null, "alt_name": null, "tourism": null, "parking": null, "landuse": null, "natural": null, "fixme": null, "area": null, "hoops": null, "leaf_cycle": null, "leaf_type": null, "addr:subdistrict": null, "covered": null, "education": null, "type": null }, "geometry": { "type": "Polygon", "coordinates": [ [ [ 126.9166028, 35.1684904 ], [ 126.9165068, 35.1685841 ], [ 126.9165583, 35.1686193 ], [ 126.9166543, 35.1685257 ], [ 126.9166028, 35.1684904 ] ] ] } },
{ "type": "Feature", "properties": { "element": "way", "id": 1373650020, "amenity": null, "name": null, "name:ko": null, "operator": null, "operator:type": null, "start_date": null, "website": null, "wikidata": null, "wikipedia": null, "leisure": "pitch", "sport": "badminton", "indoor": null, "access": null, "addr:city": null, "addr:district": null, "addr:housenumber": null, "addr:postcode": null, "addr:street": null, "name:en": null, "surface": null, "addr:housename": null, "internet_access": null, "name:ja": null, "name:zh": null, "phone": null, "name:ko-Latn": null, "lit": null, "alt_name": null, "tourism": null, "parking": null, "landuse": null, "natural": null, "fixme": null, "area": null, "hoops": null, "leaf_cycle": null, "leaf_type": null, "addr:subdistrict": null, "covered": null, "education": null, "type": null }, "geometry": { "type": "Polygon", "coordinates": [ [ [ 126.9211453, 35.1708041 ], [ 126.9211038, 35.1707427 ], [ 126.9212221, 35.1706893 ], [ 126.9212636, 35.1707507 ], [ 126.9211453, 35.1708041 ] ] ] } },
{ "type": "Feature", "properties": { "element": "way", "id": 1374031494, "amenity": null, "name": "경양역터 공원", "name:ko": null, "operator": null, "operator:type": null, "start_date": null, "website": null, "wikidata": null, "wikipedia": null, "leisure": "park", "sport": null, "indoor": null, "access": null, "addr:city": null, "addr:district": null, "addr:housenumber": null, "addr:postcode": null, "addr:street": null, "name:en": null, "surface": null, "addr:housename": null, "internet_access": null, "name:ja": null, "name:zh": null, "phone": null, "name:ko-Latn": null, "lit": null, "alt_name": null, "tourism": null, "parking": null, "landuse": null, "natural": null, "fixme": null, "area": null, "hoops": null, "leaf_cycle": null, "leaf_type": null, "addr:subdistrict": null, "covered": null, "education": null, "type": null }, "geometry": { "type": "Polygon", "coordinates": [ [ [ 126.9196319, 35.1678863 ], [ 126.9195224, 35.1676663 ], [ 126.9194893, 35.1676759 ], [ 126.91934, 35.1677126 ], [ 126.9192688, 35.1677255 ], [ 126.9193653, 35.167959 ], [ 126.9193832, 35.1679725 ], [ 126.9194116, 35.1679622 ], [ 126.919467, 35.1679446 ], [ 126.9195053, 35.1679336 ], [ 126.9195179, 35.1679249 ], [ 126.9195609, 35.1679104 ], [ 126.9196088, 35.1679 ], [ 126.9196319, 35.1678863 ] ] ] } },
{ "type": "Feature", "properties": { "element": "way", "id": 1374035821, "amenity": null, "name": null, "name:ko": null, "operator": null, "operator:type": null, "start_date": null, "website": null, "wikidata": null, "wikipedia": null, "leisure": "park", "sport": null, "indoor": null, "access": null, "addr:city": null, "addr:district": null, "addr:housenumber": null, "addr:postcode": null, "addr:street": null, "name:en": null, "surface": null, "addr:housename": null, "internet_access": null, "name:ja": null, "name:zh": null, "phone": null, "name:ko-Latn": null, "lit": null, "alt_name": null, "tourism": null, "parking": null, "landuse": null, "natural": null, "fixme": null, "area": null, "hoops": null, "leaf_cycle": null, "leaf_type": null, "addr:subdistrict": null, "covered": null, "education": null, "type": null }, "geometry": { "type": "Polygon", "coordinates": [ [ [ 126.9160614, 35.1718523 ], [ 126.9159911, 35.1716911 ], [ 126.9155899, 35.1718187 ], [ 126.9158118, 35.1719401 ], [ 126.9160614, 35.1718523 ] ] ] } },
{ "type": "Feature", "properties": { "element": "way", "id": 1374100718, "amenity": null, "name": null, "name:ko": null, "operator": null, "operator:type": null, "start_date": null, "website": null, "wikidata": null, "wikipedia": null, "leisure": "park", "sport": null, "indoor": null, "access": null, "addr:city": null, "addr:district": null, "addr:housenumber": null, "addr:postcode": null, "addr:street": null, "name:en": null, "surface": null, "addr:housename": null, "internet_access": null, "name:ja": null, "name:zh": null, "phone": null, "name:ko-Latn": null, "lit": null, "alt_name": null, "tourism": null, "parking": null, "landuse": null, "natural": null, "fixme": null, "area": null, "hoops": null, "leaf_cycle": null, "leaf_type": null, "addr:subdistrict": null, "covered": null, "education": null, "type": null }, "geometry": { "type": "Polygon", "coordinates": [ [ [ 126.9177809, 35.1695863 ], [ 126.9177265, 35.1694824 ], [ 126.9175665, 35.1691856 ], [ 126.9175494, 35.1691451 ], [ 126.917534, 35.1690205 ], [ 126.9176922, 35.168986 ], [ 126.9177586, 35.1689734 ], [ 126.9178142, 35.1689887 ], [ 126.9178897, 35.1690096 ], [ 126.9179461, 35.1688731 ], [ 126.918081, 35.1688152 ], [ 126.9183099, 35.168745 ], [ 126.9184542, 35.1687871 ], [ 126.9185072, 35.1686656 ], [ 126.9186234, 35.1686351 ], [ 126.9186705, 35.1686937 ], [ 126.9188655, 35.1686523 ], [ 126.9188999, 35.168645 ], [ 126.9189633, 35.1686227 ], [ 126.9190369, 35.1686366 ], [ 126.9191375, 35.1686119 ], [ 126.9192666, 35.1689369 ], [ 126.9190886, 35.1689198 ], [ 126.9190583, 35.1689043 ], [ 126.9188554, 35.1689472 ], [ 126.9187369, 35.1691412 ], [ 126.9184079, 35.1690904 ], [ 126.9183272, 35.1691513 ], [ 126.9182998, 35.1691833 ], [ 126.9182317, 35.1692631 ], [ 126.9180574, 35.1693448 ], [ 126.9179364, 35.1693618 ], [ 126.9179009, 35.1694476 ], [ 126.9178585, 35.1695424 ], [ 126.9177809, 35.1695863 ] ] ] } },
{ "type": "Feature", "properties": { "element": "way", "id": 1374100739, "amenity": null, "name": null, "name:ko": null, "operator": null, "operator:type": null, "start_date": null, "website": null, "wikidata": null, "wikipedia": null, "leisure": "park", "sport": null, "indoor": null, "access": null, "addr:city": null, "addr:district": null, "addr:housenumber": null, "addr:postcode": null, "addr:street": null, "name:en": null, "surface": null, "addr:housename": null, "internet_access": null, "name:ja": null, "name:zh": null, "phone": null, "name:ko-Latn": null, "lit": null, "alt_name": null, "tourism": null, "parking": null, "landuse": null, "natural": null, "fixme": null, "area": null, "hoops": null, "leaf_cycle": null, "leaf_type": null, "addr:subdistrict": null, "covered": null, "education": null, "type": null }, "geometry": { "type": "Polygon", "coordinates": [ [ [ 126.92091, 35.1709239 ], [ 126.9213479, 35.1707431 ], [ 126.921225, 35.1706677 ], [ 126.9208407, 35.1708201 ], [ 126.92091, 35.1709239 ] ] ] } },
{ "type": "Feature", "properties": { "element": "way", "id": 1374100741, "amenity": null, "name": null, "name:ko": null, "operator": null, "operator:type": null, "start_date": null, "website": null, "wikidata": null, "wikipedia": null, "leisure": "park", "sport": null, "indoor": null, "access": null, "addr:city": null, "addr:district": null, "addr:housenumber": null, "addr:postcode": null, "addr:street": null, "name:en": null, "surface": null, "addr:housename": null, "internet_access": null, "name:ja": null, "name:zh": null, "phone": null, "name:ko-Latn": null, "lit": null, "alt_name": null, "tourism": null, "parking": null, "landuse": null, "natural": null, "fixme": null, "area": null, "hoops": null, "leaf_cycle": null, "leaf_type": null, "addr:subdistrict": null, "covered": null, "education": null, "type": null }, "geometry": { "type": "Polygon", "coordinates": [ [ [ 126.9179901, 35.169931 ], [ 126.9178517, 35.1696607 ], [ 126.9179025, 35.169651 ], [ 126.9180057, 35.1696346 ], [ 126.9181005, 35.1696349 ], [ 126.9181938, 35.1695971 ], [ 126.9182965, 35.1696278 ], [ 126.9183506, 35.1695069 ], [ 126.91846, 35.1694638 ], [ 126.9185367, 35.1694269 ], [ 126.9186416, 35.1694123 ], [ 126.9187829, 35.1694546 ], [ 126.918837, 35.1693336 ], [ 126.9187354, 35.1693032 ], [ 126.918778, 35.1692422 ], [ 126.9187885, 35.1692271 ], [ 126.9188845, 35.169193 ], [ 126.9189815, 35.169222 ], [ 126.9190175, 35.1691415 ], [ 126.9192152, 35.1691867 ], [ 126.9192948, 35.1692105 ], [ 126.9193457, 35.1692228 ], [ 126.9194002, 35.1691049 ], [ 126.9195227, 35.1691096 ], [ 126.9196255, 35.1692972 ], [ 126.9189174, 35.1697123 ], [ 126.9187709, 35.1697655 ], [ 126.9185924, 35.1698335 ], [ 126.9183436, 35.1698836 ], [ 126.9182755, 35.1698973 ], [ 126.9181618, 35.1699197 ], [ 126.9180782, 35.1699262 ], [ 126.9179901, 35.169931 ] ] ] } },
{ "type": "Feature", "properties": { "element": "way", "id": 1374100744, "amenity": null, "name": null, "name:ko": null, "operator": null, "operator:type": null, "start_date": null, "website": null, "wikidata": null, "wikipedia": null, "leisure": "park", "sport": null, "indoor": null, "access": null, "addr:city": null, "addr:district": null, "addr:housenumber": null, "addr:postcode": null, "addr:street": null, "name:en": null, "surface": null, "addr:housename": null, "internet_access": null, "name:ja": null, "name:zh": null, "phone": null, "name:ko-Latn": null, "lit": null, "alt_name": null, "tourism": null, "parking": null, "landuse": null, "natural": null, "fixme": null, "area": null, "hoops": null, "leaf_cycle": null, "leaf_type": null, "addr:subdistrict": null, "covered": null, "education": null, "type": null }, "geometry": { "type": "Polygon", "coordinates": [ [ [ 126.9192721, 35.1699277 ], [ 126.9193346, 35.1697892 ], [ 126.9195777, 35.1698369 ], [ 126.9196961, 35.1698731 ], [ 126.9197768, 35.1698794 ], [ 126.9197839, 35.1699276 ], [ 126.9197658, 35.1700074 ], [ 126.9196902, 35.1700376 ], [ 126.9192467, 35.1701959 ], [ 126.9191866, 35.1701296 ], [ 126.9191796, 35.1700293 ], [ 126.9192768, 35.1700604 ], [ 126.9193057, 35.17 ], [ 126.9193313, 35.1699467 ], [ 126.9192721, 35.1699277 ] ] ] } },
{ "type": "Feature", "properties": { "element": "way", "id": 1374100745, "amenity": null, "name": null, "name:ko": null, "operator": null, "operator:type": null, "start_date": null, "website": null, "wikidata": null, "wikipedia": null, "leisure": "park", "sport": null, "indoor": null, "access": null, "addr:city": null, "addr:district": null, "addr:housenumber": null, "addr:postcode": null, "addr:street": null, "name:en": null, "surface": null, "addr:housename": null, "internet_access": null, "name:ja": null, "name:zh": null, "phone": null, "name:ko-Latn": null, "lit": null, "alt_name": null, "tourism": null, "parking": null, "landuse": null, "natural": null, "fixme": null, "area": null, "hoops": null, "leaf_cycle": null, "leaf_type": null, "addr:subdistrict": null, "covered": null, "education": null, "type": null }, "geometry": { "type": "Polygon", "coordinates": [ [ [ 126.9189134, 35.1700722 ], [ 126.9189526, 35.1700759 ], [ 126.9190024, 35.1701034 ], [ 126.9191796, 35.1700293 ], [ 126.9191866, 35.1701296 ], [ 126.9190886, 35.170165 ], [ 126.9190961, 35.1702727 ], [ 126.9183754, 35.1705257 ], [ 126.918176, 35.1705876 ], [ 126.9181555, 35.1705125 ], [ 126.9181424, 35.1704642 ], [ 126.9180668, 35.1702417 ], [ 126.918119, 35.1700891 ], [ 126.9181864, 35.1700122 ], [ 126.9182546, 35.1700162 ], [ 126.9182101, 35.1701154 ], [ 126.9181592, 35.170229 ], [ 126.9182555, 35.1702578 ], [ 126.9183203, 35.1702403 ], [ 126.9184792, 35.1702198 ], [ 126.9185724, 35.1702476 ], [ 126.9186262, 35.1701275 ], [ 126.9186619, 35.1701079 ], [ 126.9186991, 35.1701036 ], [ 126.9187286, 35.1700984 ], [ 126.9188028, 35.170055 ], [ 126.918848, 35.170062 ], [ 126.9189134, 35.1700722 ] ] ] } },
{ "type": "Feature", "properties": { "element": "way", "id": 1374100747, "amenity": null, "name": null, "name:ko": null, "operator": null, "operator:type": null, "start_date": null, "website": null, "wikidata": null, "wikipedia": null, "leisure": "park", "sport": null, "indoor": null, "access": null, "addr:city": null, "addr:district": null, "addr:housenumber": null, "addr:postcode": null, "addr:street": null, "name:en": null, "surface": null, "addr:housename": null, "internet_access": null, "name:ja": null, "name:zh": null, "phone": null, "name:ko-Latn": null, "lit": null, "alt_name": null, "tourism": null, "parking": null, "landuse": null, "natural": null, "fixme": null, "area": null, "hoops": null, "leaf_cycle": null, "leaf_type": null, "addr:subdistrict": null, "covered": null, "education": null, "type": null }, "geometry": { "type": "Polygon", "coordinates": [ [ [ 126.917553, 35.1705575 ], [ 126.9176679, 35.1707853 ], [ 126.9180401, 35.1706831 ], [ 126.9180749, 35.1706597 ], [ 126.9181074, 35.1706271 ], [ 126.918176, 35.1705876 ], [ 126.9181555, 35.1705125 ], [ 126.9181424, 35.1704642 ], [ 126.9179943, 35.1704043 ], [ 126.9179678, 35.1704617 ], [ 126.9178787, 35.1704341 ], [ 126.9177435, 35.1704794 ], [ 126.917553, 35.1705575 ] ] ] } },
{ "type": "Feature", "properties": { "element": "way", "id": 1374127101, "amenity": null, "name": null, "name:ko": null, "operator": null, "operator:type": null, "start_date": null, "website": null, "wikidata": null, "wikipedia": null, "leisure": "park", "sport": null, "indoor": null, "access": null, "addr:city": null, "addr:district": null, "addr:housenumber": null, "addr:postcode": null, "addr:street": null, "name:en": null, "surface": null, "addr:housename": null, "internet_access": null, "name:ja": null, "name:zh": null, "phone": null, "name:ko-Latn": null, "lit": null, "alt_name": null, "tourism": null, "parking": null, "landuse": null, "natural": null, "fixme": null, "area": null, "hoops": null, "leaf_cycle": null, "leaf_type": null, "addr:subdistrict": null, "covered": null, "education": null, "type": null }, "geometry": { "type": "Polygon", "coordinates": [ [ [ 126.9196642, 35.1705269 ], [ 126.9197007, 35.1704453 ], [ 126.9198292, 35.1704816 ], [ 126.9198962, 35.1704912 ], [ 126.9199617, 35.1705108 ], [ 126.9200287, 35.1705308 ], [ 126.9199955, 35.1705734 ], [ 126.91995, 35.1706232 ], [ 126.9195854, 35.1707342 ], [ 126.9194659, 35.1704759 ], [ 126.9195314, 35.1703038 ], [ 126.9196081, 35.1702451 ], [ 126.9196904, 35.1701904 ], [ 126.9203568, 35.1699699 ], [ 126.9203751, 35.1700177 ], [ 126.9203178, 35.1700333 ], [ 126.9202642, 35.1700484 ], [ 126.9202344, 35.1700559 ], [ 126.9202218, 35.1700784 ], [ 126.9201238, 35.1703016 ], [ 126.9202287, 35.1703368 ], [ 126.9202849, 35.1702529 ], [ 126.9205038, 35.1703065 ], [ 126.9201761, 35.170417 ], [ 126.9199684, 35.17035 ], [ 126.9197736, 35.1703013 ], [ 126.9196717, 35.1702677 ], [ 126.9196301, 35.1703571 ], [ 126.9195671, 35.1704979 ], [ 126.9196642, 35.1705269 ] ] ] } },
{ "type": "Feature", "properties": { "element": "way", "id": 1374308205, "amenity": null, "name": null, "name:ko": null, "operator": null, "operator:type": null, "start_date": null, "website": null, "wikidata": null, "wikipedia": null, "leisure": "park", "sport": null, "indoor": null, "access": null, "addr:city": null, "addr:district": null, "addr:housenumber": null, "addr:postcode": null, "addr:street": null, "name:en": null, "surface": null, "addr:housename": null, "internet_access": null, "name:ja": null, "name:zh": null, "phone": null, "name:ko-Latn": null, "lit": null, "alt_name": null, "tourism": null, "parking": null, "landuse": null, "natural": null, "fixme": null, "area": null, "hoops": null, "leaf_cycle": null, "leaf_type": null, "addr:subdistrict": null, "covered": null, "education": null, "type": null }, "geometry": { "type": "Polygon", "coordinates": [ [ [ 126.9055781, 35.1810779 ], [ 126.9056334, 35.1808918 ], [ 126.9061875, 35.1810018 ], [ 126.9061322, 35.1811879 ], [ 126.9055781, 35.1810779 ] ] ] } },
{ "type": "Feature", "properties": { "element": "way", "id": 1374308206, "amenity": null, "name": null, "name:ko": null, "operator": null, "operator:type": null, "start_date": null, "website": null, "wikidata": null, "wikipedia": null, "leisure": "park", "sport": null, "indoor": null, "access": null, "addr:city": null, "addr:district": null, "addr:housenumber": null, "addr:postcode": null, "addr:street": null, "name:en": null, "surface": null, "addr:housename": null, "internet_access": null, "name:ja": null, "name:zh": null, "phone": null, "name:ko-Latn": null, "lit": null, "alt_name": null, "tourism": null, "parking": null, "landuse": null, "natural": null, "fixme": null, "area": null, "hoops": null, "leaf_cycle": null, "leaf_type": null, "addr:subdistrict": null, "covered": null, "education": null, "type": null }, "geometry": { "type": "Polygon", "coordinates": [ [ [ 126.9047265, 35.1809246 ], [ 126.9048021, 35.1806833 ], [ 126.9052741, 35.180782 ], [ 126.9052172, 35.180964 ], [ 126.9051347, 35.18101 ], [ 126.9047265, 35.1809246 ] ] ] } },
{ "type": "Feature", "properties": { "element": "way", "id": 1374308210, "amenity": null, "name": null, "name:ko": null, "operator": null, "operator:type": null, "start_date": null, "website": null, "wikidata": null, "wikipedia": null, "leisure": "park", "sport": null, "indoor": null, "access": null, "addr:city": null, "addr:district": null, "addr:housenumber": null, "addr:postcode": null, "addr:street": null, "name:en": null, "surface": null, "addr:housename": null, "internet_access": null, "name:ja": null, "name:zh": null, "phone": null, "name:ko-Latn": null, "lit": null, "alt_name": null, "tourism": null, "parking": null, "landuse": null, "natural": null, "fixme": null, "area": null, "hoops": null, "leaf_cycle": null, "leaf_type": null, "addr:subdistrict": null, "covered": null, "education": null, "type": null }, "geometry": { "type": "Polygon", "coordinates": [ [ [ 126.9056976, 35.1788817 ], [ 126.9057293, 35.1787637 ], [ 126.9060556, 35.1788314 ], [ 126.9060384, 35.1789324 ], [ 126.9059743, 35.1789437 ], [ 126.9056976, 35.1788817 ] ] ] } },
{ "type": "Feature", "properties": { "element": "way", "id": 1374308223, "amenity": null, "name": null, "name:ko": null, "operator": null, "operator:type": null, "start_date": null, "website": null, "wikidata": null, "wikipedia": null, "leisure": "pitch", "sport": null, "indoor": null, "access": null, "addr:city": null, "addr:district": null, "addr:housenumber": null, "addr:postcode": null, "addr:street": null, "name:en": null, "surface": null, "addr:housename": null, "internet_access": null, "name:ja": null, "name:zh": null, "phone": null, "name:ko-Latn": null, "lit": null, "alt_name": null, "tourism": null, "parking": null, "landuse": null, "natural": null, "fixme": null, "area": null, "hoops": null, "leaf_cycle": null, "leaf_type": null, "addr:subdistrict": null, "covered": null, "education": null, "type": null }, "geometry": { "type": "Polygon", "coordinates": [ [ [ 126.9138955, 35.1762535 ], [ 126.9140622, 35.1762601 ], [ 126.9140891, 35.176096 ], [ 126.9139078, 35.1760684 ], [ 126.9138955, 35.1762535 ] ] ] } },
{ "type": "Feature", "properties": { "element": "way", "id": 1374312514, "amenity": null, "name": null, "name:ko": null, "operator": null, "operator:type": null, "start_date": null, "website": null, "wikidata": null, "wikipedia": null, "leisure": "park", "sport": null, "indoor": null, "access": null, "addr:city": null, "addr:district": null, "addr:housenumber": null, "addr:postcode": null, "addr:street": null, "name:en": null, "surface": null, "addr:housename": null, "internet_access": null, "name:ja": null, "name:zh": null, "phone": null, "name:ko-Latn": null, "lit": null, "alt_name": null, "tourism": null, "parking": null, "landuse": null, "natural": null, "fixme": null, "area": null, "hoops": null, "leaf_cycle": null, "leaf_type": null, "addr:subdistrict": null, "covered": null, "education": null, "type": null }, "geometry": { "type": "Polygon", "coordinates": [ [ [ 126.9139771, 35.170668 ], [ 126.9140686, 35.1707281 ], [ 126.9143078, 35.170498 ], [ 126.9144304, 35.1705788 ], [ 126.9144723, 35.1705954 ], [ 126.9145034, 35.1706116 ], [ 126.9144576, 35.1706537 ], [ 126.9139063, 35.1711774 ], [ 126.9137082, 35.1710433 ], [ 126.9136584, 35.1709929 ], [ 126.9137915, 35.1708729 ], [ 126.9139771, 35.170668 ] ] ] } },
{ "type": "Feature", "properties": { "element": "way", "id": 1374312515, "amenity": null, "name": null, "name:ko": null, "operator": null, "operator:type": null, "start_date": null, "website": null, "wikidata": null, "wikipedia": null, "leisure": "park", "sport": null, "indoor": null, "access": null, "addr:city": null, "addr:district": null, "addr:housenumber": null, "addr:postcode": null, "addr:street": null, "name:en": null, "surface": null, "addr:housename": null, "internet_access": null, "name:ja": null, "name:zh": null, "phone": null, "name:ko-Latn": null, "lit": null, "alt_name": null, "tourism": null, "parking": null, "landuse": null, "natural": null, "fixme": null, "area": null, "hoops": null, "leaf_cycle": null, "leaf_type": null, "addr:subdistrict": null, "covered": null, "education": null, "type": null }, "geometry": { "type": "Polygon", "coordinates": [ [ [ 126.9133424, 35.170976 ], [ 126.9132196, 35.1710944 ], [ 126.9131755, 35.1711788 ], [ 126.9131663, 35.17124 ], [ 126.9132335, 35.1713008 ], [ 126.9134292, 35.1711561 ], [ 126.9135484, 35.17103 ], [ 126.9136165, 35.1709833 ], [ 126.9136798, 35.170923 ], [ 126.913494, 35.1707982 ], [ 126.9133424, 35.170976 ] ] ] } },
{ "type": "Feature", "properties": { "element": "way", "id": 1374312518, "amenity": null, "name": null, "name:ko": null, "operator": null, "operator:type": null, "start_date": null, "website": null, "wikidata": null, "wikipedia": null, "leisure": "park", "sport": null, "indoor": null, "access": null, "addr:city": null, "addr:district": null, "addr:housenumber": null, "addr:postcode": null, "addr:street": null, "name:en": null, "surface": null, "addr:housename": null, "internet_access": null, "name:ja": null, "name:zh": null, "phone": null, "name:ko-Latn": null, "lit": null, "alt_name": null, "tourism": null, "parking": null, "landuse": null, "natural": null, "fixme": null, "area": null, "hoops": null, "leaf_cycle": null, "leaf_type": null, "addr:subdistrict": null, "covered": null, "education": null, "type": null }, "geometry": { "type": "Polygon", "coordinates": [ [ [ 126.9128031, 35.1719248 ], [ 126.9126314, 35.1715548 ], [ 126.9126854, 35.1715026 ], [ 126.9128029, 35.1715838 ], [ 126.9128986, 35.1714912 ], [ 126.9131044, 35.1716333 ], [ 126.9128031, 35.1719248 ] ] ] } },
{ "type": "Feature", "properties": { "element": "way", "id": 1374312520, "amenity": null, "name": null, "name:ko": null, "operator": null, "operator:type": null, "start_date": null, "website": null, "wikidata": null, "wikipedia": null, "leisure": "park", "sport": null, "indoor": null, "access": null, "addr:city": null, "addr:district": null, "addr:housenumber": null, "addr:postcode": null, "addr:street": null, "name:en": null, "surface": null, "addr:housename": null, "internet_access": null, "name:ja": null, "name:zh": null, "phone": null, "name:ko-Latn": null, "lit": null, "alt_name": null, "tourism": null, "parking": null, "landuse": null, "natural": null, "fixme": null, "area": null, "hoops": null, "leaf_cycle": null, "leaf_type": null, "addr:subdistrict": null, "covered": null, "education": null, "type": null }, "geometry": { "type": "Polygon", "coordinates": [ [ [ 126.9137133, 35.1725029 ], [ 126.9132748, 35.1721992 ], [ 126.9137256, 35.1717643 ], [ 126.9137512, 35.1717821 ], [ 126.9136543, 35.1718755 ], [ 126.9137852, 35.1719663 ], [ 126.9138777, 35.1718771 ], [ 126.9141217, 35.1720462 ], [ 126.9143561, 35.1719388 ], [ 126.9144692, 35.1717323 ], [ 126.9147103, 35.1717541 ], [ 126.9148988, 35.1719529 ], [ 126.914407, 35.1722646 ], [ 126.914291, 35.1721422 ], [ 126.9142215, 35.172069 ], [ 126.9141429, 35.1720884 ], [ 126.9137133, 35.1725029 ] ] ] } },
{ "type": "Feature", "properties": { "element": "way", "id": 1374312521, "amenity": null, "name": null, "name:ko": null, "operator": null, "operator:type": null, "start_date": null, "website": null, "wikidata": null, "wikipedia": null, "leisure": "park", "sport": null, "indoor": null, "access": null, "addr:city": null, "addr:district": null, "addr:housenumber": null, "addr:postcode": null, "addr:street": null, "name:en": null, "surface": null, "addr:housename": null, "internet_access": null, "name:ja": null, "name:zh": null, "phone": null, "name:ko-Latn": null, "lit": null, "alt_name": null, "tourism": null, "parking": null, "landuse": null, "natural": null, "fixme": null, "area": null, "hoops": null, "leaf_cycle": null, "leaf_type": null, "addr:subdistrict": null, "covered": null, "education": null, "type": null }, "geometry": { "type": "Polygon", "coordinates": [ [ [ 126.9144897, 35.1723479 ], [ 126.9146301, 35.1722343 ], [ 126.9147306, 35.1723127 ], [ 126.9148373, 35.1722447 ], [ 126.9153613, 35.1725812 ], [ 126.9154655, 35.1725626 ], [ 126.9155591, 35.1726796 ], [ 126.9146206, 35.172647 ], [ 126.9140105, 35.1726341 ], [ 126.913964, 35.1726331 ], [ 126.9139817, 35.1724387 ], [ 126.9141923, 35.1723959 ], [ 126.9142364, 35.1723713 ], [ 126.914474, 35.1725008 ], [ 126.9145829, 35.1724164 ], [ 126.9144897, 35.1723479 ] ] ] } },
{ "type": "Feature", "properties": { "element": "way", "id": 1374639824, "amenity": null, "name": null, "name:ko": null, "operator": null, "operator:type": null, "start_date": null, "website": null, "wikidata": null, "wikipedia": null, "leisure": "park", "sport": null, "indoor": null, "access": null, "addr:city": null, "addr:district": null, "addr:housenumber": null, "addr:postcode": null, "addr:street": null, "name:en": null, "surface": null, "addr:housename": null, "internet_access": null, "name:ja": null, "name:zh": null, "phone": null, "name:ko-Latn": null, "lit": null, "alt_name": null, "tourism": null, "parking": null, "landuse": null, "natural": null, "fixme": null, "area": null, "hoops": null, "leaf_cycle": null, "leaf_type": null, "addr:subdistrict": null, "covered": null, "education": null, "type": null }, "geometry": { "type": "Polygon", "coordinates": [ [ [ 126.9108338, 35.1724846 ], [ 126.9112303, 35.1723755 ], [ 126.9112145, 35.172325 ], [ 126.9108133, 35.1724349 ], [ 126.9108338, 35.1724846 ] ] ] } },
{ "type": "Feature", "properties": { "element": "way", "id": 1374645524, "amenity": null, "name": null, "name:ko": null, "operator": null, "operator:type": null, "start_date": null, "website": null, "wikidata": null, "wikipedia": null, "leisure": "park", "sport": null, "indoor": null, "access": null, "addr:city": null, "addr:district": null, "addr:housenumber": null, "addr:postcode": null, "addr:street": null, "name:en": null, "surface": null, "addr:housename": null, "internet_access": null, "name:ja": null, "name:zh": null, "phone": null, "name:ko-Latn": null, "lit": null, "alt_name": null, "tourism": null, "parking": null, "landuse": null, "natural": null, "fixme": null, "area": null, "hoops": null, "leaf_cycle": null, "leaf_type": null, "addr:subdistrict": null, "covered": null, "education": null, "type": null }, "geometry": { "type": "Polygon", "coordinates": [ [ [ 126.921453, 35.1733587 ], [ 126.9214267, 35.1732966 ], [ 126.9215263, 35.1732684 ], [ 126.9215525, 35.1733306 ], [ 126.9215044, 35.1733442 ], [ 126.921453, 35.1733587 ] ] ] } },
{ "type": "Feature", "properties": { "element": "way", "id": 1374645525, "amenity": null, "name": null, "name:ko": null, "operator": null, "operator:type": null, "start_date": null, "website": null, "wikidata": null, "wikipedia": null, "leisure": "park", "sport": null, "indoor": null, "access": null, "addr:city": null, "addr:district": null, "addr:housenumber": null, "addr:postcode": null, "addr:street": null, "name:en": null, "surface": null, "addr:housename": null, "internet_access": null, "name:ja": null, "name:zh": null, "phone": null, "name:ko-Latn": null, "lit": null, "alt_name": null, "tourism": null, "parking": null, "landuse": null, "natural": null, "fixme": null, "area": null, "hoops": null, "leaf_cycle": null, "leaf_type": null, "addr:subdistrict": null, "covered": null, "education": null, "type": null }, "geometry": { "type": "Polygon", "coordinates": [ [ [ 126.9225168, 35.1730839 ], [ 126.9224947, 35.1730177 ], [ 126.9226533, 35.1729822 ], [ 126.9226754, 35.1730485 ], [ 126.9225168, 35.1730839 ] ] ] } },
{ "type": "Feature", "properties": { "element": "way", "id": 1375007575, "amenity": null, "name": null, "name:ko": null, "operator": null, "operator:type": null, "start_date": null, "website": null, "wikidata": null, "wikipedia": null, "leisure": "park", "sport": null, "indoor": null, "access": null, "addr:city": null, "addr:district": null, "addr:housenumber": null, "addr:postcode": null, "addr:street": null, "name:en": null, "surface": null, "addr:housename": null, "internet_access": null, "name:ja": null, "name:zh": null, "phone": null, "name:ko-Latn": null, "lit": null, "alt_name": null, "tourism": null, "parking": null, "landuse": null, "natural": null, "fixme": null, "area": null, "hoops": null, "leaf_cycle": null, "leaf_type": null, "addr:subdistrict": null, "covered": null, "education": null, "type": null }, "geometry": { "type": "Polygon", "coordinates": [ [ [ 126.9179292, 35.1711432 ], [ 126.9180302, 35.1711403 ], [ 126.9180981, 35.1711678 ], [ 126.9181397, 35.1711848 ], [ 126.9181935, 35.1711248 ], [ 126.9183941, 35.171192 ], [ 126.9183866, 35.1712384 ], [ 126.9183793, 35.1712614 ], [ 126.9183738, 35.1712786 ], [ 126.9183687, 35.1713739 ], [ 126.9182413, 35.171428 ], [ 126.9180285, 35.1714834 ], [ 126.9179641, 35.1714762 ], [ 126.9178856, 35.1713165 ], [ 126.9178692, 35.1712523 ], [ 126.9179292, 35.1711432 ] ] ] } },
{ "type": "Feature", "properties": { "element": "way", "id": 1375007578, "amenity": null, "name": null, "name:ko": null, "operator": null, "operator:type": null, "start_date": null, "website": null, "wikidata": null, "wikipedia": null, "leisure": "park", "sport": null, "indoor": null, "access": null, "addr:city": null, "addr:district": null, "addr:housenumber": null, "addr:postcode": null, "addr:street": null, "name:en": null, "surface": null, "addr:housename": null, "internet_access": null, "name:ja": null, "name:zh": null, "phone": null, "name:ko-Latn": null, "lit": null, "alt_name": null, "tourism": null, "parking": null, "landuse": null, "natural": null, "fixme": null, "area": null, "hoops": null, "leaf_cycle": null, "leaf_type": null, "addr:subdistrict": null, "covered": null, "education": null, "type": null }, "geometry": { "type": "Polygon", "coordinates": [ [ [ 126.9183687, 35.1713739 ], [ 126.9183738, 35.1712786 ], [ 126.9183793, 35.1712614 ], [ 126.9183866, 35.1712384 ], [ 126.9183941, 35.171192 ], [ 126.9184678, 35.1710719 ], [ 126.918586, 35.1710248 ], [ 126.9188399, 35.1710108 ], [ 126.9188983, 35.1708852 ], [ 126.9190765, 35.170869 ], [ 126.9192605, 35.1708076 ], [ 126.9193632, 35.17084 ], [ 126.919372, 35.1708965 ], [ 126.9193606, 35.171026 ], [ 126.91904, 35.1711131 ], [ 126.918897, 35.1711577 ], [ 126.9188236, 35.171183 ], [ 126.918752, 35.1712076 ], [ 126.9183687, 35.1713739 ] ] ] } },
{ "type": "Feature", "properties": { "element": "way", "id": 1375028251, "amenity": null, "name": null, "name:ko": null, "operator": null, "operator:type": null, "start_date": null, "website": null, "wikidata": null, "wikipedia": null, "leisure": "park", "sport": null, "indoor": null, "access": null, "addr:city": null, "addr:district": null, "addr:housenumber": null, "addr:postcode": null, "addr:street": null, "name:en": null, "surface": null, "addr:housename": null, "internet_access": null, "name:ja": null, "name:zh": null, "phone": null, "name:ko-Latn": null, "lit": null, "alt_name": null, "tourism": null, "parking": null, "landuse": null, "natural": null, "fixme": null, "area": null, "hoops": null, "leaf_cycle": null, "leaf_type": null, "addr:subdistrict": null, "covered": null, "education": null, "type": null }, "geometry": { "type": "Polygon", "coordinates": [ [ [ 126.9096708, 35.1796146 ], [ 126.909583, 35.1795864 ], [ 126.9097724, 35.1792744 ], [ 126.9101964, 35.1794026 ], [ 126.9100958, 35.1795316 ], [ 126.9099765, 35.1794884 ], [ 126.9098695, 35.1794628 ], [ 126.9096708, 35.1796146 ] ] ] } },
{ "type": "Feature", "properties": { "element": "way", "id": 1375201080, "amenity": null, "name": null, "name:ko": null, "operator": null, "operator:type": null, "start_date": null, "website": null, "wikidata": null, "wikipedia": null, "leisure": "park", "sport": null, "indoor": null, "access": null, "addr:city": null, "addr:district": null, "addr:housenumber": null, "addr:postcode": null, "addr:street": null, "name:en": null, "surface": null, "addr:housename": null, "internet_access": null, "name:ja": null, "name:zh": null, "phone": null, "name:ko-Latn": null, "lit": null, "alt_name": null, "tourism": null, "parking": null, "landuse": null, "natural": null, "fixme": null, "area": null, "hoops": null, "leaf_cycle": null, "leaf_type": null, "addr:subdistrict": null, "covered": null, "education": null, "type": null }, "geometry": { "type": "Polygon", "coordinates": [ [ [ 126.9101485, 35.1813787 ], [ 126.9102266, 35.181235 ], [ 126.9105453, 35.1813152 ], [ 126.9106554, 35.1810792 ], [ 126.9103317, 35.1809285 ], [ 126.910091, 35.1813547 ], [ 126.9101485, 35.1813787 ] ] ] } },
{ "type": "Feature", "properties": { "element": "way", "id": 1377712619, "amenity": null, "name": null, "name:ko": null, "operator": null, "operator:type": null, "start_date": null, "website": null, "wikidata": null, "wikipedia": null, "leisure": "park", "sport": null, "indoor": null, "access": null, "addr:city": null, "addr:district": null, "addr:housenumber": null, "addr:postcode": null, "addr:street": null, "name:en": null, "surface": null, "addr:housename": null, "internet_access": null, "name:ja": null, "name:zh": null, "phone": null, "name:ko-Latn": null, "lit": null, "alt_name": null, "tourism": null, "parking": null, "landuse": null, "natural": null, "fixme": null, "area": null, "hoops": null, "leaf_cycle": null, "leaf_type": null, "addr:subdistrict": null, "covered": null, "education": null, "type": null }, "geometry": { "type": "Polygon", "coordinates": [ [ [ 126.9257615, 35.1713846 ], [ 126.9257083, 35.1712369 ], [ 126.9260391, 35.1711572 ], [ 126.9260923, 35.171305 ], [ 126.9259265, 35.1713449 ], [ 126.9257615, 35.1713846 ] ] ] } },
{ "type": "Feature", "properties": { "element": "way", "id": 1377712624, "amenity": null, "name": null, "name:ko": null, "operator": null, "operator:type": null, "start_date": null, "website": null, "wikidata": null, "wikipedia": null, "leisure": "park", "sport": null, "indoor": null, "access": null, "addr:city": null, "addr:district": null, "addr:housenumber": null, "addr:postcode": null, "addr:street": null, "name:en": null, "surface": null, "addr:housename": null, "internet_access": null, "name:ja": null, "name:zh": null, "phone": null, "name:ko-Latn": null, "lit": null, "alt_name": null, "tourism": null, "parking": null, "landuse": null, "natural": null, "fixme": null, "area": null, "hoops": null, "leaf_cycle": null, "leaf_type": null, "addr:subdistrict": null, "covered": null, "education": null, "type": null }, "geometry": { "type": "Polygon", "coordinates": [ [ [ 126.9268434, 35.1707637 ], [ 126.9267821, 35.1705937 ], [ 126.9269921, 35.1705478 ], [ 126.9268434, 35.1707637 ] ] ] } },
{ "type": "Feature", "properties": { "element": "way", "id": 1378606602, "amenity": null, "name": null, "name:ko": null, "operator": null, "operator:type": null, "start_date": null, "website": null, "wikidata": null, "wikipedia": null, "leisure": "park", "sport": null, "indoor": null, "access": null, "addr:city": null, "addr:district": null, "addr:housenumber": null, "addr:postcode": null, "addr:street": null, "name:en": null, "surface": null, "addr:housename": null, "internet_access": null, "name:ja": null, "name:zh": null, "phone": null, "name:ko-Latn": null, "lit": null, "alt_name": null, "tourism": null, "parking": null, "landuse": null, "natural": null, "fixme": null, "area": null, "hoops": null, "leaf_cycle": null, "leaf_type": null, "addr:subdistrict": null, "covered": null, "education": null, "type": null }, "geometry": { "type": "Polygon", "coordinates": [ [ [ 126.9179612, 35.174964 ], [ 126.9180827, 35.1749434 ], [ 126.9180335, 35.1747908 ], [ 126.9179199, 35.1748014 ], [ 126.9179612, 35.174964 ] ] ] } },
{ "type": "Feature", "properties": { "element": "way", "id": 1379025383, "amenity": null, "name": "용봉어린이공원", "name:ko": null, "operator": null, "operator:type": null, "start_date": null, "website": null, "wikidata": null, "wikipedia": null, "leisure": "park", "sport": null, "indoor": null, "access": null, "addr:city": null, "addr:district": null, "addr:housenumber": null, "addr:postcode": null, "addr:street": null, "name:en": null, "surface": null, "addr:housename": null, "internet_access": null, "name:ja": null, "name:zh": null, "phone": null, "name:ko-Latn": null, "lit": null, "alt_name": null, "tourism": null, "parking": null, "landuse": null, "natural": null, "fixme": null, "area": null, "hoops": null, "leaf_cycle": null, "leaf_type": null, "addr:subdistrict": null, "covered": null, "education": null, "type": null }, "geometry": { "type": "Polygon", "coordinates": [ [ [ 126.9139982, 35.182666 ], [ 126.9145034, 35.1825325 ], [ 126.9143617, 35.182054 ], [ 126.9141518, 35.1820972 ], [ 126.9140774, 35.1822423 ], [ 126.9140494, 35.182392 ], [ 126.9139982, 35.182666 ] ] ] } },
{ "type": "Feature", "properties": { "element": "way", "id": 1379025384, "amenity": null, "name": "사랑어린이공원", "name:ko": null, "operator": null, "operator:type": null, "start_date": null, "website": null, "wikidata": null, "wikipedia": null, "leisure": "park", "sport": null, "indoor": null, "access": null, "addr:city": null, "addr:district": null, "addr:housenumber": null, "addr:postcode": null, "addr:street": null, "name:en": null, "surface": null, "addr:housename": null, "internet_access": null, "name:ja": null, "name:zh": null, "phone": null, "name:ko-Latn": null, "lit": null, "alt_name": null, "tourism": null, "parking": null, "landuse": null, "natural": null, "fixme": null, "area": null, "hoops": null, "leaf_cycle": null, "leaf_type": null, "addr:subdistrict": null, "covered": null, "education": null, "type": null }, "geometry": { "type": "Polygon", "coordinates": [ [ [ 126.9197856, 35.178333 ], [ 126.9198175, 35.178421 ], [ 126.9181395, 35.1788865 ], [ 126.9180712, 35.1788134 ], [ 126.9180991, 35.1781133 ], [ 126.9183491, 35.1778681 ], [ 126.9184277, 35.1775212 ], [ 126.9182882, 35.1769922 ], [ 126.9184267, 35.1769506 ], [ 126.9185538, 35.177294 ], [ 126.9185962, 35.1772816 ], [ 126.9189063, 35.1772135 ], [ 126.9189207, 35.1772585 ], [ 126.9190627, 35.1777019 ], [ 126.9189395, 35.1777366 ], [ 126.9184981, 35.1778611 ], [ 126.9184143, 35.1780327 ], [ 126.9183001, 35.1781289 ], [ 126.9182818, 35.1782885 ], [ 126.918432, 35.1786591 ], [ 126.9197856, 35.178333 ] ] ] } },
{ "type": "Feature", "properties": { "element": "way", "id": 1379030849, "amenity": null, "name": null, "name:ko": null, "operator": null, "operator:type": null, "start_date": null, "website": null, "wikidata": null, "wikipedia": null, "leisure": "park", "sport": null, "indoor": null, "access": null, "addr:city": null, "addr:district": null, "addr:housenumber": null, "addr:postcode": null, "addr:street": null, "name:en": null, "surface": null, "addr:housename": null, "internet_access": null, "name:ja": null, "name:zh": null, "phone": null, "name:ko-Latn": null, "lit": null, "alt_name": null, "tourism": null, "parking": null, "landuse": null, "natural": null, "fixme": null, "area": null, "hoops": null, "leaf_cycle": null, "leaf_type": null, "addr:subdistrict": null, "covered": null, "education": null, "type": null }, "geometry": { "type": "Polygon", "coordinates": [ [ [ 126.9198281, 35.1799688 ], [ 126.9196823, 35.1796238 ], [ 126.9201064, 35.1795278 ], [ 126.9199534, 35.179756 ], [ 126.9198281, 35.1799688 ] ] ] } },
{ "type": "Feature", "properties": { "element": "way", "id": 1379030857, "amenity": null, "name": null, "name:ko": null, "operator": null, "operator:type": null, "start_date": null, "website": null, "wikidata": null, "wikipedia": null, "leisure": "park", "sport": null, "indoor": null, "access": null, "addr:city": null, "addr:district": null, "addr:housenumber": null, "addr:postcode": null, "addr:street": null, "name:en": null, "surface": null, "addr:housename": null, "internet_access": null, "name:ja": null, "name:zh": null, "phone": null, "name:ko-Latn": null, "lit": null, "alt_name": null, "tourism": null, "parking": null, "landuse": null, "natural": null, "fixme": null, "area": null, "hoops": null, "leaf_cycle": null, "leaf_type": null, "addr:subdistrict": null, "covered": null, "education": null, "type": null }, "geometry": { "type": "Polygon", "coordinates": [ [ [ 126.9143741, 35.1820158 ], [ 126.915956, 35.1816871 ], [ 126.9159271, 35.1815503 ], [ 126.9143295, 35.1818635 ], [ 126.91434, 35.1818962 ], [ 126.9143668, 35.1819944 ], [ 126.9143741, 35.1820158 ] ] ] } },
{ "type": "Feature", "properties": { "element": "way", "id": 1379030858, "amenity": null, "name": null, "name:ko": null, "operator": null, "operator:type": null, "start_date": null, "website": null, "wikidata": null, "wikipedia": null, "leisure": "park", "sport": null, "indoor": null, "access": null, "addr:city": null, "addr:district": null, "addr:housenumber": null, "addr:postcode": null, "addr:street": null, "name:en": null, "surface": null, "addr:housename": null, "internet_access": null, "name:ja": null, "name:zh": null, "phone": null, "name:ko-Latn": null, "lit": null, "alt_name": null, "tourism": null, "parking": null, "landuse": null, "natural": null, "fixme": null, "area": null, "hoops": null, "leaf_cycle": null, "leaf_type": null, "addr:subdistrict": null, "covered": null, "education": null, "type": null }, "geometry": { "type": "Polygon", "coordinates": [ [ [ 126.9151278, 35.1809826 ], [ 126.9156675, 35.1808811 ], [ 126.9157081, 35.18099 ], [ 126.9157746, 35.1810671 ], [ 126.9157998, 35.1806785 ], [ 126.915092, 35.1808657 ], [ 126.9151278, 35.1809826 ] ] ] } },
{ "type": "Feature", "properties": { "element": "way", "id": 1379030859, "amenity": null, "name": null, "name:ko": null, "operator": null, "operator:type": null, "start_date": null, "website": null, "wikidata": null, "wikipedia": null, "leisure": "park", "sport": null, "indoor": null, "access": null, "addr:city": null, "addr:district": null, "addr:housenumber": null, "addr:postcode": null, "addr:street": null, "name:en": null, "surface": null, "addr:housename": null, "internet_access": null, "name:ja": null, "name:zh": null, "phone": null, "name:ko-Latn": null, "lit": null, "alt_name": null, "tourism": null, "parking": null, "landuse": null, "natural": null, "fixme": null, "area": null, "hoops": null, "leaf_cycle": null, "leaf_type": null, "addr:subdistrict": null, "covered": null, "education": null, "type": null }, "geometry": { "type": "Polygon", "coordinates": [ [ [ 126.9149766, 35.1804781 ], [ 126.9155977, 35.180312 ], [ 126.9156618, 35.1803457 ], [ 126.9156775, 35.1804267 ], [ 126.9156165, 35.1804959 ], [ 126.9158518, 35.1804843 ], [ 126.9159456, 35.1802117 ], [ 126.915859, 35.1799958 ], [ 126.9156187, 35.1800552 ], [ 126.915603, 35.1800585 ], [ 126.915629, 35.1801836 ], [ 126.9149437, 35.1803685 ], [ 126.9149766, 35.1804781 ] ] ] } },
{ "type": "Feature", "properties": { "element": "way", "id": 1379030869, "amenity": null, "name": null, "name:ko": null, "operator": null, "operator:type": null, "start_date": null, "website": null, "wikidata": null, "wikipedia": null, "leisure": "park", "sport": null, "indoor": null, "access": null, "addr:city": null, "addr:district": null, "addr:housenumber": null, "addr:postcode": null, "addr:street": null, "name:en": null, "surface": null, "addr:housename": null, "internet_access": null, "name:ja": null, "name:zh": null, "phone": null, "name:ko-Latn": null, "lit": null, "alt_name": null, "tourism": null, "parking": null, "landuse": null, "natural": null, "fixme": null, "area": null, "hoops": null, "leaf_cycle": null, "leaf_type": null, "addr:subdistrict": null, "covered": null, "education": null, "type": null }, "geometry": { "type": "Polygon", "coordinates": [ [ [ 126.9149395, 35.1815569 ], [ 126.9148755, 35.1813141 ], [ 126.9151234, 35.1812705 ], [ 126.9151874, 35.1815133 ], [ 126.9149395, 35.1815569 ] ] ] } },
{ "type": "Feature", "properties": { "element": "way", "id": 1379030876, "amenity": null, "name": null, "name:ko": null, "operator": null, "operator:type": null, "start_date": null, "website": null, "wikidata": null, "wikipedia": null, "leisure": "pitch", "sport": "tennis", "indoor": null, "access": null, "addr:city": null, "addr:district": null, "addr:housenumber": null, "addr:postcode": null, "addr:street": null, "name:en": null, "surface": null, "addr:housename": null, "internet_access": null, "name:ja": null, "name:zh": null, "phone": null, "name:ko-Latn": null, "lit": null, "alt_name": null, "tourism": null, "parking": null, "landuse": null, "natural": null, "fixme": null, "area": null, "hoops": null, "leaf_cycle": null, "leaf_type": null, "addr:subdistrict": null, "covered": null, "education": null, "type": null }, "geometry": { "type": "Polygon", "coordinates": [ [ [ 126.9133212, 35.1806173 ], [ 126.9138406, 35.1804939 ], [ 126.9137432, 35.1802201 ], [ 126.9132238, 35.1803437 ], [ 126.9133212, 35.1806173 ] ] ] } },
{ "type": "Feature", "properties": { "element": "way", "id": 1379033784, "amenity": null, "name": null, "name:ko": null, "operator": null, "operator:type": null, "start_date": null, "website": null, "wikidata": null, "wikipedia": null, "leisure": "park", "sport": null, "indoor": null, "access": null, "addr:city": null, "addr:district": null, "addr:housenumber": null, "addr:postcode": null, "addr:street": null, "name:en": null, "surface": null, "addr:housename": null, "internet_access": null, "name:ja": null, "name:zh": null, "phone": null, "name:ko-Latn": null, "lit": null, "alt_name": null, "tourism": null, "parking": null, "landuse": null, "natural": null, "fixme": null, "area": null, "hoops": null, "leaf_cycle": null, "leaf_type": null, "addr:subdistrict": null, "covered": null, "education": null, "type": null }, "geometry": { "type": "Polygon", "coordinates": [ [ [ 126.9171088, 35.1800118 ], [ 126.9173723, 35.1799462 ], [ 126.9172436, 35.1795756 ], [ 126.9169703, 35.1796609 ], [ 126.9171088, 35.1800118 ] ] ] } },
{ "type": "Feature", "properties": { "element": "way", "id": 1379033790, "amenity": null, "name": null, "name:ko": null, "operator": null, "operator:type": null, "start_date": null, "website": null, "wikidata": null, "wikipedia": null, "leisure": "park", "sport": null, "indoor": null, "access": null, "addr:city": null, "addr:district": null, "addr:housenumber": null, "addr:postcode": null, "addr:street": null, "name:en": null, "surface": null, "addr:housename": null, "internet_access": null, "name:ja": null, "name:zh": null, "phone": null, "name:ko-Latn": null, "lit": null, "alt_name": null, "tourism": null, "parking": null, "landuse": null, "natural": null, "fixme": null, "area": null, "hoops": null, "leaf_cycle": null, "leaf_type": null, "addr:subdistrict": null, "covered": null, "education": null, "type": null }, "geometry": { "type": "Polygon", "coordinates": [ [ [ 126.915966, 35.1809305 ], [ 126.915983, 35.1806523 ], [ 126.9171878, 35.1803859 ], [ 126.9183337, 35.1800883 ], [ 126.9183638, 35.1801888 ], [ 126.9172438, 35.1805235 ], [ 126.9173459, 35.180778 ], [ 126.9167774, 35.1808874 ], [ 126.9167371, 35.180762 ], [ 126.915966, 35.1809305 ] ] ] } },
{ "type": "Feature", "properties": { "element": "way", "id": 1379033806, "amenity": null, "name": null, "name:ko": null, "operator": null, "operator:type": null, "start_date": null, "website": null, "wikidata": null, "wikipedia": null, "leisure": "park", "sport": null, "indoor": null, "access": null, "addr:city": null, "addr:district": null, "addr:housenumber": null, "addr:postcode": null, "addr:street": null, "name:en": null, "surface": null, "addr:housename": null, "internet_access": null, "name:ja": null, "name:zh": null, "phone": null, "name:ko-Latn": null, "lit": null, "alt_name": null, "tourism": null, "parking": null, "landuse": null, "natural": null, "fixme": null, "area": null, "hoops": null, "leaf_cycle": null, "leaf_type": null, "addr:subdistrict": null, "covered": null, "education": null, "type": null }, "geometry": { "type": "Polygon", "coordinates": [ [ [ 126.9159067, 35.1797375 ], [ 126.9158794, 35.1796633 ], [ 126.9179588, 35.1791283 ], [ 126.9180012, 35.1792097 ], [ 126.9163377, 35.1796091 ], [ 126.9159067, 35.1797375 ] ] ] } },
{ "type": "Feature", "properties": { "element": "way", "id": 1379033812, "amenity": null, "name": null, "name:ko": null, "operator": null, "operator:type": null, "start_date": null, "website": null, "wikidata": null, "wikipedia": null, "leisure": "park", "sport": null, "indoor": null, "access": null, "addr:city": null, "addr:district": null, "addr:housenumber": null, "addr:postcode": null, "addr:street": null, "name:en": null, "surface": null, "addr:housename": null, "internet_access": null, "name:ja": null, "name:zh": null, "phone": null, "name:ko-Latn": null, "lit": null, "alt_name": null, "tourism": null, "parking": null, "landuse": null, "natural": null, "fixme": null, "area": null, "hoops": null, "leaf_cycle": null, "leaf_type": null, "addr:subdistrict": null, "covered": null, "education": null, "type": null }, "geometry": { "type": "Polygon", "coordinates": [ [ [ 126.9168589, 35.1817539 ], [ 126.9167963, 35.1816011 ], [ 126.9167464, 35.1814794 ], [ 126.9169126, 35.1814598 ], [ 126.9167603, 35.1810079 ], [ 126.9168461, 35.1809886 ], [ 126.9169422, 35.1810944 ], [ 126.9170985, 35.1815149 ], [ 126.9171632, 35.1816679 ], [ 126.9168589, 35.1817539 ] ] ] } },
{ "type": "Feature", "properties": { "element": "way", "id": 1380284279, "amenity": null, "name": null, "name:ko": null, "operator": null, "operator:type": null, "start_date": null, "website": null, "wikidata": null, "wikipedia": null, "leisure": "pitch", "sport": "badminton", "indoor": null, "access": null, "addr:city": null, "addr:district": null, "addr:housenumber": null, "addr:postcode": null, "addr:street": null, "name:en": null, "surface": null, "addr:housename": null, "internet_access": null, "name:ja": null, "name:zh": null, "phone": null, "name:ko-Latn": null, "lit": null, "alt_name": null, "tourism": null, "parking": null, "landuse": null, "natural": null, "fixme": null, "area": null, "hoops": null, "leaf_cycle": null, "leaf_type": null, "addr:subdistrict": null, "covered": null, "education": null, "type": null }, "geometry": { "type": "Polygon", "coordinates": [ [ [ 126.9235342, 35.1645066 ], [ 126.9236664, 35.1644744 ], [ 126.9235807, 35.1642394 ], [ 126.9234485, 35.1642716 ], [ 126.9235342, 35.1645066 ] ] ] } },
{ "type": "Feature", "properties": { "element": "way", "id": 1380284281, "amenity": null, "name": null, "name:ko": null, "operator": null, "operator:type": null, "start_date": null, "website": null, "wikidata": null, "wikipedia": null, "leisure": "park", "sport": null, "indoor": null, "access": null, "addr:city": null, "addr:district": null, "addr:housenumber": null, "addr:postcode": null, "addr:street": null, "name:en": null, "surface": null, "addr:housename": null, "internet_access": null, "name:ja": null, "name:zh": null, "phone": null, "name:ko-Latn": null, "lit": null, "alt_name": null, "tourism": null, "parking": null, "landuse": null, "natural": null, "fixme": null, "area": null, "hoops": null, "leaf_cycle": null, "leaf_type": null, "addr:subdistrict": null, "covered": null, "education": null, "type": null }, "geometry": { "type": "Polygon", "coordinates": [ [ [ 126.9248178, 35.1657288 ], [ 126.9247859, 35.1656277 ], [ 126.9256698, 35.1654415 ], [ 126.9257632, 35.1657379 ], [ 126.9255977, 35.1657727 ], [ 126.9255542, 35.1656348 ], [ 126.9255362, 35.1655776 ], [ 126.9248178, 35.1657288 ] ] ] } },
{ "type": "Feature", "properties": { "element": "way", "id": 1414072170, "amenity": null, "name": null, "name:ko": null, "operator": null, "operator:type": null, "start_date": null, "website": null, "wikidata": null, "wikipedia": null, "leisure": "park", "sport": null, "indoor": null, "access": null, "addr:city": null, "addr:district": null, "addr:housenumber": null, "addr:postcode": null, "addr:street": null, "name:en": null, "surface": null, "addr:housename": null, "internet_access": null, "name:ja": null, "name:zh": null, "phone": null, "name:ko-Latn": null, "lit": null, "alt_name": null, "tourism": null, "parking": null, "landuse": null, "natural": null, "fixme": null, "area": null, "hoops": null, "leaf_cycle": null, "leaf_type": null, "addr:subdistrict": null, "covered": null, "education": null, "type": null }, "geometry": { "type": "Polygon", "coordinates": [ [ [ 126.912004, 35.1808527 ], [ 126.9119504, 35.1808242 ], [ 126.9121216, 35.1806286 ], [ 126.9122105, 35.1805787 ], [ 126.9122588, 35.1806883 ], [ 126.912004, 35.1808527 ] ] ] } },
{ "type": "Feature", "properties": { "element": "way", "id": 1418675368, "amenity": null, "name": null, "name:ko": null, "operator": null, "operator:type": null, "start_date": null, "website": null, "wikidata": null, "wikipedia": null, "leisure": "park", "sport": null, "indoor": null, "access": null, "addr:city": null, "addr:district": null, "addr:housenumber": null, "addr:postcode": null, "addr:street": null, "name:en": null, "surface": null, "addr:housename": null, "internet_access": null, "name:ja": null, "name:zh": null, "phone": null, "name:ko-Latn": null, "lit": null, "alt_name": null, "tourism": null, "parking": null, "landuse": null, "natural": null, "fixme": null, "area": null, "hoops": null, "leaf_cycle": null, "leaf_type": null, "addr:subdistrict": null, "covered": null, "education": null, "type": null }, "geometry": { "type": "Polygon", "coordinates": [ [ [ 126.9114187, 35.1838704 ], [ 126.9113597, 35.1836292 ], [ 126.914989, 35.1830198 ], [ 126.9170836, 35.1826629 ], [ 126.9174027, 35.1827993 ], [ 126.9114187, 35.1838704 ] ] ] } },
{ "type": "Feature", "properties": { "element": "way", "id": 1418675369, "amenity": null, "name": null, "name:ko": null, "operator": null, "operator:type": null, "start_date": null, "website": null, "wikidata": null, "wikipedia": null, "leisure": "park", "sport": null, "indoor": null, "access": null, "addr:city": null, "addr:district": null, "addr:housenumber": null, "addr:postcode": null, "addr:street": null, "name:en": null, "surface": null, "addr:housename": null, "internet_access": null, "name:ja": null, "name:zh": null, "phone": null, "name:ko-Latn": null, "lit": null, "alt_name": null, "tourism": null, "parking": null, "landuse": null, "natural": null, "fixme": null, "area": null, "hoops": null, "leaf_cycle": null, "leaf_type": null, "addr:subdistrict": null, "covered": null, "education": null, "type": null }, "geometry": { "type": "Polygon", "coordinates": [ [ [ 126.9176035, 35.1827041 ], [ 126.9173407, 35.1825638 ], [ 126.9213724, 35.1818535 ], [ 126.9228221, 35.1818053 ], [ 126.924587, 35.1821648 ], [ 126.9260874, 35.1829596 ], [ 126.9255824, 35.1829014 ], [ 126.9243416, 35.1823227 ], [ 126.9225824, 35.1819745 ], [ 126.9199449, 35.1821911 ], [ 126.9177833, 35.182662 ], [ 126.9176035, 35.1827041 ] ] ] } },
{ "type": "Feature", "properties": { "element": "way", "id": 1451971615, "amenity": null, "name": null, "name:ko": null, "operator": null, "operator:type": null, "start_date": null, "website": null, "wikidata": null, "wikipedia": null, "leisure": "park", "sport": null, "indoor": null, "access": null, "addr:city": null, "addr:district": null, "addr:housenumber": null, "addr:postcode": null, "addr:street": null, "name:en": null, "surface": null, "addr:housename": null, "internet_access": null, "name:ja": null, "name:zh": null, "phone": null, "name:ko-Latn": null, "lit": null, "alt_name": null, "tourism": null, "parking": null, "landuse": null, "natural": null, "fixme": null, "area": null, "hoops": null, "leaf_cycle": null, "leaf_type": null, "addr:subdistrict": null, "covered": null, "education": null, "type": null }, "geometry": { "type": "Polygon", "coordinates": [ [ [ 126.9133636, 35.1714767 ], [ 126.9132055, 35.1713567 ], [ 126.9134765, 35.1711853 ], [ 126.9135475, 35.1712512 ], [ 126.9134346, 35.1713607 ], [ 126.9135508, 35.1714385 ], [ 126.9136524, 35.1713367 ], [ 126.9138944, 35.1715163 ], [ 126.913988, 35.1714385 ], [ 126.9139864, 35.1714187 ], [ 126.9136363, 35.1711826 ], [ 126.9137266, 35.1711088 ], [ 126.9139267, 35.171242 ], [ 126.9140315, 35.171147 ], [ 126.9142816, 35.1713092 ], [ 126.9143526, 35.1714161 ], [ 126.9143704, 35.1715414 ], [ 126.9142768, 35.1714965 ], [ 126.9140735, 35.1716508 ], [ 126.9139735, 35.1717537 ], [ 126.9138621, 35.1716825 ], [ 126.9137831, 35.1717656 ], [ 126.9136847, 35.1717102 ], [ 126.9135653, 35.1718104 ], [ 126.9134168, 35.1718842 ], [ 126.9133136, 35.1717168 ], [ 126.91327, 35.1715862 ], [ 126.9133378, 35.1715071 ], [ 126.9133636, 35.1714767 ] ] ] } },
{ "type": "Feature", "properties": { "element": "way", "id": 1458710487, "amenity": null, "name": null, "name:ko": null, "operator": null, "operator:type": null, "start_date": null, "website": null, "wikidata": null, "wikipedia": null, "leisure": "pitch", "sport": "baseball", "indoor": null, "access": null, "addr:city": null, "addr:district": null, "addr:housenumber": null, "addr:postcode": null, "addr:street": null, "name:en": null, "surface": "grass", "addr:housename": null, "internet_access": null, "name:ja": null, "name:zh": null, "phone": null, "name:ko-Latn": null, "lit": null, "alt_name": null, "tourism": null, "parking": null, "landuse": null, "natural": null, "fixme": null, "area": null, "hoops": null, "leaf_cycle": null, "leaf_type": null, "addr:subdistrict": null, "covered": null, "education": null, "type": null }, "geometry": { "type": "Polygon", "coordinates": [ [ [ 126.933829, 35.2060378 ], [ 126.9335863, 35.2065882 ], [ 126.9344133, 35.206798 ], [ 126.9345486, 35.2065464 ], [ 126.9346208, 35.2064745 ], [ 126.9347048, 35.2062878 ], [ 126.933829, 35.2060378 ] ] ] } },
{ "type": "Feature", "properties": { "element": "way", "id": 1477330584, "amenity": null, "name": null, "name:ko": null, "operator": null, "operator:type": null, "start_date": null, "website": null, "wikidata": null, "wikipedia": null, "leisure": "park", "sport": null, "indoor": null, "access": null, "addr:city": null, "addr:district": null, "addr:housenumber": null, "addr:postcode": null, "addr:street": null, "name:en": null, "surface": null, "addr:housename": null, "internet_access": null, "name:ja": null, "name:zh": null, "phone": null, "name:ko-Latn": null, "lit": null, "alt_name": null, "tourism": null, "parking": null, "landuse": null, "natural": null, "fixme": null, "area": null, "hoops": null, "leaf_cycle": null, "leaf_type": null, "addr:subdistrict": null, "covered": null, "education": null, "type": null }, "geometry": { "type": "Polygon", "coordinates": [ [ [ 126.8846647, 35.2151899 ], [ 126.8843666, 35.215274 ], [ 126.8834407, 35.2152944 ], [ 126.8834108, 35.215272 ], [ 126.8834332, 35.2151089 ], [ 126.8834617, 35.2150695 ], [ 126.8835103, 35.2151083 ], [ 126.8840777, 35.2150678 ], [ 126.8845896, 35.2150565 ], [ 126.8846647, 35.2151899 ] ] ] } },
{ "type": "Feature", "properties": { "element": "way", "id": 1477330594, "amenity": null, "name": null, "name:ko": null, "operator": null, "operator:type": null, "start_date": null, "website": null, "wikidata": null, "wikipedia": null, "leisure": "park", "sport": null, "indoor": null, "access": null, "addr:city": null, "addr:district": null, "addr:housenumber": null, "addr:postcode": null, "addr:street": null, "name:en": null, "surface": null, "addr:housename": null, "internet_access": null, "name:ja": null, "name:zh": null, "phone": null, "name:ko-Latn": null, "lit": null, "alt_name": null, "tourism": null, "parking": null, "landuse": null, "natural": null, "fixme": null, "area": null, "hoops": null, "leaf_cycle": null, "leaf_type": null, "addr:subdistrict": null, "covered": null, "education": null, "type": null }, "geometry": { "type": "Polygon", "coordinates": [ [ [ 126.8639219, 35.2183728 ], [ 126.8642332, 35.2188246 ], [ 126.8644855, 35.2193048 ], [ 126.8649463, 35.219143 ], [ 126.8650022, 35.2190998 ], [ 126.8642891, 35.2184975 ], [ 126.8640851, 35.2183592 ], [ 126.8640005, 35.2183284 ], [ 126.8639219, 35.2183728 ] ] ] } },
{ "type": "Feature", "properties": { "element": "way", "id": 1483748577, "amenity": null, "name": "우산근린공원", "name:ko": null, "operator": "광주광역시", "operator:type": null, "start_date": null, "website": null, "wikidata": null, "wikipedia": null, "leisure": "park", "sport": null, "indoor": null, "access": null, "addr:city": null, "addr:district": null, "addr:housenumber": null, "addr:postcode": null, "addr:street": null, "name:en": null, "surface": null, "addr:housename": null, "internet_access": null, "name:ja": null, "name:zh": null, "phone": null, "name:ko-Latn": null, "lit": null, "alt_name": null, "tourism": null, "parking": null, "landuse": null, "natural": null, "fixme": null, "area": null, "hoops": null, "leaf_cycle": null, "leaf_type": null, "addr:subdistrict": null, "covered": null, "education": null, "type": null }, "geometry": { "type": "Polygon", "coordinates": [ [ [ 126.9251305, 35.1770438 ], [ 126.927615, 35.1764464 ], [ 126.9264299, 35.1747932 ], [ 126.924763, 35.1752706 ], [ 126.9249675, 35.1757389 ], [ 126.9240648, 35.1760353 ], [ 126.9242229, 35.1763783 ], [ 126.9248257, 35.1762599 ], [ 126.9251305, 35.1770438 ] ] ] } },
{ "type": "Feature", "properties": { "element": "way", "id": 1490245855, "amenity": null, "name": null, "name:ko": null, "operator": null, "operator:type": null, "start_date": null, "website": null, "wikidata": null, "wikipedia": null, "leisure": "park", "sport": null, "indoor": null, "access": null, "addr:city": null, "addr:district": null, "addr:housenumber": null, "addr:postcode": null, "addr:street": null, "name:en": null, "surface": null, "addr:housename": null, "internet_access": null, "name:ja": null, "name:zh": null, "phone": null, "name:ko-Latn": null, "lit": null, "alt_name": null, "tourism": null, "parking": null, "landuse": null, "natural": null, "fixme": null, "area": null, "hoops": null, "leaf_cycle": null, "leaf_type": null, "addr:subdistrict": null, "covered": null, "education": null, "type": null }, "geometry": { "type": "Polygon", "coordinates": [ [ [ 126.8613761, 35.1819613 ], [ 126.8612849, 35.1816917 ], [ 126.8602147, 35.1819832 ], [ 126.8598472, 35.1820709 ], [ 126.8598902, 35.1821455 ], [ 126.8598714, 35.1821959 ], [ 126.8599518, 35.1823603 ], [ 126.8600565, 35.1823208 ], [ 126.8601476, 35.1823559 ], [ 126.8604078, 35.1822068 ], [ 126.8613761, 35.1819613 ] ] ] } }
]
}
