관리기관명,소재지지번주소,소재지도로명주소,카메라대수,카메라화소,촬영방면,보관일수,설치연도,위도,경도,데이터기준일자
광주광역시 사회재난과,북구 용봉동 1248-6,북구 설죽로202번길 9,2,200만,360도,30일,2022,35.177586,126.898161,2025-12-31
광주광역시 사회재난과,북구 용봉동 1248-6,북구 설죽로202번길 9,1,200만,360도,30일,2019,35.177586,126.898161,2025-12-31
광주광역시 사회재난과,북구 각화동 149-8,,2,200만,360도,30일,2022,35.180239,126.938547,2025-12-31
광주광역시 사회재난과,북구 각화동 337,북구 동문대로248번길 38,2,200만,360도,30일,2022,35.183077,126.935711,2025-12-31
광주광역시 사회재난과,북구 각화동 337,북구 동문대로248번길 38,2,200만,360도,30일,2022,35.183077,126.935711,2025-12-31
광주광역시 사회재난과,북구 각화동 570-19,북구 군왕로207번길 57-1,2,200만,360도,30일,2022,35.180334,126.933086,2025-12-31
광주광역시 사회재난과,북구 각화동 570-19,북구 군왕로207번길 57-1,2,200만,360도,30일,2022,35.180334,126.933086,2025-12-31
광주광역시 사회재난과,북구 각화동 60,북구 각화대로 103-39,1,200만,360도,30일,2024,35.179616,126.945421,2025-12-31
광주광역시 사회재난과,북구 각화동 60,북구 각화대로 103-39,1,200만,360도,30일,2024,35.179616,126.945421,2025-12-31
광주광역시 사회재난과,북구 본촌동 2990,,2,200만,360도,30일,2022,35.215098,126.880692,2025-12-31
광주광역시 사회재난과,북구 금곡동 275-12,,1,200만,360도,30일,2024,35.169438,126.999021,2025-12-31
광주광역시 사회재난과,북구 금곡동 275-12,,1,200만,360도,30일,2018,35.169438,126.999021,2025-12-31
광주광역시 사회재난과,북구 금곡동 275-12,,1,200만,360도,30일,2019,35.169438,126.999021,2025-12-31
광주광역시 사회재난과,북구 금곡동 848-1,,1,200만,360도,30일,2022,35.148129,126.987386,2025-12-31
광주광역시 사회재난과,북구 금곡동 848-1,,1,200만,360도,30일,2025,35.148129,126.987386,2025-12-31
광주광역시 사회재난과,북구 금곡동 902-3,,2,200만,360도,30일,2022,35.164794,126.979646,2025-12-31
광주광역시 사회재난과,북구 누문동 144-5,북구 천변우로283번길 36,2,200만,360도,30일,2022,35.154822,126.906511,2025-12-31
광주광역시 사회재난과,북구 누문동 144-5,북구 천변우로283번길 36,2,200만,360도,30일,2024,35.154822,126.906511,2025-12-31
광주광역시 사회재난과,북구 동림동 274-2,북구 유림로 140,1,200만,360도,30일,2018,35.174759,126.864104,2025-12-31
광주광역시 사회재난과,북구 동림동 274-2,북구 유림로 140,3,200만,360도,30일,2020,35.174759,126.864104,2025-12-31
광주광역시 사회재난과,북구 동림동 37-54,,1,200만,360도,30일,2023,35.186443,126.866621,2025-12-31
광주광역시 사회재난과,북구 동림동 915-31,,2,200만,360도,30일,2022,35.174993,126.858125,2025-12-31
광주광역시 사회재난과,북구 두암동 166-1,북구 탁영로 21,1,200만,360도,30일,2022,35.166931,126.935374,2025-12-31
광주광역시 사회재난과,북구 두암동 166-1,북구 탁영로 21,2,200만,360도,30일,2024,35.166931,126.935374,2025-12-31
광주광역시 사회재난과,북구 두암동 21-5,북구 월동로 70-1,2,200만,360도,30일,2022,35.177482,126.936834,2025-12-31
광주광역시 사회재난과,북구 두암동 21-5,북구 월동로 70-1,2,200만,360도,30일,2023,35.177482,126.936834,2025-12-31
광주광역시 사회재난과,북구 두암동 310-17,북구 밤실로 207,2,200만,360도,30일,2019,35.165481,126.933098,2025-12-31
광주광역시 사회재난과,북구 두암동 310-17,북구 밤실로 207,1,200만,360도,30일,2022,35.165481,126.933098,2025-12-31
광주광역시 사회재난과,북구 두암동 310-17,북구 밤실로 207,1,200만,360도,30일,2023,35.165481,126.933098,2025-12-31
광주광역시 사회재난과,북구 두암동 327-12,북구 두방길 89-1,1,200만,360도,30일,2022,35.165632,126.930726,2025-12-31
광주광역시 사회재난과,북구 두암동 327-12,북구 두방길 89-1,1,200만,360도,30일,2023,35.165632,126.930726,2025-12-31
광주광역시 사회재난과,북구 두암동 460-2,북구 면앙로 214-1,2,200만,360도,30일,2022,35.174641,126.934973,2025-12-31
광주광역시 사회재난과,북구 두암동 460-2,북구 면앙로 214-1,1,200만,360도,30일,2022,35.174641,126.934973,2025-12-31
광주광역시 사회재난과,북구 두암동 560-27,북구 문화소통로302번길 49,1,200만,360도,30일,2018,35.181021,126.928237,2025-12-31
광주광역시 사회재난과,북구 두암동 560-27,북구 문화소통로302번길 49,1,200만,360도,30일,2018,35.181021,126.928237,2025-12-31
광주광역시 사회재난과,북구 두암동 560-27,북구 문화소통로302번길 49,1,200만,360도,30일,2023,35.181021,126.928237,2025-12-31
광주광역시 사회재난과,북구 두암동 571-8,북구 동문대로168번길 26,2,200만,360도,30일,2013,35.176944,126.930193,2025-12-31
광주광역시 사회재난과,북구 두암동 571-8,북구 동문대로168번길 26,2,200만,360도,30일,2019,35.176944,126.930193,2025-12-31
광주광역시 사회재난과,북구 두암동 573-3,북구 면앙로155번길 35,1,200만,360도,30일,2023,35.177813,126.929596,2025-12-31
광주광역시 사회재난과,북구 두암동 573-3,북구 면앙로155번길 35,1,200만,360도,30일,2024,35.177813,126.929596,2025-12-31
광주광역시 사회재난과,북구 두암동 581-33,북구 면앙로 177,2,200만,360도,30일,2024,35.175775,126.931115,2025-12-31
광주광역시 사회재난과,북구 두암동 590-1,북구 두리봉길 26,1,200만,360도,30일,2020,35.17818,126.9321,2025-12-31
광주광역시 사회재난과,북구 두암동 590-1,북구 두리봉길 26,2,200만,360도,30일,2024,35.17818,126.9321,2025-12-31
광주광역시 사회재난과,북구 두암동 590-1,북구 두리봉길 26,1,200만,360도,30일,2024,35.17818,126.9321,2025-12-31
광주광역시 사회재난과,북구 두암동 588-5,북구 군왕로171번길 10-7,3,200만,360도,30일,2024,35.177161,126.933254,2025-12-31
광주광역시 사회재난과,북구 두암동 592-20,북구 군왕로193번길 13-2,1,200만,360도,30일,2020,35.17853,126.933819,2025-12-31
광주광역시 사회재난과,북구 두암동 592-20,북구 군왕로193번길 13-2,1,200만,360도,30일,2023,35.17853,126.933819,2025-12-31
광주광역시 사회재난과,북구 두암동 592-20,북구 군왕로193번길 13-2,1,200만,360도,30일,2024,35.17853,126.933819,2025-12-31
광주광역시 사회재난과,북구 두암동 828-18 ,북구 금녕길 42,1,200만,360도,30일,2018,35.17271,126.930601,2025-12-31
광주광역시 사회재난과,북구 두암동 828-18 ,북구 금녕길 42,1,200만,360도,30일,2022,35.17271,126.930601,2025-12-31
광주광역시 사회재난과,북구 두암동 828-18 ,북구 금녕길 42,1,200만,360도,30일,2023,35.17271,126.930601,2025-12-31
광주광역시 사회재난과,북구 두암동 828-18 ,북구 금녕길 42,1,200만,360도,30일,2024,35.17271,126.930601,2025-12-31
광주광역시 사회재난과,북구 두암동 828-26,북구 금녕길 56,2,200만,360도,30일,2022,35.17412,126.930837,2025-12-31
광주광역시 사회재난과,북구 두암동 831-6,북구 동문대로112번길 94,2,200만,360도,30일,2022,35.174778,126.930125,2025-12-31
광주광역시 사회재난과,북구 두암동 831-6,북구 동문대로112번길 94,1,200만,360도,30일,2022,35.174778,126.930125,2025-12-31
광주광역시 사회재난과,북구 두암동 843-8,북구 동문대로112번길 27,2,200만,360도,30일,2022,35.173539,126.926685,2025-12-31
광주광역시 사회재난과,북구 두암동 843-8,북구 동문대로112번길 27,2,200만,360도,30일,2024,35.173539,126.926685,2025-12-31
광주광역시 사회재난과,북구 두암동 865-14,북구 서방로181번길 39,1,200만,360도,30일,2018,35.170718,126.931869,2025-12-31
광주광역시 사회재난과,북구 두암동 865-14,북구 서방로181번길 39,1,200만,360도,30일,2022,35.170718,126.931869,2025-12-31
광주광역시 사회재난과,북구 두암동 865-14,북구 서방로181번길 39,1,200만,360도,30일,2023,35.170718,126.931869,2025-12-31
광주광역시 사회재난과,북구 두암동 865-14,북구 서방로181번길 39,1,200만,360도,30일,2024,35.170718,126.931869,2025-12-31
광주광역시 사회재난과,북구 두암동 87-1,북구 삼정로 106-1,2,200만,360도,30일,2022,35.171419,126.937365,2025-12-31
광주광역시 사회재난과,북구 두암동 87-1,북구 삼정로 106-1,2,200만,360도,30일,2022,35.171419,126.937365,2025-12-31
광주광역시 사회재난과,북구 두암동 877-14,북구 금녕길 13-1,3,200만,360도,30일,2019,35.170549,126.928681,2025-12-31
광주광역시 사회재난과,북구 두암동 877-14,북구 금녕길 13-1,1,200만,360도,30일,2024,35.170549,126.928681,2025-12-31
광주광역시 사회재난과,북구 두암동 893-33,북구 서방로148번길 9-1,2,200만,360도,30일,2019,35.169073,126.927995,2025-12-31
광주광역시 사회재난과,북구 두암동 893-33,북구 서방로148번길 9-1,1,200만,360도,30일,2022,35.169073,126.927995,2025-12-31
광주광역시 사회재난과,북구 두암동 893-33,북구 서방로148번길 9-1,1,200만,360도,30일,2024,35.169073,126.927995,2025-12-31
광주광역시 사회재난과,북구 두암동 898-15 ,북구 군왕로51번길 40,1,200만,360도,30일,2018,35.167107,126.930289,2025-12-31
광주광역시 사회재난과,북구 두암동 898-15 ,북구 군왕로51번길 40,1,200만,360도,30일,2022,35.167107,126.930289,2025-12-31
광주광역시 사회재난과,북구 두암동 898-15 ,북구 군왕로51번길 40,1,200만,360도,30일,2023,35.167107,126.930289,2025-12-31
광주광역시 사회재난과,북구 두암동 898-15 ,북구 군왕로51번길 40,1,200만,360도,30일,2024,35.167107,126.930289,2025-12-31
광주광역시 사회재난과,북구 두암동 975-5,북구 무진성길32번길 34,1,200만,360도,30일,2022,35.161654,126.939246,2025-12-31
광주광역시 사회재난과,북구 두암동 975-5,북구 무진성길32번길 34,1,200만,360도,30일,2024,35.161654,126.939246,2025-12-31
광주광역시 사회재난과,북구 두암동 985-3,북구 밤실로 162,1,200만,360도,30일,2022,35.162243,126.935377,2025-12-31
광주광역시 사회재난과,북구 두암동 985-3,북구 밤실로 162,1,200만,360도,30일,2024,35.162243,126.935377,2025-12-31
광주광역시 사회재난과,북구 두암동 산60,,1,200만,360도,30일,2024,35.1737,126.935852,2025-12-31
광주광역시 사회재난과,북구 두암동 산60,,1,200만,360도,30일,2022,35.1737,126.935852,2025-12-31
광주광역시 사회재난과,북구 망월동 343-8,북구 석곡로 422,2,200만,360도,30일,2022,35.1975,126.953572,2025-12-31
광주광역시 사회재난과,북구 매곡동 222-5,북구 매곡로86번길 32,1,200만,360도,30일,2018,35.19444,126.892825,2025-12-31
광주광역시 사회재난과,북구 매곡동 222-5,북구 매곡로86번길 32,1,200만,360도,30일,2022,35.19444,126.892825,2025-12-31
광주광역시 사회재난과,북구 매곡동 222-5,북구 매곡로86번길 32,1,200만,360도,30일,2024,35.19444,126.892825,2025-12-31
광주광역시 사회재난과,북구 매곡동 83-3,북구 하서로 110,2,200만,360도,30일,2022,35.19143,126.890835,2025-12-31
광주광역시 사회재난과,북구 문흥동 966-1,북구 대천로157번길 96-1,1,200만,360도,30일,2022,35.190864,126.922892,2025-12-31
광주광역시 사회재난과,북구 문흥동 966-1,북구 대천로157번길 96-1,1,200만,360도,30일,2023,35.190864,126.922892,2025-12-31
광주광역시 사회재난과,북구 문흥동 1000-1,북구 서하로 380,1,200만,360도,30일,2024,35.185683,126.921736,2025-12-31
광주광역시 사회재난과,북구 문흥동 1000-1,북구 서하로 380,3,200만,360도,30일,2021,35.185683,126.921736,2025-12-31
광주광역시 사회재난과,북구 문흥동 1003-6,북구 대천로 121,2,200만,360도,30일,2022,35.185638,126.919917,2025-12-31
광주광역시 사회재난과,북구 문흥동 1007-11,북구 능안로12번길 23,1,200만,360도,30일,2018,35.186277,126.918424,2025-12-31
광주광역시 사회재난과,북구 문흥동 1007-11,북구 능안로12번길 23,1,200만,360도,30일,2022,35.186277,126.918424,2025-12-31
광주광역시 사회재난과,북구 문흥동 1007-11,북구 능안로12번길 23,1,200만,360도,30일,2023,35.186277,126.918424,2025-12-31
광주광역시 사회재난과,북구 문흥동 1007-11,북구 능안로12번길 23,1,200만,360도,30일,2024,35.186277,126.918424,2025-12-31
광주광역시 사회재난과,북구 문흥동 1011-4,북구 천지인로 241,1,200만,360도,30일,2024,35.183048,126.925894,2025-12-31
광주광역시 사회재난과,북구 문흥동 1011-4,북구 천지인로 241,1,200만,360도,30일,2022,35.183048,126.925894,2025-12-31
광주광역시 사회재난과,북구 문흥동 739-1,북구 면앙로44번길 39,1,200만,360도,30일,2020,35.177533,126.916927,2025-12-31
광주광역시 사회재난과,북구 문흥동 739-1,북구 면앙로44번길 39,3,200만,360도,30일,2021,35.177533,126.916927,2025-12-31
광주광역시 사회재난과,북구 문흥동 739-4 ,북구 호동로 63,1,200만,360도,30일,2018,35.177245,126.917963,2025-12-31
광주광역시 사회재난과,북구 문흥동 739-4 ,북구 호동로 63,1,200만,360도,30일,2022,35.177245,126.917963,2025-12-31
광주광역시 사회재난과,북구 문흥동 739-4 ,북구 호동로 63,1,200만,360도,30일,2023,35.177245,126.917963,2025-12-31
광주광역시 사회재난과,북구 문흥동 872-9,북구 문화소통로302번길 17,1,200만,360도,30일,2018,35.181789,126.927015,2025-12-31
광주광역시 사회재난과,북구 문흥동 872-9,북구 문화소통로302번길 17,1,200만,360도,30일,2023,35.181789,126.927015,2025-12-31
광주광역시 사회재난과,북구 문흥동 920-1 앞,,3,200만,360도,30일,2020,35.181001,126.925497,2025-12-31
광주광역시 사회재난과,북구 문흥동 924-2,북구 평교로30번길 6-2,1,200만,360도,30일,2018,35.180019,126.925595,2025-12-31
광주광역시 사회재난과,북구 문흥동 924-2,북구 평교로30번길 6-2,1,200만,360도,30일,2022,35.180019,126.925595,2025-12-31
광주광역시 사회재난과,북구 문흥동 924-2,북구 평교로30번길 6-2,1,200만,360도,30일,2023,35.180019,126.925595,2025-12-31
광주광역시 사회재난과,북구 문흥동 927-7,북구 중문로84번길 67-25,1,200만,360도,30일,2024,35.17955,126.924569,2025-12-31
광주광역시 사회재난과,북구 문흥동 927-7,북구 중문로84번길 67-25,1,200만,360도,30일,2018,35.17955,126.924569,2025-12-31
광주광역시 사회재난과,북구 문흥동 927-7,북구 중문로84번길 67-25,1,200만,360도,30일,2018,35.17955,126.924569,2025-12-31
광주광역시 사회재난과,북구 문흥동 929-8,북구 평교로 17,2,200만,360도,30일,2022,35.179161,126.924788,2025-12-31
광주광역시 사회재난과,북구 문흥동 929-8,북구 평교로 17,2,200만,360도,30일,2024,35.179161,126.924788,2025-12-31
광주광역시 사회재난과,북구 문흥동 934-1,북구 면앙로89번길 58,1,200만,360도,30일,2018,35.1806,126.922893,2025-12-31
광주광역시 사회재난과,북구 문흥동 934-1,북구 면앙로89번길 58,1,200만,360도,30일,2019,35.1806,126.922893,2025-12-31
광주광역시 사회재난과,북구 문흥동 934-1,북구 면앙로89번길 58,1,200만,360도,30일,2023,35.1806,126.922893,2025-12-31
광주광역시 사회재난과,북구 문흥동 963-11,북구 대천로157번길 6,2,200만,360도,30일,2022,35.188465,126.921438,2025-12-31
광주광역시 사회재난과,북구 문흥동 963-11,북구 대천로157번길 6,2,200만,360도,30일,2024,35.188465,126.921438,2025-12-31
광주광역시 사회재난과,북구 문흥동 965-14,북구 대천로157번길 56,2,200만,360도,30일,2022,35.189742,126.92125,2025-12-31
광주광역시 사회재난과,북구 문흥동 965-14,북구 대천로157번길 56,1,200만,360도,30일,2024,35.189742,126.92125,2025-12-31
광주광역시 사회재난과,북구 문흥동 979-1,북구 부남길15번길 46,2,200만,360도,30일,2021,35.189307,126.926738,2025-12-31
광주광역시 사회재난과,북구 문흥동 979-1,북구 부남길15번길 46,1,200만,360도,30일,2024,35.189307,126.926738,2025-12-31
광주광역시 사회재난과,북구 문흥동 984-1,북구 부남길 30,2,200만,360도,30일,2022,35.188648,126.927181,2025-12-31
광주광역시 사회재난과,북구 문흥동 984-1,북구 부남길 30,2,200만,360도,30일,2022,35.188648,126.927181,2025-12-31
광주광역시 사회재난과,북구 본촌동 772-2,,1,200만,360도,30일,2024,35.220667,126.8799,2025-12-31
광주광역시 사회재난과,북구 본촌동 772-2,,1,200만,360도,30일,2018,35.220667,126.8799,2025-12-31
광주광역시 사회재난과,북구 본촌동 772-2,,1,200만,360도,30일,2022,35.220667,126.8799,2025-12-31
광주광역시 사회재난과,북구 북동 25-18,,1,200만,360도,30일,2024,35.155541,126.912162,2025-12-31
광주광역시 사회재난과,북구 북동 25-18,,1,200만,360도,30일,2022,35.155541,126.912162,2025-12-31
광주광역시 사회재난과,북구 북동 25-18,,1,200만,360도,30일,2022,35.155541,126.912162,2025-12-31
광주광역시 사회재난과,북구 북동 90-6,북구 금재로73번길 38,2,200만,360도,30일,2022,35.157387,126.909859,2025-12-31
광주광역시 사회재난과,북구 북동 90-6,북구 금재로73번길 38,1,200만,360도,30일,2024,35.157387,126.909859,2025-12-31
광주광역시 사회재난과,북구 북동 92-41,북구 금재로36번길 19,3,200만,360도,30일,2021,35.156366,126.908531,2025-12-31
광주광역시 사회재난과,북구 북동 92-41,북구 금재로36번길 19,1,200만,360도,30일,2023,35.156366,126.908531,2025-12-31
광주광역시 사회재난과,북구 삼각동 546-2,,1,200만,360도,30일,2022,35.194906,126.898077,2025-12-31
광주광역시 사회재난과,북구 삼각동 546-2,,1,200만,360도,30일,2024,35.194906,126.898077,2025-12-31
광주광역시 사회재난과,북구 삼각동 755-49,북구 설죽로370번길 33,2,200만,360도,30일,2021,35.193834,126.902203,2025-12-31
광주광역시 사회재난과,북구 삼각동 755-49,북구 설죽로370번길 33,1,200만,360도,30일,2024,35.193834,126.902203,2025-12-31
광주광역시 사회재난과,북구 삼각동 817-9,북구 우치로383번길 6,2,200만,360도,30일,2010,35.198701,126.902726,2025-12-31
광주광역시 사회재난과,북구 삼각동 817-9,북구 우치로383번길 6,1,200만,360도,30일,2019,35.198701,126.902726,2025-12-31
광주광역시 사회재난과,북구 수곡동 521-22,,2,200만,360도,30일,2021,35.24594,126.91921,2025-12-31
광주광역시 사회재난과,북구 수곡동 521-22,,1,200만,360도,30일,2022,35.24594,126.91921,2025-12-31
광주광역시 사회재난과,북구 신안동 234-5,북구 들재매길 101,2,200만,360도,30일,2019,35.168666,126.899636,2025-12-31
광주광역시 사회재난과,북구 신안동 234-5,북구 들재매길 101,1,200만,360도,30일,2022,35.168666,126.899636,2025-12-31
광주광역시 사회재난과,북구 신안동 234-5,북구 들재매길 101,1,200만,360도,30일,2023,35.168666,126.899636,2025-12-31
광주광역시 사회재난과,북구 신안동 239-37,북구 서암대로208번길 34,1,200만,360도,30일,2014,35.167609,126.904796,2025-12-31
광주광역시 사회재난과,북구 신안동 239-37,북구 서암대로208번길 34,1,200만,360도,30일,2022,35.167609,126.904796,2025-12-31
광주광역시 사회재난과,북구 신안동 239-37,북구 서암대로208번길 34,1,200만,360도,30일,2024,35.167609,126.904796,2025-12-31
광주광역시 사회재난과,북구 신안동 257-19,북구 신임로32번길 11,2,200만,360도,30일,2018,35.166202,126.899277,2025-12-31
광주광역시 사회재난과,북구 신안동 257-19,북구 신임로32번길 11,1,200만,360도,30일,2023,35.166202,126.899277,2025-12-31
광주광역시 사회재난과,북구 신안동 478-29,북구 서양로 16,1,200만,360도,30일,2022,35.171124,126.903078,2025-12-31
광주광역시 사회재난과,북구 신안동 478-29,북구 서양로 16,1,200만,360도,30일,2023,35.171124,126.903078,2025-12-31
광주광역시 사회재난과,북구 신안동 480-5,북구 서암대로159번길 9,2,200만,360도,30일,2020,35.169913,126.901805,2025-12-31
광주광역시 사회재난과,북구 신안동 482-1,북구 설죽로126번길 26,2,200만,360도,30일,2019,35.171137,126.897829,2025-12-31
광주광역시 사회재난과,북구 신안동 482-1,북구 설죽로126번길 26,1,200만,360도,30일,2022,35.171137,126.897829,2025-12-31
광주광역시 사회재난과,북구 신안동 482-1,북구 설죽로126번길 26,1,200만,360도,30일,2024,35.171137,126.897829,2025-12-31
광주광역시 사회재난과,북구 신안동 650-17,북구 무등로111번길 7,2,200만,360도,30일,2018,35.168125,126.896496,2025-12-31
광주광역시 사회재난과,북구 신안동 650-17,북구 무등로111번길 7,1,200만,360도,30일,2024,35.168125,126.896496,2025-12-31
광주광역시 사회재난과,북구 유동 117-1,,2,200만,360도,30일,2021,35.161628,126.904888,2025-12-31
광주광역시 사회재난과,북구 신안동 764-46,북구 무등로81번길 14,2,200만,360도,30일,2022,35.169117,126.893381,2025-12-31
광주광역시 사회재난과,북구 신안동 764-46,북구 무등로81번길 14,1,200만,360도,30일,2024,35.169117,126.893381,2025-12-31
광주광역시 사회재난과,북구 양산동 1082,북구 연양로117번길 1,1,200만,360도,30일,2020,35.20604,126.880367,2025-12-31
광주광역시 사회재난과,북구 양산동 1082,북구 연양로117번길 1,1,200만,360도,30일,2023,35.20604,126.880367,2025-12-31
광주광역시 사회재난과,북구 양산동 1082,북구 연양로117번길 1,1,200만,360도,30일,2024,35.20604,126.880367,2025-12-31
광주광역시 사회재난과,북구 양산동 209-166,북구 상촌로 16,1,200만,360도,30일,2024,35.212015,126.876376,2025-12-31
광주광역시 사회재난과,북구 양산동 209-166,북구 상촌로 16,2,200만,360도,30일,2021,35.212015,126.876376,2025-12-31
광주광역시 사회재난과,북구 양산동 249-78,북구 임방울대로1042번길 19,1,200만,360도,30일,2018,35.210156,126.870701,2025-12-31
광주광역시 사회재난과,북구 양산동 249-78,북구 임방울대로1042번길 19,1,200만,360도,30일,2022,35.210156,126.870701,2025-12-31
광주광역시 사회재난과,북구 양산동 249-78,북구 임방울대로1042번길 19,1,200만,360도,30일,2023,35.210156,126.870701,2025-12-31
광주광역시 사회재난과,북구 양산동 254-35,북구 효열로 29,1,200만,360도,30일,2024,35.207937,126.871921,2025-12-31
광주광역시 사회재난과,북구 양산동 254-35,북구 효열로 29,1,200만,360도,30일,2018,35.207937,126.871921,2025-12-31
광주광역시 사회재난과,북구 양산동 254-35,북구 효열로 29,1,200만,360도,30일,2019,35.207937,126.871921,2025-12-31
광주광역시 사회재난과,북구 양산동 254-35,북구 효열로 29,1,200만,360도,30일,2020,35.207937,126.871921,2025-12-31
광주광역시 사회재난과,북구 양산동 653,북구 양일로 78,1,200만,360도,30일,2024,35.197681,126.873274,2025-12-31
광주광역시 사회재난과,북구 양산동 653,북구 양일로 78,1,200만,360도,30일,2022,35.197681,126.873274,2025-12-31
광주광역시 사회재난과,북구 양산동 660-98,북구 양산신촌길 24,1,200만,360도,30일,2024,35.198242,126.873552,2025-12-31
광주광역시 사회재난과,북구 양산동 660-98,북구 양산신촌길 24,1,200만,360도,30일,2024,35.198242,126.873552,2025-12-31
광주광역시 사회재난과,북구 양산동 984,,1,200만,360도,30일,2024,35.207747,126.876511,2025-12-31
광주광역시 사회재난과,북구 양산동 984,,3,200만,360도,30일,2021,35.207747,126.876511,2025-12-31
광주광역시 사회재난과,북구 양산동 284-53,북구 하서로339번길 7,2,200만,360도,30일,2022,35.205405,126.872847,2025-12-31
광주광역시 사회재난과,북구 연제동 478-184 ,북구 양산제로137번길 22,1,200만,360도,30일,2024,35.204419,126.870488,2025-12-31
광주광역시 사회재난과,북구 연제동 478-184 ,북구 양산제로137번길 22,2,200만,360도,30일,2019,35.204419,126.870488,2025-12-31
광주광역시 사회재난과,북구 연제동 478-184 ,북구 양산제로137번길 22,1,200만,360도,30일,2022,35.204419,126.870488,2025-12-31
광주광역시 사회재난과,북구 오룡동 1113,북구 임방울대로 877,1,200만,360도,30일,2013,35.220683,126.859047,2025-12-31
광주광역시 사회재난과,북구 오룡동 1113,북구 임방울대로 877,1,200만,360도,30일,2022,35.220683,126.859047,2025-12-31
광주광역시 사회재난과,북구 오치동 1003,북구 서하로194번길 2,1,200만,360도,30일,2018,35.186764,126.901519,2025-12-31
광주광역시 사회재난과,북구 오치동 1003,북구 서하로194번길 2,1,200만,360도,30일,2022,35.186764,126.901519,2025-12-31
광주광역시 사회재난과,북구 오치동 1003,북구 서하로194번길 2,1,200만,360도,30일,2023,35.186764,126.901519,2025-12-31
광주광역시 사회재난과,북구 오치동 1011-9,북구 송월로58번길 7-1,1,200만,360도,30일,2019,35.18891,126.914113,2025-12-31
광주광역시 사회재난과,북구 오치동 1011-9,북구 송월로58번길 7-1,2,200만,360도,30일,2024,35.18891,126.914113,2025-12-31
광주광역시 사회재난과,북구 오치동 1028-15 ,북구 능안로 21,1,200만,360도,30일,2018,35.187235,126.916978,2025-12-31
광주광역시 사회재난과,북구 오치동 1028-15 ,북구 능안로 21,1,200만,360도,30일,2020,35.187235,126.916978,2025-12-31
광주광역시 사회재난과,북구 오치동 1028-15 ,북구 능안로 21,1,200만,360도,30일,2024,35.187235,126.916978,2025-12-31
광주광역시 사회재난과,북구 오치동 1029-6,북구 송월로40번길 33,2,200만,360도,30일,2022,35.187452,126.915016,2025-12-31
광주광역시 사회재난과,북구 오치동 862-37,,2,200만,360도,30일,2022,35.189505,126.9008,2025-12-31
광주광역시 사회재난과,북구 오치동 862-37,,1,200만,360도,30일,2024,35.189505,126.9008,2025-12-31
광주광역시 사회재난과,북구 오치동 883-13,북구 안산로 33,1,200만,360도,30일,2018,35.190456,126.901972,2025-12-31
광주광역시 사회재난과,북구 오치동 883-13,북구 안산로 33,1,200만,360도,30일,2022,35.190456,126.901972,2025-12-31
광주광역시 사회재난과,북구 오치동 883-13,북구 안산로 33,1,200만,360도,30일,2023,35.190456,126.901972,2025-12-31
광주광역시 사회재난과,북구 오치동 869-6,북구 천지인로 47-3,1,200만,360도,30일,2022,35.18454,126.903901,2025-12-31
광주광역시 사회재난과,북구 오치동 869-6,북구 천지인로 47-3,1,200만,360도,30일,2024,35.18454,126.903901,2025-12-31
광주광역시 사회재난과,북구 오치동 927-1,,3,200만,360도,30일,2024,35.189439,126.907687,2025-12-31
광주광역시 사회재난과,북구 오치동 962-16,북구 서하로257번길 18,1,200만,360도,30일,2022,35.187758,126.909375,2025-12-31
광주광역시 사회재난과,북구 오치동 962-16,북구 서하로257번길 18,1,200만,360도,30일,2023,35.187758,126.909375,2025-12-31
광주광역시 사회재난과,북구 오치동 962-16,북구 서하로257번길 18,1,200만,360도,30일,2024,35.187758,126.909375,2025-12-31
광주광역시 사회재난과,북구 오치동 963-1,북구 서하로273번길 22,1,200만,360도,30일,2019,35.18827,126.910717,2025-12-31
광주광역시 사회재난과,북구 오치동 963-1,북구 서하로273번길 22,1,200만,360도,30일,2020,35.18827,126.910717,2025-12-31
광주광역시 사회재난과,북구 오치동 963-1,북구 서하로273번길 22,1,200만,360도,30일,2023,35.18827,126.910717,2025-12-31
광주광역시 사회재난과,북구 오치동 966-14,북구 서하로274번길 10,2,200만,360도,30일,2022,35.186489,126.910248,2025-12-31
광주광역시 사회재난과,북구 오치동 966-14,북구 서하로274번길 10,2,200만,360도,30일,2022,35.186489,126.910248,2025-12-31
광주광역시 사회재난과,북구 오치동 968-21,북구 우치로238번길 10,2,200만,360도,30일,2022,35.186268,126.905745,2025-12-31
광주광역시 사회재난과,북구 오치동 968-21,북구 우치로238번길 10,1,200만,360도,30일,2024,35.186268,126.905745,2025-12-31
광주광역시 사회재난과,북구 오치동 985-9,북구 천지인로115번길 1,1,200만,360도,30일,2019,35.184036,126.911325,2025-12-31
광주광역시 사회재난과,북구 오치동 985-9,북구 천지인로115번길 1,1,200만,360도,30일,2023,35.184036,126.911325,2025-12-31
광주광역시 사회재난과,북구 오치동 985-9,북구 천지인로115번길 1,1,200만,360도,30일,2024,35.184036,126.911325,2025-12-31
광주광역시 사회재난과,북구 오치동 996-22,북구 문화소통로108번길 65,2,200만,360도,30일,2022,35.18166,126.907671,2025-12-31
광주광역시 사회재난과,북구 오치동 996-22,북구 문화소통로108번길 65,1,200만,360도,30일,2024,35.18166,126.907671,2025-12-31
광주광역시 사회재난과,북구 용두동 333-19,북구 하서로423번길 16,2,200만,360도,30일,2024,35.212863,126.873804,2025-12-31
광주광역시 사회재난과,북구 용두동 334-6,북구 거진길 15,2,200만,360도,30일,2022,35.214287,126.873238,2025-12-31
광주광역시 사회재난과,북구 용두동 334-6,북구 거진길 15,1,200만,360도,30일,2024,35.214287,126.873238,2025-12-31
광주광역시 사회재난과,북구 용봉동 1199-16,북구 용주로40번길 87,2,200만,360도,30일,2019,35.182167,126.90661,2025-12-31
광주광역시 사회재난과,북구 용봉동 1199-16,북구 용주로40번길 87,1,200만,360도,30일,2019,35.182167,126.90661,2025-12-31
광주광역시 사회재난과,북구 용봉동 1199-16,북구 용주로40번길 87,1,200만,360도,30일,2024,35.182167,126.90661,2025-12-31
광주광역시 사회재난과,북구 용봉동 1225-2,북구 용주로30번길 16,2,200만,360도,30일,2019,35.181029,126.901557,2025-12-31
광주광역시 사회재난과,북구 용봉동 1225-2,북구 용주로30번길 16,1,200만,360도,30일,2022,35.181029,126.901557,2025-12-31
광주광역시 사회재난과,북구 용봉동 1225-2,북구 용주로30번길 16,1,200만,360도,30일,2024,35.181029,126.901557,2025-12-31
광주광역시 사회재난과,북구 용봉동 1230-20,북구 반룡로5번길 43,3,200만,360도,30일,2019,35.180803,126.900293,2025-12-31
광주광역시 사회재난과,북구 용봉동 1230-20,북구 반룡로5번길 43,1,200만,360도,30일,2022,35.180803,126.900293,2025-12-31
광주광역시 사회재난과,북구 용봉동 1230-20,북구 반룡로5번길 43,1,200만,360도,30일,2024,35.180803,126.900293,2025-12-31
광주광역시 사회재난과,북구 용봉동 1231-5,북구 반룡로5번길 15,2,200만,360도,30일,2022,35.180119,126.89898,2025-12-31
광주광역시 사회재난과,북구 용봉동 1244-18,북구 설죽로214번길 81,1,200만,360도,30일,2019,35.178316,126.902305,2025-12-31
광주광역시 사회재난과,북구 용봉동 1244-18,북구 설죽로214번길 81,1,200만,360도,30일,2024,35.178316,126.902305,2025-12-31
광주광역시 사회재난과,북구 용봉동 1251-1,북구 설죽로214번길 60,2,200만,360도,30일,2019,35.178023,126.900715,2025-12-31
광주광역시 사회재난과,북구 용봉동 1251-1,북구 설죽로214번길 60,1,200만,360도,30일,2022,35.178023,126.900715,2025-12-31
광주광역시 사회재난과,북구 용봉동 1251-1,북구 설죽로214번길 60,1,200만,360도,30일,2023,35.178023,126.900715,2025-12-31
광주광역시 사회재난과,북구 용봉동 1253-7,,1,200만,360도,30일,2018,35.177339,126.902127,2025-12-31
광주광역시 사회재난과,북구 용봉동 1253-7,,1,200만,360도,30일,2019,35.177339,126.902127,2025-12-31
광주광역시 사회재난과,북구 용봉동 1253-7,,1,200만,360도,30일,2024,35.177339,126.902127,2025-12-31
광주광역시 사회재난과,북구 용봉동 1403-1,북구 청계로 48,1,200만,360도,30일,2020,35.176965,126.89273,2025-12-31
광주광역시 사회재난과,북구 용봉동 1403-1,북구 청계로 48,2,200만,360도,30일,2024,35.176965,126.89273,2025-12-31
광주광역시 사회재난과,북구 용봉동 149-19,북구 우치로110번길 39,2,200만,360도,30일,2019,35.177493,126.914468,2025-12-31
광주광역시 사회재난과,북구 용봉동 149-19,북구 우치로110번길 39,1,200만,360도,30일,2022,35.177493,126.914468,2025-12-31
광주광역시 사회재난과,북구 용봉동 149-19,북구 우치로110번길 39,1,200만,360도,30일,2024,35.177493,126.914468,2025-12-31
광주광역시 사회재난과,북구 용봉동 149-20,북구 우치로110번길 57,2,200만,360도,30일,2019,35.177447,126.915728,2025-12-31
광주광역시 사회재난과,북구 용봉동 149-20,북구 우치로110번길 57,1,200만,360도,30일,2023,35.177447,126.915728,2025-12-31
광주광역시 사회재난과,북구 용봉동 157-20,북구 호동로43번길 38,3,200만,360도,30일,2019,35.176128,126.9144,2025-12-31
광주광역시 사회재난과,북구 용봉동 157-20,북구 호동로43번길 38,1,200만,360도,30일,2024,35.176128,126.9144,2025-12-31
광주광역시 사회재난과,북구 용봉동 358-9,북구 설죽로202번길 94,2,200만,360도,30일,2022,35.177406,126.902614,2025-12-31
광주광역시 사회재난과,북구 용봉동 18-6,북구 효산로 14,2,200만,360도,30일,2022,35.181691,126.91257,2025-12-31
광주광역시 사회재난과,북구 용봉동 18-6,북구 효산로 14,1,200만,360도,30일,2024,35.181691,126.91257,2025-12-31
광주광역시 사회재난과,북구 용봉동 628-10,북구 설죽로148번길 88,2,200만,360도,30일,2022,35.176145,126.89857,2025-12-31
광주광역시 사회재난과,북구 용봉동 729-2,북구 비엔날레로 72,2,200만,360도,30일,2022,35.177715,126.890323,2025-12-31
광주광역시 사회재난과,북구 용봉동 825-3,북구 설죽로251번길 66,4,200만,360도,30일,2020,35.182194,126.894695,2025-12-31
광주광역시 사회재난과,북구 용봉동 868-2,,1,200만,360도,30일,2019,35.183251,126.892112,2025-12-31
광주광역시 사회재난과,북구 용봉동 868-2,,1,200만,360도,30일,2024,35.183251,126.892112,2025-12-31
광주광역시 사회재난과,북구 용전동 807-2,,2,200만,360도,30일,2022,35.238171,126.895568,2025-12-31
광주광역시 사회재난과,북구 우산동 172-10,,1,200만,360도,30일,2024,35.172485,126.919747,2025-12-31
광주광역시 사회재난과,북구 우산동 189-1,북구 서방로73번길 14,1,200만,360도,30일,2024,35.172626,126.921141,2025-12-31
광주광역시 사회재난과,북구 우산동 191-1,북구 서방로73번길 42-1,1,200만,360도,30일,2022,35.17401,126.921523,2025-12-31
광주광역시 사회재난과,북구 우산동 191-1,북구 서방로73번길 42-1,1,200만,360도,30일,2023,35.17401,126.921523,2025-12-31
광주광역시 사회재난과,북구 우산동 202-22,북구 서방로81번길 56,2,200만,360도,30일,2022,35.173086,126.923617,2025-12-31
광주광역시 사회재난과,북구 우산동 203-1,북구 서방로81번길 88,2,200만,360도,30일,2024,35.174307,126.924469,2025-12-31
광주광역시 사회재난과,북구 우산동 205-1,북구 서방로81번길 102,3,200만,360도,30일,2020,35.175282,126.924655,2025-12-31
광주광역시 사회재난과,북구 중흥동 278-26,북구 서방로 13,1,200만,360도,30일,2018,35.173443,126.914657,2025-12-31
광주광역시 사회재난과,북구 중흥동 278-26,북구 서방로 13,1,200만,360도,30일,2022,35.173443,126.914657,2025-12-31
광주광역시 사회재난과,북구 중흥동 278-26,북구 서방로 13,1,200만,360도,30일,2023,35.173443,126.914657,2025-12-31
광주광역시 사회재난과,북구 우산동 599-7 ,북구 중문로88번길 11-2,1,200만,360도,30일,2018,35.180247,126.92155,2025-12-31
광주광역시 사회재난과,북구 우산동 599-7 ,북구 중문로88번길 11-2,1,200만,360도,30일,2022,35.180247,126.92155,2025-12-31
광주광역시 사회재난과,북구 우산동 599-7 ,북구 중문로88번길 11-2,1,200만,360도,30일,2023,35.180247,126.92155,2025-12-31
광주광역시 사회재난과,북구 우산동 610-1,북구 면앙로79번길 28,1,200만,360도,30일,2023,35.1797,126.920938,2025-12-31
광주광역시 사회재난과,북구 우산동 610-1,북구 면앙로79번길 28,1,200만,360도,30일,2024,35.1797,126.920938,2025-12-31
광주광역시 사회재난과,북구 운암동 885-3,북구 서강로53번길 48-2,2,200만,360도,30일,2022,35.177184,126.87033,2025-12-31
광주광역시 사회재난과,북구 운암동 885-3,북구 서강로53번길 48-2,1,200만,360도,30일,2024,35.177184,126.87033,2025-12-31
광주광역시 사회재난과,북구 운암동 1054-10,북구 서강로 129,1,200만,360도,30일,2013,35.182853,126.874565,2025-12-31
광주광역시 사회재난과,북구 운암동 1054-10,북구 서강로 129,1,200만,360도,30일,2022,35.182853,126.874565,2025-12-31
광주광역시 사회재난과,북구 운암동 1054-10,북구 서강로 129,1,200만,360도,30일,2024,35.182853,126.874565,2025-12-31
광주광역시 사회재난과,북구 운암동 1038-13,,2,200만,360도,30일,2022,35.182356,126.870618,2025-12-31
광주광역시 사회재난과,북구 운암동 1038-13,,2,200만,360도,30일,2024,35.182356,126.870618,2025-12-31
광주광역시 사회재난과,북구 운암동 122-2,북구 운용로 19-7,2,200만,360도,30일,2022,35.175224,126.888452,2025-12-31
광주광역시 사회재난과,북구 운암동 1384,북구 하남대로775번길 16,1,200만,360도,30일,2024,35.172319,126.877755,2025-12-31
광주광역시 사회재난과,북구 운암동 1384,북구 하남대로775번길 16,1,200만,360도,30일,2017,35.172319,126.877755,2025-12-31
광주광역시 사회재난과,북구 운암동 1384,북구 하남대로775번길 16,1,200만,360도,30일,2018,35.172319,126.877755,2025-12-31
광주광역시 사회재난과,북구 운암동 1384,북구 하남대로775번길 16,1,200만,360도,30일,2021,35.172319,126.877755,2025-12-31
광주광역시 사회재난과,북구 운암동 1423,북구 하남대로793번길 14,1,200만,360도,30일,2018,35.17177,126.879642,2025-12-31
광주광역시 사회재난과,북구 운암동 1423,북구 하남대로793번길 14,1,200만,360도,30일,2022,35.17177,126.879642,2025-12-31
광주광역시 사회재난과,북구 운암동 1423,북구 하남대로793번길 14,1,200만,360도,30일,2023,35.17177,126.879642,2025-12-31
광주광역시 사회재난과,북구 운암동 1423,북구 하남대로793번길 14,1,200만,360도,30일,2024,35.17177,126.879642,2025-12-31
광주광역시 사회재난과,북구 운암동 316-10,북구 하서로49번길 28,2,200만,360도,30일,2022,35.180031,126.879433,2025-12-31
광주광역시 사회재난과,북구 운암동 352-15,북구 황계로55번길 8,2,200만,360도,30일,2022,35.177829,126.875604,2025-12-31
광주광역시 사회재난과,북구 운암동 352-15,북구 황계로55번길 8,1,200만,360도,30일,2024,35.177829,126.875604,2025-12-31
광주광역시 사회재난과,북구 운암동 395-16,북구 운신북길 247,1,200만,360도,30일,2013,35.171802,126.886798,2025-12-31
광주광역시 사회재난과,북구 운암동 395-16,북구 운신북길 247,2,200만,360도,30일,2021,35.171802,126.886798,2025-12-31
광주광역시 사회재난과,북구 운암동 395-16,북구 운신북길 247,1,200만,360도,30일,2022,35.171802,126.886798,2025-12-31
광주광역시 사회재난과,북구 운암동 398-1,북구 서암대로30번길 9,1,200만,360도,30일,2018,35.172168,126.88815,2025-12-31
광주광역시 사회재난과,북구 운암동 398-1,북구 서암대로30번길 9,1,200만,360도,30일,2019,35.172168,126.88815,2025-12-31
광주광역시 사회재난과,북구 운암동 398-1,북구 서암대로30번길 9,1,200만,360도,30일,2021,35.172168,126.88815,2025-12-31
광주광역시 사회재난과,북구 운암동 398-1,북구 서암대로30번길 9,1,200만,360도,30일,2024,35.172168,126.88815,2025-12-31
광주광역시 사회재난과,북구 운암동 425-1,북구 운신남길 308-1,1,200만,360도,30일,2018,35.170578,126.891324,2025-12-31
광주광역시 사회재난과,북구 운암동 425-1,북구 운신남길 308-1,1,200만,360도,30일,2021,35.170578,126.891324,2025-12-31
광주광역시 사회재난과,북구 운암동 425-1,북구 운신남길 308-1,1,200만,360도,30일,2024,35.170578,126.891324,2025-12-31
광주광역시 사회재난과,북구 운암동 449-3,북구 대자로106번길 12,2,200만,360도,30일,2024,35.172264,126.883593,2025-12-31
광주광역시 사회재난과,북구 운암동 451-4,북구 죽봉대로 211,1,200만,360도,30일,2019,35.17214,126.883873,2025-12-31
광주광역시 사회재난과,북구 운암동 451-4,북구 죽봉대로 211,1,200만,360도,30일,2022,35.17214,126.883873,2025-12-31
광주광역시 사회재난과,북구 운암동 451-4,북구 죽봉대로 211,1,200만,360도,30일,2024,35.17214,126.883873,2025-12-31
광주광역시 사회재난과,북구 운암동 479-20,북구 북문대로20번길 35,2,200만,360도,30일,2019,35.175535,126.884383,2025-12-31
광주광역시 사회재난과,북구 운암동 479-20,북구 북문대로20번길 35,1,200만,360도,30일,2022,35.175535,126.884383,2025-12-31
광주광역시 사회재난과,북구 운암동 479-20,북구 북문대로20번길 35,1,200만,360도,30일,2023,35.175535,126.884383,2025-12-31
광주광역시 사회재난과,북구 운암동 496-6,북구 서암대로 39,1,200만,360도,30일,2018,35.172852,126.889279,2025-12-31
광주광역시 사회재난과,북구 운암동 496-6,북구 서암대로 39,1,200만,360도,30일,2022,35.172852,126.889279,2025-12-31
광주광역시 사회재난과,북구 운암동 496-6,북구 서암대로 39,1,200만,360도,30일,2024,35.172852,126.889279,2025-12-31
광주광역시 사회재난과,북구 운암동 779-17 ,북구 황계로 9,1,200만,360도,30일,2018,35.173587,126.875943,2025-12-31
광주광역시 사회재난과,북구 운암동 779-17 ,북구 황계로 9,1,200만,360도,30일,2022,35.173587,126.875943,2025-12-31
광주광역시 사회재난과,북구 운암동 779-17 ,북구 황계로 9,1,200만,360도,30일,2023,35.173587,126.875943,2025-12-31
광주광역시 사회재난과,북구 운암동 779-17 ,북구 황계로 9,1,200만,360도,30일,2024,35.173587,126.875943,2025-12-31
광주광역시 사회재난과,북구 운암동 782-1,북구 동운로 182,2,200만,360도,30일,2022,35.173455,126.870498,2025-12-31
광주광역시 사회재난과,북구 운암동 782-1,북구 동운로 182,2,200만,360도,30일,2024,35.173455,126.870498,2025-12-31
광주광역시 사회재난과,북구 운암동 93-27,북구 대자로 77-1,2,200만,360도,30일,2022,35.173282,126.881027,2025-12-31
광주광역시 사회재난과,북구 운암동 93-27,북구 대자로 77-1,2,200만,360도,30일,2024,35.173282,126.881027,2025-12-31
광주광역시 사회재난과,북구 운암동 934-29 ,북구 서강로66번길 25,1,200만,360도,30일,2024,35.177737,126.872583,2025-12-31
광주광역시 사회재난과,북구 운암동 934-29 ,북구 서강로66번길 25,1,200만,360도,30일,2018,35.177737,126.872583,2025-12-31
광주광역시 사회재난과,북구 운암동 934-29 ,북구 서강로66번길 25,1,200만,360도,30일,2022,35.177737,126.872583,2025-12-31
광주광역시 사회재난과,북구 운암동 934-29 ,북구 서강로66번길 25,1,200만,360도,30일,2024,35.177737,126.872583,2025-12-31
광주광역시 사회재난과,북구 운암동 945-1,북구 대자실로 14,1,200만,360도,30일,2018,35.178754,126.873694,2025-12-31
광주광역시 사회재난과,북구 운암동 945-1,북구 대자실로 14,2,200만,360도,30일,2023,35.178754,126.873694,2025-12-31
광주광역시 사회재난과,북구 운암동 945-1,북구 대자실로 14,1,200만,360도,30일,2024,35.178754,126.873694,2025-12-31
광주광역시 사회재난과,북구 운정동 236-1,,1,200만,360도,30일,2018,35.226731,126.945141,2025-12-31
광주광역시 사회재난과,북구 운정동 236-1,,1,200만,360도,30일,2022,35.226731,126.945141,2025-12-31
광주광역시 사회재난과,북구 운정동 236-1,,1,200만,360도,30일,2023,35.226731,126.945141,2025-12-31
광주광역시 사회재난과,북구 운정동 418-1,,2,200만,360도,30일,2022,35.22326,126.94638,2025-12-31
광주광역시 사회재난과,북구 유동 107-5,북구 중가로 43,1,200만,360도,30일,2018,35.160056,126.905372,2025-12-31
광주광역시 사회재난과,북구 유동 107-5,북구 중가로 43,1,200만,360도,30일,2022,35.160056,126.905372,2025-12-31
광주광역시 사회재난과,북구 유동 107-5,북구 중가로 43,1,200만,360도,30일,2024,35.160056,126.905372,2025-12-31
광주광역시 사회재난과,북구 유동 33-16 ,북구 금재로1번길 3,1,200만,360도,30일,2013,35.158186,126.903839,2025-12-31
광주광역시 사회재난과,북구 유동 33-16 ,북구 금재로1번길 3,1,200만,360도,30일,2019,35.158186,126.903839,2025-12-31
광주광역시 사회재난과,북구 유동 33-16 ,북구 금재로1번길 3,1,200만,360도,30일,2024,35.158186,126.903839,2025-12-31
광주광역시 사회재난과,북구 유동 81-1,북구 금남로 61,2,200만,360도,30일,2022,35.158523,126.90311,2025-12-31
광주광역시 사회재난과,북구 일곡동 753-1,,1,200만,360도,30일,2018,35.204791,126.881901,2025-12-31
광주광역시 사회재난과,북구 일곡동 753-1,,1,200만,360도,30일,2022,35.204791,126.881901,2025-12-31
광주광역시 사회재난과,북구 일곡동 753-1,,1,200만,360도,30일,2023,35.204791,126.881901,2025-12-31
광주광역시 사회재난과,북구 일곡동 827-1,북구 송해로 74,1,200만,360도,30일,2019,35.205097,126.899534,2025-12-31
광주광역시 사회재난과,북구 일곡동 827-1,북구 송해로 74,1,200만,360도,30일,2022,35.205097,126.899534,2025-12-31
광주광역시 사회재난과,북구 일곡동 827-1,북구 송해로 74,1,200만,360도,30일,2023,35.205097,126.899534,2025-12-31
광주광역시 사회재난과,북구 일곡동 850-1,북구 일곡택지로 88,1,200만,360도,30일,2019,35.207848,126.894865,2025-12-31
광주광역시 사회재난과,북구 일곡동 850-1,북구 일곡택지로 88,2,200만,360도,30일,2024,35.207848,126.894865,2025-12-31
광주광역시 사회재난과,북구 임동 13-6,북구 중가로 5,1,200만,360도,30일,2013,35.160731,126.901006,2025-12-31
광주광역시 사회재난과,북구 임동 13-6,북구 중가로 5,1,200만,360도,30일,2022,35.160731,126.901006,2025-12-31
광주광역시 사회재난과,북구 임동 13-6,북구 중가로 5,1,200만,360도,30일,2024,35.160731,126.901006,2025-12-31
광주광역시 사회재난과,북구 임동 185-3,북구 서림로81번길 14,1,200만,360도,30일,2014,35.164939,126.896639,2025-12-31
광주광역시 사회재난과,북구 임동 185-3,북구 서림로81번길 14,1,200만,360도,30일,2019,35.164939,126.896639,2025-12-31
광주광역시 사회재난과,북구 임동 185-3,북구 서림로81번길 14,1,200만,360도,30일,2022,35.164939,126.896639,2025-12-31
광주광역시 사회재난과,북구 임동 187-39,북구 경양로63번길 7,1,200만,360도,30일,2018,35.163751,126.899565,2025-12-31
광주광역시 사회재난과,북구 임동 187-39,북구 경양로63번길 7,1,200만,360도,30일,2022,35.163751,126.899565,2025-12-31
광주광역시 사회재난과,북구 임동 187-39,북구 경양로63번길 7,1,200만,360도,30일,2023,35.163751,126.899565,2025-12-31
광주광역시 사회재난과,북구 임동 3-12,,1,200만,360도,30일,2022,35.16193,126.901828,2025-12-31
광주광역시 사회재난과,북구 임동 3-12,,1,200만,360도,30일,2023,35.16193,126.901828,2025-12-31
광주광역시 사회재난과,북구 임동 345,,1,200만,360도,30일,2020,35.169727,126.886987,2025-12-31
광주광역시 사회재난과,북구 임동 345,,1,200만,360도,30일,2020,35.169727,126.886987,2025-12-31
광주광역시 사회재난과,북구 임동 100-12,북구 임동로 5-1,2,200만,360도,30일,2022,35.16165,126.894089,2025-12-31
광주광역시 사회재난과,북구 장등동 50-1,북구 장운길 278,1,200만,360도,30일,2018,35.211688,126.943615,2025-12-31
광주광역시 사회재난과,북구 장등동 50-1,북구 장운길 278,1,200만,360도,30일,2022,35.211688,126.943615,2025-12-31
광주광역시 사회재난과,북구 장등동 50-1,북구 장운길 278,1,200만,360도,30일,2023,35.211688,126.943615,2025-12-31
광주광역시 사회재난과,북구 중흥동 207-7,북구 당뫼로50번길 13-3,1,200만,360도,30일,2024,35.170422,126.91562,2025-12-31
광주광역시 사회재난과,북구 중흥동 207-7,북구 당뫼로50번길 13-3,2,200만,360도,30일,2021,35.170422,126.91562,2025-12-31
광주광역시 사회재난과,북구 중흥동 264-1,북구 서방로39번길 60,2,200만,360도,30일,2019,35.175502,126.918191,2025-12-31
광주광역시 사회재난과,북구 중흥동 264-1,북구 서방로39번길 60,1,200만,360도,30일,2022,35.175502,126.918191,2025-12-31
광주광역시 사회재난과,북구 중흥동 264-1,북구 서방로39번길 60,1,200만,360도,30일,2024,35.175502,126.918191,2025-12-31
광주광역시 사회재난과,북구 중흥동 272-15,북구 서방로19번길 10-3,2,200만,360도,30일,2022,35.173692,126.915618,2025-12-31
광주광역시 사회재난과,북구 동림동 1161-2,북구 동림용산로 12,1,200만,360도,30일,2024,35.188384,126.86941,2025-12-31
광주광역시 사회재난과,북구 동림동 1161-2,북구 동림용산로 12,1,200만,360도,30일,2022,35.188384,126.86941,2025-12-31
광주광역시 사회재난과,북구 중흥동 320-74,북구 용봉로90번길 16,2,200만,360도,30일,2022,35.172104,126.90742,2025-12-31
광주광역시 사회재난과,북구 중흥동 320-74,북구 용봉로90번길 16,1,200만,360도,30일,2024,35.172104,126.90742,2025-12-31
광주광역시 사회재난과,북구 중흥동 327-1,북구 신흥로 32,1,200만,360도,30일,2020,35.170827,126.908079,2025-12-31
광주광역시 사회재난과,북구 중흥동 327-1,북구 신흥로 32,1,200만,360도,30일,2020,35.170827,126.908079,2025-12-31
광주광역시 사회재난과,북구 중흥동 327-1,북구 신흥로 32,1,200만,360도,30일,2021,35.170827,126.908079,2025-12-31
광주광역시 사회재난과,북구 중흥동 327-1,북구 신흥로 32,1,200만,360도,30일,2024,35.170827,126.908079,2025-12-31
광주광역시 사회재난과,북구 중흥동 340-1,북구 우치로27번길 25,1,200만,360도,30일,2024,35.170462,126.9094,2025-12-31
광주광역시 사회재난과,북구 중흥동 340-1,북구 우치로27번길 25,1,200만,360도,30일,2022,35.170462,126.9094,2025-12-31
광주광역시 사회재난과,북구 중흥동 340-1,북구 우치로27번길 25,1,200만,360도,30일,2019,35.170462,126.9094,2025-12-31
광주광역시 사회재난과,북구 중흥동 340-1,북구 우치로27번길 25,1,200만,360도,30일,2021,35.170462,126.9094,2025-12-31
광주광역시 사회재난과,북구 중흥동 362-12,북구 우치로 60,2,200만,360도,30일,2022,35.172382,126.912693,2025-12-31
광주광역시 사회재난과,북구 중흥동 362-12,북구 우치로 60,1,200만,360도,30일,2024,35.172382,126.912693,2025-12-31
광주광역시 사회재난과,북구 중흥동 374-1,북구 서암대로 253-14,1,200만,360도,30일,2019,35.167474,126.911672,2025-12-31
광주광역시 사회재난과,북구 중흥동 374-1,북구 서암대로 253-14,1,200만,360도,30일,2020,35.167474,126.911672,2025-12-31
광주광역시 사회재난과,북구 중흥동 374-1,북구 서암대로 253-14,1,200만,360도,30일,2023,35.167474,126.911672,2025-12-31
광주광역시 사회재난과,북구 중흥동 599-19,북구 당뫼로 8,1,200만,360도,30일,2018,35.167127,126.913568,2025-12-31
광주광역시 사회재난과,북구 중흥동 599-19,북구 당뫼로 8,1,200만,360도,30일,2022,35.167127,126.913568,2025-12-31
광주광역시 사회재난과,북구 중흥동 599-19,북구 당뫼로 8,1,200만,360도,30일,2022,35.167127,126.913568,2025-12-31
광주광역시 사회재난과,북구 중흥동 599-19,북구 당뫼로 8,1,200만,360도,30일,2023,35.167127,126.913568,2025-12-31
광주광역시 사회재난과,북구 중흥동 677-8,북구 중가로113번길 36-10,1,200만,360도,30일,2023,35.159253,126.912169,2025-12-31
광주광역시 사회재난과,북구 중흥동 677-8,북구 중가로113번길 36-10,1,200만,360도,30일,2024,35.159253,126.912169,2025-12-31
광주광역시 사회재난과,북구 중흥동 683-1,북구 중흥로 152,1,200만,360도,30일,2013,35.161908,126.910582,2025-12-31
광주광역시 사회재난과,북구 중흥동 683-1,북구 중흥로 152,2,200만,360도,30일,2019,35.161908,126.910582,2025-12-31
광주광역시 사회재난과,북구 중흥동 689-4,북구 중흥로173번길 15,1,200만,360도,30일,2022,35.162132,126.913049,2025-12-31
광주광역시 사회재난과,북구 중흥동 689-4,북구 중흥로173번길 15,2,200만,360도,30일,2023,35.162132,126.913049,2025-12-31
광주광역시 사회재난과,북구 중흥동 689-4,북구 중흥로173번길 15,1,200만,360도,30일,2024,35.162132,126.913049,2025-12-31
광주광역시 사회재난과,북구 중흥동 695-10,북구 무등로262번길 8,1,200만,360도,30일,2019,35.163049,126.911659,2025-12-31
광주광역시 사회재난과,북구 중흥동 695-10,북구 무등로262번길 8,3,200만,360도,30일,2024,35.163049,126.911659,2025-12-31
광주광역시 사회재난과,북구 중흥동 712-36,북구 경양로 166,1,200만,360도,30일,2022,35.160295,126.909836,2025-12-31
광주광역시 사회재난과,북구 중흥동 712-36,북구 경양로 166,1,200만,360도,30일,2023,35.160295,126.909836,2025-12-31
광주광역시 사회재난과,북구 중흥동 720-6,북구 중가로75번길 9,1,200만,360도,30일,2023,35.159221,126.90841,2025-12-31
광주광역시 사회재난과,북구 중흥동 720-6,북구 중가로75번길 9,3,200만,360도,30일,2024,35.159221,126.90841,2025-12-31
광주광역시 사회재난과,북구 중흥동 747-8,북구 서암대로288번길 18-1,2,200만,360도,30일,2022,35.164905,126.914818,2025-12-31
광주광역시 사회재난과,북구 중흥동 747-8,북구 서암대로288번길 18-1,1,200만,360도,30일,2024,35.164905,126.914818,2025-12-31
광주광역시 사회재난과,북구 청풍동 800,,1,200만,360도,30일,2022,35.173105,126.964829,2025-12-31
광주광역시 사회재난과,북구 청풍동 800,,1,200만,360도,30일,2024,35.173105,126.964829,2025-12-31
광주광역시 사회재난과,북구 청풍동 255-4,,1,200만,360도,30일,2024,35.162008,126.961961,2025-12-31
광주광역시 사회재난과,북구 청풍동 255-4,,1,200만,360도,30일,2018,35.162008,126.961961,2025-12-31
광주광역시 사회재난과,북구 청풍동 255-4,,1,200만,360도,30일,2022,35.162008,126.961961,2025-12-31
광주광역시 사회재난과,북구 충효동 121-7,북구 매봉로 118,1,200만,360도,30일,2013,35.17476,127.009408,2025-12-31
광주광역시 사회재난과,북구 충효동 121-7,북구 매봉로 118,1,200만,360도,30일,2022,35.17476,127.009408,2025-12-31
광주광역시 사회재난과,북구 두암동 875-6,북구 동문대로86번길 94,1,200만,360도,30일,2024,35.170152,126.928433,2025-12-31
광주광역시 사회재난과,북구 두암동 875-6,북구 동문대로86번길 94,1,200만,360도,30일,2018,35.170152,126.928433,2025-12-31
광주광역시 사회재난과,북구 두암동 875-6,북구 동문대로86번길 94,1,200만,360도,30일,2022,35.170152,126.928433,2025-12-31
광주광역시 사회재난과,북구 두암동 875-6,북구 동문대로86번길 94,1,200만,360도,30일,2024,35.170152,126.928433,2025-12-31
광주광역시 사회재난과,북구 풍향동 20-16,,1,200만,360도,30일,2024,35.164161,126.931652,2025-12-31
광주광역시 사회재난과,북구 풍향동 20-16,,2,200만,360도,30일,2021,35.164161,126.931652,2025-12-31
광주광역시 사회재난과,북구 풍향동 20-16,,1,200만,360도,30일,2022,35.164161,126.931652,2025-12-31
광주광역시 사회재난과,북구 풍향동 40-2,북구 군왕로18번길 24,1,200만,360도,30일,2017,35.161834,126.931579,2025-12-31
광주광역시 사회재난과,북구 풍향동 40-2,북구 군왕로18번길 24,1,200만,360도,30일,2022,35.161834,126.931579,2025-12-31
광주광역시 사회재난과,북구 풍향동 40-2,북구 군왕로18번길 24,1,200만,360도,30일,2024,35.161834,126.931579,2025-12-31
광주광역시 사회재난과,북구 풍향동 547-6,북구 두방길 14,3,200만,360도,30일,2019,35.166754,126.922556,2025-12-31
광주광역시 사회재난과,북구 풍향동 547-6,북구 두방길 14,1,200만,360도,30일,2022,35.166754,126.922556,2025-12-31
광주광역시 사회재난과,북구 풍향동 547-6,북구 두방길 14,1,200만,360도,30일,2023,35.166754,126.922556,2025-12-31
광주광역시 사회재난과,북구 풍향동 579-1,북구 군왕로8번길 10,3,200만,360도,30일,2019,35.162382,126.929794,2025-12-31
광주광역시 사회재난과,북구 풍향동 579-1,북구 군왕로8번길 10,1,200만,360도,30일,2024,35.162382,126.929794,2025-12-31
광주광역시 사회재난과,북구 풍향동 596-6,북구 동문대로10번길 67,2,200만,360도,30일,2022,35.16493,126.922979,2025-12-31
광주광역시 사회재난과,북구 풍향동 599-25,북구 필문대로 23,2,200만,360도,30일,2022,35.164612,126.920991,2025-12-31
광주광역시 사회재난과,북구 풍향동 599-25,북구 필문대로 23,1,200만,360도,30일,2024,35.164612,126.920991,2025-12-31
광주광역시 사회재난과,북구 효령동 산60-6,,1,200만,360도,30일,2018,35.230282,126.920832,2025-12-31
광주광역시 사회재난과,북구 효령동 산60-6,,1,200만,360도,30일,2022,35.230282,126.920832,2025-12-31
광주광역시 사회재난과,북구 효령동 산60-6,,1,200만,360도,30일,2023,35.230282,126.920832,2025-12-31
광주광역시 사회재난과,북구 삼각동 394-3,,1,200만,360도,30일,2022,35.207046,126.905993,2025-12-31
광주광역시 사회재난과,북구 삼각동 394-3,,1,200만,360도,30일,2024,35.207046,126.905993,2025-12-31
광주광역시 사회재난과,북구 중흥동 751-16,북구 독립로367번길 56,1,200만,360도,30일,2022,35.164045,126.912617,2025-12-31
광주광역시 사회재난과,북구 중흥동 751-16,북구 독립로367번길 56,1,200만,360도,30일,2023,35.164045,126.912617,2025-12-31
광주광역시 사회재난과,북구 두암동 31-5,,1,200만,360도,30일,2024,35.176537,126.93895,2025-12-31
광주광역시 사회재난과,북구 두암동 31-5,,1,200만,360도,30일,2021,35.176537,126.93895,2025-12-31
광주광역시 사회재난과,북구 신용동 486-5,북구 임방울대로 991,1,200만,360도,30일,2015,35.214179,126.865851,2025-12-31
광주광역시 사회재난과,북구 신용동 486-5,북구 임방울대로 991,1,200만,360도,30일,2019,35.214179,126.865851,2025-12-31
광주광역시 사회재난과,북구 신용동 486-5,북구 임방울대로 991,1,200만,360도,30일,2023,35.214179,126.865851,2025-12-31
광주광역시 사회재난과,북구 삼각동 397-7,,1,200만,360도,30일,2022,35.206568,126.908573,2025-12-31
광주광역시 사회재난과,북구 삼각동 397-7,,1,200만,360도,30일,2024,35.206568,126.908573,2025-12-31
광주광역시 사회재난과,북구 삼각동 397-7,,1,200만,360도,30일,2025,35.206568,126.908573,2025-12-31
광주광역시 사회재난과,북구 삼각동 285,북구 우치로422번길 32,1,200만,360도,30일,2015,35.205742,126.903214,2025-12-31
광주광역시 사회재난과,북구 삼각동 285,북구 우치로422번길 32,1,200만,360도,30일,2022,35.205742,126.903214,2025-12-31
광주광역시 사회재난과,북구 두암동 산164,북구 무등로 689-7,1,200만,360도,30일,2016,35.159553,126.944776,2025-12-31
광주광역시 사회재난과,북구 두암동 산164,북구 무등로 689-7,1,200만,360도,30일,2019,35.159553,126.944776,2025-12-31
광주광역시 사회재난과,북구 용봉동 252-4,북구 용봉로 87,1,200만,360도,30일,2016,35.17271,126.9069,2025-12-31
광주광역시 사회재난과,북구 용봉동 252-4,북구 용봉로 87,1,200만,360도,30일,2018,35.17271,126.9069,2025-12-31
광주광역시 사회재난과,북구 장등동 산231-1,,1,200만,360도,30일,2024,35.205014,126.931879,2025-12-31
광주광역시 사회재난과,북구 장등동 산231-1,,2,200만,360도,30일,2018,35.205014,126.931879,2025-12-31
광주광역시 사회재난과,북구 생용동 59-1,,1,200만,360도,30일,2016,35.224436,126.901946,2025-12-31
광주광역시 사회재난과,북구 생용동 59-1,,1,200만,360도,30일,2018,35.224436,126.901946,2025-12-31
광주광역시 사회재난과,북구 생용동 59-1,,1,200만,360도,30일,2024,35.224436,126.901946,2025-12-31
광주광역시 사회재난과,북구 생용동 475-3,,2,200만,360도,30일,2018,35.233232,126.904409,2025-12-31
광주광역시 사회재난과,북구 생용동 475-3,,1,200만,360도,30일,2021,35.233232,126.904409,2025-12-31
광주광역시 사회재난과,북구 용전동 440-4 ,북구 하서로 818,1,200만,360도,30일,2016,35.242281,126.897949,2025-12-31
광주광역시 사회재난과,북구 용전동 440-4 ,북구 하서로 818,3,200만,360도,30일,2019,35.242281,126.897949,2025-12-31
광주광역시 사회재난과,북구 월출동 488-2,,1,200만,360도,30일,2016,35.241757,126.872261,2025-12-31
광주광역시 사회재난과,북구 월출동 488-2,,1,200만,360도,30일,2019,35.241757,126.872261,2025-12-31
광주광역시 사회재난과,북구 월출동 560-8,,1,200만,360도,30일,2016,35.238562,126.869964,2025-12-31
광주광역시 사회재난과,북구 월출동 560-8,,2,200만,360도,30일,2018,35.238562,126.869964,2025-12-31
광주광역시 사회재난과,북구 임동 140-16,북구 중흥로7번길 29,1,200만,360도,30일,2016,35.166837,126.89473,2025-12-31
광주광역시 사회재난과,북구 임동 140-16,북구 중흥로7번길 29,2,200만,360도,30일,2018,35.166837,126.89473,2025-12-31
광주광역시 사회재난과,북구 운암동 1031-4,,1,200만,360도,30일,2016,35.180715,126.87291,2025-12-31
광주광역시 사회재난과,북구 운암동 1031-4,,1,200만,360도,30일,2018,35.180715,126.87291,2025-12-31
광주광역시 사회재난과,북구 운암동 1031-4,,1,200만,360도,30일,2024,35.180715,126.87291,2025-12-31
광주광역시 사회재난과,북구 중흥동 279-49,북구 호동로 6,1,200만,360도,30일,2016,35.174572,126.913484,2025-12-31
광주광역시 사회재난과,북구 중흥동 279-49,북구 호동로 6,2,200만,360도,30일,2019,35.174572,126.913484,2025-12-31
광주광역시 사회재난과,북구 문흥동 942-5,북구 호동로75번길 20,1,200만,360도,30일,2016,35.178598,126.916868,2025-12-31
광주광역시 사회재난과,북구 문흥동 942-5,북구 호동로75번길 20,3,200만,360도,30일,2019,35.178598,126.916868,2025-12-31
광주광역시 사회재난과,북구 중흥동 337-31,북구 용봉로126번길 17-1,1,200만,360도,30일,2016,35.171973,126.910187,2025-12-31
광주광역시 사회재난과,북구 중흥동 337-31,북구 용봉로126번길 17-1,3,200만,360도,30일,2019,35.171973,126.910187,2025-12-31
광주광역시 사회재난과,북구 운암동 128-1,북구 금호로 74,1,200만,360도,30일,2016,35.17541,126.886887,2025-12-31
광주광역시 사회재난과,북구 운암동 128-1,북구 금호로 74,1,200만,360도,30일,2019,35.17541,126.886887,2025-12-31
광주광역시 사회재난과,북구 운암동 885-42,북구 서강로 55,1,200만,360도,30일,2016,35.176618,126.870852,2025-12-31
광주광역시 사회재난과,북구 운암동 885-42,북구 서강로 55,2,200만,360도,30일,2019,35.176618,126.870852,2025-12-31
광주광역시 사회재난과,북구 두암동 904-46,북구 군왕로 74,1,200만,360도,30일,2016,35.167708,126.932745,2025-12-31
광주광역시 사회재난과,북구 두암동 904-46,북구 군왕로 74,3,200만,360도,30일,2019,35.167708,126.932745,2025-12-31
광주광역시 사회재난과,북구 두암동 882-3,북구 서방로107번길 29,1,200만,360도,30일,2016,35.171721,126.925037,2025-12-31
광주광역시 사회재난과,북구 두암동 882-3,북구 서방로107번길 29,1,200만,360도,30일,2019,35.171721,126.925037,2025-12-31
광주광역시 사회재난과,북구 용봉동 1049,북구 비엔날레로93번길 32,1,200만,360도,30일,2016,35.180623,126.887988,2025-12-31
광주광역시 사회재난과,북구 용봉동 1049,북구 비엔날레로93번길 32,3,200만,360도,30일,2020,35.180623,126.887988,2025-12-31
광주광역시 사회재난과,북구 용봉동 624-9,북구 설죽로148번길 63,1,200만,360도,30일,2016,35.17521,126.897572,2025-12-31
광주광역시 사회재난과,북구 용봉동 624-9,북구 설죽로148번길 63,2,200만,360도,30일,2019,35.17521,126.897572,2025-12-31
광주광역시 사회재난과,북구 일곡동 911-3,북구 일곡마을로 121,1,200만,360도,30일,2016,35.207262,126.889948,2025-12-31
광주광역시 사회재난과,북구 일곡동 911-3,북구 일곡마을로 121,3,200만,360도,30일,2019,35.207262,126.889948,2025-12-31
광주광역시 사회재난과,북구 오치동 1024-1,북구 신촌로 16,1,200만,360도,30일,2016,35.188595,126.912221,2025-12-31
광주광역시 사회재난과,북구 오치동 1024-1,북구 신촌로 16,3,200만,360도,30일,2019,35.188595,126.912221,2025-12-31
광주광역시 사회재난과,북구 중흥동 645-1,북구 무등로 281-4,1,200만,360도,30일,2016,35.163422,126.914213,2025-12-31
광주광역시 사회재난과,북구 중흥동 645-1,북구 무등로 281-4,2,200만,360도,30일,2019,35.163422,126.914213,2025-12-31
광주광역시 사회재난과,북구 본촌동 3073,북구 양산택지로 74,1,200만,360도,30일,2017,35.21249,126.8812,2025-12-31
광주광역시 사회재난과,북구 본촌동 3073,북구 양산택지로 74,2,200만,360도,30일,2019,35.21249,126.8812,2025-12-31
광주광역시 사회재난과,북구 연제동 1009,북구 양일로 52-1,1,200만,360도,30일,2016,35.195949,126.870554,2025-12-31
광주광역시 사회재난과,북구 연제동 1009,북구 양일로 52-1,2,200만,360도,30일,2020,35.195949,126.870554,2025-12-31
광주광역시 사회재난과,북구 임동 135-12,북구 중흥로 5,1,200만,360도,30일,2016,35.165553,126.895366,2025-12-31
광주광역시 사회재난과,북구 임동 135-12,북구 중흥로 5,2,200만,360도,30일,2019,35.165553,126.895366,2025-12-31
광주광역시 사회재난과,북구 임동 186-2,북구 자동차로47번길 83,1,200만,360도,30일,2016,35.164335,126.896867,2025-12-31
광주광역시 사회재난과,북구 임동 186-2,북구 자동차로47번길 83,1,200만,360도,30일,2019,35.164335,126.896867,2025-12-31
광주광역시 사회재난과,북구 두암동 319-10,북구 군왕로51번길 9,2,200만,360도,30일,2016,35.166411,126.931467,2025-12-31
광주광역시 사회재난과,북구 지야동 809-10,,1,200만,360도,30일,2016,35.229523,126.892451,2025-12-31
광주광역시 사회재난과,북구 지야동 809-10,,3,200만,360도,30일,2020,35.229523,126.892451,2025-12-31
광주광역시 사회재난과,북구 두암동 601-1,북구 참판로 204-1,1,200만,360도,30일,2016,35.175942,126.934345,2025-12-31
광주광역시 사회재난과,북구 두암동 601-1,북구 참판로 204-1,3,200만,360도,30일,2019,35.175942,126.934345,2025-12-31
광주광역시 사회재난과,북구 임동 153-6,북구 서림로 25,1,200만,360도,30일,2016,35.167493,126.891336,2025-12-31
광주광역시 사회재난과,북구 임동 153-6,북구 서림로 25,3,200만,360도,30일,2019,35.167493,126.891336,2025-12-31
광주광역시 사회재난과,북구 신안동 234-1,북구 서암대로132번길 13,1,200만,360도,30일,2016,35.169384,126.898536,2025-12-31
광주광역시 사회재난과,북구 신안동 234-1,북구 서암대로132번길 13,3,200만,360도,30일,2019,35.169384,126.898536,2025-12-31
광주광역시 사회재난과,북구 중흥동 326-11 ,북구 신흥로 8,2,200만,360도,30일,2019,35.168792,126.907062,2025-12-31
광주광역시 사회재난과,북구 중흥동 326-11 ,북구 신흥로 8,1,200만,360도,30일,2023,35.168792,126.907062,2025-12-31
광주광역시 사회재난과,북구 중흥동 802-20,북구 서암대로289번길 21,1,200만,360도,30일,2016,35.166881,126.915685,2025-12-31
광주광역시 사회재난과,북구 중흥동 802-20,북구 서암대로289번길 21,2,200만,360도,30일,2019,35.166881,126.915685,2025-12-31
광주광역시 사회재난과,북구 유동 8-9,북구 경열로 216,1,200만,360도,30일,2016,35.158309,126.906758,2025-12-31
광주광역시 사회재난과,북구 유동 8-9,북구 경열로 216,2,200만,360도,30일,2019,35.158309,126.906758,2025-12-31
광주광역시 사회재난과,북구 문흥동 992-7,북구 문산로62번길 11,1,200만,360도,30일,2016,35.186326,126.925359,2025-12-31
광주광역시 사회재난과,북구 문흥동 992-7,북구 문산로62번길 11,2,200만,360도,30일,2019,35.186326,126.925359,2025-12-31
광주광역시 사회재난과,북구 우산동 201-12,북구 동문대로111번길 37,1,200만,360도,30일,2016,35.173765,126.923365,2025-12-31
광주광역시 사회재난과,북구 우산동 201-12,북구 동문대로111번길 37,2,200만,360도,30일,2019,35.173765,126.923365,2025-12-31
광주광역시 사회재난과,북구 우산동 196-1,북구 서방로73번길 92,1,200만,360도,30일,2016,35.176001,126.922313,2025-12-31
광주광역시 사회재난과,북구 우산동 196-1,북구 서방로73번길 92,2,200만,360도,30일,2019,35.176001,126.922313,2025-12-31
광주광역시 사회재난과,북구 두암동 917-10,북구 삼정소로길 30,1,200만,360도,30일,2016,35.171269,126.937016,2025-12-31
광주광역시 사회재난과,북구 두암동 917-10,북구 삼정소로길 30,1,200만,360도,30일,2019,35.171269,126.937016,2025-12-31
광주광역시 사회재난과,북구 풍향동 600-1,북구 풍동길 26-2,1,200만,360도,30일,2016,35.165933,126.922442,2025-12-31
광주광역시 사회재난과,북구 풍향동 600-1,북구 풍동길 26-2,3,200만,360도,30일,2019,35.165933,126.922442,2025-12-31
광주광역시 사회재난과,북구 각화동 586,북구 각화대로 93,1,200만,360도,30일,2016,35.179166,126.940283,2025-12-31
광주광역시 사회재난과,북구 각화동 586,북구 각화대로 93,2,200만,360도,30일,2019,35.179166,126.940283,2025-12-31
광주광역시 사회재난과,북구 문흥동 947-2,북구 능안로30번길 6,1,200만,360도,30일,2016,35.188036,126.917564,2025-12-31
광주광역시 사회재난과,북구 문흥동 947-2,북구 능안로30번길 6,2,200만,360도,30일,2019,35.188036,126.917564,2025-12-31
광주광역시 사회재난과,북구 문흥동 787-1,북구 면앙로31번길 10,1,200만,360도,30일,2016,35.182246,126.916986,2025-12-31
광주광역시 사회재난과,북구 문흥동 787-1,북구 면앙로31번길 10,2,200만,360도,30일,2020,35.182246,126.916986,2025-12-31
광주광역시 사회재난과,북구 장등동 240-1,,1,200만,360도,30일,2016,35.214486,126.933221,2025-12-31
광주광역시 사회재난과,북구 장등동 240-1,,3,200만,360도,30일,2019,35.214486,126.933221,2025-12-31
광주광역시 사회재난과,북구 용봉동 1209-12,북구 용주로30번길 64,1,200만,360도,30일,2017,35.180653,126.904186,2025-12-31
광주광역시 사회재난과,북구 용봉동 1209-12,북구 용주로30번길 64,2,200만,360도,30일,2020,35.180653,126.904186,2025-12-31
광주광역시 사회재난과,북구 각화동 46-1,,1,200만,360도,30일,2017,35.183963,126.940806,2025-12-31
광주광역시 사회재난과,북구 각화동 46-1,,2,200만,360도,30일,2020,35.183963,126.940806,2025-12-31
광주광역시 사회재난과,북구 임동 192-1,북구 중흥로 52,2,200만,360도,30일,2017,35.164715,126.899945,2025-12-31
광주광역시 사회재난과,북구 임동 192-1,북구 중흥로 52,2,200만,360도,30일,2019,35.164715,126.899945,2025-12-31
광주광역시 사회재난과,북구 운암동 68,북구 황계로 34,2,200만,360도,30일,2017,35.17472,126.8759,2025-12-31
광주광역시 사회재난과,북구 운암동 68,북구 황계로 34,1,200만,360도,30일,2020,35.17472,126.8759,2025-12-31
광주광역시 사회재난과,북구 운암동 945-1,북구 대자실로 14,2,200만,360도,30일,2017,35.178027,126.873689,2025-12-31
광주광역시 사회재난과,북구 운암동 945-1,북구 대자실로 14,1,200만,360도,30일,2024,35.178027,126.873689,2025-12-31
광주광역시 사회재난과,북구 삼각동 524,북구 설죽로389번길 69,2,200만,360도,30일,2017,35.195902,126.898859,2025-12-31
광주광역시 사회재난과,북구 삼각동 524,북구 설죽로389번길 69,1,200만,360도,30일,2024,35.195902,126.898859,2025-12-31
광주광역시 사회재난과,북구 두암동 857-1,북구 금녕길61번길 71,1,200만,360도,30일,2017,35.17288,126.927845,2025-12-31
광주광역시 사회재난과,북구 두암동 857-1,북구 금녕길61번길 71,1,200만,360도,30일,2019,35.17288,126.927845,2025-12-31
광주광역시 사회재난과,북구 두암동 857-1,북구 금녕길61번길 71,1,200만,360도,30일,2019,35.17288,126.927845,2025-12-31
광주광역시 사회재난과,북구 두암동 857-1,북구 금녕길61번길 71,1,200만,360도,30일,2025,35.17288,126.927845,2025-12-31
광주광역시 사회재난과,북구 두암동 904-13,북구 참판로 115,2,200만,360도,30일,2017,35.167953,126.93355,2025-12-31
광주광역시 사회재난과,북구 우산동 3-20,북구 평교로18번길 53-1,2,200만,360도,30일,2017,35.178308,126.927753,2025-12-31
광주광역시 사회재난과,북구 우산동 3-20,북구 평교로18번길 53-1,1,200만,360도,30일,2024,35.178308,126.927753,2025-12-31
광주광역시 사회재난과,북구 용봉동 609-21,북구 설죽로148번길 30,2,200만,360도,30일,2017,35.173644,126.897179,2025-12-31
광주광역시 사회재난과,북구 중흥동 644-24,북구 독립로375번길 3,2,200만,360도,30일,2017,35.164228,126.915234,2025-12-31
광주광역시 사회재난과,북구 중흥동 648-10,북구 독립로349번길 6,2,200만,360도,30일,2017,35.162023,126.914282,2025-12-31
광주광역시 사회재난과,북구 양산동 254-12,북구 효열로29번길 21,2,200만,360도,30일,2017,35.209131,126.872178,2025-12-31
광주광역시 사회재난과,북구 양산동 254-12,북구 효열로29번길 21,2,200만,360도,30일,2019,35.209131,126.872178,2025-12-31
광주광역시 사회재난과,북구 운암동 400-22,북구 운신북길 297,2,200만,360도,30일,2017,35.171292,126.889368,2025-12-31
광주광역시 사회재난과,북구 운암동 400-22,북구 운신북길 297,1,200만,360도,30일,2024,35.171292,126.889368,2025-12-31
광주광역시 사회재난과,북구 용강동 196-13,북구 용강마을길 97,2,200만,360도,30일,2017,35.252812,126.917415,2025-12-31
광주광역시 사회재난과,북구 매곡동 119-15,,2,200만,360도,30일,2017,35.191133,126.895617,2025-12-31
광주광역시 사회재난과,북구 연제동 217-10,북구 양일1로 50,2,200만,360도,30일,2017,35.195013,126.868699,2025-12-31
광주광역시 사회재난과,북구 신안동 211-23,북구 서양로41번길 13,2,200만,360도,30일,2017,35.170895,126.90608,2025-12-31
광주광역시 사회재난과,북구 신안동 211-23,북구 서양로41번길 13,1,200만,360도,30일,2024,35.170895,126.90608,2025-12-31
광주광역시 사회재난과,북구 두암동 811-9,북구 두방길 69-2,2,200만,360도,30일,2017,35.166616,126.928677,2025-12-31
광주광역시 사회재난과,북구 문흥동 949-16,북구 대천로139번길 46,2,200만,360도,30일,2017,35.187656,126.918784,2025-12-31
광주광역시 사회재난과,북구 동림동 1157-1,북구 동림용산로 7,1,200만,360도,30일,2022,35.187722,126.868007,2025-12-31
광주광역시 사회재난과,북구 동림동 1157-1,북구 동림용산로 7,1,200만,360도,30일,2024,35.187722,126.868007,2025-12-31
광주광역시 사회재난과,북구 동림동 1158-1,북구 동림용산로 30,1,200만,360도,30일,2018,35.188068,126.867905,2025-12-31
광주광역시 사회재난과,북구 동림동 1158-1,북구 동림용산로 30,2,200만,360도,30일,2024,35.188068,126.867905,2025-12-31
광주광역시 사회재난과,북구 동림동 138-1,,1,200만,360도,30일,2024,35.188944,126.862917,2025-12-31
광주광역시 사회재난과,북구 동림동 138-1,,1,200만,360도,30일,2022,35.188944,126.862917,2025-12-31
광주광역시 사회재난과,북구 동림동 235,북구 유림로160번길 15,1,200만,360도,30일,2017,35.176288,126.86572,2025-12-31
광주광역시 사회재난과,북구 동림동 235,북구 유림로160번길 15,1,200만,360도,30일,2024,35.176288,126.86572,2025-12-31
광주광역시 사회재난과,북구 두암동 828-1,북구 군왕로 135,1,200만,360도,30일,2013,35.173602,126.932699,2025-12-31
광주광역시 사회재난과,북구 두암동 828-1,북구 군왕로 135,1,200만,360도,30일,2022,35.173602,126.932699,2025-12-31
광주광역시 사회재난과,북구 두암동 385-2 ,북구 참판로 138,3,200만,360도,30일,2020,35.169959,126.933522,2025-12-31
광주광역시 사회재난과,북구 두암동 564-7,북구 평교로30번길 55,1,200만,360도,30일,2024,35.179285,126.928091,2025-12-31
광주광역시 사회재난과,북구 두암동 564-7,북구 평교로30번길 55,2,200만,360도,30일,2024,35.179285,126.928091,2025-12-31
광주광역시 사회재난과,북구 두암동 588-5,북구 군왕로171번길 10-7,1,200만,360도,30일,2013,35.17679,126.933112,2025-12-31
광주광역시 사회재난과,북구 두암동 588-5,북구 군왕로171번길 10-7,1,200만,360도,30일,2022,35.17679,126.933112,2025-12-31
광주광역시 사회재난과,북구 두암동 588-5,북구 군왕로171번길 10-7,1,200만,360도,30일,2024,35.17679,126.933112,2025-12-31
광주광역시 사회재난과,북구 두암동 854-8,북구 서방로181번길 43,1,200만,360도,30일,2022,35.170889,126.931103,2025-12-31
광주광역시 사회재난과,북구 두암동 854-8,북구 서방로181번길 43,1,200만,360도,30일,2023,35.170889,126.931103,2025-12-31
광주광역시 사회재난과,북구 두암동 854-8,북구 서방로181번길 43,1,200만,360도,30일,2024,35.170889,126.931103,2025-12-31
광주광역시 사회재난과,북구 두암동 865-28,북구 군왕로93번길 24,2,200만,360도,30일,2014,35.169568,126.931127,2025-12-31
광주광역시 사회재난과,북구 두암동 865-28,북구 군왕로93번길 24,2,200만,360도,30일,2020,35.169568,126.931127,2025-12-31
광주광역시 사회재난과,북구 두암동 890-4,북구 서방로148번길 18,1,200만,360도,30일,2022,35.168696,126.927877,2025-12-31
광주광역시 사회재난과,북구 두암동 890-4,북구 서방로148번길 18,1,200만,360도,30일,2024,35.168696,126.927877,2025-12-31
광주광역시 사회재난과,북구 두암동 936-2,북구 삼정로 83,2,200만,360도,30일,2025,35.1695,126.937224,2025-12-31
광주광역시 사회재난과,북구 두암동 950,북구 삼정로95번길 27,1,200만,360도,30일,2018,35.170551,126.935858,2025-12-31
광주광역시 사회재난과,북구 두암동 950,북구 삼정로95번길 27,1,200만,360도,30일,2024,35.170551,126.935858,2025-12-31
광주광역시 사회재난과,북구 두암동 951,북구 삼정로82번길 13-4,1,200만,360도,30일,2021,35.169404,126.938302,2025-12-31
광주광역시 사회재난과,북구 두암동 951,북구 삼정로82번길 13-4,2,200만,360도,30일,2024,35.169404,126.938302,2025-12-31
광주광역시 사회재난과,북구 두암동 952,북구 삼정로 71-1,1,200만,360도,30일,2021,35.168478,126.935664,2025-12-31
광주광역시 사회재난과,북구 두암동 952,북구 삼정로 71-1,1,200만,360도,30일,2024,35.168478,126.935664,2025-12-31
광주광역시 사회재난과,북구 두암동 967-2,북구 밤실로208번길 55,1,200만,360도,30일,2022,35.165585,126.935652,2025-12-31
광주광역시 사회재난과,북구 두암동 967-2,북구 밤실로208번길 55,1,200만,360도,30일,2024,35.165585,126.935652,2025-12-31
광주광역시 사회재난과,북구 두암동 968-5,북구 삼정로 7,1,200만,360도,30일,2020,35.164673,126.935649,2025-12-31
광주광역시 사회재난과,북구 두암동 968-5,북구 삼정로 7,1,200만,360도,30일,2021,35.164673,126.935649,2025-12-31
광주광역시 사회재난과,북구 두암동 969-10,북구 삼정로 64,1,200만,360도,30일,2022,35.167435,126.937469,2025-12-31
광주광역시 사회재난과,북구 두암동 969-10,북구 삼정로 64,1,200만,360도,30일,2024,35.167435,126.937469,2025-12-31
광주광역시 사회재난과,북구 두암동 969-4,북구 삼정로 36,2,200만,360도,30일,2024,35.165174,126.937184,2025-12-31
광주광역시 사회재난과,북구 두암동 969-9,북구 갈마로 73,1,200만,360도,30일,2023,35.161972,126.938588,2025-12-31
광주광역시 사회재난과,북구 두암동 969-9,북구 갈마로 73,1,200만,360도,30일,2025,35.161972,126.938588,2025-12-31
광주광역시 사회재난과,북구 매곡동 206-1,북구 초당로 25,1,200만,360도,30일,2010,35.193829,126.894782,2025-12-31
광주광역시 사회재난과,북구 매곡동 206-1,북구 초당로 25,1,200만,360도,30일,2022,35.193829,126.894782,2025-12-31
광주광역시 사회재난과,북구 매곡동 369-8,,1,200만,360도,30일,2022,35.188085,126.88937,2025-12-31
광주광역시 사회재난과,북구 매곡동 369-8,,1,200만,360도,30일,2024,35.188085,126.88937,2025-12-31
광주광역시 사회재난과,북구 문흥동 1004-7,북구 대천로 119-1,1,200만,360도,30일,2013,35.185646,126.91925,2025-12-31
광주광역시 사회재난과,북구 문흥동 1004-7,북구 대천로 119-1,1,200만,360도,30일,2023,35.185646,126.91925,2025-12-31
광주광역시 사회재난과,북구 문흥동 1009-1,북구 대천로 86,1,200만,360도,30일,2020,35.185,126.915598,2025-12-31
광주광역시 사회재난과,북구 문흥동 1009-1,북구 대천로 86,2,200만,360도,30일,2020,35.185,126.915598,2025-12-31
광주광역시 사회재난과,북구 문흥동 1009-1,북구 대천로 86,1,200만,360도,30일,2022,35.184988,126.913227,2025-12-31
광주광역시 사회재난과,북구 문흥동 1009-1,북구 대천로 86,1,200만,360도,30일,2023,35.184988,126.913227,2025-12-31
광주광역시 사회재난과,북구 문흥동 1010-3,북구 문산로 27-7,2,200만,360도,30일,2024,35.184567,126.921246,2025-12-31
광주광역시 사회재난과,북구 문흥동 1011-4,북구 천지인로 241,1,200만,360도,30일,2019,35.182784,126.92482,2025-12-31
광주광역시 사회재난과,북구 문흥동 1011-4,북구 천지인로 241,1,200만,360도,30일,2024,35.182784,126.92482,2025-12-31
광주광역시 사회재난과,북구 문흥동 1011-6,북구 문산로 4,1,200만,360도,30일,2024,35.182326,126.920864,2025-12-31
광주광역시 사회재난과,북구 문흥동 1011-6,북구 문산로 4,1,200만,360도,30일,2025,35.182326,126.920864,2025-12-31
광주광역시 사회재난과,북구 문흥동 1009-1 ,북구 대천로 86,1,200만,360도,30일,2013,35.183307,126.915978,2025-12-31
광주광역시 사회재난과,북구 문흥동 1009-1 ,북구 대천로 86,1,200만,360도,30일,2023,35.183307,126.915978,2025-12-31
광주광역시 사회재난과,북구 문흥동 787-7,북구 문화소통로 214,2,200만,360도,30일,2023,35.180628,126.91674,2025-12-31
광주광역시 사회재난과,북구 문흥동 955-1,북구 서하로355번길 12,1,200만,360도,30일,2019,35.187159,126.920224,2025-12-31
광주광역시 사회재난과,북구 문흥동 955-1,북구 서하로355번길 12,1,200만,360도,30일,2023,35.187159,126.920224,2025-12-31
광주광역시 사회재난과,북구 문흥동 970-1,북구 대천로157번길 73,1,200만,360도,30일,2022,35.190817,126.921326,2025-12-31
광주광역시 사회재난과,북구 문흥동 970-1,북구 대천로157번길 73,1,200만,360도,30일,2023,35.190817,126.921326,2025-12-31
광주광역시 사회재난과,북구 문흥동 972-2,북구 대천로 186,1,200만,360도,30일,2024,35.190024,126.923848,2025-12-31
광주광역시 사회재난과,북구 문흥동 972-2,북구 대천로 186,1,200만,360도,30일,2025,35.190024,126.923848,2025-12-31
광주광역시 사회재난과,북구 두암동 931-7,북구 삼정로66번길 59,1,200만,360도,30일,2020,35.169778,126.939085,2025-12-31
광주광역시 사회재난과,북구 두암동 931-7,북구 삼정로66번길 59,1,200만,360도,30일,2024,35.169778,126.939085,2025-12-31
광주광역시 사회재난과,북구 문흥동 993-1,북구 부남길8번길 10,1,200만,360도,30일,2022,35.18655,126.926187,2025-12-31
광주광역시 사회재난과,북구 문흥동 993-1,북구 부남길8번길 10,1,200만,360도,30일,2024,35.18655,126.926187,2025-12-31
광주광역시 사회재난과,북구 문흥동 995-4,북구 서하로 407,1,200만,360도,30일,2014,35.184222,126.924338,2025-12-31
광주광역시 사회재난과,북구 문흥동 995-4,북구 서하로 407,1,200만,360도,30일,2024,35.184222,126.924338,2025-12-31
광주광역시 사회재난과,북구 문흥동 995-4,북구 서하로 407,1,200만,360도,30일,2025,35.184222,126.924338,2025-12-31
광주광역시 사회재난과,북구 문흥동 996-4,북구 문산로 43-8,1,200만,360도,30일,2020,35.186352,126.922336,2025-12-31
광주광역시 사회재난과,북구 문흥동 996-4,북구 문산로 43-8,1,200만,360도,30일,2023,35.186352,126.922336,2025-12-31
광주광역시 사회재난과,북구 문흥동 996-4,북구 문산로 43-8,1,200만,360도,30일,2024,35.186352,126.922336,2025-12-31
광주광역시 사회재난과,북구 본촌동 2999,북구 본촌택지로30번길 22,2,200만,360도,30일,2020,35.215203,126.882299,2025-12-31
광주광역시 사회재난과,북구 본촌동 2999,북구 본촌택지로30번길 22,1,200만,360도,30일,2024,35.215203,126.882299,2025-12-31
광주광역시 사회재난과,북구 북동 102,북구 금남로 99,1,200만,360도,30일,2024,35.156894,126.906313,2025-12-31
광주광역시 사회재난과,북구 북동 102,북구 금남로 99,1,200만,360도,30일,2025,35.156894,126.906313,2025-12-31
광주광역시 사회재난과,북구 북동 94-11,북구 금재로36번길 11,1,200만,360도,30일,2022,35.15666,126.908104,2025-12-31
광주광역시 사회재난과,북구 북동 94-11,북구 금재로36번길 11,1,200만,360도,30일,2023,35.15666,126.908104,2025-12-31
광주광역시 사회재난과,북구 북동 94-11,북구 금재로36번길 11,1,200만,360도,30일,2024,35.15666,126.908104,2025-12-31
광주광역시 사회재난과,북구 삼각동 777-2,,1,200만,360도,30일,2021,35.200983,126.897338,2025-12-31
광주광역시 사회재난과,북구 삼각동 777-2,,1,200만,360도,30일,2022,35.200983,126.897338,2025-12-31
광주광역시 사회재난과,북구 삼각동 777-2,,1,200만,360도,30일,2023,35.200983,126.897338,2025-12-31
광주광역시 사회재난과,북구 삼각동 792-1,북구 설죽로 439,3,200만,360도,30일,2021,35.198838,126.899558,2025-12-31
광주광역시 사회재난과,북구 삼각동 809-9,,1,200만,360도,30일,2022,35.201001,126.901224,2025-12-31
광주광역시 사회재난과,북구 삼각동 809-9,,1,200만,360도,30일,2024,35.201001,126.901224,2025-12-31
광주광역시 사회재난과,북구 삼각동 810-5,북구 송해로40번길 8-31,2,200만,360도,30일,2022,35.200514,126.901548,2025-12-31
광주광역시 사회재난과,북구 삼각동 810-5,북구 송해로40번길 8-31,1,200만,360도,30일,2024,35.200514,126.901548,2025-12-31
광주광역시 사회재난과,북구 수곡동 365-2,북구 하서로1000번길 13,1,200만,360도,30일,2018,35.244301,126.917712,2025-12-31
광주광역시 사회재난과,북구 수곡동 365-2,북구 하서로1000번길 13,1,200만,360도,30일,2024,35.244301,126.917712,2025-12-31
광주광역시 사회재난과,북구 신안동 148,북구 자동차로48번길 34,1,200만,360도,30일,2024,35.16269,126.903553,2025-12-31
광주광역시 사회재난과,북구 신안동 148,북구 자동차로48번길 34,2,200만,360도,30일,2021,35.16269,126.903553,2025-12-31
광주광역시 사회재난과,북구 신안동 235-4,,2,200만,360도,30일,2021,35.168632,126.901375,2025-12-31
광주광역시 사회재난과,북구 신안동 235-4,,2,200만,360도,30일,2023,35.168632,126.901375,2025-12-31
광주광역시 사회재난과,북구 신용동 470-4,,1,200만,360도,30일,2024,35.210137,126.857862,2025-12-31
광주광역시 사회재난과,북구 신용동 470-4,,1,200만,360도,30일,2018,35.210137,126.857862,2025-12-31
광주광역시 사회재난과,북구 임동 92-74,북구 서림로 130,1,200만,360도,30일,2022,35.160761,126.899155,2025-12-31
광주광역시 사회재난과,북구 임동 92-74,북구 서림로 130,2,200만,360도,30일,2023,35.160761,126.899155,2025-12-31
광주광역시 사회재난과,북구 양산동 287-1,북구 양산제로 143,1,200만,360도,30일,2019,35.204721,126.873196,2025-12-31
광주광역시 사회재난과,북구 양산동 287-1,북구 양산제로 143,2,200만,360도,30일,2020,35.204721,126.873196,2025-12-31
광주광역시 사회재난과,북구 양산동 688,북구 하서로229번길 47,1,200만,360도,30일,2013,35.196134,126.873146,2025-12-31
광주광역시 사회재난과,북구 양산동 928,북구 자라봉로63번길 16,1,200만,360도,30일,2016,35.207843,126.880732,2025-12-31
광주광역시 사회재난과,북구 양산동 928,북구 자라봉로63번길 16,1,200만,360도,30일,2020,35.207843,126.880732,2025-12-31
광주광역시 사회재난과,북구 양산동 928,북구 자라봉로63번길 16,2,200만,360도,30일,2020,35.207843,126.880732,2025-12-31
광주광역시 사회재난과,북구 양산동 927,북구 양산택지로34번길 18,1,200만,360도,30일,2022,35.209022,126.881613,2025-12-31
광주광역시 사회재난과,북구 양산동 927,북구 양산택지로34번길 18,1,200만,360도,30일,2024,35.209022,126.881613,2025-12-31
광주광역시 사회재난과,북구 양산동 688,북구 하서로229번길 47,1,200만,360도,30일,2022,35.196246,126.874404,2025-12-31
광주광역시 사회재난과,북구 양산동 688,북구 하서로229번길 47,1,200만,360도,30일,2023,35.196246,126.874404,2025-12-31
광주광역시 사회재난과,북구 오룡동 479-2,북구 앰코로 127,1,200만,360도,30일,2010,35.232808,126.84995,2025-12-31
광주광역시 사회재난과,북구 오룡동 479-2,북구 앰코로 127,1,200만,360도,30일,2020,35.232808,126.84995,2025-12-31
광주광역시 사회재난과,북구 오치동 1045-2 ,북구 송월로30번길 46,2,200만,360도,30일,2022,35.186339,126.91589,2025-12-31
광주광역시 사회재난과,북구 오치동 1045-2 ,북구 송월로30번길 46,1,200만,360도,30일,2024,35.186339,126.91589,2025-12-31
광주광역시 사회재난과,북구 오치동 1046-1,북구 능안로 1,1,200만,360도,30일,2022,35.185787,126.916993,2025-12-31
광주광역시 사회재난과,북구 오치동 1046-1,북구 능안로 1,1,200만,360도,30일,2024,35.185787,126.916993,2025-12-31
광주광역시 사회재난과,북구 오치동 1002,북구 설죽로 290,1,200만,360도,30일,2022,35.185928,126.899691,2025-12-31
광주광역시 사회재난과,북구 오치동 1002,북구 설죽로 290,1,200만,360도,30일,2023,35.185928,126.899691,2025-12-31
광주광역시 사회재난과,북구 오치동 1038-1,북구 대천로 55,1,200만,360도,30일,2022,35.18523,126.912264,2025-12-31
광주광역시 사회재난과,북구 오치동 1038-1,북구 대천로 55,1,200만,360도,30일,2023,35.18523,126.912264,2025-12-31
광주광역시 사회재난과,북구 오치동 1038-1,북구 대천로 55,1,200만,360도,30일,2022,35.186063,126.91305,2025-12-31
광주광역시 사회재난과,북구 오치동 1038-1,북구 대천로 55,1,200만,360도,30일,2023,35.186063,126.91305,2025-12-31
광주광역시 사회재난과,북구 오치동 1038-1,북구 대천로 55,1,200만,360도,30일,2024,35.186063,126.91305,2025-12-31
광주광역시 사회재난과,북구 오치동 866-17,북구 천지인로 59-5,2,200만,360도,30일,2024,35.18477,126.905251,2025-12-31
광주광역시 사회재난과,북구 오치동 946-10,북구 안산로 20-25,2,200만,360도,30일,2022,35.188901,126.903704,2025-12-31
광주광역시 사회재난과,북구 오치동 978-7,북구 우치로228번길 42-10,1,200만,360도,30일,2022,35.18594,126.908015,2025-12-31
광주광역시 사회재난과,북구 오치동 978-7,북구 우치로228번길 42-10,1,200만,360도,30일,2023,35.18594,126.908015,2025-12-31
광주광역시 사회재난과,북구 오치동 978-7,북구 우치로228번길 42-10,1,200만,360도,30일,2024,35.18594,126.908015,2025-12-31
광주광역시 사회재난과,북구 오치동 990-5,북구 대천로 15-4,1,200만,360도,30일,2022,35.185284,126.907955,2025-12-31
광주광역시 사회재난과,북구 오치동 990-5,북구 대천로 15-4,2,200만,360도,30일,2024,35.185284,126.907955,2025-12-31
광주광역시 사회재난과,북구 용봉동 1227-8,,1,200만,360도,30일,2023,35.180149,126.902773,2025-12-31
광주광역시 사회재난과,북구 용봉동 1227-8,,1,200만,360도,30일,2024,35.180149,126.902773,2025-12-31
광주광역시 사회재난과,북구 용봉동 1428-1,북구 용주로 15,1,200만,360도,30일,2022,35.181817,126.899195,2025-12-31
광주광역시 사회재난과,북구 용봉동 1428-1,북구 용주로 15,1,200만,360도,30일,2023,35.181817,126.899195,2025-12-31
광주광역시 사회재난과,북구 용봉동 158-6,북구 우치로100번길 26,1,200만,360도,30일,2022,35.176433,126.914193,2025-12-31
광주광역시 사회재난과,북구 용봉동 158-6,북구 우치로100번길 26,1,200만,360도,30일,2023,35.176433,126.914193,2025-12-31
광주광역시 사회재난과,북구 용봉동 158-6,북구 우치로100번길 26,1,200만,360도,30일,2022,35.176125,126.914248,2025-12-31
광주광역시 사회재난과,북구 용봉동 158-6,북구 우치로100번길 26,1,200만,360도,30일,2023,35.176125,126.914248,2025-12-31
광주광역시 사회재난과,북구 용봉동 721,북구 청계로 33,1,200만,360도,30일,2020,35.175744,126.893208,2025-12-31
광주광역시 사회재난과,북구 용봉동 721,북구 청계로 33,1,200만,360도,30일,2021,35.175744,126.893208,2025-12-31
광주광역시 사회재난과,북구 우산동 177-15,북구 서방로63번길 57,2,200만,360도,30일,2022,35.175024,126.920692,2025-12-31
광주광역시 사회재난과,북구 우산동 177-15,북구 서방로63번길 57,2,200만,360도,30일,2022,35.175024,126.920692,2025-12-31
광주광역시 사회재난과,북구 우산동 228,북구 동문대로 141,2,200만,360도,30일,2024,35.176128,126.926091,2025-12-31
광주광역시 사회재난과,북구 우산동 602-1,북구 중문로84번길 5,2,200만,360도,30일,2023,35.180202,126.921054,2025-12-31
광주광역시 사회재난과,북구 우산동 602-1,북구 중문로84번길 5,1,200만,360도,30일,2024,35.180202,126.921054,2025-12-31
광주광역시 사회재난과,북구 우산동 615,북구 면앙로 99,1,200만,360도,30일,2022,35.177882,126.922718,2025-12-31
광주광역시 사회재난과,북구 우산동 615,북구 면앙로 99,1,200만,360도,30일,2023,35.177882,126.922718,2025-12-31
광주광역시 사회재난과,북구 운암동 782-6,북구 대자로 5,1,200만,360도,30일,2022,35.174122,126.872118,2025-12-31
광주광역시 사회재난과,북구 운암동 782-6,북구 대자로 5,3,200만,360도,30일,2024,35.174122,126.872118,2025-12-31
광주광역시 사회재난과,북구 운암동 263-6,북구 하서로49번길 14,2,200만,360도,30일,2020,35.180715,126.88018,2025-12-31
광주광역시 사회재난과,북구 운암동 418-1,북구 운신남길 224,1,200만,360도,30일,2019,35.171592,126.886816,2025-12-31
광주광역시 사회재난과,북구 운암동 418-1,북구 운신남길 224,1,200만,360도,30일,2022,35.171592,126.886816,2025-12-31
광주광역시 사회재난과,북구 운암동 418-1,북구 운신남길 224,1,200만,360도,30일,2023,35.171592,126.886816,2025-12-31
광주광역시 사회재난과,북구 운암동 444-28,북구 운신북길 113,1,200만,360도,30일,2019,35.17237,126.879635,2025-12-31
광주광역시 사회재난과,북구 운암동 444-28,북구 운신북길 113,1,200만,360도,30일,2022,35.17237,126.879635,2025-12-31
광주광역시 사회재난과,북구 운암동 444-28,북구 운신북길 113,1,200만,360도,30일,2023,35.17237,126.879635,2025-12-31
광주광역시 사회재난과,북구 운암동 484-1,북구 북문대로8번길 21,1,200만,360도,30일,2022,35.175019,126.883918,2025-12-31
광주광역시 사회재난과,북구 운암동 484-1,북구 북문대로8번길 21,1,200만,360도,30일,2023,35.175019,126.883918,2025-12-31
광주광역시 사회재난과,북구 충효동 436-4,,1,200만,360도,30일,2018,35.185159,127.000775,2025-12-31
광주광역시 사회재난과,북구 충효동 436-4,,1,200만,360도,30일,2024,35.185159,127.000775,2025-12-31
광주광역시 사회재난과,북구 운암동 782-6,북구 대자로 5,1,200만,360도,30일,2024,35.17352,126.873276,2025-12-31
광주광역시 사회재난과,북구 운암동 782-6,북구 대자로 5,1,200만,360도,30일,2022,35.17352,126.873276,2025-12-31
광주광역시 사회재난과,북구 운암동 95,북구 북문대로33번길 지하27-11,1,200만,360도,30일,2022,35.173946,126.881628,2025-12-31
광주광역시 사회재난과,북구 운암동 95,북구 북문대로33번길 지하27-11,1,200만,360도,30일,2023,35.173946,126.881628,2025-12-31
광주광역시 사회재난과,북구 운암동 95,북구 북문대로33번길 지하27-11,3,200만,360도,30일,2020,35.17416,126.881258,2025-12-31
광주광역시 사회재난과,북구 운암동 95,북구 북문대로33번길 지하27-11,1,200만,360도,30일,2021,35.17416,126.881258,2025-12-31
광주광역시 사회재난과,북구 일곡동 814-2,북구 소해로 100,1,200만,360도,30일,2018,35.212956,126.897109,2025-12-31
광주광역시 사회재난과,북구 일곡동 814-2,북구 소해로 100,1,200만,360도,30일,2024,35.212956,126.897109,2025-12-31
광주광역시 사회재난과,북구 일곡동 814-5,북구 일곡마을로 187,2,200만,360도,30일,2025,35.210522,126.89483,2025-12-31
광주광역시 사회재난과,북구 일곡동 816-2,,1,200만,360도,30일,2018,35.212719,126.900307,2025-12-31
광주광역시 사회재난과,북구 일곡동 816-2,,1,200만,360도,30일,2023,35.212719,126.900307,2025-12-31
광주광역시 사회재난과,북구 일곡동 820-1,북구 설죽로 530,1,200만,360도,30일,2022,35.207082,126.897724,2025-12-31
광주광역시 사회재난과,북구 일곡동 820-1,북구 설죽로 530,1,200만,360도,30일,2023,35.207082,126.897724,2025-12-31
광주광역시 사회재난과,북구 일곡동 820-2,북구 설죽로 526,1,200만,360도,30일,2023,35.206507,126.897974,2025-12-31
광주광역시 사회재난과,북구 일곡동 820-2,북구 설죽로 526,1,200만,360도,30일,2021,35.20645,126.898376,2025-12-31
광주광역시 사회재난과,북구 일곡동 820-2,북구 설죽로 526,1,200만,360도,30일,2022,35.20645,126.898376,2025-12-31
광주광역시 사회재난과,북구 일곡동 820-2,북구 설죽로 526,1,200만,360도,30일,2023,35.20645,126.898376,2025-12-31
광주광역시 사회재난과,북구 일곡동 820-2,북구 설죽로 526,1,200만,360도,30일,2017,35.205974,126.898017,2025-12-31
광주광역시 사회재난과,북구 일곡동 820-2,북구 설죽로 526,1,200만,360도,30일,2022,35.205974,126.898017,2025-12-31
광주광역시 사회재난과,북구 일곡동 825-1,,2,200만,360도,30일,2021,35.205562,126.899481,2025-12-31
광주광역시 사회재난과,북구 일곡동 825-1,,1,200만,360도,30일,2024,35.205562,126.899481,2025-12-31
광주광역시 사회재난과,북구 일곡동 848-3,북구 양일로 297,2,200만,360도,30일,2021,35.2029,126.896463,2025-12-31
광주광역시 사회재난과,북구 일곡동 848-3,북구 양일로 297,1,200만,360도,30일,2013,35.202558,126.895638,2025-12-31
광주광역시 사회재난과,북구 일곡동 848-3,북구 양일로 297,1,200만,360도,30일,2021,35.202558,126.895638,2025-12-31
광주광역시 사회재난과,북구 일곡동 849-7,북구 일곡마을로 38,1,200만,360도,30일,2024,35.206055,126.896833,2025-12-31
광주광역시 사회재난과,북구 일곡동 849-7,북구 일곡마을로 38,1,200만,360도,30일,2019,35.206055,126.896833,2025-12-31
광주광역시 사회재난과,북구 일곡동 850-1,북구 일곡택지로 88,1,200만,360도,30일,2022,35.209926,126.895006,2025-12-31
광주광역시 사회재난과,북구 일곡동 850-1,북구 일곡택지로 88,1,200만,360도,30일,2023,35.209926,126.895006,2025-12-31
광주광역시 사회재난과,북구 일곡동 850-1,북구 일곡택지로 88,1,200만,360도,30일,2019,35.209993,126.895491,2025-12-31
광주광역시 사회재난과,북구 일곡동 850-1,북구 일곡택지로 88,1,200만,360도,30일,2024,35.209993,126.895491,2025-12-31
광주광역시 사회재난과,북구 일곡동 850-1,북구 일곡택지로 88,1,200만,360도,30일,2022,35.209402,126.895405,2025-12-31
광주광역시 사회재난과,북구 일곡동 850-1,북구 일곡택지로 88,1,200만,360도,30일,2024,35.209402,126.895405,2025-12-31
광주광역시 사회재난과,북구 일곡동 850-1,북구 일곡택지로 88,1,200만,360도,30일,2022,35.209313,126.894706,2025-12-31
광주광역시 사회재난과,북구 일곡동 850-1,북구 일곡택지로 88,1,200만,360도,30일,2024,35.209313,126.894706,2025-12-31
광주광역시 사회재난과,북구 일곡동 857-1,,1,200만,360도,30일,2022,35.211009,126.891767,2025-12-31
광주광역시 사회재난과,북구 일곡동 857-1,,1,200만,360도,30일,2023,35.211009,126.891767,2025-12-31
광주광역시 사회재난과,북구 일곡동 890-1,북구 일곡택지로 45,1,200만,360도,30일,2022,35.206024,126.892868,2025-12-31
광주광역시 사회재난과,북구 일곡동 890-1,북구 일곡택지로 45,1,200만,360도,30일,2023,35.206024,126.892868,2025-12-31
광주광역시 사회재난과,북구 임동 92-1,,1,200만,360도,30일,2024,35.161769,126.897736,2025-12-31
광주광역시 사회재난과,북구 임동 92-1,,2,200만,360도,30일,2021,35.161769,126.897736,2025-12-31
광주광역시 사회재난과,북구 중흥동 347-1,북구 우치로1번길 10,1,200만,360도,30일,2021,35.168131,126.909521,2025-12-31
광주광역시 사회재난과,북구 중흥동 347-1,북구 우치로1번길 10,1,200만,360도,30일,2022,35.168131,126.909521,2025-12-31
광주광역시 사회재난과,북구 중흥동 686-10,북구 중흥로174번길 18,2,200만,360도,30일,2022,35.160535,126.912579,2025-12-31
광주광역시 사회재난과,북구 중흥동 686-10,북구 중흥로174번길 18,1,200만,360도,30일,2024,35.160535,126.912579,2025-12-31
광주광역시 사회재난과,북구 중흥동 714-1,북구 경열로234번길 19,1,200만,360도,30일,2024,35.160206,126.907911,2025-12-31
광주광역시 사회재난과,북구 중흥동 714-1,북구 경열로234번길 19,1,200만,360도,30일,2021,35.160206,126.907911,2025-12-31
광주광역시 사회재난과,북구 지야동 357-2,북구 하서로 637,1,200만,360도,30일,2010,35.231053,126.886362,2025-12-31
광주광역시 사회재난과,북구 지야동 357-2,북구 하서로 637,1,200만,360도,30일,2021,35.231053,126.886362,2025-12-31
광주광역시 사회재난과,북구 충효동 465-5,,3,200만,360도,30일,2020,35.181479,127.002538,2025-12-31
광주광역시 사회재난과,북구 풍향동 1-1,북구 필문대로 55,2,200만,360도,30일,2023,35.163913,126.924679,2025-12-31
광주광역시 사회재난과,북구 풍향동 600-11,북구 동문대로10번길 33,2,200만,360도,30일,2024,35.165257,126.921638,2025-12-31
광주광역시 사회재난과,북구 효령동 283-2,북구 하서로 987,1,200만,360도,30일,2024,35.244865,126.915199,2025-12-31
광주광역시 사회재난과,북구 효령동 283-2,북구 하서로 987,1,200만,360도,30일,2022,35.244865,126.915199,2025-12-31
광주광역시 사회재난과,북구 충효동 918-1,,1,200만,360도,30일,2017,35.18507,126.998316,2025-12-31
광주광역시 사회재난과,북구 충효동 918-1,,1,200만,360도,30일,2023,35.18507,126.998316,2025-12-31
광주광역시 사회재난과,북구 임동 97-62,북구 서림로 102,1,200만,360도,30일,2024,35.162658,126.897299,2025-12-31
광주광역시 사회재난과,북구 임동 97-62,북구 서림로 102,2,200만,360도,30일,2024,35.162658,126.897299,2025-12-31
광주광역시 사회재난과,북구 두암동 833-27,북구 동문대로134번길 55,1,200만,360도,30일,2024,35.173568,126.929363,2025-12-31
광주광역시 사회재난과,북구 두암동 833-27,북구 동문대로134번길 55,1,200만,360도,30일,2019,35.173568,126.929363,2025-12-31
광주광역시 사회재난과,북구 운암동 151-13,,1,200만,360도,30일,2024,35.17697,126.883219,2025-12-31
광주광역시 사회재난과,북구 운암동 151-13,,1,200만,360도,30일,2024,35.17697,126.883219,2025-12-31
광주광역시 사회재난과,북구 운암동 151-13,,1,200만,360도,30일,2024,35.17697,126.883219,2025-12-31
광주광역시 사회재난과,북구 매곡동 138,북구 어매마을길 32-4,1,200만,360도,30일,2014,35.19177,126.894575,2025-12-31
광주광역시 사회재난과,북구 매곡동 138,북구 어매마을길 32-4,1,200만,360도,30일,2024,35.19177,126.894575,2025-12-31
광주광역시 사회재난과,북구 용봉동 1270,북구 문화소통로 186,1,200만,360도,30일,2024,35.182124,126.91435,2025-12-31
광주광역시 사회재난과,북구 용봉동 1270,북구 문화소통로 186,1,200만,360도,30일,2025,35.182124,126.91435,2025-12-31
광주광역시 사회재난과,북구 우산동 631-2,북구 중문로83번길 7-10,1,200만,360도,30일,2020,35.179784,126.919808,2025-12-31
광주광역시 사회재난과,북구 우산동 631-2,북구 중문로83번길 7-10,2,200만,360도,30일,2024,35.179784,126.919808,2025-12-31
광주광역시 사회재난과,북구 문흥동 985-2,북구 부남길26번길 20,2,200만,360도,30일,2024,35.1879,126.927298,2025-12-31
광주광역시 사회재난과,북구 우산동 633-2,북구 중문로 55,1,200만,360도,30일,2024,35.178709,126.918194,2025-12-31
광주광역시 사회재난과,북구 우산동 633-2,북구 중문로 55,1,200만,360도,30일,2024,35.178709,126.918194,2025-12-31
광주광역시 사회재난과,북구 운암동 478-1,북구 북문대로20번길 23,1,200만,360도,30일,2024,35.175676,126.883661,2025-12-31
광주광역시 사회재난과,북구 운암동 478-1,북구 북문대로20번길 23,1,200만,360도,30일,2025,35.175676,126.883661,2025-12-31
광주광역시 사회재난과,북구 오룡동 1-7,북구 삼소로 106,1,200만,360도,30일,2022,35.232863,126.846932,2025-12-31
광주광역시 사회재난과,북구 오룡동 1-7,북구 삼소로 106,1,200만,360도,30일,2024,35.232863,126.846932,2025-12-31
광주광역시 사회재난과,북구 오룡동 1113,북구 추암로 37,1,200만,360도,30일,2015,35.218554,126.85692,2025-12-31
광주광역시 사회재난과,북구 오룡동 1113,북구 추암로 37,1,200만,360도,30일,2024,35.218554,126.85692,2025-12-31
광주광역시 사회재난과,북구 신용동 492-10,,1,200만,360도,30일,2015,35.209943,126.866245,2025-12-31
광주광역시 사회재난과,북구 신용동 492-10,,1,200만,360도,30일,2024,35.209943,126.866245,2025-12-31
광주광역시 사회재난과,북구 신용동 624-58,북구 임방울대로1042번길 29,1,200만,360도,30일,2015,35.209813,126.870437,2025-12-31
광주광역시 사회재난과,북구 신용동 624-58,북구 임방울대로1042번길 29,1,200만,360도,30일,2015,35.209813,126.870437,2025-12-31
광주광역시 사회재난과,북구 오치동 911-5,북구 우치로303번길 46-9,1,200만,360도,30일,2022,35.19142,126.902636,2025-12-31
광주광역시 사회재난과,북구 오치동 911-5,북구 우치로303번길 46-9,1,200만,360도,30일,2024,35.19142,126.902636,2025-12-31
광주광역시 사회재난과,북구 오치동 1006,북구 우치로241번길 45,2,200만,360도,30일,2022,35.186272,126.902765,2025-12-31
광주광역시 사회재난과,북구 오치동 1006,북구 우치로241번길 45,1,200만,360도,30일,2022,35.186272,126.902765,2025-12-31
광주광역시 사회재난과,북구 오치동 972-13,북구 서하로 202-5,1,200만,360도,30일,2024,35.186846,126.902785,2025-12-31
광주광역시 사회재난과,북구 중흥동 288-19,북구 서방로40번길 3,1,200만,360도,30일,2024,35.1725,126.917391,2025-12-31
광주광역시 사회재난과,북구 중흥동 288-19,북구 서방로40번길 3,3,200만,360도,30일,2021,35.1725,126.917391,2025-12-31
광주광역시 사회재난과,북구 신용동 680,북구 첨단연신로107번길 26,1,200만,360도,30일,2024,35.208176,126.861283,2025-12-31
광주광역시 사회재난과,북구 신용동 680,북구 첨단연신로107번길 26,1,200만,360도,30일,2022,35.208176,126.861283,2025-12-31
광주광역시 사회재난과,북구 신안동 471-1,북구 용봉로 12,1,200만,360도,30일,2022,35.171229,126.898377,2025-12-31
광주광역시 사회재난과,북구 신안동 471-1,북구 용봉로 12,1,200만,360도,30일,2024,35.171229,126.898377,2025-12-31
광주광역시 사회재난과,북구 동림동 1147-3,북구 북문대로242번길 11,1,200만,360도,30일,2019,35.188644,126.864767,2025-12-31
광주광역시 사회재난과,북구 동림동 1147-3,북구 북문대로242번길 11,1,200만,360도,30일,2024,35.188644,126.864767,2025-12-31
광주광역시 사회재난과,북구 오치동 981-6,북구 서하로274번길 16,2,200만,360도,30일,2021,35.186117,126.910248,2025-12-31
광주광역시 사회재난과,북구 오치동 981-6,북구 서하로274번길 16,1,200만,360도,30일,2024,35.186117,126.910248,2025-12-31
광주광역시 사회재난과,북구 일곡동 814-1,북구 소해로 94,2,200만,360도,30일,2025,35.213225,126.896987,2025-12-31
광주광역시 사회재난과,북구 문흥동 971-1,북구 대천로 193,2,200만,360도,30일,2024,35.191203,126.924137,2025-12-31
광주광역시 사회재난과,북구 일곡동 480-1,북구 모룡대길 53,2,200만,360도,30일,2025,35.216432,126.895214,2025-12-31
광주광역시 사회재난과,북구 양산동 57-60,북구 양지길31번길 14,2,200만,360도,30일,2024,35.207382,126.881094,2025-12-31
광주광역시 사회재난과,북구 연제동 478-206,북구 연양로28번길 17,1,200만,360도,30일,2015,35.205646,126.870278,2025-12-31
광주광역시 사회재난과,북구 연제동 478-206,북구 연양로28번길 17,1,200만,360도,30일,2024,35.205646,126.870278,2025-12-31
광주광역시 사회재난과,북구 삼각동 672-5,북구 설죽로389번길 36,1,200만,360도,30일,2024,35.194876,126.896328,2025-12-31
광주광역시 사회재난과,북구 삼각동 672-5,북구 설죽로389번길 36,1,200만,360도,30일,2025,35.194876,126.896328,2025-12-31
광주광역시 사회재난과,북구 삼각동 574-9,북구 설죽로418번길 17,1,200만,360도,30일,2024,35.196846,126.901097,2025-12-31
광주광역시 사회재난과,북구 삼각동 574-9,북구 설죽로418번길 17,2,200만,360도,30일,2024,35.196846,126.901097,2025-12-31
광주광역시 사회재난과,북구 두암동 595-5,북구 월동로 67,1,200만,360도,30일,2015,35.177191,126.936529,2025-12-31
광주광역시 사회재난과,북구 두암동 595-5,북구 월동로 67,1,200만,360도,30일,2023,35.177191,126.936529,2025-12-31
광주광역시 사회재난과,북구 본촌동 2849,,1,200만,360도,30일,2024,35.217847,126.87963,2025-12-31
광주광역시 사회재난과,북구 본촌동 2849,,1,200만,360도,30일,2025,35.217847,126.87963,2025-12-31
광주광역시 사회재난과,북구 연제동 1059,북구 첨단연신로29번길 23,1,200만,360도,30일,2015,35.200021,126.861248,2025-12-31
광주광역시 사회재난과,북구 연제동 1059,북구 첨단연신로29번길 23,1,200만,360도,30일,2024,35.200021,126.861248,2025-12-31
광주광역시 사회재난과,북구 일곡동 818-2,,1,200만,360도,30일,2024,35.209722,126.899182,2025-12-31
광주광역시 사회재난과,북구 일곡동 818-2,,2,200만,360도,30일,2025,35.209722,126.899182,2025-12-31
광주광역시 사회재난과,북구 일곡동 278-1,북구 일곡로 45-1,1,200만,360도,30일,2020,35.207848,126.893236,2025-12-31
광주광역시 사회재난과,북구 일곡동 278-1,북구 일곡로 45-1,2,200만,360도,30일,2024,35.207848,126.893236,2025-12-31
광주광역시 사회재난과,북구 일곡동 406-1,북구 일곡로49번길 66,1,200만,360도,30일,2015,35.209932,126.893064,2025-12-31
광주광역시 사회재난과,북구 일곡동 406-1,북구 일곡로49번길 66,2,200만,360도,30일,2024,35.209932,126.893064,2025-12-31
광주광역시 사회재난과,북구 매곡동 산55-19,북구 매곡로69번길 15,1,200만,360도,30일,2015,35.190106,126.891993,2025-12-31
광주광역시 사회재난과,북구 매곡동 산55-19,북구 매곡로69번길 15,1,200만,360도,30일,2024,35.190106,126.891993,2025-12-31
광주광역시 사회재난과,북구 용봉동 1215-7,북구 용주로46번길 15-2,2,200만,360도,30일,2015,35.182198,126.904051,2025-12-31
광주광역시 사회재난과,북구 용봉동 1215-7,북구 용주로46번길 15-2,3,200만,360도,30일,2019,35.182198,126.904051,2025-12-31
광주광역시 사회재난과,북구 삼각동 770-2,,1,200만,360도,30일,2015,35.200279,126.89542,2025-12-31
광주광역시 사회재난과,북구 삼각동 770-2,,1,200만,360도,30일,2024,35.200279,126.89542,2025-12-31
광주광역시 사회재난과,북구 오룡동 1113,북구 추암로 37,1,200만,360도,30일,2024,35.220204,126.858187,2025-12-31
광주광역시 사회재난과,북구 오룡동 1113,북구 추암로 37,1,200만,360도,30일,2020,35.220204,126.858187,2025-12-31
광주광역시 사회재난과,북구 일곡동 140,,1,200만,360도,30일,2024,35.212694,126.8934,2025-12-31
광주광역시 사회재난과,북구 일곡동 470,,1,200만,360도,30일,2024,35.212399,126.892836,2025-12-31
광주광역시 사회재난과,북구 일곡동 470,,1,200만,360도,30일,2016,35.212301,126.892931,2025-12-31
광주광역시 사회재난과,북구 두암동 301-7,북구 삼정로3번길 45,1,200만,360도,30일,2016,35.164638,126.934283,2025-12-31
광주광역시 사회재난과,북구 두암동 301-7,북구 삼정로3번길 45,2,200만,360도,30일,2020,35.164638,126.934283,2025-12-31
광주광역시 사회재난과,북구 신안동 261-25,북구 중흥로 59,1,200만,360도,30일,2016,35.164627,126.900841,2025-12-31
광주광역시 사회재난과,북구 신안동 261-25,북구 중흥로 59,3,200만,360도,30일,2020,35.164627,126.900841,2025-12-31
광주광역시 사회재난과,북구 동림동 37-34,,2,200만,360도,30일,2016,35.18578,126.864479,2025-12-31
광주광역시 사회재난과,북구 문흥동 985-1,북구 부남길 26,1,200만,360도,30일,2016,35.187983,126.926682,2025-12-31
광주광역시 사회재난과,북구 문흥동 985-1,북구 부남길 26,2,200만,360도,30일,2020,35.187983,126.926682,2025-12-31
광주광역시 사회재난과,북구 오치동 944-4,북구 우치로274번길 10,1,200만,360도,30일,2016,35.189406,126.906228,2025-12-31
광주광역시 사회재난과,북구 오치동 944-4,북구 우치로274번길 10,3,200만,360도,30일,2020,35.189406,126.906228,2025-12-31
광주광역시 사회재난과,북구 양산동 164,북구 양산택지로33번길 19,1,200만,360도,30일,2016,35.209674,126.877105,2025-12-31
광주광역시 사회재난과,북구 양산동 164,북구 양산택지로33번길 19,3,200만,360도,30일,2020,35.209674,126.877105,2025-12-31
광주광역시 사회재난과,북구 삼각동 489-3,북구 설죽로436번길 7,1,200만,360도,30일,2016,35.198223,126.900355,2025-12-31
광주광역시 사회재난과,북구 삼각동 489-3,북구 설죽로436번길 7,2,200만,360도,30일,2020,35.198223,126.900355,2025-12-31
광주광역시 사회재난과,북구 매곡동 320-4,,1,200만,360도,30일,2016,35.1901,126.89001,2025-12-31
광주광역시 사회재난과,북구 매곡동 320-4,,2,200만,360도,30일,2020,35.1901,126.89001,2025-12-31
광주광역시 사회재난과,북구 용봉동 1280-4,북구 호동로15번길 91,2,200만,360도,30일,2016,35.179156,126.914261,2025-12-31
광주광역시 사회재난과,북구 용봉동 1280-4,북구 호동로15번길 91,2,200만,360도,30일,2024,35.179156,126.914261,2025-12-31
광주광역시 사회재난과,북구 오치동 917-24,북구 우치로303번길 31,1,200만,360도,30일,2016,35.190997,126.903767,2025-12-31
광주광역시 사회재난과,북구 오치동 917-24,북구 우치로303번길 31,3,200만,360도,30일,2020,35.190997,126.903767,2025-12-31
광주광역시 사회재난과,북구 용봉동 1040,북구 저불로69번길 37,2,200만,360도,30일,2016,35.180851,126.891264,2025-12-31
광주광역시 사회재난과,북구 삼각동 777-1,북구 설죽로471번길 22,1,200만,360도,30일,2016,35.201063,126.896493,2025-12-31
광주광역시 사회재난과,북구 삼각동 777-1,북구 설죽로471번길 22,2,200만,360도,30일,2020,35.201063,126.896493,2025-12-31
광주광역시 사회재난과,북구 연제동 33-46,북구 양산제로 38,2,200만,360도,30일,2016,35.199718,126.871408,2025-12-31
광주광역시 사회재난과,북구 연제동 33-46,북구 양산제로 38,1,200만,360도,30일,2019,35.199718,126.871408,2025-12-31
광주광역시 사회재난과,북구 양산동 765,북구 양산로 57-6,1,200만,360도,30일,2016,35.210813,126.881089,2025-12-31
광주광역시 사회재난과,북구 양산동 765,북구 양산로 57-6,2,200만,360도,30일,2020,35.210813,126.881089,2025-12-31
광주광역시 사회재난과,북구 삼각동 161-1,북구 원삼각길 18,1,200만,360도,30일,2016,35.199612,126.90478,2025-12-31
광주광역시 사회재난과,북구 삼각동 161-1,북구 원삼각길 18,2,200만,360도,30일,2020,35.199612,126.90478,2025-12-31
광주광역시 사회재난과,북구 동림동 255,북구 유림로 155-1,1,200만,360도,30일,2016,35.176458,126.863974,2025-12-31
광주광역시 사회재난과,북구 동림동 255,북구 유림로 155-1,2,200만,360도,30일,2020,35.176458,126.863974,2025-12-31
광주광역시 사회재난과,북구 중흥동 745-7,북구 서암대로 286-1,1,200만,360도,30일,2016,35.165653,126.915006,2025-12-31
광주광역시 사회재난과,북구 중흥동 745-7,북구 서암대로 286-1,2,200만,360도,30일,2020,35.165653,126.915006,2025-12-31
광주광역시 사회재난과,북구 운암동 917-2,북구 서강로67번길 20,1,200만,360도,30일,2016,35.177825,126.870103,2025-12-31
광주광역시 사회재난과,북구 운암동 917-2,북구 서강로67번길 20,2,200만,360도,30일,2020,35.177825,126.870103,2025-12-31
광주광역시 사회재난과,북구 용두동 419,북구 거진길 36,1,200만,360도,30일,2016,35.215574,126.873019,2025-12-31
광주광역시 사회재난과,북구 용두동 419,북구 거진길 36,2,200만,360도,30일,2020,35.215574,126.873019,2025-12-31
광주광역시 사회재난과,북구 용두동 산43-25,,3,200만,360도,30일,2020,35.214986,126.87703,2025-12-31
광주광역시 사회재난과,북구 용두동 산43-25,,1,200만,360도,30일,2024,35.214986,126.87703,2025-12-31
광주광역시 사회재난과,북구 두암동 563-7,북구 면앙로133번길 80,1,200만,360도,30일,2024,35.180526,126.927881,2025-12-31
광주광역시 사회재난과,북구 두암동 563-7,북구 면앙로133번길 80,2,200만,360도,30일,2025,35.180526,126.927881,2025-12-31
광주광역시 사회재난과,북구 일곡동 345,북구 일곡마을로124번길 23-10,1,200만,360도,30일,2016,35.207909,126.89139,2025-12-31
광주광역시 사회재난과,북구 일곡동 345,북구 일곡마을로124번길 23-10,2,200만,360도,30일,2020,35.207909,126.89139,2025-12-31
광주광역시 사회재난과,북구 임동 92-37,북구 서림로 122,1,200만,360도,30일,2016,35.160995,126.898544,2025-12-31
광주광역시 사회재난과,북구 임동 92-37,북구 서림로 122,2,200만,360도,30일,2020,35.160995,126.898544,2025-12-31
광주광역시 사회재난과,북구 용봉동 1368-1,북구 저불로70번길 14,1,200만,360도,30일,2016,35.180151,126.89686,2025-12-31
광주광역시 사회재난과,북구 용봉동 1368-1,북구 저불로70번길 14,3,200만,360도,30일,2019,35.180151,126.89686,2025-12-31
광주광역시 사회재난과,북구 오치동 913-19,,1,200만,360도,30일,2016,35.191247,126.903502,2025-12-31
광주광역시 사회재난과,북구 오치동 913-19,,3,200만,360도,30일,2019,35.191247,126.903502,2025-12-31
광주광역시 사회재난과,북구 두암동 975-6,북구 무진성길 58,2,200만,360도,30일,2019,35.162245,126.939366,2025-12-31
광주광역시 사회재난과,북구 두암동 975-6,북구 무진성길 58,1,200만,360도,30일,2025,35.162245,126.939366,2025-12-31
광주광역시 사회재난과,북구 양산동 209-2,북구 상촌로31번길 1,2,200만,360도,30일,2016,35.211742,126.878107,2025-12-31
광주광역시 사회재난과,북구 양산동 209-2,북구 상촌로31번길 1,1,200만,360도,30일,2019,35.211742,126.878107,2025-12-31
광주광역시 사회재난과,북구 일곡동 919-1,,2,200만,360도,30일,2016,35.20852,126.892522,2025-12-31
광주광역시 사회재난과,북구 용두동 276-2,북구 하서로 437-1,2,200만,360도,30일,2016,35.214009,126.875304,2025-12-31
광주광역시 사회재난과,북구 삼각동 753-52,북구 안산로 85,1,200만,360도,30일,2016,35.19483,126.901756,2025-12-31
광주광역시 사회재난과,북구 삼각동 753-52,북구 안산로 85,3,200만,360도,30일,2021,35.19483,126.901756,2025-12-31
광주광역시 사회재난과,북구 오치동 961-17,북구 서하로257번길 2,2,200만,360도,30일,2016,35.187199,126.908802,2025-12-31
광주광역시 사회재난과,북구 연제동 57-8,북구 연제외촌길 140,2,200만,360도,30일,2016,35.197321,126.869245,2025-12-31
광주광역시 사회재난과,북구 본촌동 3040,북구 양산택지로79번길 24-2,1,200만,360도,30일,2016,35.213883,126.879198,2025-12-31
광주광역시 사회재난과,북구 본촌동 3040,북구 양산택지로79번길 24-2,1,200만,360도,30일,2022,35.213883,126.879198,2025-12-31
광주광역시 사회재난과,북구 본촌동 3040,북구 양산택지로79번길 24-2,1,200만,360도,30일,2024,35.213883,126.879198,2025-12-31
광주광역시 사회재난과,북구 풍향동 20-31,북구 밤실로191번길 30,2,200만,360도,30일,2016,35.163664,126.93206,2025-12-31
광주광역시 사회재난과,북구 우산동 633-5,북구 서방로39번길 68,1,200만,360도,30일,2016,35.175821,126.918481,2025-12-31
광주광역시 사회재난과,북구 우산동 633-5,북구 서방로39번길 68,2,200만,360도,30일,2019,35.175821,126.918481,2025-12-31
광주광역시 사회재난과,북구 동림동 1146-2,,1,200만,360도,30일,2016,35.191564,126.865735,2025-12-31
광주광역시 사회재난과,북구 동림동 1146-2,,2,200만,360도,30일,2019,35.191564,126.865735,2025-12-31
광주광역시 사회재난과,북구 일곡동 917-1,북구 일곡로41번길 16,1,200만,360도,30일,2016,35.208513,126.892759,2025-12-31
광주광역시 사회재난과,북구 일곡동 917-1,북구 일곡로41번길 16,2,200만,360도,30일,2019,35.208513,126.892759,2025-12-31
광주광역시 사회재난과,북구 일곡동 902-1,,1,200만,360도,30일,2016,35.206571,126.891252,2025-12-31
광주광역시 사회재난과,북구 일곡동 902-1,,1,200만,360도,30일,2021,35.206571,126.891252,2025-12-31
광주광역시 사회재난과,북구 용봉동 1363-1,,1,200만,360도,30일,2016,35.179788,126.893649,2025-12-31
광주광역시 사회재난과,북구 용봉동 1363-1,,3,200만,360도,30일,2019,35.179788,126.893649,2025-12-31
광주광역시 사회재난과,북구 두암동 산79-2,,3,200만,360도,30일,2020,35.1696,126.939672,2025-12-31
광주광역시 사회재난과,북구 두암동 산79-2,,1,200만,360도,30일,2025,35.1696,126.939672,2025-12-31
광주광역시 사회재난과,북구 본촌동 2990,,2,200만,360도,30일,2020,35.214966,126.880369,2025-12-31
광주광역시 사회재난과,북구 본촌동 2990,,1,200만,360도,30일,2024,35.214966,126.880369,2025-12-31
광주광역시 사회재난과,북구 본촌동 3080,,1,200만,360도,30일,2024,35.21165,126.884075,2025-12-31
광주광역시 사회재난과,북구 본촌동 3080,,2,200만,360도,30일,2020,35.21165,126.884075,2025-12-31
광주광역시 사회재난과,북구 용봉동 1407-5,,2,200만,360도,30일,2020,35.176063,126.895647,2025-12-31
광주광역시 사회재난과,북구 용봉동 1407-5,,1,200만,360도,30일,2025,35.176063,126.895647,2025-12-31
광주광역시 사회재난과,북구 양산동 837,,1,200만,360도,30일,2016,35.209528,126.876726,2025-12-31
광주광역시 사회재난과,북구 양산동 837,,2,200만,360도,30일,2020,35.209528,126.876726,2025-12-31
광주광역시 사회재난과,북구 양산동 1006,,1,200만,360도,30일,2024,35.207318,126.87813,2025-12-31
광주광역시 사회재난과,북구 양산동 1006,,1,200만,360도,30일,2025,35.207318,126.87813,2025-12-31
광주광역시 사회재난과,북구 신용동 740,,1,200만,360도,30일,2016,35.210498,126.864601,2025-12-31
광주광역시 사회재난과,북구 신용동 740,,1,200만,360도,30일,2024,35.210498,126.864601,2025-12-31
광주광역시 사회재난과,북구 임동 615,,1,200만,360도,30일,2021,35.166934,126.885617,2025-12-31
광주광역시 사회재난과,북구 청풍동 233-3,,1,200만,360도,30일,2013,35.162294,126.961864,2025-12-31
광주광역시 사회재난과,북구 각화동 100,북구 각화대로 103-5,1,200만,360도,30일,2024,35.145793,126.873997,2025-12-31
광주광역시 사회재난과,북구 각화동 산124,,1,200만,360도,30일,2013,35.173663,126.951016,2025-12-31
광주광역시 사회재난과,북구 금곡동 산1-4,,1,200만,360도,30일,2013,35.148259,126.964501,2025-12-31
광주광역시 사회재난과,북구 효령동 산45,,1,200만,360도,30일,2013,35.225373,126.913454,2025-12-31
광주광역시 사회재난과,북구 두암동 979-1,,2,200만,360도,30일,2020,35.161664,126.938503,2025-12-31
광주광역시 사회재난과,북구 망월동 1166-7,,2,200만,360도,30일,2020,35.212185,126.949202,2025-12-31
광주광역시 사회재난과,북구 용전동 1223-39,,3,200만,360도,30일,2020,35.238723,126.892965,2025-12-31
광주광역시 사회재난과,북구 신용동 476-21,북구 임방울대로 953,1,200만,360도,30일,2020,35.215385,126.861695,2025-12-31
광주광역시 사회재난과,북구 신용동 476-21,북구 임방울대로 953,1,200만,360도,30일,2022,35.215385,126.861695,2025-12-31
광주광역시 사회재난과,북구 운암동 179-6,,2,200만,360도,30일,2020,35.181692,126.883042,2025-12-31
광주광역시 사회재난과,북구 월출동 51-4,,2,200만,360도,30일,2020,35.243,126.876012,2025-12-31
광주광역시 사회재난과,북구 삼각동 801-5,북구 송해로39번길 18-9,2,200만,360도,30일,2020,35.202011,126.898942,2025-12-31
광주광역시 사회재난과,북구 중흥동 666-12,,2,200만,360도,30일,2020,35.157366,126.913258,2025-12-31
광주광역시 사회재난과,북구 지야동 777-1,북구 신용산길 306,3,200만,360도,30일,2017,35.237429,126.878438,2025-12-31
광주광역시 사회재난과,북구 본촌동 2999,북구 본촌택지로30번길 22,4,200만,360도,30일,2013,35.215087,126.881574,2025-12-31
광주광역시 사회재난과,북구 신용동 660,북구 첨단연신로 232-6,4,200만,360도,30일,2013,35.210232,126.858325,2025-12-31
광주광역시 사회재난과,북구 신용동 661,북구 첨단연신로 232-10,4,200만,360도,30일,2013,35.210416,126.85729,2025-12-31
광주광역시 사회재난과,북구 신용동 642-1,북구 임방울대로1041번길 25,4,200만,360도,30일,2013,35.214965,126.870865,2025-12-31
광주광역시 사회재난과,북구 양산동 283-1,북구 연양로 33,4,200만,360도,30일,2013,35.207105,126.871568,2025-12-31
광주광역시 사회재난과,북구 양산동 928,북구 자라봉로63번길 16,4,200만,360도,30일,2013,35.208394,126.881308,2025-12-31
광주광역시 사회재난과,북구 양산동 688,북구 하서로229번길 47,4,200만,360도,30일,2013,35.196337,126.873813,2025-12-31
광주광역시 사회재난과,북구 지야동 340,북구 하서로 637,4,200만,360도,30일,2013,35.231339,126.885772,2025-12-31
광주광역시 사회재난과,북구 동림동 1157-1,북구 동림용산로 7,4,200만,360도,30일,2013,35.187278,126.867657,2025-12-31
광주광역시 사회재난과,북구 동림동 235,북구 유림로160번길 15,4,200만,360도,30일,2013,35.176401,126.866472,2025-12-31
광주광역시 사회재난과,북구 운암동 782-6,북구 대자로 5,4,200만,360도,30일,2013,35.173585,126.872765,2025-12-31
광주광역시 사회재난과,북구 운암동 1056-1,북구 서강로 133,4,200만,360도,30일,2013,35.183584,126.874756,2025-12-31
광주광역시 사회재난과,북구 운암동 484-1,북구 북문대로8번길 21,4,200만,360도,30일,2013,35.174945,126.884843,2025-12-31
광주광역시 사회재난과,북구 운암동 1020,북구 서강로 79-10,4,200만,360도,30일,2013,35.18047,126.870865,2025-12-31
광주광역시 사회재난과,북구 두암동 363-5,북구 참판로 130,4,200만,360도,30일,2013,35.169298,126.934204,2025-12-31
광주광역시 사회재난과,북구 두암동 828-1,북구 군왕로 135,4,200만,360도,30일,2013,35.173697,126.931789,2025-12-31
광주광역시 사회재난과,북구 두암동 967-2,북구 밤실로208번길 55,4,200만,360도,30일,2013,35.166183,126.936285,2025-12-31
광주광역시 사회재난과,북구 두암동 800,북구 군왕로51번길 77,4,200만,360도,30일,2013,35.167694,126.927797,2025-12-31
광주광역시 사회재난과,북구 풍향동 1-1,북구 필문대로 55,4,200만,360도,30일,2023,35.164657,126.925812,2025-12-31
광주광역시 사회재난과,북구 각화동 215,북구 각화대로39번길 10,4,200만,360도,30일,2013,35.181987,126.93624,2025-12-31
광주광역시 사회재난과,북구 문흥동 990-1,북구 문산로 66,4,200만,360도,30일,2013,35.187337,126.92534,2025-12-31
광주광역시 사회재난과,북구 문흥동 962-1,북구 대천로169번길 7,4,200만,360도,30일,2013,35.189262,126.921473,2025-12-31
광주광역시 사회재난과,북구 문흥동 1010-5,북구 문산로 17,4,200만,360도,30일,2013,35.183895,126.921138,2025-12-31
광주광역시 사회재난과,북구 문흥동 787-3,북구 면앙로 19,4,200만,360도,30일,2013,35.180777,126.914403,2025-12-31
광주광역시 사회재난과,북구 오치동 1046-1,북구 능안로 7,4,200만,360도,30일,2013,35.186215,126.91638,2025-12-31
광주광역시 사회재난과,북구 오치동 1038-1,북구 대천로 55,4,200만,360도,30일,2013,35.185913,126.912441,2025-12-31
광주광역시 사회재난과,북구 오치동 1046-1,북구 능안로 1,4,200만,360도,30일,2013,35.185375,126.916745,2025-12-31
광주광역시 사회재난과,북구 망월동 895,북구 석곡로 527,4,200만,360도,30일,2013,35.205798,126.95065,2025-12-31
광주광역시 사회재난과,북구 충효동 529-2,북구 충효샘길 14-30,4,200만,360도,30일,2013,35.181374,127.002684,2025-12-31
광주광역시 사회재난과,북구 북동 102,북구 금남로 99,4,200만,360도,30일,2013,35.156787,126.906518,2025-12-31
광주광역시 사회재난과,북구 신안동 235-1,북구 서암대로144번길 11,4,200만,360도,30일,2013,35.169233,126.900749,2025-12-31
광주광역시 사회재난과,북구 임동 8-2,북구 서림로 113,4,200만,360도,30일,2013,35.162834,126.899418,2025-12-31
광주광역시 사회재난과,북구 중흥동 652-1,북구 경양로197번길 25,4,200만,360도,30일,2013,35.160708,126.913149,2025-12-31
광주광역시 사회재난과,북구 중흥동 367-10,북구 서양로 99,4,200만,360도,30일,2013,35.169448,126.912343,2025-12-31
광주광역시 사회재난과,북구 용봉동 1428-1,북구 용주로 15,4,200만,360도,30일,2013,35.181764,126.899311,2025-12-31
광주광역시 사회재난과,북구 용봉동 721,북구 청계로 33,4,200만,360도,30일,2013,35.176281,126.892318,2025-12-31
광주광역시 사회재난과,북구 우산동 168-6,북구 서방로63번길 67,4,200만,360도,30일,2013,35.175905,126.920341,2025-12-31
광주광역시 사회재난과,북구 매곡동 206-1,북구 초당로 25,4,200만,360도,30일,2013,35.194236,126.894416,2025-12-31
광주광역시 사회재난과,북구 매곡동 339,북구 하백로5번길 10,4,200만,360도,30일,2013,35.188507,126.889389,2025-12-31
광주광역시 사회재난과,북구 삼각동 793-1,북구 송해로 21,4,200만,360도,30일,2013,35.200311,126.900424,2025-12-31
광주광역시 사회재난과,북구 오치동 945-1,북구 우치로 263,4,200만,360도,30일,2013,35.188915,126.904231,2025-12-31
광주광역시 사회재난과,북구 오치동 1002,북구 설죽로 290,4,200만,360도,30일,2013,35.185473,126.899322,2025-12-31
광주광역시 사회재난과,북구 일곡동 817-1,북구 설죽로 590,4,200만,360도,30일,2013,35.212039,126.898371,2025-12-31
광주광역시 사회재난과,북구 일곡동 820-1,북구 설죽로 530,4,200만,360도,30일,2013,35.207303,126.898356,2025-12-31
광주광역시 사회재난과,북구 일곡동 890-1,북구 일곡택지로 45,4,200만,360도,30일,2013,35.206216,126.893355,2025-12-31
광주광역시 사회재난과,북구 일곡동 814-5,북구 일곡마을로 187,4,200만,360도,30일,2013,35.211098,126.895016,2025-12-31
광주광역시 사회재난과,북구 효령동 396-4,북구 하서로 985,4,200만,360도,30일,2013,35.246407,126.914016,2025-12-31
광주광역시 사회재난과,북구 우산동 615,북구 면앙로 99,4,200만,360도,30일,2017,35.17887,126.922932,2025-12-31
광주광역시 사회재난과,북구 삼각동 782-1,북구 설죽로471번길 17-1,2,200만,360도,30일,2018,35.200614,126.897311,2025-12-31
광주광역시 사회재난과,북구 삼각동 782-1,북구 설죽로471번길 17-1,1,200만,360도,30일,2024,35.200614,126.897311,2025-12-31
광주광역시 사회재난과,북구 양산동 764,,2,200만,360도,30일,2018,35.210803,126.882651,2025-12-31
광주광역시 사회재난과,북구 운암동 440-10,북구 황계로 2,2,200만,360도,30일,2018,35.172656,126.875708,2025-12-31
광주광역시 사회재난과,북구 운암동 440-10,북구 황계로 2,1,200만,360도,30일,2019,35.172656,126.875708,2025-12-31
광주광역시 사회재난과,북구 유동 106-19,북구 중가로 51,2,200만,360도,30일,2018,35.15935,126.905763,2025-12-31
광주광역시 사회재난과,북구 유동 106-19,북구 중가로 51,1,200만,360도,30일,2024,35.15935,126.905763,2025-12-31
광주광역시 사회재난과,북구 일곡동 823-2,북구 양일로343번길 56,2,200만,360도,30일,2018,35.206011,126.900785,2025-12-31
광주광역시 사회재난과,북구 일곡동 823-2,북구 양일로343번길 56,1,200만,360도,30일,2024,35.206011,126.900785,2025-12-31
광주광역시 사회재난과,북구 두암동 576-1,북구 동문대로204번길 26,2,200만,360도,30일,2018,35.18001,126.931379,2025-12-31
광주광역시 사회재난과,북구 두암동 576-1,북구 동문대로204번길 26,1,200만,360도,30일,2024,35.18001,126.931379,2025-12-31
광주광역시 사회재난과,북구 용봉동 1216-7,북구 용주로40번길19,2,200만,360도,30일,2018,35.181808,126.903315,2025-12-31
광주광역시 사회재난과,북구 용봉동 1216-7,북구 용주로40번길19,1,200만,360도,30일,2024,35.181808,126.903315,2025-12-31
광주광역시 사회재난과,북구 유동 6-23,북구 중가로 74 ,2,200만,360도,30일,2018,35.158697,126.908433,2025-12-31
광주광역시 사회재난과,북구 문흥동 961-1,북구 대천로157번길 59 ,2,200만,360도,30일,2018,35.188964,126.92056,2025-12-31
광주광역시 사회재난과,북구 양산동 1071,북구 자라봉로56번길 17,1,200만,360도,30일,2018,35.206699,126.879641,2025-12-31
광주광역시 사회재난과,북구 양산동 1071,북구 자라봉로56번길 17,1,200만,360도,30일,2022,35.206699,126.879641,2025-12-31
광주광역시 사회재난과,북구 양산동 1071,북구 자라봉로56번길 17,1,200만,360도,30일,2024,35.206699,126.879641,2025-12-31
광주광역시 사회재난과,북구 신용동 476-21,북구 임방울대로 953,4,200만,360도,30일,2018,35.214782,126.863255,2025-12-31
광주광역시 사회재난과,북구 동림동 894-17,북구 하남대로 647,3,200만,360도,30일,2018,35.172191,126.862862,2025-12-31
광주광역시 사회재난과,북구 신용동 742,북구 첨단연신로108번길 86,4,200만,360도,30일,2018,35.21053,126.865921,2025-12-31
광주광역시 사회재난과,북구 풍향동 519-2,북구 동문대로30번길 28,3,200만,360도,30일,2018,35.167176,126.921422,2025-12-31
광주광역시 사회재난과,북구 풍향동 519-2,북구 동문대로30번길 28,1,200만,360도,30일,2016,35.167176,126.921422,2025-12-31
광주광역시 사회재난과,북구 일곡동 820-1,북구 설죽로 530,2,200만,360도,30일,2018,35.207572,126.899164,2025-12-31
광주광역시 사회재난과,북구 일곡동 820-1,북구 설죽로 530,1,200만,360도,30일,2016,35.207572,126.899164,2025-12-31
광주광역시 사회재난과,북구 용봉동 375-3,북구 설죽로214번길 127,1,200만,360도,30일,2018,35.177941,126.904603,2025-12-31
광주광역시 사회재난과,북구 용봉동 375-3,북구 설죽로214번길 127,1,200만,360도,30일,2016,35.177941,126.904603,2025-12-31
광주광역시 사회재난과,북구 매곡동 215-10,북구 어매마을길17번길 10,1,200만,360도,30일,2018,35.119099,126.894451,2025-12-31
광주광역시 사회재난과,북구 매곡동 215-10,북구 어매마을길17번길 10,1,200만,360도,30일,2016,35.119099,126.894451,2025-12-31
광주광역시 사회재난과,북구 두암동 928-8,북구 삼정로88번길 7,1,200만,360도,30일,2018,35.169742,126.937733,2025-12-31
광주광역시 사회재난과,북구 두암동 928-8,북구 삼정로88번길 7,1,200만,360도,30일,2016,35.169742,126.937733,2025-12-31
광주광역시 사회재난과,북구 운암동 93-1,북구 북문대로49번길 45,2,200만,360도,30일,2018,35.173842,126.879708,2025-12-31
광주광역시 사회재난과,북구 운암동 93-1,북구 북문대로49번길 45,1,200만,360도,30일,2016,35.173842,126.879708,2025-12-31
광주광역시 사회재난과,북구 우산동 618-3,북구 동문대로167번길 59-6,2,200만,360도,30일,2018,35.177746,126.92512,2025-12-31
광주광역시 사회재난과,북구 우산동 618-3,북구 동문대로167번길 59-6,1,200만,360도,30일,2016,35.177746,126.92512,2025-12-31
광주광역시 사회재난과,북구 양산동 254-117,북구 효열로35번길 6-1,1,200만,360도,30일,2018,35.208394,126.872843,2025-12-31
광주광역시 사회재난과,북구 양산동 254-117,북구 효열로35번길 6-1,1,200만,360도,30일,2016,35.208394,126.872843,2025-12-31
광주광역시 사회재난과,북구 연제동 478-96,북구 양산제로137번길 40-35,2,200만,360도,30일,2018,35.205517,126.868931,2025-12-31
광주광역시 사회재난과,북구 연제동 478-96,북구 양산제로137번길 40-35,1,200만,360도,30일,2016,35.205517,126.868931,2025-12-31
광주광역시 사회재난과,북구 오치동 1050-1,북구 송월로 1-3,1,200만,360도,30일,2016,35.184178,126.912095,2025-12-31
광주광역시 사회재난과,북구 오치동 1050-1,북구 송월로 1-3,1,200만,360도,30일,2018,35.184178,126.912095,2025-12-31
광주광역시 사회재난과,북구 누문동 100-1,북구 독립로237번길 22,2,200만,360도,30일,2018,35.15376,126.908024,2025-12-31
광주광역시 사회재난과,북구 누문동 100-1,북구 독립로237번길 22,1,200만,360도,30일,2016,35.15376,126.908024,2025-12-31
광주광역시 사회재난과,북구 용봉동 1048-5,북구 비엔날레로93번길 24,3,200만,360도,30일,2018,35.180403,126.88884,2025-12-31
광주광역시 사회재난과,북구 문흥동 919,북구 평교로 42,3,200만,360도,30일,2018,35.181631,126.925374,2025-12-31
광주광역시 사회재난과,북구 삼각동 489-11,북구 설죽로440번길 6,3,200만,360도,30일,2018,35.198474,126.900615,2025-12-31
광주광역시 사회재난과,북구 운암동 841-3,북구 동운로201번길 54,4,200만,360도,30일,2018,35.174679,126.874495,2025-12-31
광주광역시 사회재난과,북구 운암동 1762,북구 서강로 156,3,200만,360도,30일,2018,35.183527,126.877795,2025-12-31
광주광역시 사회재난과,북구 운암동 68,북구 황계로 34,2,200만,360도,30일,2018,35.175637,126.877658,2025-12-31
광주광역시 사회재난과,북구 임동 149-26,북구 무등로88번길 40,3,200만,360도,30일,2018,35.166684,126.892568,2025-12-31
광주광역시 사회재난과,북구 일곡동 268-3,북구 일곡로 45-9,2,200만,360도,30일,2018,35.20843,126.893161,2025-12-31
광주광역시 사회재난과,북구 신용동 624-65,,2,200만,360도,30일,2018,35.208546,126.867696,2025-12-31
광주광역시 사회재난과,북구 연제동 566-5,북구 빛고을대로 522,2,200만,360도,30일,2018,35.208548,126.867694,2025-12-31
광주광역시 사회재난과,북구 신용동 541,북구 임방울대로 1008-7,2,200만,360도,30일,2018,35.212121,126.867514,2025-12-31
광주광역시 사회재난과,북구 신용동 541,북구 임방울대로 1008-7,1,200만,360도,30일,2018,35.212121,126.867514,2025-12-31
광주광역시 사회재난과,북구 문흥동 787-6,북구 호동로 99,2,200만,360도,30일,2018,35.181066,126.918742,2025-12-31
광주광역시 사회재난과,북구 매곡동 46-3,북구 중외길25번길 1,1,200만,360도,30일,2019,35.188731,126.892993,2025-12-31
광주광역시 사회재난과,북구 매곡동 46-3,북구 중외길25번길 1,2,200만,360도,30일,2020,35.188731,126.892993,2025-12-31
광주광역시 사회재난과,북구 용봉동 1204-20,북구 용주로30번길 104-31,1,200만,360도,30일,2019,35.182817,126.905281,2025-12-31
광주광역시 사회재난과,북구 용봉동 1204-20,북구 용주로30번길 104-31,2,200만,360도,30일,2020,35.182817,126.905281,2025-12-31
광주광역시 사회재난과,북구 우산동 228-1,북구 동문대로 141,4,200만,360도,30일,2019,35.175744,126.926208,2025-12-31
광주광역시 사회재난과,북구 동림동 1159-1,북구 동림용산로 12-15,3,200만,360도,30일,2019,35.188696,126.868847,2025-12-31
광주광역시 사회재난과,북구 신안동 353-16,북구 서암대로90번길 15,3,200만,360도,30일,2019,35.170701,126.893563,2025-12-31
광주광역시 사회재난과,북구 신안동 262-28,북구 무등로164번길 24-12,2,200만,360도,30일,2019,35.165266,126.90057,2025-12-31
광주광역시 사회재난과,북구 중흥동 687-3,북구 중흥로174번길 2,4,200만,360도,30일,2019,35.161293,126.9129,2025-12-31
광주광역시 사회재난과,북구 임동 13-9,북구 중가로3번길 20,3,200만,360도,30일,2019,35.161581,126.901356,2025-12-31
광주광역시 사회재난과,북구 신안동 142-3,북구 중흥로 82,4,200만,360도,30일,2019,35.163985,126.903217,2025-12-31
광주광역시 사회재난과,북구 중흥동 685-1,북구 중흥로 164,4,200만,360도,30일,2019,35.161623,126.911736,2025-12-31
광주광역시 사회재난과,북구 임동 104-68,,3,200만,360도,30일,2019,35.166087,126.88894,2025-12-31
광주광역시 사회재난과,북구 유동 103-23,북구 중가로51번길 25,4,200만,360도,30일,2019,35.160591,126.906347,2025-12-31
광주광역시 사회재난과,북구 지야동 777-1,북구 신용산길 306,3,200만,360도,30일,2019,35.237361,126.878057,2025-12-31
광주광역시 사회재난과,북구 오치동 948-11,북구 우치로257번길 24,3,200만,360도,30일,2019,35.18798,126.902474,2025-12-31
광주광역시 사회재난과,북구 오치동 948-11,북구 우치로257번길 24,1,200만,360도,30일,2016,35.18798,126.902474,2025-12-31
광주광역시 사회재난과,북구 두암동 901-36,북구 군왕로71번길 34,3,200만,360도,30일,2019,35.16858,126.930775,2025-12-31
광주광역시 사회재난과,북구 두암동 901-36,북구 군왕로71번길 34,1,200만,360도,30일,2016,35.16858,126.930775,2025-12-31
광주광역시 사회재난과,북구 운암동 496-2,북구 금호로 49-5,2,200만,360도,30일,2019,35.173322,126.888314,2025-12-31
광주광역시 사회재난과,북구 운암동 496-2,북구 금호로 49-5,1,200만,360도,30일,2024,35.173322,126.888314,2025-12-31
광주광역시 사회재난과,북구 신안동 211-1,북구 자미로66번길 10,2,200만,360도,30일,2019,35.171391,126.905156,2025-12-31
광주광역시 사회재난과,북구 신안동 211-1,북구 자미로66번길 10,1,200만,360도,30일,2016,35.171391,126.905156,2025-12-31
광주광역시 사회재난과,북구 중흥동 274-14,북구 서방로31번길 31-2,3,200만,360도,30일,2019,35.174526,126.916749,2025-12-31
광주광역시 사회재난과,북구 중흥동 274-14,북구 서방로31번길 31-2,1,200만,360도,30일,2016,35.174526,126.916749,2025-12-31
광주광역시 사회재난과,북구 우산동 518-124,북구 독립로 402,3,200만,360도,30일,2019,35.166232,126.916421,2025-12-31
광주광역시 사회재난과,북구 우산동 518-124,북구 독립로 402,1,200만,360도,30일,2016,35.166232,126.916421,2025-12-31
광주광역시 사회재난과,북구 매곡동 30-1,북구 서하로 124,2,200만,360도,30일,2019,35.186186,126.892148,2025-12-31
광주광역시 사회재난과,북구 매곡동 30-1,북구 서하로 124,1,200만,360도,30일,2016,35.186186,126.892148,2025-12-31
광주광역시 사회재난과,북구 매곡동 30-1,북구 서하로 124,1,200만,360도,30일,2015,35.186186,126.892148,2025-12-31
광주광역시 사회재난과,북구 용봉동 151-77,북구 우치로126번길 8,3,200만,360도,30일,2019,35.178636,126.912801,2025-12-31
광주광역시 사회재난과,북구 용봉동 151-77,북구 우치로126번길 8,1,200만,360도,30일,2016,35.178636,126.912801,2025-12-31
광주광역시 사회재난과,북구 문흥동 974-2,북구 문산로74번길 139-2,2,200만,360도,30일,2019,35.190089,126.927653,2025-12-31
광주광역시 사회재난과,북구 문흥동 974-2,북구 문산로74번길 139-2,1,200만,360도,30일,2016,35.190089,126.927653,2025-12-31
광주광역시 사회재난과,북구 양산동 695,북구 상촌로43번길 11-2,3,200만,360도,30일,2019,35.212206,126.87949,2025-12-31
광주광역시 사회재난과,북구 양산동 695,북구 상촌로43번길 11-2,1,200만,360도,30일,2016,35.212206,126.87949,2025-12-31
광주광역시 사회재난과,북구 동림동 1146-1,북구 북문대로242번길 50,2,200만,360도,30일,2019,35.190674,126.864541,2025-12-31
광주광역시 사회재난과,북구 동림동 1146-1,북구 북문대로242번길 50,1,200만,360도,30일,2016,35.190674,126.864541,2025-12-31
광주광역시 사회재난과,북구 유동 55-11,북구 천변우로257번길 21,3,200만,360도,30일,2019,35.155567,126.903932,2025-12-31
광주광역시 사회재난과,북구 유동 55-11,북구 천변우로257번길 21,1,200만,360도,30일,2016,35.155567,126.903932,2025-12-31
광주광역시 사회재난과,북구 용강동 744-2,,2,200만,360도,30일,2019,35.250743,126.896219,2025-12-31
광주광역시 사회재난과,북구 용강동 744-2,,1,200만,360도,30일,2016,35.250743,126.896219,2025-12-31
광주광역시 사회재난과,북구 매곡동 83-3,북구 하서로 110,2,200만,360도,30일,2019,35.191222,126.890801,2025-12-31
광주광역시 사회재난과,북구 매곡동 83-3,북구 하서로 110,1,200만,360도,30일,2016,35.191222,126.890801,2025-12-31
광주광역시 사회재난과,북구 문흥동 925-6,북구 평교로 23,2,200만,360도,30일,2019,35.179455,126.924665,2025-12-31
광주광역시 사회재난과,북구 문흥동 925-6,북구 평교로 23,1,200만,360도,30일,2016,35.179455,126.924665,2025-12-31
광주광역시 사회재난과,북구 용봉동 1250-6,,2,200만,360도,30일,2019,35.177806,126.900767,2025-12-31
광주광역시 사회재난과,북구 용봉동 1250-6,,1,200만,360도,30일,2016,35.177806,126.900767,2025-12-31
광주광역시 사회재난과,북구 본촌동 3076,,2,200만,360도,30일,2019,35.215251,126.88405,2025-12-31
광주광역시 사회재난과,북구 본촌동 3076,,1,200만,360도,30일,2016,35.215251,126.88405,2025-12-31
광주광역시 사회재난과,북구 양산동 764,,2,200만,360도,30일,2019,35.210816,126.882177,2025-12-31
광주광역시 사회재난과,북구 양산동 764,,1,200만,360도,30일,2016,35.210816,126.882177,2025-12-31
광주광역시 사회재난과,북구 양산동 1090,,2,200만,360도,30일,2019,35.205837,126.874582,2025-12-31
광주광역시 사회재난과,북구 양산동 1090,,1,200만,360도,30일,2016,35.205837,126.874582,2025-12-31
광주광역시 사회재난과,북구 용두동 311-36,,1,200만,360도,30일,2019,35.211065,126.870992,2025-12-31
광주광역시 사회재난과,북구 용두동 311-36,,1,200만,360도,30일,2016,35.211065,126.870992,2025-12-31
광주광역시 사회재난과,북구 오치동 947-7,북구 우치로257번길 14,4,200만,360도,30일,2019,35.187886,126.903704,2025-12-31
광주광역시 사회재난과,북구 운암동 392-16,북구 죽봉대로 212,2,200만,360도,30일,2019,35.172244,126.884817,2025-12-31
광주광역시 사회재난과,북구 운암동 392-16,북구 죽봉대로 212,1,200만,360도,30일,2024,35.172244,126.884817,2025-12-31
광주광역시 사회재난과,북구 운암동 414-4,북구 죽봉대로 202,2,200만,360도,30일,2019,35.171357,126.884699,2025-12-31
광주광역시 사회재난과,북구 운암동 414-4,북구 죽봉대로 202,1,200만,360도,30일,2024,35.171357,126.884699,2025-12-31
광주광역시 사회재난과,북구 양산동 1039,북구 연양로105번길 18,3,200만,360도,30일,2019,35.208108,126.879457,2025-12-31
광주광역시 사회재난과,북구 용봉동 1232-7,북구 반룡로17번길 11,4,200만,360도,30일,2019,35.179775,126.90003,2025-12-31
광주광역시 사회재난과,북구 북동 58-7,,3,200만,360도,30일,2019,35.15565,126.909707,2025-12-31
광주광역시 사회재난과,북구 중흥동 355-1,북구 용봉로138번길 69,2,200만,360도,30일,2019,35.170071,126.910378,2025-12-31
광주광역시 사회재난과,북구 두암동 838-1,북구 면앙로156번길 11,4,200만,360도,30일,2019,35.175305,126.827946,2025-12-31
광주광역시 사회재난과,북구 두암동 878-7,북구 동문대로86번길 69-2,2,200만,360도,30일,2019,35.170911,126.926908,2025-12-31
광주광역시 사회재난과,북구 두암동 878-7,북구 동문대로86번길 69-2,1,200만,360도,30일,2024,35.170911,126.926908,2025-12-31
광주광역시 사회재난과,북구 오치동 630,북구 오문로 13-23,2,200만,360도,30일,2019,35.190903,126.906907,2025-12-31
광주광역시 사회재난과,북구 중흥동 265-7,북구 호동로34번길 32,2,200만,360도,30일,2019,35.174639,126.918054,2025-12-31
광주광역시 사회재난과,북구 중흥동 265-8,북구 서방로39번길 37,1,200만,360도,30일,2019,35.17452,126.917993,2025-12-31
광주광역시 사회재난과,북구 중흥동 265-8,북구 서방로39번길 37,1,200만,360도,30일,2024,35.17452,126.917993,2025-12-31
광주광역시 사회재난과,북구 용봉동 1234-32,북구 반룡로41번길 19,3,200만,360도,30일,2019,35.18018,126.902894,2025-12-31
광주광역시 사회재난과,북구 두암동 835-1,북구 동문대로134번길 33,2,200만,360도,30일,2019,35.174097,126.928297,2025-12-31
광주광역시 사회재난과,북구 운암동 1063-9,북구 북문대로169번길 35,2,200만,360도,30일,2019,35.182881,126.870193,2025-12-31
광주광역시 사회재난과,북구 두암동 408-13,북구 삼정로87번길 51,4,200만,360도,30일,2019,35.170658,126.934772,2025-12-31
광주광역시 사회재난과,북구 삼각동 817-2,북구 송해로4번길 6,3,200만,360도,30일,2019,35.199523,126.901936,2025-12-31
광주광역시 사회재난과,북구 임동 133-26,북구 서림로51번길 13,2,200만,360도,30일,2019,35.166024,126.894227,2025-12-31
광주광역시 사회재난과,북구 용봉동 1237-13,북구 반룡로41번길 1,2,200만,360도,30일,2019,35.178714,126.90245,2025-12-31
광주광역시 사회재난과,북구 오치동 918-1,북구 안산로 34,1,200만,360도,30일,2019,35.190499,126.902203,2025-12-31
광주광역시 사회재난과,북구 우산동 602-2,북구 중문로84번길 15,4,200만,360도,30일,2019,35.179841,126.921741,2025-12-31
광주광역시 사회재난과,북구 오치동 1018-2,북구 송월로40번길 23,2,200만,360도,30일,2019,35.187915,126.915049,2025-12-31
광주광역시 사회재난과,북구 오치동 1018-2,북구 송월로40번길 23,2,200만,360도,30일,2024,35.187915,126.915049,2025-12-31
광주광역시 사회재난과,북구 양산동 660-41,북구 양산신촌길 31-1,3,200만,360도,30일,2019,35.198219,126.872772,2025-12-31
광주광역시 사회재난과,북구 양산동 660-41,북구 양산신촌길 31-1,1,200만,360도,30일,2024,35.198219,126.872772,2025-12-31
광주광역시 사회재난과,북구 용봉동 833-1,북구 저불로73번길 30-6,4,200만,360도,30일,2019,35.181128,126.89373,2025-12-31
광주광역시 사회재난과,북구 매곡동 93-8,북구 중외길 27,3,200만,360도,30일,2019,35.189142,126.893564,2025-12-31
광주광역시 사회재난과,북구 용봉동 1232-1,,1,200만,360도,30일,2019,35.180284,126.899363,2025-12-31
광주광역시 사회재난과,북구 용봉동 1232-1,,1,200만,360도,30일,2024,35.180284,126.899363,2025-12-31
광주광역시 사회재난과,북구 오치동 946-9,북구 우치로275번길 29,3,200만,360도,30일,2019,35.189046,126.903864,2025-12-31
광주광역시 사회재난과,북구 용봉동 1392-1,,2,200만,360도,30일,2019,35.177491,126.892735,2025-12-31
광주광역시 사회재난과,북구 신용동 658,,2,200만,360도,30일,2019,35.210838,126.858269,2025-12-31
광주광역시 사회재난과,북구 신용동 658,,1,200만,360도,30일,2024,35.210838,126.858269,2025-12-31
광주광역시 사회재난과,북구 두암동 564-1,,2,200만,360도,30일,2019,35.179343,126.927969,2025-12-31
광주광역시 사회재난과,북구 두암동 564-1,,1,200만,360도,30일,2024,35.179343,126.927969,2025-12-31
광주광역시 사회재난과,북구 오치동 934-1,,3,200만,360도,30일,2019,35.188292,126.91039,2025-12-31
광주광역시 사회재난과,북구 오치동 990-1,북구 우치로228번길 32,3,200만,360도,30일,2019,35.185692,126.907685,2025-12-31
광주광역시 사회재난과,북구 용봉동 1417-1,,4,200만,360도,30일,2019,35.183086,126.902594,2025-12-31
광주광역시 사회재난과,북구 용봉동 1335-1,북구 문화소통로 22,3,200만,360도,30일,2019,35.183855,126.896497,2025-12-31
광주광역시 사회재난과,북구 신용동 670,,3,200만,360도,30일,2019,35.212473,126.862058,2025-12-31
광주광역시 사회재난과,북구 풍향동 810,북구 군왕로 17,3,200만,360도,30일,2019,35.162917,126.928662,2025-12-31
광주광역시 사회재난과,북구 신용동 649,,4,200만,360도,30일,2019,35.213453,126.858305,2025-12-31
광주광역시 사회재난과,북구 신용동 649,,2,200만,360도,30일,2019,35.210227,126.856497,2025-12-31
광주광역시 사회재난과,북구 운암동 산94,,3,200만,360도,30일,2019,35.180779,126.87549,2025-12-31
광주광역시 사회재난과,북구 삼각동 434,북구 우치로422번길 32,2,200만,360도,30일,2019,35.205019,126.901493,2025-12-31
광주광역시 사회재난과,북구 연제동 1017,북구 첨단연신로288번길 48,2,200만,360도,30일,2019,35.202109,126.856617,2025-12-31
광주광역시 사회재난과,북구 연제동 1020,북구 북문대로272번길 96,2,200만,360도,30일,2019,35.200369,126.856757,2025-12-31
광주광역시 사회재난과,북구 연제동 1020,북구 북문대로272번길 96,3,200만,360도,30일,2019,35.197826,126.858618,2025-12-31
광주광역시 사회재난과,북구 임동 195-20,북구 자동차로47번길 23,3,200만,360도,30일,2019,35.163801,126.900113,2025-12-31
광주광역시 사회재난과,북구 임동 607,북구 천변우로 40,3,200만,360도,30일,2019,35.166879,126.885782,2025-12-31
광주광역시 사회재난과,북구 운암동 394-8,북구 서암대로18번길 12,4,200만,360도,30일,2019,35.172262,126.886837,2025-12-31
광주광역시 사회재난과,북구 용봉동 1222-8,북구 용주로34번길 9,3,200만,360도,30일,2019,35.181241,126.90195,2025-12-31
광주광역시 사회재난과,북구 운암동 154-16,북구 금호로120번길 19-10,3,200만,360도,30일,2019,35.176551,126.881555,2025-12-31
광주광역시 사회재난과,북구 두암동 305-23,북구 참판로 75,4,200만,360도,30일,2019,35.164775,126.932273,2025-12-31
광주광역시 사회재난과,북구 동림동 153-6,북구 북문대로249번길 37,3,200만,360도,30일,2019,35.186284,126.863012,2025-12-31
광주광역시 사회재난과,북구 두암동 281-16,북구 밤실로169번길 6,6,200만,360도,30일,2019,35.162313,126.934021,2025-12-31
광주광역시 사회재난과,북구 두암동 280-84,북구 밤실로181번길 21,3,200만,360도,30일,2019,35.16299,126.933079,2025-12-31
광주광역시 사회재난과,북구 연제동 2-7,북구 효열로 11,3,200만,360도,30일,2019,35.207396,126.87077,2025-12-31
광주광역시 사회재난과,북구 신안동 423-11,북구 서암대로100번길 17,3,200만,360도,30일,2019,35.170415,126.894638,2025-12-31
광주광역시 사회재난과,북구 용봉동 150-1,북구 면앙로6번길 57,3,200만,360도,30일,2019,35.1778,126.913445,2025-12-31
광주광역시 사회재난과,북구 운암동 936-9,북구 북문대로103번길 32,3,200만,360도,30일,2019,35.178451,126.874549,2025-12-31
광주광역시 사회재난과,북구 임동 340,북구 천변우로 11-1,2,200만,360도,30일,2019,35.169963,126.884724,2025-12-31
광주광역시 사회재난과,북구 일곡동 753-74,북구 양지길2번길 47,4,200만,360도,30일,2019,35.206104,126.882912,2025-12-31
광주광역시 사회재난과,북구 동림동 1146-1,북구 북문대로242번길 50,3,200만,360도,30일,2019,35.19245,126.866281,2025-12-31
광주광역시 사회재난과,북구 두암동 907-1,북구 군왕로61번길 9,4,200만,360도,30일,2019,35.166951,126.931869,2025-12-31
광주광역시 사회재난과,북구 두암동 594-17,북구 참판로 225,3,200만,360도,30일,2019,35.177554,126.935059,2025-12-31
광주광역시 사회재난과,북구 운암동 392-14,북구 운신북길 217,5,200만,360도,30일,2019,35.172056,126.885406,2025-12-31
광주광역시 사회재난과,북구 두암동 314-6,북구 군왕로45번길 10,2,200만,360도,30일,2019,35.165703,126.931396,2025-12-31
광주광역시 사회재난과,북구 풍향동 432-2,북구 두방길26번길 1,2,200만,360도,30일,2019,35.166947,126.924013,2025-12-31
광주광역시 사회재난과,북구 매곡동 45-11,북구 중외길 14,3,200만,360도,30일,2019,35.188244,126.891938,2025-12-31
광주광역시 사회재난과,북구 두암동 345-3,북구 참판로 112,3,200만,360도,30일,2019,35.167654,126.933472,2025-12-31
광주광역시 사회재난과,북구 오치동 109,북구 서하로315번길 126,3,200만,360도,30일,2019,35.192989,126.916851,2025-12-31
광주광역시 사회재난과,북구 문흥동 934-6,북구 중문로84번길 37-15,3,200만,360도,30일,2019,35.179912,126.922976,2025-12-31
광주광역시 사회재난과,북구 중흥동 346-7,북구 우치로1번길 24-6,2,200만,360도,30일,2019,35.168866,126.907926,2025-12-31
광주광역시 사회재난과,북구 중흥동 341-12,북구 우치로27번길 45-7,2,200만,360도,30일,2019,35.170345,126.908473,2025-12-31
광주광역시 사회재난과,북구 수곡동 207,북구 수곡마을로 17,3,200만,360도,30일,2019,35.244879,126.920404,2025-12-31
광주광역시 사회재난과,북구 문흥동 1009-1,북구 대천로 86,4,200만,360도,30일,2020,35.184264,126.915046,2025-12-31
광주광역시 사회재난과,북구 우산동 149,,4,200만,360도,30일,2020,35.176308,126.920019,2025-12-31
광주광역시 사회재난과,북구 연제동 47-4,,4,200만,360도,30일,2020,35.195212,126.871348,2025-12-31
광주광역시 사회재난과,북구 중흥동 273-32,북구 중문로9번길 52,4,200만,360도,30일,2020,35.174259,126.915566,2025-12-31
광주광역시 사회재난과,북구 북동 2-13,북구 제봉로 255,3,200만,360도,30일,2020,35.157297,126.911702,2025-12-31
광주광역시 사회재난과,북구 북동 2-22,북구 금재로75번길 22,2,200만,360도,30일,2020,35.157179,126.911114,2025-12-31
광주광역시 사회재난과,북구 중흥동 370-33,북구 서양로 94-4,2,200만,360도,30일,2020,35.168717,126.911323,2025-12-31
광주광역시 사회재난과,북구 유동 111-9,북구 경열로211번길 22,2,200만,360도,30일,2020,35.15862,126.904977,2025-12-31
광주광역시 사회재난과,북구 신안동 764,북구 자산로15번길 17,3,200만,360도,30일,2020,35.169702,126.894475,2025-12-31
광주광역시 사회재난과,북구 우산동 161-3,북구 중문로 39,2,200만,360도,30일,2020,35.17627,126.919314,2025-12-31
광주광역시 사회재난과,북구 우산동 7-1,북구 동문대로167번길 51,4,200만,360도,30일,2020,35.178202,126.925711,2025-12-31
광주광역시 사회재난과,북구 문흥동 945-1,북구 호동로79번길 41,3,200만,360도,30일,2020,35.179344,126.91568,2025-12-31
광주광역시 사회재난과,북구 문흥동 945-1,북구 호동로79번길 41,1,200만,360도,30일,2024,35.179344,126.91568,2025-12-31
광주광역시 사회재난과,북구 두암동 98-15,,3,200만,360도,30일,2020,35.167707,126.939458,2025-12-31
광주광역시 사회재난과,북구 두암동 848-4,북구 서방로159번길 61,4,200만,360도,30일,2020,35.171561472307235.1720416328901,126.930704973983126.930737160494,2025-12-31
광주광역시 사회재난과,북구 덕의동 269-13,,3,200만,360도,30일,2020,35.181995,126.986388,2025-12-31
광주광역시 사회재난과,북구 오치동 943-13,북구 오산정길19번길 23,4,200만,360도,30일,2020,35.188784391061635.1887295896422,126.907457045515126.907443634477,2025-12-31
광주광역시 사회재난과,북구 오치동 963-32,북구 서하로273번길 16,2,200만,360도,30일,2020,35.187699,126.910655,2025-12-31
광주광역시 사회재난과,북구 중흥동 279-74,북구 호동로 4-8,2,200만,360도,30일,2020,35.174109,126.913208,2025-12-31
광주광역시 사회재난과,북구 용봉동 1052,,2,200만,360도,30일,2020,35.181889,126.888103,2025-12-31
광주광역시 사회재난과,북구 운암동 97-26,북구 대자로 95,2,200만,360도,30일,2020,35.173136,126.882872,2025-12-31
광주광역시 사회재난과,북구 운암동 1065-3,북구 북문대로159번길 50,3,200만,360도,30일,2020,35.18187,126.86951,2025-12-31
광주광역시 사회재난과,북구 운암동 1051-1,북구 북문대로150번길 11,3,200만,360도,30일,2020,35.182777,126.873586,2025-12-31
광주광역시 사회재난과,북구 동림동 531-3,북구 죽림마을길1번길 1,3,200만,360도,30일,2020,35.174911,126.862535,2025-12-31
광주광역시 사회재난과,북구 오치동 920-12,북구 우치로275번길 16,3,200만,360도,30일,2020,35.189461431660335.1894044386585,126.904566847135126.904387139126,2025-12-31
광주광역시 사회재난과,북구 충효동 411-2,북구 충효샘길 28-1,3,200만,360도,30일,2020,35.183721,127.002807,2025-12-31
광주광역시 사회재난과,북구 지야동 19-3,북구 지내마을길 34,3,200만,360도,30일,2020,35.227935,126.895368,2025-12-31
광주광역시 사회재난과,북구 양산동 814,북구 양산택지로37번길 34,4,200만,360도,30일,2020,35.210452,126.875827,2025-12-31
광주광역시 사회재난과,북구 문흥동 1011-6,북구 문산로 4,4,200만,360도,30일,2020,35.153922,126.912452,2025-12-31
광주광역시 사회재난과,북구 운암동 495-38,북구 서암대로 27,2,200만,360도,30일,2020,35.172916,126.887768,2025-12-31
광주광역시 사회재난과,북구 용봉동 950-13,,2,200만,360도,30일,2020,35.18412,126.896007,2025-12-31
광주광역시 사회재난과,북구 동림동 928-8,북구 하남대로 467,2,200만,360도,30일,2020,35.17602,126.844635,2025-12-31
광주광역시 사회재난과,북구 중흥동 649-12,북구 독립로349번길 17,3,200만,360도,30일,2020,35.162368,126.913862,2025-12-31
광주광역시 사회재난과,북구 중흥동 696-7,북구 중흥로 153-14,2,200만,360도,30일,2020,35.16255,126.911003,2025-12-31
광주광역시 사회재난과,북구 중흥동 655-25,북구 중흥로183번길 8,3,200만,360도,30일,2020,35.161491,126.913944,2025-12-31
광주광역시 사회재난과,북구 두암동 862-26,북구 동문대로110번길 63,3,200만,360도,30일,2020,35.171392,126.928088,2025-12-31
광주광역시 사회재난과,북구 두암동 862-26,북구 동문대로110번길 63,1,200만,360도,30일,2016,35.171392,126.928088,2025-12-31
광주광역시 사회재난과,북구 신안동 474-26,북구 서암대로143번길 23,1,200만,360도,30일,2020,35.170942,126.900451,2025-12-31
광주광역시 사회재난과,북구 신안동 474-26,북구 서암대로143번길 23,1,200만,360도,30일,2016,35.170942,126.900451,2025-12-31
광주광역시 사회재난과,북구 용봉동 148-1,북구 호동로15번길 72-2,1,200만,360도,30일,2020,35.178346,126.914633,2025-12-31
광주광역시 사회재난과,북구 용봉동 148-1,북구 호동로15번길 72-2,1,200만,360도,30일,2016,35.178346,126.914633,2025-12-31
광주광역시 사회재난과,북구 문흥동 743-1,북구 면앙로32번길 67,1,200만,360도,30일,2020,35.176594,126.915784,2025-12-31
광주광역시 사회재난과,북구 문흥동 743-1,북구 면앙로32번길 67,1,200만,360도,30일,2016,35.176594,126.915784,2025-12-31
광주광역시 사회재난과,북구 문흥동 743-12,북구 면앙로32번길 73,2,200만,360도,30일,2020,35.176325,126.915779,2025-12-31
광주광역시 사회재난과,북구 문흥동 743-12,북구 면앙로32번길 73,1,200만,360도,30일,2016,35.176325,126.915779,2025-12-31
광주광역시 사회재난과,북구 운암동 930-28,북구 서강로66번길 42,3,200만,360도,30일,2020,35.177094,126.873703,2025-12-31
광주광역시 사회재난과,북구 운암동 930-28,북구 서강로66번길 42,1,200만,360도,30일,2017,35.177094,126.873703,2025-12-31
광주광역시 사회재난과,북구 오치동 1011-13,북구 송월로 64-1,2,200만,360도,30일,2020,35.189558,126.913598,2025-12-31
광주광역시 사회재난과,북구 오치동 1011-13,북구 송월로 64-1,1,200만,360도,30일,2016,35.189558,126.913598,2025-12-31
광주광역시 사회재난과,북구 중흥동 182-4,북구 효죽로 10,1,200만,360도,30일,2020,35.169625,126.915808,2025-12-31
광주광역시 사회재난과,북구 중흥동 182-4,북구 효죽로 10,1,200만,360도,30일,2016,35.169625,126.915808,2025-12-31
광주광역시 사회재난과,북구 중흥동 182-4,북구 효죽로 10,1,200만,360도,30일,2016,35.169625,126.915808,2025-12-31
광주광역시 사회재난과,북구 운암동 1089-7,북구 서강로131번길 53,2,200만,360도,30일,2020,35.184352,126.87252,2025-12-31
광주광역시 사회재난과,북구 운암동 1089-7,북구 서강로131번길 53,1,200만,360도,30일,2024,35.184352,126.87252,2025-12-31
광주광역시 사회재난과,북구 신안동 479-5 주택가 골목길,북구 자미로39번길 7,1,200만,360도,30일,2020,35.169638,126.903133,2025-12-31
광주광역시 사회재난과,북구 신안동 479-5 주택가 골목길,북구 자미로39번길 7,1,200만,360도,30일,2016,35.169638,126.903133,2025-12-31
광주광역시 사회재난과,북구 중흥동 376-26,북구 당뫼로13번길 24,3,200만,360도,30일,2020,35.168034,126.912332,2025-12-31
광주광역시 사회재난과,북구 중흥동 376-26,북구 당뫼로13번길 24,1,200만,360도,30일,2016,35.168034,126.912332,2025-12-31
광주광역시 사회재난과,북구 우산동 213-4,북구 면앙로 130,2,200만,360도,30일,2020,35.176796,126.9264,2025-12-31
광주광역시 사회재난과,북구 우산동 213-4,북구 면앙로 130,1,200만,360도,30일,2024,35.176796,126.9264,2025-12-31
광주광역시 사회재난과,북구 일곡동 822-1 미니스톱,북구 송해로 84,2,200만,360도,30일,2020,35.206042,126.89927,2025-12-31
광주광역시 사회재난과,북구 일곡동 822-1 미니스톱,북구 송해로 84,1,200만,360도,30일,2016,35.206042,126.89927,2025-12-31
광주광역시 사회재난과,북구 일곡동 822-1 미니스톱,북구 송해로 84,1,200만,360도,30일,2024,35.206042,126.89927,2025-12-31
광주광역시 사회재난과,북구 망월동 521,북구 석곡로 475-4,2,200만,360도,30일,2020,35.202202,126.954077,2025-12-31
광주광역시 사회재난과,북구 망월동 521,북구 석곡로 475-4,1,200만,360도,30일,2023,35.202202,126.954077,2025-12-31
광주광역시 사회재난과,북구 용두동 164-1,,3,200만,360도,30일,2020,35.219916,126.875157,2025-12-31
광주광역시 사회재난과,북구 용두동 164-1,,4,200만,360도,30일,2020,35.22019,126.87502,2025-12-31
광주광역시 사회재난과,북구 두암동 585-14,북구 면앙로185번길 15,2,200만,360도,30일,2020,35.175941,126.932824,2025-12-31
광주광역시 사회재난과,북구 두암동 585-14,북구 면앙로185번길 15,1,200만,360도,30일,2016,35.175941,126.932824,2025-12-31
광주광역시 사회재난과,북구 중흥동 368-25,북구 서양로93번길 23,3,200만,360도,30일,2020,35.169933,126.911797,2025-12-31
광주광역시 사회재난과,북구 오룡동 1113,북구 임방울대로 877,2,200만,360도,30일,2020,35.220018,126.858236,2025-12-31
광주광역시 사회재난과,북구 오룡동 1113,북구 임방울대로 877,3,200만,360도,30일,2020,35.219641,126.857373,2025-12-31
광주광역시 사회재난과,북구 오룡동 1113,북구 임방울대로 877,3,200만,360도,30일,2020,35.220141,126.855779,2025-12-31
광주광역시 사회재난과,북구 오룡동 1113,북구 임방울대로 877,2,200만,360도,30일,2020,35.219694,126.855044,2025-12-31
광주광역시 사회재난과,북구 오룡동 1113,북구 임방울대로 877,3,200만,360도,30일,2020,35.220619,126.854593,2025-12-31
광주광역시 사회재난과,북구 오룡동 1113,북구 임방울대로 877,3,200만,360도,30일,2020,35.221574,126.854475,2025-12-31
광주광역시 사회재난과,북구 오룡동 1113,북구 임방울대로 877,2,200만,360도,30일,2020,35.22153,126.856953,2025-12-31
광주광역시 사회재난과,북구 오룡동 1113,북구 임방울대로 877,3,200만,360도,30일,2020,35.221057,126.858471,2025-12-31
광주광역시 사회재난과,북구 신안동 226-14,북구 자미로 68,3,200만,360도,30일,2020,35.172222,126.904747,2025-12-31
광주광역시 사회재난과,북구 중흥동 320-6,북구 서양로41번길 36,4,200만,360도,30일,2020,35.171866,126.906455,2025-12-31
광주광역시 사회재난과,북구 중흥동 322-15,북구 서양로 47-2,3,200만,360도,30일,2020,35.171783,126.908992,2025-12-31
광주광역시 사회재난과,북구 중흥동 334-6,북구 용봉로 114-14,3,200만,360도,30일,2020,35.17016,126.90672,2025-12-31
광주광역시 사회재난과,북구 중흥동 337-4,북구 용봉로138번길 24,4,200만,360도,30일,2020,35.172265,126.911221,2025-12-31
광주광역시 사회재난과,북구 중흥동 343-22,북구 서양로 79,3,200만,360도,30일,2020,35.169384,126.909755,2025-12-31
광주광역시 사회재난과,북구 임동 153-2,,2,200만,360도,30일,2020,35.167915,126.892144,2025-12-31
광주광역시 사회재난과,북구 임동 153-2,,1,200만,360도,30일,2024,35.167915,126.892144,2025-12-31
광주광역시 사회재난과,북구 임동 144-6,북구 무등로88번길 24-2,4,200만,360도,30일,2020,35.167253,126.89322,2025-12-31
광주광역시 사회재난과,북구 임동 144-2,북구 무등로88번길 24-10,2,200만,360도,30일,2020,35.16769,126.893491,2025-12-31
광주광역시 사회재난과,북구 일곡동 482 ,북구 모룡대길 67,2,200만,360도,30일,2021,35.216883,126.893989,2025-12-31
광주광역시 사회재난과,북구 각화동 503-33,북구 서하로455번길 6,3,200만,360도,30일,2021,35.18227,126.929229,2025-12-31
광주광역시 사회재난과,북구 두암동 900-6,북구 군왕로71번길 13,4,200만,360도,30일,2021,35.16783,126.931958,2025-12-31
광주광역시 사회재난과,북구 문흥동 743-6,북구 우치로100번길 84,3,200만,360도,30일,2021,35.176665,126.916932,2025-12-31
광주광역시 사회재난과,북구 누문동 144-35,북구 천변우로283번길 10,3,200만,360도,30일,2021,35.15379,126.905441,2025-12-31
광주광역시 사회재난과,북구 중흥동 346-13,북구 서암대로223번길 27,4,200만,360도,30일,2021,35.168895,126.908909,2025-12-31
광주광역시 사회재난과,북구 삼각동 773-7,북구 설죽로471번길 30,3,200만,360도,30일,2021,35.200608,126.895873,2025-12-31
광주광역시 사회재난과,북구 삼각동 772-2,북구 설죽로471번길 69,3,200만,360도,30일,2021,35.201516,126.895797,2025-12-31
광주광역시 사회재난과,북구 문흥동 1000-1,북구 서하로 380,4,200만,360도,30일,2021,35.18551,126.921543,2025-12-31
광주광역시 사회재난과,북구 임동 95-4,,3,200만,360도,30일,2021,35.160224,126.895099,2025-12-31
광주광역시 사회재난과,북구 운암동 445-25,북구 북문대로49번길 67-8,2,200만,360도,30일,2021,35.17278,126.880209,2025-12-31
광주광역시 사회재난과,북구 양산동 209-91,,3,200만,360도,30일,2021,35.212631,126.877199,2025-12-31
광주광역시 사회재난과,북구 삼각동 163-4,,3,200만,360도,30일,2021,35.198994,126.90457,2025-12-31
광주광역시 사회재난과,북구 일곡동 817-1,북구 설죽로 590,1,200만,360도,30일,2021,35.212427,126.897775,2025-12-31
광주광역시 사회재난과,북구 일곡동 817-1,북구 설죽로 590,1,200만,360도,30일,2021,35.212427,126.897775,2025-12-31
광주광역시 사회재난과,북구 일곡동 817-1,북구 설죽로 590,1,200만,360도,30일,2022,35.212396,126.897895,2025-12-31
광주광역시 사회재난과,북구 중흥동 721-8,북구 중가로 59,2,200만,360도,30일,2021,35.159564,126.906823,2025-12-31
광주광역시 사회재난과,북구 누문동 316-22,북구 천변우로 261,1,200만,360도,30일,2021,35.154765,126.903396,2025-12-31
광주광역시 사회재난과,북구 누문동 316-22,북구 천변우로 261,1,200만,360도,30일,2021,35.154765,126.903396,2025-12-31
광주광역시 사회재난과,북구 용봉동 1038-1,북구 비엔날레로 108,1,200만,360도,30일,2021,35.181161,126.890231,2025-12-31
광주광역시 사회재난과,북구 용봉동 1038-1,북구 비엔날레로 108,1,200만,360도,30일,2021,35.181161,126.890231,2025-12-31
광주광역시 사회재난과,북구 일곡동 840-5,북구 설죽로 489,1,200만,360도,30일,2021,35.202849,126.898467,2025-12-31
광주광역시 사회재난과,북구 일곡동 840-5,북구 설죽로 489,2,200만,360도,30일,2021,35.202849,126.898467,2025-12-31
광주광역시 사회재난과,북구 용두동 305-1,북구 임방울대로 1053,1,200만,360도,30일,2021,35.178323,126.895231,2025-12-31
광주광역시 사회재난과,북구 용두동 305-1,북구 임방울대로 1053,1,200만,360도,30일,2021,35.178323,126.895231,2025-12-31
광주광역시 사회재난과,북구 용봉동 161-1,북구 우치로 90,1,200만,360도,30일,2021,35.175382,126.912664,2025-12-31
광주광역시 사회재난과,북구 용봉동 161-1,북구 우치로 90,2,200만,360도,30일,2021,35.175382,126.912664,2025-12-31
광주광역시 사회재난과,북구 용봉동 152-1,북구 우치로 110,2,200만,360도,30일,2021,35.177196,126.912407,2025-12-31
광주광역시 사회재난과,북구 운암동 1042-2,북구 북문대로 137,1,200만,360도,30일,2021,35.181218,126.873329,2025-12-31
광주광역시 사회재난과,북구 운암동 357-2,북구 북문대로 117,1,200만,360도,30일,2021,35.179221,126.875442,2025-12-31
광주광역시 사회재난과,북구 운암동 357-2,북구 북문대로 117,2,200만,360도,30일,2021,35.179221,126.875442,2025-12-31
광주광역시 사회재난과,북구 운암동 434-31,북구 북문대로 40,1,200만,360도,30일,2021,35.175291,126.881549,2025-12-31
광주광역시 사회재난과,북구 운암동 434-31,북구 북문대로 40,2,200만,360도,30일,2021,35.175291,126.881549,2025-12-31
광주광역시 사회재난과,북구 운암동 496-9,북구 서암대로 33,1,200만,360도,30일,2021,35.172713,126.88922,2025-12-31
광주광역시 사회재난과,북구 운암동 496-9,북구 서암대로 33,2,200만,360도,30일,2021,35.172713,126.88922,2025-12-31
광주광역시 사회재난과,북구 우산동 187-11,북구 서방로 74-2,1,200만,360도,30일,2021,35.171737,126.920775,2025-12-31
광주광역시 사회재난과,북구 우산동 187-11,북구 서방로 74-2,1,200만,360도,30일,2021,35.171737,126.920775,2025-12-31
광주광역시 사회재난과,북구 우산동 232-1,북구 서방로 83,2,200만,360도,30일,2021,35.171336,126.92189,2025-12-31
광주광역시 사회재난과,북구 우산동 260-10,북구 동문대로 65,1,200만,360도,30일,2021,35.170495,126.921749,2025-12-31
광주광역시 사회재난과,북구 우산동 260-10,북구 동문대로 65,1,200만,360도,30일,2021,35.170495,126.921749,2025-12-31
광주광역시 사회재난과,북구 우산동 208-10,북구 동문대로 103,1,200만,360도,30일,2021,35.172687,126.924794,2025-12-31
광주광역시 사회재난과,북구 우산동 208-10,북구 동문대로 103,1,200만,360도,30일,2021,35.172687,126.924794,2025-12-31
광주광역시 사회재난과,북구 두암동 882-12,북구 동문대로 94,1,200만,360도,30일,2021,35.171786,126.924031,2025-12-31
광주광역시 사회재난과,북구 두암동 882-12,북구 동문대로 94,2,200만,360도,30일,2021,35.171786,126.924031,2025-12-31
광주광역시 사회재난과,북구 두암동 985-3,북구 밤실로 162,1,200만,360도,30일,2021,35.161691,126.93486,2025-12-31
광주광역시 사회재난과,북구 두암동 985-3,북구 밤실로 162,2,200만,360도,30일,2021,35.161691,126.93486,2025-12-31
광주광역시 사회재난과,북구 두암동 575-1,북구 동문대로 200,1,200만,360도,30일,2021,35.179059,126.929653,2025-12-31
광주광역시 사회재난과,북구 두암동 575-1,북구 동문대로 200,1,200만,360도,30일,2021,35.179059,126.929653,2025-12-31
광주광역시 사회재난과,북구 각화동 505-11,북구 동문대로 206,1,200만,360도,30일,2021,35.180458,126.930214,2025-12-31
광주광역시 사회재난과,북구 각화동 505-11,북구 동문대로 206,3,200만,360도,30일,2021,35.180458,126.930214,2025-12-31
광주광역시 사회재난과,북구 충효동 425-2,북구 송강로 424,1,200만,360도,30일,2021,35.185266,127.001046,2025-12-31
광주광역시 사회재난과,북구 충효동 425-2,북구 송강로 424,2,200만,360도,30일,2021,35.185266,127.001046,2025-12-31
광주광역시 사회재난과,북구 일곡동 849-6,북구 설죽로 523,2,200만,360도,30일,2021,35.205654,126.89752,2025-12-31
광주광역시 사회재난과,북구 일곡동 831-1,북구 설죽로 504,3,200만,360도,30일,2021,35.204024,126.898343,2025-12-31
광주광역시 사회재난과,북구 양산동 244-6,북구 하서로 414,1,200만,360도,30일,2021,35.211976,126.87436,2025-12-31
광주광역시 사회재난과,북구 양산동 244-6,북구 하서로 414,2,200만,360도,30일,2021,35.211976,126.87436,2025-12-31
광주광역시 사회재난과,북구 연제동 478-56,북구 연양로 32,1,200만,360도,30일,2021,35.206204,126.870837,2025-12-31
광주광역시 사회재난과,북구 연제동 478-56,북구 연양로 32,1,200만,360도,30일,2021,35.206204,126.870837,2025-12-31
광주광역시 사회재난과,북구 두암동 985-6,북구 갈마로 49,1,200만,360도,30일,2021,35.161879,126.935842,2025-12-31
광주광역시 사회재난과,북구 두암동 985-6,북구 갈마로 49,1,200만,360도,30일,2021,35.161879,126.935842,2025-12-31
광주광역시 사회재난과,북구 연제동 1030,북구 첨단연신로77번길 20,1,200만,360도,30일,2021,35.206179,126.864312,2025-12-31
광주광역시 사회재난과,북구 연제동 1030,북구 첨단연신로77번길 20,2,200만,360도,30일,2021,35.206179,126.864312,2025-12-31
광주광역시 사회재난과,북구 연제동 1011,,1,200만,360도,30일,2021,35.20614,126.858558,2025-12-31
광주광역시 사회재난과,북구 연제동 1011,,2,200만,360도,30일,2021,35.20614,126.858558,2025-12-31
광주광역시 사회재난과,북구 우산동 206-9,북구 동문대로 127,1,200만,360도,30일,2021,35.174237,126.926028,2025-12-31
광주광역시 사회재난과,북구 우산동 206-9,북구 동문대로 127,2,200만,360도,30일,2024,35.174237,126.926028,2025-12-31
광주광역시 사회재난과,북구 두암동 821-1,북구 동문대로 154,1,200만,360도,30일,2021,35.176348,126.927956,2025-12-31
광주광역시 사회재난과,북구 두암동 821-1,북구 동문대로 154,3,200만,360도,30일,2024,35.176348,126.927956,2025-12-31
광주광역시 사회재난과,북구 임동 100-10,북구 천변우로 81,1,200만,360도,30일,2021,35.163273,126.887987,2025-12-31
광주광역시 사회재난과,북구 임동 100-10,북구 천변우로 81,2,200만,360도,30일,2024,35.163273,126.887987,2025-12-31
광주광역시 사회재난과,북구 임동 344,북구 무등로 28,1,200만,360도,30일,2021,35.169956,126.887412,2025-12-31
광주광역시 사회재난과,북구 임동 344,북구 무등로 28,2,200만,360도,30일,2024,35.169956,126.887412,2025-12-31
광주광역시 사회재난과,북구 임동 321-5,,1,200만,360도,30일,2021,35.1677,126.890774,2025-12-31
광주광역시 사회재난과,북구 임동 321-5,,2,200만,360도,30일,2024,35.1677,126.890774,2025-12-31
광주광역시 사회재난과,북구 임동 321-1,,1,200만,360도,30일,2021,35.169208,126.890054,2025-12-31
광주광역시 사회재난과,북구 임동 321-1,,3,200만,360도,30일,2024,35.169208,126.890054,2025-12-31
광주광역시 사회재난과,북구 삼각동 753-30,북구 설죽로 394,1,200만,360도,30일,2021,35.193957,126.899636,2025-12-31
광주광역시 사회재난과,북구 삼각동 753-30,북구 설죽로 394,2,200만,360도,30일,2021,35.193957,126.899636,2025-12-31
광주광역시 사회재난과,북구 운암동 1040-3,북구 북문대로 151,1,200만,360도,30일,2021,35.182062,126.872489,2025-12-31
광주광역시 사회재난과,북구 용봉동 721,북구 청계로 33,1,200만,360도,30일,2021,35.176327,126.891231,2025-12-31
광주광역시 사회재난과,북구 용봉동 721,북구 청계로 33,2,200만,360도,30일,2021,35.176327,126.891231,2025-12-31
광주광역시 사회재난과,북구 오치동 1038-1,북구 대천로 55,1,200만,360도,30일,2021,35.185228,126.911539,2025-12-31
광주광역시 사회재난과,북구 두암동 969-7,북구 삼정로 4,1,200만,360도,30일,2021,35.161864,126.937164,2025-12-31
광주광역시 사회재난과,북구 문흥동 97-1,북구 동문대로 289,1,200만,360도,30일,2021,35.187594,126.933587,2025-12-31
광주광역시 사회재난과,북구 용두동 324,북구 임방울대로1041번길 12,1,200만,360도,30일,2021,35.213592,126.871599,2025-12-31
광주광역시 사회재난과,북구 용두동 324,북구 임방울대로1041번길 12,3,200만,360도,30일,2021,35.213592,126.871599,2025-12-31
광주광역시 사회재난과,북구 운암동 782-6,북구 대자로 5,1,200만,360도,30일,2021,35.174231,126.873354,2025-12-31
광주광역시 사회재난과,북구 운암동 782-6,북구 대자로 5,3,200만,360도,30일,2021,35.174231,126.873354,2025-12-31
광주광역시 사회재난과,북구 동림동 1147-4,북구 북문대로242번길 13,1,200만,360도,30일,2021,35.18817,126.866023,2025-12-31
광주광역시 사회재난과,북구 동림동 1147-4,북구 북문대로242번길 13,3,200만,360도,30일,2021,35.18817,126.866023,2025-12-31
광주광역시 사회재난과,북구 오치동 1046-1,북구 능안로 7,1,200만,360도,30일,2021,35.185142,126.917142,2025-12-31
광주광역시 사회재난과,북구 오치동 1046-1,북구 능안로 7,1,200만,360도,30일,2021,35.185142,126.917142,2025-12-31
광주광역시 사회재난과,북구 매곡동 214-19,북구 매곡로 48,1,200만,360도,30일,2021,35.189187,126.894382,2025-12-31
광주광역시 사회재난과,북구 매곡동 214-19,북구 매곡로 48,1,200만,360도,30일,2021,35.189187,126.894382,2025-12-31
광주광역시 사회재난과,북구 운암동 66-9,북구 북문대로 96,1,200만,360도,30일,2021,35.178631,126.876717,2025-12-31
광주광역시 사회재난과,북구 용봉동 1384-2,북구 용봉택지로 81,4,200만,360도,30일,2021,35.178512,126.895376,2025-12-31
광주광역시 사회재난과,북구 용봉동 1355-1,북구 저불로 80-1,1,200만,360도,30일,2021,35.181616,126.895608,2025-12-31
광주광역시 사회재난과,북구 용봉동 1355-1,북구 저불로 80-1,1,200만,360도,30일,2021,35.181616,126.895608,2025-12-31
광주광역시 사회재난과,북구 문흥동 996-5,북구 대천로 140-7,1,200만,360도,30일,2021,35.186211,126.922011,2025-12-31
광주광역시 사회재난과,북구 문흥동 996-5,북구 대천로 140-7,1,200만,360도,30일,2021,35.186211,126.922011,2025-12-31
광주광역시 사회재난과,북구 문흥동 1010-3,북구 문산로 27-7,1,200만,360도,30일,2021,35.184845,126.921491,2025-12-31
광주광역시 사회재난과,북구 문흥동 1010-3,북구 문산로 27-7,1,200만,360도,30일,2021,35.184845,126.921491,2025-12-31
광주광역시 사회재난과,북구 문흥동 1010-1,북구 천지인로173번길 28,1,200만,360도,30일,2021,35.185304,126.918621,2025-12-31
광주광역시 사회재난과,북구 문흥동 1010-1,북구 천지인로173번길 28,3,200만,360도,30일,2021,35.185304,126.918621,2025-12-31
광주광역시 사회재난과,북구 문흥동 1010-8,북구 천지인로173번길 10,1,200만,360도,30일,2021,35.182897,126.917627,2025-12-31
광주광역시 사회재난과,북구 문흥동 1010-8,북구 천지인로173번길 10,3,200만,360도,30일,2021,35.182897,126.917627,2025-12-31
광주광역시 사회재난과,북구 용봉동 242-2,북구 용봉로 135,1,200만,360도,30일,2021,35.17329,126.911592,2025-12-31
광주광역시 사회재난과,북구 용봉동 242-2,북구 용봉로 135,2,200만,360도,30일,2021,35.17329,126.911592,2025-12-31
광주광역시 사회재난과,북구 용봉동 161-17,북구 호동로 15,1,200만,360도,30일,2021,35.175088,126.914295,2025-12-31
광주광역시 사회재난과,북구 용봉동 161-17,북구 호동로 15,3,200만,360도,30일,2021,35.175088,126.914295,2025-12-31
광주광역시 사회재난과,북구 용두동 276-4,북구 하서로 429,1,200만,360도,30일,2021,35.213203,126.875156,2025-12-31
광주광역시 사회재난과,북구 용두동 276-4,북구 하서로 429,1,200만,360도,30일,2021,35.213203,126.875156,2025-12-31
광주광역시 사회재난과,북구 매곡동 339,북구 하백로5번길 10,1,200만,360도,30일,2021,35.188063,126.888775,2025-12-31
광주광역시 사회재난과,북구 매곡동 339,북구 하백로5번길 10,1,200만,360도,30일,2021,35.188063,126.888775,2025-12-31
광주광역시 사회재난과,북구 오치동 1002,북구 설죽로 290,1,200만,360도,30일,2021,35.185912,126.900471,2025-12-31
광주광역시 사회재난과,북구 오치동 1002,북구 설죽로 290,1,200만,360도,30일,2021,35.185912,126.900471,2025-12-31
광주광역시 사회재난과,북구 용봉동 1428-1,북구 용주로 15,1,200만,360도,30일,2021,35.181317,126.900204,2025-12-31
광주광역시 사회재난과,북구 용봉동 1428-1,북구 용주로 15,2,200만,360도,30일,2021,35.181317,126.900204,2025-12-31
광주광역시 사회재난과,북구 문흥동 995-6,북구 문산로 38,1,200만,360도,30일,2021,35.185028,126.92285,2025-12-31
광주광역시 사회재난과,북구 문흥동 995-6,북구 문산로 38,3,200만,360도,30일,2021,35.185028,126.92285,2025-12-31
광주광역시 사회재난과,북구 문흥동 998-1,북구 서하로 369,1,200만,360도,30일,2021,35.186182,126.920617,2025-12-31
광주광역시 사회재난과,북구 문흥동 998-1,북구 서하로 369,3,200만,360도,30일,2021,35.186182,126.920617,2025-12-31
광주광역시 사회재난과,북구 신안동 130-1,북구 무등로 165,1,200만,360도,30일,2021,35.166153,126.902265,2025-12-31
광주광역시 사회재난과,북구 신안동 130-1,북구 무등로 165,3,200만,360도,30일,2021,35.166153,126.902265,2025-12-31
광주광역시 사회재난과,북구 연제동 36-1,북구 양일로 55,1,200만,360도,30일,2021,35.197856,126.870753,2025-12-31
광주광역시 사회재난과,북구 연제동 36-1,북구 양일로 55,3,200만,360도,30일,2021,35.197856,126.870753,2025-12-31
광주광역시 사회재난과,북구 일곡동 849-2,북구 설죽로 535-1,1,200만,360도,30일,2021,35.207639,126.896791,2025-12-31
광주광역시 사회재난과,북구 매곡동 214-10,북구 매곡로 62,1,200만,360도,30일,2021,35.190902,126.893385,2025-12-31
광주광역시 사회재난과,북구 매곡동 214-10,북구 매곡로 62,1,200만,360도,30일,2021,35.190902,126.893385,2025-12-31
광주광역시 사회재난과,북구 두암동 145-5,북구 삼정로 120,1,200만,360도,30일,2021,35.171654,126.935569,2025-12-31
광주광역시 사회재난과,북구 두암동 145-5,북구 삼정로 120,1,200만,360도,30일,2021,35.171654,126.935569,2025-12-31
광주광역시 사회재난과,북구 삼각동 755-49,북구 설죽로370번길 33,1,200만,360도,30일,2021,35.193797,126.902277,2025-12-31
광주광역시 사회재난과,북구 오치동 857-19,북구 설죽로370번길 16,1,200만,360도,30일,2021,35.193173,126.900489,2025-12-31
광주광역시 사회재난과,북구 오치동 857-19,북구 설죽로370번길 16,1,200만,360도,30일,2021,35.193173,126.900489,2025-12-31
광주광역시 사회재난과,북구 각화동 608,북구 동문대로249번길 19,1,200만,360도,30일,2021,35.183164,126.931364,2025-12-31
광주광역시 사회재난과,북구 문흥동 88-6,,1,200만,360도,30일,2021,35.189568,126.931152,2025-12-31
광주광역시 사회재난과,북구 문흥동 88-6,,1,200만,360도,30일,2021,35.189568,126.931152,2025-12-31
광주광역시 사회재난과,북구 운암동 364-1,북구 서강로 60,1,200만,360도,30일,2021,35.175851,126.875881,2025-12-31
광주광역시 사회재난과,북구 운암동 364-1,북구 서강로 60,3,200만,360도,30일,2021,35.175851,126.875881,2025-12-31
광주광역시 사회재난과,북구 두암동 565-1,북구 면앙로139번길 51,1,200만,360도,30일,2021,35.178595,126.928407,2025-12-31
광주광역시 사회재난과,북구 두암동 565-1,북구 면앙로139번길 51,2,200만,360도,30일,2021,35.178595,126.928407,2025-12-31
광주광역시 사회재난과,북구 신용동 860,북구 첨단연신로 100,1,200만,360도,30일,2021,35.207561,126.864379,2025-12-31
광주광역시 사회재난과,북구 신용동 860,북구 첨단연신로 100,3,200만,360도,30일,2021,35.207561,126.864379,2025-12-31
광주광역시 사회재난과,북구 중흥동 327-29,북구 서양로 59,1,200만,360도,30일,2021,35.170306,126.906136,2025-12-31
광주광역시 사회재난과,북구 중흥동 327-29,북구 서양로 59,1,200만,360도,30일,2021,35.170306,126.906136,2025-12-31
광주광역시 사회재난과,북구 중흥동 342-17,북구 서양로 71-1,1,200만,360도,30일,2021,35.169535,126.909118,2025-12-31
광주광역시 사회재난과,북구 중흥동 342-17,북구 서양로 71-1,2,200만,360도,30일,2021,35.169535,126.909118,2025-12-31
광주광역시 사회재난과,북구 각화동 118-2,북구 월동로 86,1,200만,360도,30일,2021,35.179867,126.937718,2025-12-31
광주광역시 사회재난과,북구 각화동 118-2,북구 월동로 86,2,200만,360도,30일,2021,35.179867,126.937718,2025-12-31
광주광역시 사회재난과,북구 오치동 762,북구 설죽로 322,1,200만,360도,30일,2021,35.187949,126.899755,2025-12-31
광주광역시 사회재난과,북구 오치동 762,북구 설죽로 322,2,200만,360도,30일,2021,35.187949,126.899755,2025-12-31
광주광역시 사회재난과,북구 중흥동 327-2,,2,200만,360도,30일,2021,35.170724,126.908289,2025-12-31
광주광역시 사회재난과,북구 중흥동 320-53,,2,200만,360도,30일,2021,35.171276,126.906776,2025-12-31
광주광역시 사회재난과,북구 양산동 288-3,북구 하서로 309,2,200만,360도,30일,2021,35.20429,126.87235,2025-12-31
광주광역시 사회재난과,북구 각화동 327-3,북구 군왕로 252,3,200만,360도,30일,2021,35.18275,126.93784,2025-12-31
광주광역시 사회재난과,북구 우산동 9-7,북구 면앙로139번길 21,4,200만,360도,30일,2021,35.17762,126.92773,2025-12-31
광주광역시 사회재난과,북구 두암동 895-5,북구 군왕로71번길 60,4,200만,360도,30일,2021,35.16843,126.92938,2025-12-31
광주광역시 사회재난과,북구 두암동 879-6,북구 동문대로100번길 42,2,200만,360도,30일,2021,35.17167,126.92666,2025-12-31
광주광역시 사회재난과,북구 두암동 879-6,북구 동문대로100번길 42,1,200만,360도,30일,2024,35.17167,126.92666,2025-12-31
광주광역시 사회재난과,북구 중흥동 669-35,북구 중가로115번길 19,3,200만,360도,30일,2021,35.15855,126.91284,2025-12-31
광주광역시 사회재난과,북구 풍향동 601-1,북구 풍동길 16-1,3,200만,360도,30일,2021,35.16619,126.92153,2025-12-31
광주광역시 사회재난과,북구 풍향동 601-6,북구 필문대로11번길 23,2,200만,360도,30일,2021,35.16546,126.92132,2025-12-31
광주광역시 사회재난과,북구 유동 110-1,북구 경열로211번길 10-7,3,200만,360도,30일,2021,35.1588,126.90641,2025-12-31
광주광역시 사회재난과,북구 운암동 424-1,북구 금호로 6-1,1,200만,360도,30일,2022,35.169953,126.890191,2025-12-31
광주광역시 사회재난과,북구 운암동 424-1,북구 금호로 6-1,1,200만,360도,30일,2022,35.169953,126.890191,2025-12-31
광주광역시 사회재난과,북구 운암동 424-1,북구 금호로 6-1,1,200만,360도,30일,2022,35.169953,126.890191,2025-12-31
광주광역시 사회재난과,북구 운암동 424-1,북구 금호로 6-1,1,200만,360도,30일,2024,35.169953,126.890191,2025-12-31
광주광역시 사회재난과,북구 월출동 979-22,북구 첨단벤처소로62번길 35,3,200만,360도,30일,2021,35.235498,126.854473,2025-12-31
광주광역시 사회재난과,북구 대촌동 953,,3,200만,360도,30일,2021,35.230968,126.863477,2025-12-31
광주광역시 사회재난과,북구 중흥동 367-15,북구 우치로40번길 18,3,200만,360도,30일,2022,35.170442,126.912248,2025-12-31
광주광역시 사회재난과,북구 중흥동 367-15,북구 우치로40번길 18,3,200만,360도,30일,2022,35.169893,126.913557,2025-12-31
광주광역시 사회재난과,북구 용봉동 1251-10,북구 설죽로202번길 59,3,200만,360도,30일,2022,35.177102,126.90059,2025-12-31
광주광역시 사회재난과,북구 중흥동 677-4,북구 중가로113번길 16,3,200만,360도,30일,2022,35.158316,126.912158,2025-12-31
광주광역시 사회재난과,북구 임동 195-10,북구 중흥로 32,4,200만,360도,30일,2022,35.165246,126.89817,2025-12-31
광주광역시 사회재난과,북구 문흥동 971-1,북구 대천로 195,3,200만,360도,30일,2022,35.191845,126.924738,2025-12-31
광주광역시 사회재난과,북구 두암동 856-5,북구 금녕길 23,4,200만,360도,30일,2022,35.17129,126.929443,2025-12-31
광주광역시 사회재난과,북구 일곡동 850-1,북구 일곡로 55,3,200만,360도,30일,2022,35.208293,126.894773,2025-12-31
광주광역시 사회재난과,북구 삼각동 791-1,북구 설죽로455번길 1,3,200만,360도,30일,2022,35.199918,126.899132,2025-12-31
광주광역시 사회재난과,북구 매곡동 339,북구 하백로5번길 10,2,200만,360도,30일,2022,35.188127,126.890025,2025-12-31
광주광역시 사회재난과,북구 용봉동 1474,북구 서하로94번길 50,4,200만,360도,30일,2022,35.186094,126.894393,2025-12-31
광주광역시 사회재난과,북구 신용동 680,북구 첨단연신로107번길 24,3,200만,360도,30일,2022,35.208647,126.861274,2025-12-31
광주광역시 사회재난과,북구 양산동 101,북구 자라봉로 33,3,200만,360도,30일,2022,35.20897,126.878227,2025-12-31
광주광역시 사회재난과,북구 일곡동 849-8,북구 일곡마을로 50,3,200만,360도,30일,2022,35.205247,126.896156,2025-12-31
광주광역시 사회재난과,북구 용봉동 1397-4,북구 저불로31번길 6,3,200만,360도,30일,2022,35.177333,126.894402,2025-12-31
광주광역시 사회재난과,북구 용봉동 1397-4,북구 중흥로7번길 6-17,4,200만,360도,30일,2022,35.166567,126.8957,2025-12-31
광주광역시 사회재난과,북구 운암동 1426-2,북구 운신남길 114,3,200만,360도,30일,2022,35.172123,126.881014,2025-12-31
광주광역시 사회재난과,북구 풍향동 산19-29,북구 밤실로169번길 16,2,200만,360도,30일,2022,35.161908,126.933039,2025-12-31
광주광역시 사회재난과,북구 두암동 880-1,북구 서방로107번길 56,2,200만,360도,30일,2022,35.172645,126.925982,2025-12-31
광주광역시 사회재난과,북구 풍향동 435-31,북구 두방길32번길 47,1,200만,360도,30일,2024,35.167215,126.92589,2025-12-31
광주광역시 사회재난과,북구 풍향동 435-31,북구 두방길32번길 47,1,200만,360도,30일,2022,35.167215,126.92589,2025-12-31
광주광역시 사회재난과,북구 운암동 414-15,북구 무등로5번길 17-4,3,200만,360도,30일,2022,35.171867,126.885413,2025-12-31
광주광역시 사회재난과,북구 중흥동 260-82,북구 호동로43번길 13,1,200만,360도,30일,2020,35.175953,126.916091,2025-12-31
광주광역시 사회재난과,북구 중흥동 260-82,북구 호동로43번길 13,2,200만,360도,30일,2022,35.175953,126.916091,2025-12-31
광주광역시 사회재난과,북구 운암동 490-11,북구 서암대로 7,3,200만,360도,30일,2022,35.173093,126.885597,2025-12-31
광주광역시 사회재난과,북구 임동 98-1,북구 임동로 7,1,200만,360도,30일,2022,35.162189,126.896418,2025-12-31
광주광역시 사회재난과,북구 임동 98-1,북구 임동로 7,2,200만,360도,30일,2022,35.162189,126.896418,2025-12-31
광주광역시 사회재난과,북구 문흥동 190-2,북구 평교로30번길 28,2,200만,360도,30일,2022,35.179743,126.926341,2025-12-31
광주광역시 사회재난과,북구 신용동 350-3,,2,200만,360도,30일,2022,35.213227,126.858082,2025-12-31
광주광역시 사회재난과,북구 신용동 350-3,,1,200만,360도,30일,2024,35.213227,126.858082,2025-12-31
광주광역시 사회재난과,북구 두암동 865-13,북구 군왕로105번길 21-1,2,200만,360도,30일,2022,35.170669,126.931136,2025-12-31
광주광역시 사회재난과,북구 두암동 865-13,북구 군왕로105번길 21-1,1,200만,360도,30일,2024,35.170669,126.931136,2025-12-31
광주광역시 사회재난과,북구 오치동 869-9,북구 우치로231번길 33,2,200만,360도,30일,2019,35.185161,126.904041,2025-12-31
광주광역시 사회재난과,북구 오치동 869-9,북구 우치로231번길 33,1,200만,360도,30일,2024,35.185161,126.904041,2025-12-31
광주광역시 사회재난과,북구 북동 4-13,북구 금재로75번길 25-9,1,200만,360도,30일,2022,35.157364,126.910777,2025-12-31
광주광역시 사회재난과,북구 북동 4-13,북구 금재로75번길 25-9,1,200만,360도,30일,2022,35.157364,126.910777,2025-12-31
광주광역시 사회재난과,북구 북동 4-13,북구 금재로75번길 25-9,1,200만,360도,30일,2024,35.157364,126.910777,2025-12-31
광주광역시 사회재난과,북구 용전동 618-2,북구 용전마을길 42,1,200만,360도,30일,2010,35.238585,126.896958,2025-12-31
광주광역시 사회재난과,북구 용전동 618-2,북구 용전마을길 42,1,200만,360도,30일,2021,35.238585,126.896958,2025-12-31
광주광역시 사회재난과,북구 용전동 618-2,북구 용전마을길 42,1,200만,360도,30일,2022,35.238585,126.896958,2025-12-31
광주광역시 사회재난과,북구 충효동 439-1,북구 충효샘길 7,2,200만,360도,30일,2010,35.184496,127.001621,2025-12-31
광주광역시 사회재난과,북구 충효동 439-1,북구 충효샘길 7,1,200만,360도,30일,2022,35.184496,127.001621,2025-12-31
광주광역시 사회재난과,북구 두암동 847-29,북구 군왕로117번길 59,1,200만,360도,30일,2019,35.172631,126.92952,2025-12-31
광주광역시 사회재난과,북구 두암동 847-29,북구 군왕로117번길 59,2,200만,360도,30일,2022,35.172631,126.92952,2025-12-31
광주광역시 사회재난과,북구 동림동 234,북구 유림로160번길 8,1,200만,360도,30일,2022,35.176753,126.864688,2025-12-31
광주광역시 사회재난과,북구 동림동 234,북구 유림로160번길 8,1,200만,360도,30일,2024,35.176753,126.864688,2025-12-31
광주광역시 사회재난과,북구 두암동 828-5,북구 군왕로 131,1,200만,360도,30일,2022,35.172853,126.932752,2025-12-31
광주광역시 사회재난과,북구 두암동 828-5,북구 군왕로 131,1,200만,360도,30일,2022,35.172853,126.932752,2025-12-31
광주광역시 사회재난과,북구 두암동 828-5,북구 군왕로 131,1,200만,360도,30일,2023,35.172853,126.932752,2025-12-31
광주광역시 사회재난과,북구 동림동 1159-2,북구 동림용산로 12-11,1,200만,360도,30일,2022,35.188386,126.868369,2025-12-31
광주광역시 사회재난과,북구 동림동 1159-2,북구 동림용산로 12-11,1,200만,360도,30일,2024,35.188386,126.868369,2025-12-31
광주광역시 사회재난과,북구 연제동 478-133,북구 연양로20번길 26-6,2,200만,360도,30일,2021,35.205064,126.869659,2025-12-31
광주광역시 사회재난과,북구 연제동 478-133,북구 연양로20번길 26-6,1,200만,360도,30일,2024,35.205064,126.869659,2025-12-31
광주광역시 사회재난과,북구 각화동 514,북구 각화대로 33,1,200만,360도,30일,2022,35.181001,126.934169,2025-12-31
광주광역시 사회재난과,북구 각화동 514,북구 각화대로 33,1,200만,360도,30일,2024,35.181001,126.934169,2025-12-31
광주광역시 사회재난과,북구 문흥동 989-18,북구 문산로 74,3,200만,360도,30일,2020,35.187875,126.924796,2025-12-31
광주광역시 사회재난과,북구 문흥동 989-18,북구 문산로 74,1,200만,360도,30일,2024,35.187875,126.924796,2025-12-31
광주광역시 사회재난과,북구 우산동 196-4,북구 감적길 38,1,200만,360도,30일,2022,35.175212,126.923227,2025-12-31
광주광역시 사회재난과,북구 우산동 196-4,북구 감적길 38,2,200만,360도,30일,2022,35.175212,126.923227,2025-12-31
광주광역시 사회재난과,북구 우산동 196-4,북구 감적길 38,1,200만,360도,30일,2023,35.175212,126.923227,2025-12-31
광주광역시 사회재난과,북구 오치동 1042-1,북구 송월로30번길 20,1,200만,360도,30일,2017,35.186435,126.914314,2025-12-31
광주광역시 사회재난과,북구 오치동 1042-1,북구 송월로30번길 20,2,200만,360도,30일,2019,35.186435,126.914314,2025-12-31
광주광역시 사회재난과,북구 운암동 110-51,북구 금호로40번길 16,2,200만,360도,30일,2022,35.173313,126.890238,2025-12-31
광주광역시 사회재난과,북구 운암동 110-51,북구 금호로40번길 16,1,200만,360도,30일,2024,35.173313,126.890238,2025-12-31
광주광역시 사회재난과,북구 양산동 249-28,,1,200만,360도,30일,2019,35.210098,126.873206,2025-12-31
광주광역시 사회재난과,북구 양산동 249-28,,2,200만,360도,30일,2022,35.210098,126.873206,2025-12-31
광주광역시 사회재난과,북구 각화동 577-5,북구 군왕로 242,2,200만,360도,30일,2019,35.18159,126.938394,2025-12-31
광주광역시 사회재난과,북구 각화동 577-5,북구 군왕로 242,1,200만,360도,30일,2024,35.18159,126.938394,2025-12-31
광주광역시 사회재난과,북구 운암동 493-38,북구 금호로67번길 5,1,200만,360도,30일,2010,35.174479,126.887072,2025-12-31
광주광역시 사회재난과,북구 운암동 493-38,북구 금호로67번길 5,2,200만,360도,30일,2022,35.174479,126.887072,2025-12-31
광주광역시 사회재난과,북구 신안동 213-1,북구 서양로 28,1,200만,360도,30일,2024,35.170781,126.904333,2025-12-31
광주광역시 사회재난과,북구 신안동 213-1,북구 서양로 28,1,200만,360도,30일,2017,35.170781,126.904333,2025-12-31
광주광역시 사회재난과,북구 신안동 213-1,북구 서양로 28,1,200만,360도,30일,2019,35.170781,126.904333,2025-12-31
광주광역시 사회재난과,북구 신안동 213-1,북구 서양로 28,1,200만,360도,30일,2022,35.170781,126.904333,2025-12-31
광주광역시 사회재난과,북구 두암동 597-1,북구 군왕로182번길 24,2,200만,360도,30일,2019,35.176879,126.935336,2025-12-31
광주광역시 사회재난과,북구 두암동 597-1,북구 군왕로182번길 24,1,200만,360도,30일,2023,35.176879,126.935336,2025-12-31
광주광역시 사회재난과,북구 문흥동 987-10,북구 문산로74번길 45,3,200만,360도,30일,2022,35.186804,126.927152,2025-12-31
광주광역시 사회재난과,북구 문흥동 987-10,북구 문산로74번길 45,1,200만,360도,30일,2023,35.186804,126.927152,2025-12-31
광주광역시 사회재난과,북구 문흥동 267-5,북구 문화소통로315번길 11,1,200만,360도,30일,2019,35.182767,126.928261,2025-12-31
광주광역시 사회재난과,북구 문흥동 267-5,북구 문화소통로315번길 11,1,200만,360도,30일,2023,35.182767,126.928261,2025-12-31
광주광역시 사회재난과,북구 오치동 989-2,북구 대천로 14,1,200만,360도,30일,2018,35.18499,126.908197,2025-12-31
광주광역시 사회재난과,북구 오치동 989-2,북구 대천로 14,1,200만,360도,30일,2022,35.18499,126.908197,2025-12-31
광주광역시 사회재난과,북구 오치동 989-2,북구 대천로 14,1,200만,360도,30일,2024,35.18499,126.908197,2025-12-31
광주광역시 사회재난과,북구 용봉동 692-15,,2,200만,360도,30일,2018,35.171986,126.898025,2025-12-31
광주광역시 사회재난과,북구 용봉동 692-15,,1,200만,360도,30일,2022,35.171986,126.898025,2025-12-31
광주광역시 사회재난과,북구 문흥동 1001-3 ,북구 대천로 124-5,1,200만,360도,30일,2009,35.185457,126.920946,2025-12-31
광주광역시 사회재난과,북구 문흥동 1001-3 ,북구 대천로 124-5,1,200만,360도,30일,2022,35.185457,126.920946,2025-12-31
광주광역시 사회재난과,북구 두암동 591-4,북구 두리봉길 34-16,3,200만,360도,30일,2020,35.178264,126.933153,2025-12-31
광주광역시 사회재난과,북구 운암동 885-41,북구 서강로53번길 6-4,1,200만,360도,30일,2017,35.176589,126.870571,2025-12-31
광주광역시 사회재난과,북구 운암동 885-41,북구 서강로53번길 6-4,1,200만,360도,30일,2020,35.176589,126.870571,2025-12-31
광주광역시 사회재난과,북구 운암동 885-41,북구 서강로53번길 6-4,1,200만,360도,30일,2022,35.176589,126.870571,2025-12-31
광주광역시 사회재난과,북구 신안동 238-39,북구 들재매길 141,2,200만,360도,30일,2017,35.168215,126.901203,2025-12-31
광주광역시 사회재난과,북구 신안동 238-39,북구 들재매길 141,1,200만,360도,30일,2020,35.168215,126.901203,2025-12-31
광주광역시 사회재난과,북구 각화동 178-11,북구 군왕로203번길 25,1,200만,360도,30일,2019,35.178996,126.934104,2025-12-31
광주광역시 사회재난과,북구 각화동 178-11,북구 군왕로203번길 25,1,200만,360도,30일,2019,35.178996,126.934104,2025-12-31
광주광역시 사회재난과,북구 각화동 178-11,북구 군왕로203번길 25,2,200만,360도,30일,2024,35.178996,126.934104,2025-12-31
광주광역시 사회재난과,북구 두암동 288-40,북구 밤실로181번길 6-1,3,200만,360도,30일,2020,35.163197,126.933575,2025-12-31
광주광역시 사회재난과,북구 두암동 288-40,북구 밤실로181번길 6-1,1,200만,360도,30일,2022,35.163197,126.933575,2025-12-31
광주광역시 사회재난과,북구 두암동 581-4,북구 두리봉길 3,1,200만,360도,30일,2019,35.176147,126.931347,2025-12-31
광주광역시 사회재난과,북구 두암동 581-4,북구 두리봉길 3,3,200만,360도,30일,2022,35.176147,126.931347,2025-12-31
광주광역시 사회재난과,북구 신용동 760,북구 첨단연신로108번길 86,2,200만,360도,30일,2021,35.210027,126.86591,2025-12-31
광주광역시 사회재난과,북구 각화동 215,북구 각화대로39번길 10,1,200만,360도,30일,2022,35.181758,126.935374,2025-12-31
광주광역시 사회재난과,북구 각화동 215,북구 각화대로39번길 10,2,200만,360도,30일,2022,35.181758,126.935374,2025-12-31
광주광역시 사회재난과,북구 망월동 895,북구 석곡로 527,1,200만,360도,30일,2022,35.206248,126.951227,2025-12-31
광주광역시 사회재난과,북구 망월동 895,북구 석곡로 527,1,200만,360도,30일,2022,35.206248,126.951227,2025-12-31
광주광역시 사회재난과,북구 임동 8-2,북구 서림로 113,1,200만,360도,30일,2022,35.163296,126.89879,2025-12-31
광주광역시 사회재난과,북구 임동 8-2,북구 서림로 113,2,200만,360도,30일,2022,35.163296,126.89879,2025-12-31
광주광역시 사회재난과,북구 중흥동 361-10,북구 향토문화로 65,1,200만,360도,30일,2022,35.172694,126.91387,2025-12-31
광주광역시 사회재난과,북구 중흥동 361-10,북구 향토문화로 65,2,200만,360도,30일,2022,35.172694,126.91387,2025-12-31
광주광역시 사회재난과,북구 매곡동 206-1,북구 초당로 25,1,200만,360도,30일,2022,35.193628,126.893498,2025-12-31
광주광역시 사회재난과,북구 매곡동 206-1,북구 초당로 25,4,200만,360도,30일,2022,35.193628,126.893498,2025-12-31
광주광역시 사회재난과,북구 우산동 615,북구 면앙로 99,1,200만,360도,30일,2022,35.179022,126.92346,2025-12-31
광주광역시 사회재난과,북구 우산동 615,북구 면앙로 99,4,200만,360도,30일,2022,35.179022,126.92346,2025-12-31
광주광역시 사회재난과,북구 문흥동 962-1,북구 대천로169번길 7,1,200만,360도,30일,2022,35.189302,126.922231,2025-12-31
광주광역시 사회재난과,북구 문흥동 962-1,북구 대천로169번길 7,4,200만,360도,30일,2022,35.189302,126.922231,2025-12-31
광주광역시 사회재난과,북구 두암동 828-1,북구 군왕로 135,1,200만,360도,30일,2022,35.174068,126.931582,2025-12-31
광주광역시 사회재난과,북구 두암동 828-1,북구 군왕로 135,2,200만,360도,30일,2022,35.174068,126.931582,2025-12-31
광주광역시 사회재난과,북구 문흥동 1010-5,북구 문산로 17,1,200만,360도,30일,2022,35.183672,126.921648,2025-12-31
광주광역시 사회재난과,북구 문흥동 1010-5,북구 문산로 17,2,200만,360도,30일,2022,35.183672,126.921648,2025-12-31
광주광역시 사회재난과,북구 본촌동 2999,북구 본촌택지로30번길 22,1,200만,360도,30일,2022,35.214799,126.880583,2025-12-31
광주광역시 사회재난과,북구 본촌동 2999,북구 본촌택지로30번길 22,2,200만,360도,30일,2022,35.214799,126.880583,2025-12-31
광주광역시 사회재난과,북구 삼각동 793-1,북구 송해로 21,1,200만,360도,30일,2022,35.200531,126.901153,2025-12-31
광주광역시 사회재난과,북구 삼각동 793-1,북구 송해로 21,2,200만,360도,30일,2022,35.200531,126.901153,2025-12-31
광주광역시 사회재난과,북구 두암동 967-2,북구 밤실로208번길 55,1,200만,360도,30일,2022,35.166477,126.935753,2025-12-31
광주광역시 사회재난과,북구 두암동 967-2,북구 밤실로208번길 55,2,200만,360도,30일,2022,35.166477,126.935753,2025-12-31
광주광역시 사회재난과,북구 효령동 396-4,북구 하서로 985,1,200만,360도,30일,2022,35.244359,126.914946,2025-12-31
광주광역시 사회재난과,북구 효령동 396-4,북구 하서로 985,3,200만,360도,30일,2022,35.244359,126.914946,2025-12-31
광주광역시 사회재난과,북구 오치동 945-1,북구 우치로 263,1,200만,360도,30일,2022,35.18786,126.905234,2025-12-31
광주광역시 사회재난과,북구 오치동 945-1,북구 우치로 263,3,200만,360도,30일,2022,35.18786,126.905234,2025-12-31
광주광역시 사회재난과,북구 신용동 661,북구 첨단연신로 232-10,1,200만,360도,30일,2022,35.209944,126.858767,2025-12-31
광주광역시 사회재난과,북구 신용동 661,북구 첨단연신로 232-10,4,200만,360도,30일,2022,35.209944,126.858767,2025-12-31
광주광역시 사회재난과,북구 양산동 928,북구 자라봉로63번길 16,1,200만,360도,30일,2022,35.209204,126.880533,2025-12-31
광주광역시 사회재난과,북구 양산동 928,북구 자라봉로63번길 16,3,200만,360도,30일,2022,35.209204,126.880533,2025-12-31
광주광역시 사회재난과,북구 양산동 688,북구 하서로229번길 47,1,200만,360도,30일,2022,35.197101,126.872425,2025-12-31
광주광역시 사회재난과,북구 양산동 688,북구 하서로229번길 47,3,200만,360도,30일,2022,35.197101,126.872425,2025-12-31
광주광역시 사회재난과,북구 운암동 1020,북구 서강로 79-14,1,200만,360도,30일,2022,35.179495,126.87094,2025-12-31
광주광역시 사회재난과,북구 운암동 1020,북구 서강로 79-14,2,200만,360도,30일,2022,35.179495,126.87094,2025-12-31
광주광역시 사회재난과,북구 일곡동 890-1,북구 일곡택지로 45,1,200만,360도,30일,2022,35.20642,126.894332,2025-12-31
광주광역시 사회재난과,북구 일곡동 890-1,북구 일곡택지로 45,3,200만,360도,30일,2022,35.20642,126.894332,2025-12-31
광주광역시 사회재난과,북구 일곡동 814-5,북구 일곡마을로 187,1,200만,360도,30일,2022,35.211307,126.894419,2025-12-31
광주광역시 사회재난과,북구 일곡동 814-5,북구 일곡마을로 187,1,200만,360도,30일,2022,35.211307,126.894419,2025-12-31
광주광역시 사회재난과,북구 중흥동 652-1,북구 경양로197번길 25,1,200만,360도,30일,2022,35.161112,126.913817,2025-12-31
광주광역시 사회재난과,북구 중흥동 652-1,북구 경양로197번길 25,3,200만,360도,30일,2022,35.161112,126.913817,2025-12-31
광주광역시 사회재난과,북구 지야동 340,북구 하서로 637,1,200만,360도,30일,2022,35.229663,126.885483,2025-12-31
광주광역시 사회재난과,북구 지야동 340,북구 하서로 637,2,200만,360도,30일,2022,35.229663,126.885483,2025-12-31
광주광역시 사회재난과,북구 두암동 800,북구 군왕로51번길 77,1,200만,360도,30일,2022,35.167779,126.928961,2025-12-31
광주광역시 사회재난과,북구 두암동 800,북구 군왕로51번길 77,2,200만,360도,30일,2022,35.167779,126.928961,2025-12-31
광주광역시 사회재난과,북구 신용동 642-1,북구 임방울대로1041번길 25,1,200만,360도,30일,2022,35.215496,126.871222,2025-12-31
광주광역시 사회재난과,북구 신용동 642-1,북구 임방울대로1041번길 25,3,200만,360도,30일,2022,35.215496,126.871222,2025-12-31
광주광역시 사회재난과,북구 중흥동 367-10,북구 서양로 99,1,200만,360도,30일,2022,35.168679,126.912589,2025-12-31
광주광역시 사회재난과,북구 중흥동 367-10,북구 서양로 99,2,200만,360도,30일,2022,35.168679,126.912589,2025-12-31
광주광역시 사회재난과,북구 유동 141,북구 서림로 153,1,200만,360도,30일,2022,35.160396,126.902013,2025-12-31
광주광역시 사회재난과,북구 유동 141,북구 서림로 153,4,200만,360도,30일,2022,35.160396,126.902013,2025-12-31
광주광역시 사회재난과,북구 중흥동 722-4,북구 경열로 242,1,200만,360도,30일,2022,35.16101,126.907394,2025-12-31
광주광역시 사회재난과,북구 중흥동 722-4,북구 경열로 242,4,200만,360도,30일,2022,35.16101,126.907394,2025-12-31
광주광역시 사회재난과,북구 동림동 235,북구 유림로160번길 15,1,200만,360도,30일,2022,35.176174,126.865391,2025-12-31
광주광역시 사회재난과,북구 동림동 235,북구 유림로160번길 15,3,200만,360도,30일,2022,35.176174,126.865391,2025-12-31
광주광역시 사회재난과,북구 중흥동 721-8,북구 중가로 59,1,200만,360도,30일,2022,35.159257,126.906607,2025-12-31
광주광역시 사회재난과,북구 중흥동 721-8,북구 중가로 59,3,200만,360도,30일,2022,35.159257,126.906607,2025-12-31
광주광역시 사회재난과,북구 중흥동 364-1,북구 우치로40번길 25,1,200만,360도,30일,2022,35.170023,126.914776,2025-12-31
광주광역시 사회재난과,북구 중흥동 364-1,북구 우치로40번길 25,4,200만,360도,30일,2022,35.170023,126.914776,2025-12-31
광주광역시 사회재난과,북구 매곡동 45-18,북구 매곡로69번길 41,3,200만,360도,30일,2022,35.188009,126.891988,2025-12-31
광주광역시 사회재난과,북구 매곡동 385,북구 서하로 72,3,200만,360도,30일,2022,35.18743,126.888922,2025-12-31
광주광역시 사회재난과,북구 용봉동 1461,북구 서하로 128,4,200만,360도,30일,2022,35.187358,126.894389,2025-12-31
광주광역시 사회재난과,북구 용봉동 1075,북구 용봉택지로 25,4,200만,360도,30일,2022,35.178583,126.890044,2025-12-31
광주광역시 사회재난과,북구 삼각동 791-2,북구 설죽로 447,3,200만,360도,30일,2022,35.198928,126.899979,2025-12-31
광주광역시 사회재난과,북구 일곡동 815-3,,3,200만,360도,30일,2022,35.213822,126.897798,2025-12-31
광주광역시 사회재난과,북구 용봉동 693,북구 설죽로 136,3,200만,360도,30일,2022,35.172165,126.896949,2025-12-31
광주광역시 사회재난과,북구 삼각동 838,,4,200만,360도,30일,2022,35.19667,126.900078,2025-12-31
광주광역시 사회재난과,`,북구 서림로118번길 17,4,200만,360도,30일,2022,35.16065,126.897915,2025-12-31
광주광역시 사회재난과,북구 월출동 970-103,북구 삼소로270번길 24,4,200만,360도,30일,2022,35.237352,126.865562,2025-12-31
광주광역시 사회재난과,북구 월출동 976-1,북구 첨단벤처소로38번길 19-2,4,200만,360도,30일,2022,35.232703,126.861985,2025-12-31
광주광역시 사회재난과,북구 오룡동 1110-13,북구 첨단과기로208번길 43,3,200만,360도,30일,2022,35.225133,126.851239,2025-12-31
광주광역시 사회재난과,북구 연제동 1038,북구 첨단연신로77번길 13,3,200만,360도,30일,2022,35.204875,126.862671,2025-12-31
광주광역시 사회재난과,북구 연제동 1059,북구 첨단연신로29번길 15,4,200만,360도,30일,2022,35.200555,126.860599,2025-12-31
광주광역시 사회재난과,북구 연제동 1074,,3,200만,360도,30일,2022,35.200784,126.865451,2025-12-31
광주광역시 사회재난과,북구 오치동 884,,4,200만,360도,30일,2022,35.191472,126.900843,2025-12-31
광주광역시 사회재난과,북구 중흥동 715-18,북구 경열로234번길 45,4,200만,360도,30일,2023,35.159422,126.909722,2025-12-31
광주광역시 사회재난과,북구 중흥동 751-20,북구 독립로367번길 40-5,4,200만,360도,30일,2023,35.16412,126.913392,2025-12-31
광주광역시 사회재난과,북구 중흥동 344-11,북구 서양로 82-14,2,200만,360도,30일,2023,35.168663,126.909731,2025-12-31
광주광역시 사회재난과,북구 중흥동 325-60,북구 서암대로223번길 11,3,200만,360도,30일,2023,35.168272,126.908689,2025-12-31
광주광역시 사회재난과,북구 중흥동 325-60,북구 서암대로223번길 11,1,200만,360도,30일,2024,35.168272,126.908689,2025-12-31
광주광역시 사회재난과,북구 중흥동 599-27,북구 당뫼로8번길 18,4,200만,360도,30일,2023,35.166782,126.914523,2025-12-31
광주광역시 사회재난과,북구 중흥동 114-1,북구 와우로 12-1,4,200만,360도,30일,2023,35.170744,126.91652,2025-12-31
광주광역시 사회재난과,북구 신안동 478-11,북구 서암대로159번길 36,2,200만,360도,30일,2023,35.170675,126.902233,2025-12-31
광주광역시 사회재난과,북구 용봉동 1152-35,,4,200만,360도,30일,2023,35.182419,126.902282,2025-12-31
광주광역시 사회재난과,북구 임동 94-95,북구 임동로16번길 8-2,3,200만,360도,30일,2023,35.161662,126.897368,2025-12-31
광주광역시 사회재난과,북구 신안동 117-6,북구 중흥로 105,5,200만,360도,30일,2023,35.163299,126.905529,2025-12-31
광주광역시 사회재난과,북구 용봉동 853-7,북구 저불로73번길 42-3,3,200만,360도,30일,2023,35.181442,126.893052,2025-12-31
광주광역시 사회재난과,북구 용봉동 1231-1,북구 용주로 2,3,200만,360도,30일,2023,35.180541,126.898365,2025-12-31
광주광역시 사회재난과,북구 운암동 133,북구 금호로 80,3,200만,360도,30일,2023,35.175881,126.885992,2025-12-31
광주광역시 사회재난과,북구 동림동 26-8,,2,200만,360도,30일,2023,35.185138,126.868505,2025-12-31
광주광역시 사회재난과,북구 동림동 37-10,북구 북문대로 235,2,200만,360도,30일,2023,35.185152,126.864616,2025-12-31
광주광역시 사회재난과,북구 각화동 480-41,북구 동문대로 238-8,2,200만,360도,30일,2023,35.18308,126.932322,2025-12-31
광주광역시 사회재난과,북구 두암동 564-1,,4,200만,360도,30일,2023,35.17988,126.927755,2025-12-31
광주광역시 사회재난과,북구 두암동 597-33,북구 군왕로168번길 23,4,200만,360도,30일,2023,35.17585,126.934934,2025-12-31
광주광역시 사회재난과,북구 두암동 834-10,북구 금녕길61번길 21,4,200만,360도,30일,2023,35.174219,126.929673,2025-12-31
광주광역시 사회재난과,북구 두암동 915-1,북구 삼정소로길 52,4,200만,360도,30일,2023,35.171381,126.935942,2025-12-31
광주광역시 사회재난과,북구 오치동 978-12,북구 우치로228번길 36,3,200만,360도,30일,2023,35.186125,126.907478,2025-12-31
광주광역시 사회재난과,북구 본촌동 3057,북구 양산택지로 89,4,200만,360도,30일,2023,35.214078,126.88192,2025-12-31
광주광역시 사회재난과,북구 생용동 637,북구 지내마을길 68-3,3,200만,360도,30일,2023,35.225669,126.893152,2025-12-31
광주광역시 사회재난과,북구 양산동 620-89,북구 하서로229번길 9,3,200만,360도,30일,2023,35.195719,126.876191,2025-12-31
광주광역시 사회재난과,북구 신용동 62-27,북구 복룡길 4,3,200만,360도,30일,2023,35.214685,126.866747,2025-12-31
광주광역시 사회재난과,북구 운암동 91-18,북구 북문대로49번길 29,1,200만,360도,30일,2018,35.174489,126.879815,2025-12-31
광주광역시 사회재난과,북구 운암동 91-18,북구 북문대로49번길 29,1,200만,360도,30일,2022,35.174489,126.879815,2025-12-31
광주광역시 사회재난과,북구 운암동 91-18,북구 북문대로49번길 29,1,200만,360도,30일,2023,35.174489,126.879815,2025-12-31
광주광역시 사회재난과,북구 우산동 195-19,북구 동문대로121번길 72,4,200만,360도,30일,2023,35.175113,126.922072,2025-12-31
광주광역시 사회재난과,북구 두암동 351-3,북구 탁영로 14,3,200만,360도,30일,2023,35.166492,126.934264,2025-12-31
광주광역시 사회재난과,북구 두암동 944-2,북구 삼정로66번길 41,3,200만,360도,30일,2023,35.168942,126.939084,2025-12-31
광주광역시 사회재난과,북구 풍향동 23-115,북구 참판로 50,4,200만,360도,30일,2023,35.163077,126.930634,2025-12-31
광주광역시 사회재난과,북구 오치동 861-45,북구 설죽로 324-9,3,200만,360도,30일,2023,35.188392,126.899978,2025-12-31
광주광역시 사회재난과,북구 오치동 920-20,북구 우치로275번길 30-10,3,200만,360도,30일,2023,35.189949,126.903774,2025-12-31
광주광역시 사회재난과,북구 문흥동 949-8,북구 서하로355번길 19,3,200만,360도,30일,2023,35.187664,126.920043,2025-12-31
광주광역시 사회재난과,북구 문흥동 977-4,북구 문산로74번길 121,3,200만,360도,30일,2023,35.189561,126.928573,2025-12-31
광주광역시 사회재난과,북구 신안동 497-5,북구 자산로 67,4,200만,360도,30일,2023,35.167482,126.899129,2025-12-31
광주광역시 사회재난과,북구 신안동 253-9,북구 중흥로17번길 8,2,200만,360도,30일,2023,35.166,126.896596,2025-12-31
광주광역시 사회재난과,북구 임동 29-2,,3,200만,360도,30일,2023,35.163208,126.89817,2025-12-31
광주광역시 사회재난과,북구 금곡동 919-2,,3,200만,360도,30일,2023,35.162547,126.981537,2025-12-31
광주광역시 사회재난과,북구 두암동 923-15,북구 삼정로87번길 24,3,200만,360도,30일,2023,35.169892,126.935823,2025-12-31
광주광역시 사회재난과,북구 운암동 1065-7,북구 북문대로169번길 52,3,200만,360도,30일,2023,35.182067,126.868858,2025-12-31
광주광역시 사회재난과,북구 운암동 1073,북구 북문대로187번길 9,4,200만,360도,30일,2023,35.184372,126.869616,2025-12-31
광주광역시 사회재난과,북구 용봉동 153-17,북구 면앙로6번길 75,4,200만,360도,30일,2023,35.176936,126.913511,2025-12-31
광주광역시 사회재난과,북구 용봉동 1205-47,북구 용주로30번길 94,3,200만,360도,30일,2023,35.181928,126.904402,2025-12-31
광주광역시 사회재난과,북구 양산동 104,북구 양지마을길 17-2,2,200만,360도,30일,2023,35.20869,126.877406,2025-12-31
광주광역시 사회재난과,북구 연제동 29-4,북구 양산제로 70,4,200만,360도,30일,2023,35.200708,126.869137,2025-12-31
광주광역시 사회재난과,북구 연제동 483-77,북구 연양로23번길 15,4,200만,360도,30일,2023,35.207363,126.868968,2025-12-31
광주광역시 사회재난과,북구 동림동 290-2,,4,200만,360도,30일,2023,35.175381,126.865836,2025-12-31
광주광역시 사회재난과,북구 중흥동 526-2,,2,200만,360도,30일,2022,35.168889,126.916722,2025-12-31
광주광역시 사회재난과,북구 중흥동 526-2,,2,200만,360도,30일,2022,35.16876,126.916888,2025-12-31
광주광역시 사회재난과,북구 우산동 264-28,,2,200만,360도,30일,2022,35.171316,126.919952,2025-12-31
광주광역시 사회재난과,북구 우산동 264-28,,2,200만,360도,30일,2022,35.171715,126.920128,2025-12-31
광주광역시 사회재난과,북구 우산동 264-28,,2,200만,360도,30일,2022,35.171508,126.920252,2025-12-31
광주광역시 사회재난과,북구 우산동 259-2,,2,200만,360도,30일,2022,35.170644,126.920933,2025-12-31
광주광역시 사회재난과,북구 우산동 259-2,,2,200만,360도,30일,2022,35.170505,126.921288,2025-12-31
광주광역시 사회재난과,북구 중흥동 526-2,,2,200만,360도,30일,2022,35.168381,126.916508,2025-12-31
광주광역시 사회재난과,북구 중흥동 526-2,,2,200만,360도,30일,2022,35.168583,126.916591,2025-12-31
광주광역시 사회재난과,북구 일곡동 산23-2,,2,200만,360도,30일,2023,35.214881,126.907738,2025-12-31
광주광역시 사회재난과,북구 두암동 945-10,북구 삼정로74번길 8-1,4,200만,360도,30일,2023,35.168658,126.937688,2025-12-31
광주광역시 사회재난과,북구 두암동 919-8,북구 삼정로95번길 8,4,200만,360도,30일,2023,35.170633,126.937012,2025-12-31
광주광역시 사회재난과,북구 양산동 283-28,북구 연양로40번길 9,3,200만,360도,30일,2023,35.205798,126.87179,2025-12-31
광주광역시 사회재난과,북구 용두동 555-4,,2,200만,360도,30일,2023,35.220787,126.873939,2025-12-31
광주광역시 사회재난과,북구 중흥동 501-2,북구 효죽로 14-3,3,200만,360도,30일,2023,35.169314,126.916578,2025-12-31
광주광역시 사회재난과,북구 삼각동 228,북구 삼각외촌길 33,2,200만,360도,30일,2023,35.20074,126.906512,2025-12-31
광주광역시 사회재난과,북구 중흥동 644-17,북구 독립로367번길 10-10,3,200만,360도,30일,2023,35.163727,126.914908,2025-12-31
광주광역시 사회재난과,북구 오치동 946-16,북구 안산로 20-11,3,200만,360도,30일,2023,35.188887,126.903018,2025-12-31
광주광역시 사회재난과,북구 양산동 715-2,북구 양산택지로51번길 4,3,200만,360도,30일,2023,35.21102,126.879851,2025-12-31
광주광역시 사회재난과,북구 일곡동 868-8,북구 일곡마을로 166,4,200만,360도,30일,2023,35.210334,126.892169,2025-12-31
광주광역시 사회재난과,북구 각화동 산145-1,,3,200만,360도,30일,2023,35.178965,126.942095,2025-12-31
광주광역시 사회재난과,북구 매곡동 280-10,북구 매곡로 81,3,200만,360도,30일,2023,35.192023,126.892305,2025-12-31
광주광역시 사회재난과,북구 신안동 230-9,북구 들재매길 24,3,200만,360도,30일,2023,35.169969,126.895078,2025-12-31
광주광역시 사회재난과,북구 두암동 978-11,북구 무진성길 20,2,200만,360도,30일,2023,35.1605,126.9393,2025-12-31
광주광역시 사회재난과,북구 오치동 936-8,북구 서하로257번길 43,5,200만,360도,30일,2023,35.1886,126.9104,2025-12-31
광주광역시 사회재난과,북구 오치동 861-5,북구 설죽로348번길 8,3,200만,360도,30일,2023,35.1905,126.9003,2025-12-31
광주광역시 사회재난과,북구 운암동 484-1,북구 북문대로8번길 21,2,200만,360도,30일,2023,35.17451,126.88509,2025-12-31
광주광역시 사회재난과,북구 운암동 484-1,북구 북문대로8번길 21,1,200만,360도,30일,2021,35.174156,126.884759,2025-12-31
광주광역시 사회재난과,북구 두암동 400,북구 참판로 130,3,200만,360도,30일,2023,35.169862,126.934735,2025-12-31
광주광역시 사회재난과,북구 문흥동 990-1,북구 문산로 66,3,200만,360도,30일,2023,35.187272,126.924543,2025-12-31
광주광역시 사회재난과,북구 문흥동 787-3,북구 면앙로 19,2,200만,360도,30일,2023,35.179947,126.914738,2025-12-31
광주광역시 사회재난과,북구 운암동 1056-1,북구 서강로 133,2,200만,360도,30일,2023,35.183222,126.875153,2025-12-31
광주광역시 사회재난과,북구 북동 102,북구 금남로 99,2,200만,360도,30일,2023,35.156103,126.906551,2025-12-31
광주광역시 사회재난과,북구 신안동 235-1,북구 서암대로144번길 11,2,200만,360도,30일,2023,35.169195,126.89983,2025-12-31
광주광역시 사회재난과,북구 우산동 168-6,북구 서방로63번길 67,2,200만,360도,30일,2023,35.175434,126.92092,2025-12-31
광주광역시 사회재난과,북구 오치동 1002,북구 설죽로 290,4,200만,360도,30일,2023,35.187254,126.899446,2025-12-31
광주광역시 사회재난과,북구 일곡동 820-1,북구 설죽로 530,2,200만,360도,30일,2023,35.207662,126.899292,2025-12-31
광주광역시 사회재난과,북구 매곡동 339,북구 하백로5번길 10,2,200만,360도,30일,2023,35.18868,126.889987,2025-12-31
광주광역시 사회재난과,북구 동림동 1149-1,북구 북문대로 246,3,200만,360도,30일,2023,35.187208,126.865219,2025-12-31
광주광역시 사회재난과,북구 연제동 1042,북구 첨단연신로 76,1,200만,360도,30일,2023,35.204975,126.864466,2025-12-31
광주광역시 사회재난과,북구 연제동 1042,북구 첨단연신로 76,3,200만,360도,30일,2023,35.204975,126.864466,2025-12-31
광주광역시 사회재난과,북구 중흥동 836,북구 우치로40번길 25,1,200만,360도,30일,2023,35.171487,126.91508,2025-12-31
광주광역시 사회재난과,북구 중흥동 836,북구 우치로40번길 25,2,200만,360도,30일,2023,35.171487,126.91508,2025-12-31
광주광역시 사회재난과,북구 양산동 769,북구 양산로71번길 5-1,3,200만,360도,30일,2023,35.210388,126.882398,2025-12-31
광주광역시 사회재난과,북구 문흥동 1022,,1,200만,360도,30일,2023,35.18458,126.9301,2025-12-31
광주광역시 사회재난과,북구 문흥동 1022,,2,200만,360도,30일,2023,35.18458,126.9301,2025-12-31
광주광역시 사회재난과,북구 중흥동 12-1,,1,200만,360도,30일,2023,35.17106,126.9197,2025-12-31
광주광역시 사회재난과,북구 중흥동 12-1,,3,200만,360도,30일,2023,35.17106,126.9197,2025-12-31
광주광역시 사회재난과,북구 우산동 510-26,,1,200만,360도,30일,2023,35.16762,126.9172,2025-12-31
광주광역시 사회재난과,북구 우산동 510-26,,3,200만,360도,30일,2023,35.16762,126.9172,2025-12-31
광주광역시 사회재난과,북구 오치동 5-10,북구 능안로30번길 3,2,200만,360도,30일,2023,35.18811,126.9171,2025-12-31
광주광역시 사회재난과,북구 임동 340,북구 천변우로 11,1,200만,360도,30일,2023,35.16864,126.8858,2025-12-31
광주광역시 사회재난과,북구 임동 340,북구 천변우로 11,2,200만,360도,30일,2023,35.16864,126.8858,2025-12-31
광주광역시 사회재난과,북구 각화동 437-3,북구 동문대로 260,1,200만,360도,30일,2023,35.18402,126.9317,2025-12-31
광주광역시 사회재난과,북구 각화동 437-3,북구 동문대로 260,2,200만,360도,30일,2023,35.18402,126.9317,2025-12-31
광주광역시 사회재난과,북구 신용동 741,북구 첨단연신로108번길 104,4,200만,360도,30일,2023,35.210259,126.865008,2025-12-31
광주광역시 사회재난과,북구 오룡동 479-2,북구 앰코로 127,4,200만,360도,30일,2023,35.23256,126.848986,2025-12-31
광주광역시 사회재난과,북구 일곡동 482-7,북구 모룡대길 61,4,200만,360도,30일,2023,35.216314,126.894169,2025-12-31
광주광역시 사회재난과,북구 월출동 965-1,,2,200만,360도,30일,2021,35.239951,126.868569,2025-12-31
광주광역시 사회재난과,북구 월출동 972,,2,200만,360도,30일,2021,35.238488,126.863949,2025-12-31
광주광역시 사회재난과,북구 대촌동 952-2,,2,200만,360도,30일,2021,35.236159,126.856934,2025-12-31
광주광역시 사회재난과,북구 오룡동 1112-1,,4,200만,360도,30일,2021,35.233592,126.849829,2025-12-31
광주광역시 사회재난과,북구 오룡동 1120,,4,200만,360도,30일,2021,35.228521,126.853155,2025-12-31
광주광역시 사회재난과,북구 대촌동 962,,2,200만,360도,30일,2021,35.222263,126.856413,2025-12-31
광주광역시 사회재난과,북구 오룡동 1116,,2,200만,360도,30일,2021,35.220364,126.85907,2025-12-31
광주광역시 사회재난과,북구 연제동 1075,,2,200만,360도,30일,2022,35.200667,126.866202,2025-12-31
광주광역시 사회재난과,북구 연제동 1025,,3,200만,360도,30일,2022,35.200571,126.86409,2025-12-31
광주광역시 사회재난과,북구 중흥동 713-23,북구 중가로65번길 32,3,200만,360도,30일,2023,35.160393,126.907818,2025-12-31
광주광역시 사회재난과,북구 유동 113-6,북구 경열로211번길 31,3,200만,360도,30일,2023,35.15861,126.9045,2025-12-31
광주광역시 사회재난과,북구 신안동 492-1,북구 들자미길 70,3,200만,360도,30일,2023,35.16863,126.8984,2025-12-31
광주광역시 사회재난과,북구 풍향동 659,북구 군왕로8번길 27-1,3,200만,360도,30일,2023,35.16113,126.9312,2025-12-31
광주광역시 사회재난과,북구 두암동 825-32,북구 면앙로192번길 11-1,3,200만,360도,30일,2023,35.17474,126.9324,2025-12-31
광주광역시 사회재난과,북구 오치동 1018-1,북구 서하로315번길 21,3,200만,360도,30일,2023,35.18821,126.9148,2025-12-31
광주광역시 사회재난과,북구 용봉동 1205-25,북구 용주로40번길 65-11,3,200만,360도,30일,2023,35.18222,126.9056,2025-12-31
광주광역시 사회재난과,북구 동림동 13-5,북구 북문대로 194,3,200만,360도,30일,2023,35.18612,126.8702,2025-12-31
광주광역시 사회재난과,북구 매곡동 274-5,,3,200만,360도,30일,2023,35.19203,126.8896,2025-12-31
광주광역시 사회재난과,북구 양산동 367-12,북구 하서로241번길 41,2,200만,360도,30일,2023,35.19706,126.8748,2025-12-31
광주광역시 사회재난과,북구 동림동 1331,,3,200만,360도,30일,2023,35.18137,126.8596,2025-12-31
광주광역시 사회재난과,북구 운암동 442-13,북구 대자로54번길 10,3,200만,360도,30일,2023,35.17288,126.8783,2025-12-31
광주광역시 사회재난과,북구 용봉동 1248-34,북구 반룡로6번길 22,4,200만,360도,30일,2023,35.1785135.17856,126.8984126.8984,2025-12-31
광주광역시 사회재난과,북구 용전동 223-1,북구 용전마을길 59,4,200만,360도,30일,2023,35.240335.24016,126.8975126.8978,2025-12-31
광주광역시 사회재난과,북구 용전동 1194-25,,3,200만,360도,30일,2023,35.24042,126.9003,2025-12-31
광주광역시 사회재난과,북구 용강동 721,북구 하신마을길45번길 6,4,200만,360도,30일,2023,35.2482735.24800,126.8960126.8961,2025-12-31
광주광역시 사회재난과,북구 용전동 1113-12,,4,200만,360도,30일,2023,35.24552,126.8847,2025-12-31
광주광역시 사회재난과,북구 양산동 660-71,북구 양산신촌길 51,3,200만,360도,30일,2023,35.1997735.19973,126.873231126.8735,2025-12-31
광주광역시 사회재난과,북구 용봉동 33-44,북구 우치로 172-2,3,200만,360도,30일,2023,35.182349,126.909998,2025-12-31
광주광역시 사회재난과,북구 용봉동 158-19,북구 우치로100번길 24,2,200만,360도,30일,2023,35.176481,126.913849,2025-12-31
광주광역시 사회재난과,북구 용봉동 365,북구 설죽로214번길 99,3,200만,360도,30일,2023,35.177811,126.903031,2025-12-31
광주광역시 사회재난과,북구 운암동 산160,북구 동운로 165,2,200만,360도,30일,2023,35.173471,126.868722,2025-12-31
광주광역시 사회재난과,북구 운암동 442-3,북구 대자로 48-13,4,200만,360도,30일,2023,35.17262135.172623,126.877731126.877580,2025-12-31
광주광역시 사회재난과,북구 동림동 164-1,,2,200만,360도,30일,2023,35.185599,126.861409,2025-12-31
광주광역시 사회재난과,북구 동림동 44-14,북구 북문대로247번길 42,3,200만,360도,30일,2023,35.186181,126.864104,2025-12-31
광주광역시 사회재난과,북구 태령동 346,북구 태령학림길 10,2,200만,360도,30일,2023,35.250938,126.926568,2025-12-31
광주광역시 사회재난과,북구 용두동 191-5,북구 용두마을길40번길 4,3,200만,360도,30일,2023,35.221299,126.875673,2025-12-31
광주광역시 사회재난과,북구 용전동 833-1,북구 용전마을길 9,3,200만,360도,30일,2023,35.237091,126.894823,2025-12-31
광주광역시 사회재난과,북구 용강동 696,,3,200만,360도,30일,2023,35.25059,126.903391,2025-12-31
광주광역시 사회재난과,북구 본촌동 2865,북구 양산택지로 130,4,200만,360도,30일,2023,35.217678,126.881095,2025-12-31
광주광역시 사회재난과,북구 월출동 542,북구 금당마을길 18,2,200만,360도,30일,2023,35.241377,126.869933,2025-12-31
광주광역시 사회재난과,북구 월출동 6-6,북구 원용산로 50-5,4,200만,360도,30일,2023,35.24642,126.873364,2025-12-31
광주광역시 사회재난과,북구 태령동 29,북구 신기마을길 17-6,4,200만,360도,30일,2023,35.250669,126.929624,2025-12-31
광주광역시 사회재난과,북구 지야동 260,북구 지야길 32,3,200만,360도,30일,2023,35.232203,126.883409,2025-12-31
광주광역시 사회재난과,북구 용전동 1039,북구 용산마을길 121,3,200만,360도,30일,2023,35.24334,126.886534,2025-12-31
광주광역시 사회재난과,북구 효령동 622,북구 우곡길 34,4,200만,360도,30일,2023,35.241853,126.911226,2025-12-31
광주광역시 사회재난과,북구 용두동 353,북구 하서로447번길 52,3,200만,360도,30일,2023,35.214783,126.873543,2025-12-31
광주광역시 사회재난과,북구 수곡동 316-2,북구 수곡마을로 41,3,200만,360도,30일,2023,35.243676,126.923105,2025-12-31
광주광역시 사회재난과,북구 생용동 243-8,,4,200만,360도,30일,2023,35.235207,126.902915,2025-12-31
광주광역시 사회재난과,북구 용강동 197-1,북구 용강마을길 95,3,200만,360도,30일,2023,35.252715,126.917045,2025-12-31
광주광역시 사회재난과,북구 연제동 398-68,북구 양산제로137번길 47,4,200만,360도,30일,2023,35.20447335.204640,126.86755126.867303,2025-12-31
광주광역시 사회재난과,북구 운암동 1056-1,북구 서강로 133,2,200만,360도,30일,2023,35.184193,126.87494,2025-12-31
광주광역시 사회재난과,북구 신안동 242-6,,1,200만,360도,30일,2021,35.170795,126.89547,2025-12-31
광주광역시 사회재난과,북구 월출동 970-1,북구 삼소로 266,1,200만,360도,30일,2022,35.238771,126.863343,2025-12-31
광주광역시 사회재난과,북구 대촌동 958-3,북구 첨단과기로 333,1,200만,360도,30일,2022,35.228405,126.860962,2025-12-31
광주광역시 사회재난과,북구 대촌동 957,북구 앰코로 100,1,200만,360도,30일,2022,35.228794,126.856705,2025-12-31
광주광역시 사회재난과,북구 월출동 970-4,북구 첨단벤처소로37번길 44,3,200만,360도,30일,2024,35.237502,126.861394,2025-12-31
광주광역시 사회재난과,북구 대촌동 958-18,북구 첨단벤처로 82,4,200만,360도,30일,2024,35.228728,126.857697,2025-12-31
광주광역시 사회재난과,북구 대촌동 959-13,북구 첨단벤처로60번길 20,2,200만,360도,30일,2024,35.226406,126.859926,2025-12-31
광주광역시 사회재난과,북구 대촌동 959-47,북구 첨단벤처로28번길 22,2,200만,360도,30일,2024,35.223722,126.859009,2025-12-31
광주광역시 사회재난과,북구 오룡동 1110-12,북구 첨단과기로208번길 42,3,200만,360도,30일,2024,35.222688,126.848728,2025-12-31
광주광역시 사회재난과,북구 연제동 1032,북구 첨단연신로 293,4,200만,360도,30일,2024,35.204951,126.858839,2025-12-31
광주광역시 사회재난과,북구 연제동 1054,북구 첨단연신로 390,4,200만,360도,30일,2024,35.197759,126.861412,2025-12-31
광주광역시 사회재난과,북구 연제동 1108,,3,200만,360도,30일,2024,35.195691,126.867689,2025-12-31
광주광역시 사회재난과,북구 오룡동 1109-4,,1,200만,360도,30일,2024,35.232563,126.850357,2025-12-31
광주광역시 사회재난과,북구 오룡동 1109-4,,1,200만,360도,30일,2024,35.229717,126.851761,2025-12-31
광주광역시 사회재난과,북구 오룡동 1110-38,북구 첨단과기로208번길 17-15,1,200만,360도,30일,2024,35.226177,126.852806,2025-12-31
광주광역시 사회재난과,북구 두암동 881-7,북구 동문대로 102,1,200만,360도,30일,2024,35.172338,126.924595,2025-12-31
광주광역시 사회재난과,광주 북구 양산동414,광주광역시 북구 양일로 177,3,200만,360도,30일,2024,35.197737,126.883216,2025-12-31
광주광역시 사회재난과,광주 북구 양산동330-3,광주 북구 하서로 300,3,200만,360도,30일,2024,35.200973,126.874923,2025-12-31
광주광역시 사회재난과,광주 북구 양산동 414,광주광역시 북구 양일로 111,2,200만,360도,30일,2024,35.197837,126.877757,2025-12-31
광주광역시 사회재난과,광주 북구 양산동 408-1,광주 북구 양일로 130,2,200만,360도,30일,2024,35.196958,126.876728,2025-12-31
광주광역시 사회재난과,광주 북구 양산동 620-33,광주 북구 하서로 215,3,200만,360도,30일,2024,35.194683,126.877017,2025-12-31
광주광역시 사회재난과,광주 북구 양산동 401-6,광주광역시 북구 양일로 137-32,3,200만,360도,30일,2024,35.200866,126.881099,2025-12-31
광주광역시 사회재난과,광주 북구 양산동 402-3,광주 북구 양일로 147,4,200만,360도,30일,2024,35.197755,126.881098,2025-12-31
광주광역시 사회재난과,광주 북구 양산동 405-12,광주광역시 북구 하서로216번길 37,3,200만,360도,30일,2024,35.195044,126.880899,2025-12-31
광주광역시 사회재난과,광주 북구 양산동 산 77-6,광주 북구 하서로216번길 64,2,200만,360도,30일,2024,35.195947,126.883793,2025-12-31
광주광역시 사회재난과,북구 신안동 143-3,북구 중흥로 92,3,200만,360도,30일,2024,35.163761,126.904315,2025-12-31
광주광역시 사회재난과,북구 두암동 456-20,북구 월동로 8-1,4,200만,360도,30일,2024,35.172576,126.934832,2025-12-31
광주광역시 사회재난과,북구 우산동 169-12,북구 서방로51번길 39,4,200만,360도,30일,2024,35.174416,126.919423,2025-12-31
광주광역시 사회재난과,북구 오치동 256-3,북구 새터마을길 68,3,200만,360도,30일,2024,35.191764,126.908726,2025-12-31
광주광역시 사회재난과,북구 용봉동 1336-1,북구 비엔날레로 181-10,4,200만,360도,30일,2024,35.18355,126.896987,2025-12-31
광주광역시 사회재난과,북구 서양로93번길 26,북구 중흥동 367-59,4,200만,360도,30일,2025,35.170131,126.912485,2025-12-31
광주광역시 사회재난과,북구 운암동 358-7,북구 북문대로103번길 15,5,200만,360도,30일,2025,35.178813,126.875199,2025-12-31
광주광역시 사회재난과,북구 운암동 358-7,북구 북문대로103번길 15,1,200만,360도,30일,2025,35.178678,126.87516,2025-12-31
광주광역시 사회재난과,북구 용봉동 1254-1,북구 반룡로18번길 31,2,200만,360도,30일,2025,35.177789,126.899551,2025-12-31
광주광역시 사회재난과,북구 용봉동 1255-7,북구 반룡로18번길 32,2,200만,360도,30일,2025,35.177816,126.899414,2025-12-31
광주광역시 사회재난과,북구 일곡동 899-1,북구 일곡마을로116번길 16-1,3,200만,360도,30일,2025,35.207044,126.891614,2025-12-31
광주광역시 사회재난과,북구 동림동 26-1,북구 북문대로201번길 10,2,200만,360도,30일,2025,35.185522,126.869781,2025-12-31
광주광역시 사회재난과,북구 신용동 745,북구 첨단연신로108번길 114,3,200만,360도,30일,2025,35.210027,126.864803,2025-12-31
광주광역시 사회재난과,북구 중흥동 683-7,북구 무등로262번길 60,3,200만,360도,30일,2025,35.160988,126.910901,2025-12-31
광주광역시 사회재난과,북구 중흥동 683-7,북구 무등로262번길 60,1,200만,360도,30일,2025,35.161141,126.910997,2025-12-31
광주광역시 사회재난과,북구 문흥동 1009-1,북구 대천로 86,4,200만,360도,30일,2025,35.183882,126.91692,2025-12-31
광주광역시 사회재난과,북구 두암동 883-9,북구 동문대로86번길 19,4,200만,360도,30일,2025,35.171124,126.924415,2025-12-31
광주광역시 사회재난과,북구 신안동 305-1,북구 청계로 15,3,200만,360도,30일,2025,35.174449,126.893446,2025-12-31
광주광역시 사회재난과,북구 신안동 308-3,,3,200만,360도,30일,2025,35.173826,126.893754,2025-12-31
광주광역시 사회재난과,북구 신안동 304-10,,3,200만,360도,30일,2025,35.174534,126.893902,2025-12-31
광주광역시 사회재난과,북구 신안동 343-2,,3,200만,360도,30일,2025,35.172119,126.893131,2025-12-31
광주광역시 사회재난과,북구 신용동 639-4,,2,200만,360도,30일,2025,35.218591,126.864107,2025-12-31
광주광역시 사회재난과,북구 신용동 639-4,,2,200만,360도,30일,2025,35.219085,126.864473,2025-12-31
광주광역시 사회재난과,북구 신용동 639-4,,2,200만,360도,30일,2025,35.218691,126.864462,2025-12-31
광주광역시 사회재난과,북구 신용동 639-4,,2,200만,360도,30일,2025,35.219135,126.864946,2025-12-31
광주광역시 사회재난과,북구 신용동 192-1,,3,200만,360도,30일,2025,35.21832,126.864349,2025-12-31
광주광역시 사회재난과,북구 신용동 192-1,,2,200만,360도,30일,2025,35.218309,126.864536,2025-12-31
광주광역시 사회재난과,북구 신용동 산8-6,,3,200만,360도,30일,2025,"35.218084(AP,BF)35.219356(CF)","126.867721(AP,BF)126.86856(CF)",2025-12-31
광주광역시 사회재난과,북구 신용동 산8-6,,2,200만,360도,30일,2025,35.217468,126.867534,2025-12-31
광주광역시 사회재난과,북구 신용동 산8-6,,2,200만,360도,30일,2025,35.218433,126.867848,2025-12-31
광주광역시 사회재난과,북구 임동 889,,3,200만,360도,30일,2025,35.158618,126.898956,2025-12-31
광주광역시 사회재난과,북구 임동 894,,2,200만,360도,30일,2025,35.158197,126.902271,2025-12-31
광주광역시 사회재난과,북구 중흥동 266-7,북구 서방로39번길 22,4,200만,360도,30일,2025,35.173887,126.917804,2025-12-31
광주광역시 사회재난과,북구 중흥동 709-1,북구 경양로147번길 15,3,200만,360도,30일,2025,35.161677,126.908358,2025-12-31
광주광역시 사회재난과,북구 문흥동 997-6,북구 문산로43-11,4,200만,360도,30일,2025,35.185927,126.921889,2025-12-31
광주광역시 사회재난과,북구 중흥동 716-25,북구 중가로 89,4,200만,360도,30일,2025,35.158381,126.909912,2025-12-31
광주광역시 사회재난과,북구 유동 115-4,북구 중가로 37번길 17,4,200만,360도,30일,2025,35.160739,126.904707,2025-12-31
광주광역시 사회재난과,북구 유동 96-10,북구 금재로1번길 25,3,200만,360도,30일,2025,35.159397,126.90427,2025-12-31
광주광역시 사회재난과,북구 일곡동 850-1,북구 일곡로 55,2,200만,360도,30일,2025,35.208051,126.895116,2025-12-31
광주광역시 사회재난과,북구 용봉동 1152-21,북구 고운로 42-9,3,200만,360도,30일,2025,35.182748,126.903325,2025-12-31
광주광역시 사회재난과,북구 용봉동 1205-36,,3,200만,360도,30일,2025,35.181758,126.905353,2025-12-31
광주광역시 사회재난과,북구 용봉동 1278-1,북구 호동로79번길 81-1,4,200만,360도,30일,2025,35.179893,126.913694,2025-12-31
광주광역시 사회재난과,북구 용봉동 148-29,북구 면앙로32번길 32,2,200만,360도,30일,2025,35.177966,126.915521,2025-12-31
광주광역시 사회재난과,북구 문흥동 738-27,북구 면앙로32번길 53,2,200만,360도,30일,2025,35.17709,126.915753,2025-12-31
광주광역시 사회재난과,북구 중흥동 259-38,북구 호동로 21-9,3,200만,360도,30일,2025,35.175324,126.915058,2025-12-31
광주광역시 사회재난과,북구 문흥동 744-1,북구 호동로 52,4,200만,360도,30일,2025,35.176342,126.917442,2025-12-31
광주광역시 사회재난과,북구 용봉동 33-10,북구 우치로186번길 39,3,200만,360도,30일,2025,35.18284,126.910293,2025-12-31
광주광역시 사회재난과,북구 용봉동 1114-41,,3,200만,360도,30일,2025,35.177059,126.897653,2025-12-31
광주광역시 사회재난과,북구 용봉동 10-58,북구 면앙로 3-9,4,200만,360도,30일,2025,35.180896,126.913132,2025-12-31
광주광역시 사회재난과,북구 용봉동 1456,북구 고운로 13번길 19,3,200만,360도,30일,2025,35.183106,126.899923,2025-12-31
광주광역시 사회재난과,북구 용봉동 1367-6,북구 저불로70번길 12-8,4,200만,360도,30일,2025,35.179875,126.896684,2025-12-31
광주광역시 사회재난과,북구 운암동 429,북구 무등로 27번길 10,4,200만,360도,30일,2025,35.170702,126.887801,2025-12-31
광주광역시 사회재난과,북구 운암동 96-26,북구 북문대로19번길 8,3,200만,360도,30일,2025,35.173748,126.882511,2025-12-31
광주광역시 사회재난과,북구 운암동 497,북구 비엔날레로3번길 54,3,200만,360도,30일,2025,35.175171,126.882871,2025-12-31
광주광역시 사회재난과,북구 운암동 1181-80,,4,200만,360도,30일,2025,35.185298,126.873408,2025-12-31
광주광역시 사회재난과,북구 용두동 283-58,,3,200만,360도,30일,2025,35.213681,126.876477,2025-12-31
광주광역시 사회재난과,북구 용두동 166-2,북구 용두마을길33번길 3,4,200만,360도,30일,2025,35.220739,126.876022,2025-12-31
