위도,경도,타입
35.153206,126.905273,가로등
35.1530471,126.9054696,가로등
35.152855,126.905731,가로등
35.152668,126.905991,가로등
35.152477,126.906258,가로등
35.152287,126.906502,가로등
35.152088,126.906792,가로등
35.151909,126.907021,가로등
35.151775,126.907188,가로등
35.151756,126.907509,가로등
35.151932,126.907738,가로등
35.152088,126.907951,가로등
35.152298,126.908188,가로등
35.1525,126.90844,가로등
35.152637,126.908638,가로등
35.152813,126.908859,가로등
35.1529829,126.9090458,가로등
35.153202,126.90934,가로등
35.153416,126.909584,가로등
35.153587,126.90979,가로등
35.1539234,126.9101126,가로등
35.1540877,126.9103055,가로등
35.1543094,126.9105778,가로등
35.1544946,126.9107865,가로등
35.154698,126.9110275,가로등
35.1549059,126.9112675,가로등
35.1551217,126.9115209,가로등
35.1553303,126.9117461,가로등
35.1555294,126.9119858,가로등
35.1568406,126.905064,가로등
35.156708,126.9052689,가로등
35.156582,126.9054574,가로등
35.1564296,126.9056946,가로등
35.1562577,126.9059549,가로등
35.1561258,126.9061568,가로등
35.1559914,126.9063508,가로등
35.1558416,126.9065916,가로등
35.155712,126.9067801,가로등
35.1555579,126.9070119,가로등
35.1554092,126.9072223,가로등
35.1552525,126.9074606,가로등
35.1551261,126.9076665,가로등
35.1549698,126.9079009,가로등
35.1548058,126.9081531,가로등
35.1546487,126.9083769,가로등
35.1545096,126.9085855,가로등
35.1543237,126.9088699,가로등
35.1541886,126.9090708,가로등
35.1540165,126.9093279,가로등
35.1538598,126.9095601,가로등
35.153713,126.9097674,가로등
35.16179099,126.9348741,가로등
35.1539322,126.9100079,가로등
35.1540932,126.9097436,가로등
35.1542594,126.9094953,가로등
35.1544216,126.9092663,가로등
35.1546148,126.9089736,가로등
35.1547708,126.9087446,가로등
35.154934,126.9084738,가로등
35.1550513,126.9083053,가로등
35.1551802,126.9081116,가로등
35.1553289,126.9078731,가로등
35.1554567,126.9076954,가로등
35.1556025,126.9074786,가로등
35.1830784,126.8982921,가로등
35.1557665,126.9072266,가로등
35.1559509,126.9069516,가로등
35.1561094,126.9067306,가로등
35.1562351,126.9065096,가로등
35.1563694,126.9063197,가로등
35.1565028,126.9061153,가로등
35.1566215,126.9059307,가로등
35.1567428,126.9057464,가로등
35.1568951,126.905516,가로등
35.1570244,126.9053183,가로등
35.1571033,126.9052759,가로등
35.1572401,126.9054122,가로등
35.1574111,126.9056685,가로등
35.157486,126.9058271,가로등
35.1575243,126.9062842,가로등
35.1574776,126.9064709,가로등
35.1574239,126.906654,가로등
35.1575367,126.9060347,가로등
35.157505,126.907349,가로등
35.1574094,126.9076091,가로등
35.1573144,126.9078964,가로등
35.1572289,126.908188,가로등
35.1571339,126.9085107,가로등
35.1570335,126.9088344,가로등
35.1569309,126.9091597,가로등
35.1568165,126.909526,가로등
35.1567643,126.909744,가로등
35.1566861,126.9099715,가로등
35.1566021,126.9102598,가로등
35.1565079,126.9105504,가로등
35.1564067,126.9108756,가로등
35.1563205,126.9111667,가로등
35.162472,126.9286822,가로등
35.1624081,126.928831,가로등
35.1622532,126.9291335,가로등
35.1621254,126.9293812,가로등
35.1618756,126.9297066,가로등
35.1620089,126.929518,가로등
35.1616721,126.9299356,가로등
35.1615268,126.9301009,가로등
35.161293,126.930283,가로등
35.1611243,126.9304658,가로등
35.1609193,126.9306213,가로등
35.1606914,126.9307597,가로등
35.1605044,126.9308426,가로등
35.1604299,126.9310829,가로등
35.160561,126.931511,가로등
35.1607364,126.9319842,가로등
35.1608968,126.9324532,가로등
35.1610921,126.9329762,가로등
35.1612416,126.9334305,가로등
35.1614044,126.9339171,가로등
35.1615607,126.9344195,가로등
35.1617065,126.9348479,가로등
35.1618555,126.9348782,가로등
35.1621564,126.9347299,가로등
35.16296,126.927129,가로등
35.162869,126.9274312,가로등
35.1627733,126.9277699,가로등
35.1626941,126.9280291,가로등
35.1626419,126.928276,가로등
35.162689,126.928528,가로등
35.1628151,126.928874,가로등
35.162968,126.929039,가로등
35.163052,126.92926,가로등
35.163193,126.929512,가로등
35.163361,126.929779,가로등
35.163593,126.930092,가로등
35.163765,126.930283,가로등
35.163956,126.930458,가로등
35.164158,126.930611,가로등
35.164349,126.930809,가로등
35.164524,126.930969,가로등
35.164722,126.931137,가로등
35.164898,126.931297,가로등
35.162998,126.927231,가로등
35.163132,126.927505,가로등
35.163082,126.927788,가로등
35.163006,126.928093,가로등
35.162918,126.928391,가로등
35.162853,126.928619,가로등
35.1650428,126.9312194,가로등
35.165218,126.931023,가로등
35.165451,126.930763,가로등
35.165581,126.930588,가로등
35.1625213,126.9347862,가로등
35.1620721,126.9350207,가로등
35.161892,126.935143,가로등
35.1618997,126.9354844,가로등
35.1619267,126.9359114,가로등
35.1619307,126.9362721,가로등
35.1619304,126.9366707,가로등
35.1557993,126.9118884,가로등
35.155907,126.9116263,가로등
35.1559995,126.911285,가로등
35.1561068,126.9109746,가로등
35.1561678,126.9107633,가로등
35.1562299,126.9105166,가로등
35.1563311,126.9101885,가로등
35.1564297,126.909897,가로등
35.1565543,126.9094555,가로등
35.1566313,126.9091869,가로등
35.1567303,126.9089146,가로등
35.1568351,126.9085459,가로등
35.1569473,126.908195,가로등
35.1570327,126.90792,가로등
35.1571328,126.9075973,가로등
35.1572055,126.9073495,가로등
35.1572577,126.9071853,가로등
35.1597115,126.9106332,가로등
35.1595906,126.9106958,가로등
35.1593436,126.9108108,가로등
35.159114,126.9109099,가로등
35.1588418,126.9110115,가로등
35.158588,126.9111147,가로등
35.1582986,126.9112516,가로등
35.1581169,126.9113127,가로등
35.1579324,126.9113908,가로등
35.157627,126.9115305,가로등
35.1573962,126.9116294,가로등
35.1571014,126.9117354,가로등
35.1568764,126.9118301,가로등
35.156647,126.9119291,가로등
35.1563727,126.9120265,가로등
35.156154,126.9118708,가로등
35.159893,126.910927,가로등
35.1596026,126.9110419,가로등
35.1592926,126.9111556,가로등
35.1590168,126.9112802,가로등
35.1588254,126.9113723,가로등
35.1586154,126.9114579,가로등
35.158298,126.9115799,가로등
35.1580442,126.9116885,가로등
35.1577698,126.9117928,가로등
35.1575054,126.9119052,가로등
35.1572468,126.9120176,가로등
35.1570014,126.9121343,가로등
35.1567464,126.9122413,가로등
35.1565447,126.9123241,가로등
35.156525,126.912491,가로등
35.1565747,126.9126322,가로등
35.1568322,126.9127462,가로등
35.1572614,126.91289,가로등
35.1576496,126.9130511,가로등
35.1579557,126.9131704,가로등
35.1582622,126.9132683,가로등
35.1586325,126.9134203,가로등
35.1590134,126.9135759,가로등
35.1594153,126.9137558,가로등
35.1597775,126.913881,가로등
35.1600614,126.9140217,가로등
35.1605055,126.9141575,가로등
35.1608685,126.9143214,가로등
35.1612499,126.9144674,가로등
35.1616042,126.9146151,가로등
35.1619862,126.9147553,가로등
35.1830782,126.898105,가로등
35.1600329,126.9113605,가로등
35.1599551,126.9116194,가로등
35.1598609,126.9119581,가로등
35.1597915,126.9122551,가로등
35.1596947,126.9125708,가로등
35.1596205,126.9128431,가로등
35.1595413,126.9131508,가로등
35.1594529,126.9134317,가로등
35.1599953,126.9103736,가로등
35.1601369,126.9102285,가로등
35.1602348,126.9099297,가로등
35.1603349,126.9095909,가로등
35.1604204,126.9092468,가로등
35.160492,126.908989,가로등
35.1605716,126.9086952,가로등
35.1606688,126.9083523,가로등
35.1607651,126.9080365,가로등
35.1608473,126.9077085,가로등
35.1608871,126.9075282,가로등
35.1616388,126.9077782,가로등
35.1614377,126.907682,가로등
35.1612185,126.9075953,가로등
35.1608554,126.9074438,가로등
35.1606955,126.9073636,가로등
35.1604928,126.9073011,가로등
35.1602247,126.9071511,가로등
35.1599847,126.9070371,가로등
35.1597699,126.9069596,가로등
35.1595617,126.9068541,가로등
35.1593017,126.9067349,가로등
35.1590693,126.9066278,가로등
35.1588835,126.90656,가로등
35.1586427,126.9064513,가로등
35.1584878,126.9063887,가로등
35.1582805,126.9062752,가로등
35.1580926,126.9061993,가로등
35.1578447,126.9062254,가로등
35.1577395,126.9065507,가로등
35.1576657,126.906776,가로등
35.1576043,126.9069766,가로등
35.1618953,126.9078906,가로등
35.162095,126.907987,가로등
35.1622521,126.9080614,가로등
35.1624997,126.908163,가로등
35.1627788,126.9082743,가로등
35.1630243,126.9083856,가로등
35.1632288,126.9084895,가로등
35.1633884,126.9085504,가로등
35.1636679,126.9086741,가로등
35.1637149,126.9088397,가로등
35.1631101,126.9080622,가로등
35.1633742,126.9081601,가로등
35.1635995,126.9082671,가로등
35.1637964,126.9083078,가로등
35.1638815,126.9081981,가로등
35.1628665,126.9079487,가로등
35.1625988,126.9078133,가로등
35.1623979,126.9077304,가로등
35.1622079,126.9076544,가로등
35.1620165,126.9075693,가로등
35.163681,126.909004,가로등
35.163399,126.909164,가로등
35.16317,126.909256,가로등
35.162918,126.90937,가로등
35.16267,126.909454,가로등
35.162437,126.909546,가로등
35.162067,126.909706,가로등
35.161716,126.909843,가로등
35.161564,126.90992,가로등
35.161312,126.910027,가로등
35.161037,126.910156,가로등
35.160767,126.910271,가로등
35.160492,126.910355,가로등
35.160309,126.91024,가로등
35.162506,126.90979,가로등
35.16275,126.909683,가로등
35.163044,126.909561,가로등
35.163273,126.909454,가로등
35.163548,126.90934,가로등
35.16386,126.909218,가로등
35.162239,126.909897,가로등
35.161926,126.910019,가로등
35.161705,126.910133,가로등
35.161407,126.91024,가로등
35.161205,126.910324,가로등
35.160809,126.910484,가로등
35.16061,126.910576,가로등
35.160515,126.91069,가로등
35.163227,126.912651,가로등
35.163181,126.912842,가로등
35.163067,126.913254,가로등
35.162979,126.913567,가로등
35.162876,126.913956,가로등
35.162823,126.914185,가로등
35.162746,126.91449,가로등
35.162682,126.914734,가로등
35.162449,126.91494,가로등
35.163311,126.912346,가로등
35.163376,126.912086,가로등
35.163483,126.911766,가로등
35.163551,126.911446,가로등
35.163609,126.911201,가로등
35.163666,126.910973,가로등
35.16378,126.910553,가로등
35.163879,126.910149,가로등
35.16394,126.909935,가로등
35.163994,126.909698,가로등
35.164059,126.909485,가로등
35.164017,126.909309,가로등
35.173405,126.884445,가로등
35.173489,126.884285,가로등
35.173603,126.884079,가로등
35.173744,126.88385,가로등
35.173935,126.883537,가로등
35.174107,126.88327,가로등
35.174339,126.882935,가로등
35.174446,126.882813,가로등
35.174625,126.882515,가로등
35.174797,126.882286,가로등
35.174988,126.882027,가로등
35.175102,126.88179,가로등
35.175308,126.881485,가로등
35.175442,126.881294,가로등
35.175579,126.881081,가로등
35.175713,126.880913,가로등
35.175873,126.88063,가로등
35.175999,126.880455,가로등
35.176247,126.880058,가로등
35.176067,126.88031,가로등
35.173386,126.884727,가로등
35.173386,126.885017,가로등
35.173573,126.885223,가로등
35.173782,126.885406,가로등
35.174,126.885628,가로등
35.174221,126.885826,가로등
35.174423,126.886024,가로등
35.174633,126.886215,가로등
35.174809,126.886398,가로등
35.174988,126.886581,가로등
35.175266,126.886795,가로등
35.175381,126.886948,가로등
35.175568,126.887177,가로등
35.175682,126.887466,가로등
35.175747,126.887794,가로등
35.175903,126.888092,가로등
35.176125,126.888313,가로등
35.176319,126.888458,가로등
35.176571,126.888634,가로등
35.176868,126.888786,가로등
35.177212,126.888916,가로등
35.177525,126.889038,가로등
35.1778841,126.8893879,가로등
35.1781277,126.8896239,가로등
35.1782935,126.8897974,가로등
35.178425,126.889915,가로등
35.178486,126.890182,가로등
35.178524,126.890739,가로등
35.178513,126.891136,가로등
35.178509,126.891533,가로등
35.178474,126.891914,가로등
35.178638,126.892189,가로등
35.178661,126.891792,가로등
35.178654,126.891411,가로등
35.1786802,126.8910003,가로등
35.1786991,126.8906183,가로등
35.1787131,126.8903124,가로등
35.181843,126.889961,가로등
35.181526,126.889984,가로등
35.181271,126.889992,가로등
35.181046,126.889977,가로등
35.180939,126.889984,가로등
35.180782,126.889999,가로등
35.180511,126.889999,가로등
35.180248,126.889992,가로등
35.180096,126.889992,가로등
35.179924,126.890015,가로등
35.1796,126.889984,가로등
35.1792344,126.8899944,가로등
35.1789889,126.889981,가로등
35.178741,126.889961,가로등
35.178699,126.889732,가로등
35.178692,126.889435,가로등
35.17868,126.889137,가로등
35.178696,126.888756,가로등
35.176136,126.886024,가로등
35.176262,126.886101,가로등
35.17646,126.886147,가로등
35.17672,126.8862,가로등
35.176991,126.886253,가로등
35.17717,126.88633,가로등
35.18166,126.890213,가로등
35.1814,126.890198,가로등
35.181168,126.890205,가로등
35.180882,126.890205,가로등
35.180588,126.890213,가로등
35.180359,126.890236,가로등
35.180161,126.890213,가로등
35.18,126.890221,가로등
35.179749,126.890236,가로등
35.179386,126.890221,가로등
35.178993,126.890198,가로등
35.182941,126.898262,가로등
35.182957,126.898117,가로등
35.182987,126.89782,가로등
35.182995,126.897591,가로등
35.182995,126.897331,가로등
35.18301,126.897064,가로등
35.183014,126.896744,가로등
35.183022,126.896477,가로등
35.183041,126.896126,가로등
35.183048,126.895882,가로등
35.1896543,126.913532,가로등
35.182728,126.89566,가로등
35.182468,126.895615,가로등
35.182171,126.895599,가로등
35.181953,126.895592,가로등
35.181698,126.895569,가로등
35.181442,126.895554,가로등
35.18119,126.895546,가로등
35.18095,126.895531,가로등
35.180691,126.8955,가로등
35.180424,126.8955,가로등
35.180229,126.895485,가로등
35.179996,126.895447,가로등
35.179745,126.895432,가로등
35.17944,126.895424,가로등
35.179249,126.895439,가로등
35.179028,126.895416,가로등
35.178463,126.892357,가로등
35.178444,126.892761,가로등
35.178432,126.893082,가로등
35.178429,126.893402,가로등
35.178429,126.893723,가로등
35.178406,126.894035,가로등
35.17836,126.894325,가로등
35.178356,126.894615,가로등
35.17836,126.894989,가로등
35.178368,126.895134,가로등
35.178337,126.895485,가로등
35.178337,126.895805,가로등
35.178314,126.896141,가로등
35.178284,126.896446,가로등
35.178288,126.896774,가로등
35.178299,126.897079,가로등
35.178638,126.89257,가로등
35.178642,126.892868,가로등
35.178585,126.893272,가로등
35.178577,126.893539,가로등
35.17857,126.893837,가로등
35.178574,126.894142,가로등
35.178532,126.894485,가로등
35.178524,126.894783,가로등
35.178501,126.895035,가로등
35.178513,126.895203,가로등
35.178524,126.895409,가로등
35.178482,126.895676,가로등
35.178471,126.895958,가로등
35.178463,126.896225,가로등
35.178436,126.896584,가로등
35.178417,126.896896,가로등
35.17841,126.897125,가로등
35.175331,126.895065,가로등
35.175549,126.895081,가로등
35.175797,126.895096,가로등
35.176044,126.895096,가로등
35.176292,126.895126,가로등
35.176521,126.895126,가로등
35.176773,126.895149,가로등
35.176834,126.895424,가로등
35.176785,126.895721,가로등
35.176727,126.896042,가로등
35.176693,126.896378,가로등
35.176647,126.896652,가로등
35.176865,126.896248,가로등
35.17691,126.895905,가로등
35.176979,126.895576,가로등
35.177032,126.895332,가로등
35.177162,126.89518,가로등
35.177227,126.895302,가로등
35.176853,126.895012,가로등
35.177013,126.894768,가로등
35.176853,126.894684,가로등
35.176987,126.894516,가로등
35.176861,126.894363,가로등
35.176983,126.894196,가로등
35.176872,126.894051,가로등
35.176987,126.893875,가로등
35.176868,126.893715,가로등
35.176975,126.893539,가로등
35.176846,126.893379,가로등
35.176994,126.893257,가로등
35.176834,126.893074,가로등
35.178375,126.89286,가로등
35.178196,126.892853,가로등
35.177986,126.892845,가로등
35.177841,126.892845,가로등
35.177593,126.892822,가로등
35.177391,126.892784,가로등
35.177288,126.892647,가로등
35.177013,126.892746,가로등
35.17672,126.892868,가로등
35.176495,126.89296,가로등
35.176296,126.893013,가로등
35.176064,126.893097,가로등
35.175785,126.893219,가로등
35.175499,126.893379,가로등
35.175343,126.893509,가로등
35.175251,126.893578,가로등
35.175308,126.893829,가로등
35.175289,126.894104,가로등
35.175301,126.894386,가로등
35.175285,126.894669,가로등
35.175278,126.89492,가로등
35.175255,126.895294,가로등
35.175224,126.895584,가로등
35.175209,126.895859,가로등
35.178074,126.892128,가로등
35.177921,126.892159,가로등
35.17767,126.892288,가로등
35.177517,126.892342,가로등
35.177345,126.892433,가로등
35.176796,126.892776,가로등
35.176914,126.892746,가로등
35.176708,126.892502,가로등
35.176865,126.892479,가로등
35.176647,126.892181,가로등
35.176758,126.892136,가로등
35.176544,126.891884,가로등
35.17646,126.891441,가로등
35.176327,126.891212,가로등
35.176208,126.891022,가로등
35.176003,126.890724,가로등
35.175831,126.890442,가로등
35.176319,126.890862,가로등
35.176476,126.891113,가로등
35.176594,126.891396,가로등
35.176689,126.8918,가로등
35.173058,126.885933,가로등
35.173016,126.886284,가로등
35.172989,126.886505,가로등
35.172966,126.88681,가로등
35.172947,126.887047,가로등
35.172916,126.887375,가로등
35.172867,126.887779,가로등
35.172848,126.888115,가로등
35.172813,126.888443,가로등
35.172802,126.888687,가로등
35.172764,126.888985,가로등
35.172726,126.889122,가로등
35.172756,126.889313,가로등
35.172653,126.889694,가로등
35.172581,126.889954,가로등
35.172523,126.890205,가로등
35.172432,126.890633,가로등
35.172375,126.890846,가로등
35.172318,126.891106,가로등
35.172215,126.891434,가로등
35.172161,126.891632,가로등
35.172024,126.892227,가로등
35.171928,126.892593,가로등
35.171883,126.892807,가로등
35.171791,126.893028,가로등
35.171688,126.893463,가로등
35.171619,126.893684,가로등
35.171539,126.89402,가로등
35.171425,126.894379,가로등
35.171398,126.894524,가로등
35.171307,126.894852,가로등
35.171223,126.895103,가로등
35.173306,126.896179,가로등
35.173477,126.896362,가로등
35.173649,126.896523,가로등
35.173714,126.89682,가로등
35.173706,126.897163,가로등
35.173702,126.897469,가로등
35.1743612,126.8959535,가로등
35.174599,126.896095,가로등
35.174801,126.896233,가로등
35.174961,126.896294,가로등
35.175106,126.896431,가로등
35.17532,126.896614,가로등
35.175461,126.896713,가로등
35.175716,126.89682,가로등
35.176041,126.896851,가로등
35.176273,126.896988,가로등
35.176498,126.897079,가로등
35.176685,126.897163,가로등
35.176842,126.897224,가로등
35.177074,126.897301,가로등
35.177265,126.897354,가로등
35.177517,126.897446,가로등
35.17448,126.895584,가로등
35.174706,126.895721,가로등
35.174915,126.895851,가로등
35.175091,126.896004,가로등
35.175293,126.896172,가로등
35.175476,126.896317,가로등
35.175644,126.896423,가로등
35.175816,126.8965,가로등
35.176071,126.896614,가로등
35.176292,126.896721,가로등
35.176556,126.896782,가로등
35.178104,126.897278,가로등
35.177792,126.897186,가로등
35.177502,126.89711,가로등
35.177299,126.897034,가로등
35.177135,126.89698,가로등
35.176952,126.896935,가로등
35.176826,126.896912,가로등
35.172215,126.896599,가로등
35.172344,126.896515,가로등
35.172623,126.896271,가로등
35.172825,126.896019,가로등
35.172989,126.895889,가로등
35.173218,126.895645,가로등
35.1734309,126.8955095,가로등
35.1736559,126.8954785,가로등
35.1738747,126.8954989,가로등
35.1741381,126.8955342,가로등
35.172272,126.89727,가로등
35.172268,126.897049,가로등
35.172375,126.896889,가로등
35.172558,126.896698,가로등
35.172668,126.896599,가로등
35.172802,126.896423,가로등
35.172962,126.896278,가로등
35.173119,126.896118,가로등
35.17218,126.898048,가로등
35.171989,126.898125,가로등
35.171844,126.89843,가로등
35.171719,126.898735,가로등
35.171661,126.899094,가로등
35.171688,126.899445,가로등
35.171726,126.899811,가로등
35.171074,126.896057,가로등
35.1712,126.896156,가로등
35.171303,126.896255,가로등
35.171398,126.8964,가로등
35.171535,126.896591,가로등
35.171619,126.896729,가로등
35.171722,126.896858,가로등
35.171822,126.896965,가로등
35.171902,126.897102,가로등
35.17197,126.897263,가로등
35.171974,126.897522,가로등
35.171921,126.89782,가로등
35.171791,126.898087,가로등
35.171604,126.898529,가로등
35.17152,126.898819,가로등
35.171497,126.89917,가로등
35.163464,126.912445,가로등
35.163406,126.912689,가로등
35.163342,126.912903,가로등
35.163219,126.913353,가로등
35.163151,126.913597,가로등
35.163052,126.913979,가로등
35.16296,126.914314,가로등
35.162899,126.914574,가로등
35.162846,126.914749,가로등
35.162849,126.914993,가로등
35.163116,126.915298,가로등
35.1629125,126.915174,가로등
35.163563,126.912094,가로등
35.1636463,126.9117345,가로등
35.1637314,126.9114071,가로등
35.1638085,126.9111818,가로등
35.1901942,126.909134,가로등
35.1638729,126.9109018,가로등
35.1639392,126.9106245,가로등
35.1640576,126.9102222,가로등
35.1641028,126.9100242,가로등
35.164196,126.909706,가로등
35.164242,126.909531,가로등
35.164448,126.909485,가로등
35.164665,126.909409,가로등
35.164532,126.909546,가로등
35.164654,126.909592,가로등
35.164692,126.909447,가로등
35.162853,126.905869,가로등
35.16291,126.905975,가로등
35.162991,126.90612,가로등
35.163181,126.906441,가로등
35.163334,126.9067,가로등
35.163445,126.906876,가로등
35.163612,126.907181,가로등
35.163746,126.907402,가로등
35.163857,126.907578,가로등
35.163952,126.907768,가로등
35.162689,126.905609,가로등
35.162556,126.905373,가로등
35.162388,126.905098,가로등
35.162266,126.904877,가로등
35.162132,126.904648,가로등
35.162193,126.904373,가로등
35.162014,126.904068,가로등
35.162823,126.90612,가로등
35.16301,126.906425,가로등
35.163136,126.906677,가로등
35.163261,126.906868,가로등
35.163387,126.907082,가로등
35.163517,126.90731,가로등
35.163616,126.907501,가로등
35.163784,126.907776,가로등
35.163921,126.908035,가로등
35.162689,126.905899,가로등
35.162567,126.905693,가로등
35.162449,126.90551,가로등
35.162247,126.905151,가로등
35.162094,126.904892,가로등
35.161968,126.904755,가로등
35.161705,126.904526,가로등
35.161617,126.904327,가로등
35.161755,126.904907,가로등
35.161629,126.90535,가로등
35.16156,126.905617,가로등
35.161469,126.905952,가로등
35.161396,126.906181,가로등
35.161324,126.906487,가로등
35.161247,126.906807,가로등
35.161175,126.907082,가로등
35.160748,126.90229,가로등
35.160614,126.902084,가로등
35.160534,126.901947,가로등
35.160339,126.901642,가로등
35.160233,126.901474,가로등
35.160107,126.90126,가로등
35.159969,126.901009,가로등
35.159836,126.90078,가로등
35.159695,126.900505,가로등
35.159538,126.900269,가로등
35.159409,126.900024,가로등
35.160946,126.902634,가로등
35.161072,126.902863,가로등
35.161194,126.903099,가로등
35.161373,126.903351,가로등
35.161545,126.903641,가로등
35.161747,126.903915,가로등
35.16021,126.901794,가로등
35.160095,126.901604,가로등
35.159958,126.90136,가로등
35.159843,126.901146,가로등
35.159733,126.900986,가로등
35.15958,126.900681,가로등
35.159454,126.900414,가로등
35.159286,126.900169,가로등
35.160343,126.902039,가로등
35.160515,126.902267,가로등
35.160671,126.902527,가로등
35.16082,126.902756,가로등
35.160984,126.903023,가로등
35.161102,126.903244,가로등
35.161251,126.903481,가로등
35.161434,126.903793,가로등
35.161545,126.903992,가로등
35.158695,126.902153,가로등
35.158642,126.902336,가로등
35.158566,126.902687,가로등
35.158512,126.902931,가로등
35.158463,126.90316,가로등
35.158371,126.903496,가로등
35.158314,126.903732,가로등
35.158775,126.901794,가로등
35.158848,126.901466,가로등
35.158875,126.901283,가로등
35.158936,126.901062,가로등
35.159004,126.900734,가로등
35.159069,126.900452,가로등
35.159138,126.9002,가로등
35.158646,126.901375,가로등
35.158592,126.901634,가로등
35.15871,126.901077,가로등
35.158779,126.900848,가로등
35.158852,126.90049,가로등
35.158905,126.900246,가로등
35.158951,126.900009,가로등
35.159,126.899788,가로등
35.159058,126.899521,가로등
35.159004,126.899307,가로등
35.158875,126.899147,가로등
35.15868,126.898949,가로등
35.158493,126.898758,가로등
35.158546,126.901802,가로등
35.158478,126.902184,가로등
35.158386,126.902512,가로등
35.158321,126.902802,가로등
35.158226,126.903015,가로등
35.157959,126.903442,가로등
35.157814,126.903656,가로등
35.157654,126.903893,가로등
35.157509,126.904121,가로등
35.157372,126.90435,가로등
35.157223,126.904572,가로등
35.157642,126.904327,가로등
35.157814,126.904068,가로등
35.157963,126.903877,가로등
35.158138,126.903946,가로등
35.157494,126.904556,가로등
35.157326,126.904823,가로등
35.157253,126.904991,가로등
35.157383,126.90519,가로등
35.15757,126.905426,가로등
35.157669,126.90554,가로등
35.15799,126.904655,가로등
35.158096,126.904236,가로등
35.15551,126.90271,가로등
35.155655,126.902893,가로등
35.155621,126.902412,가로등
35.155815,126.903099,가로등
35.155979,126.903336,가로등
35.1562,126.90361,가로등
35.156391,126.90387,가로등
35.15654,126.904076,가로등
35.1567,126.904274,가로등
35.156914,126.904564,가로등
35.157028,126.904701,가로등
35.15535,126.902832,가로등
35.155514,126.903046,가로등
35.155685,126.903267,가로등
35.155869,126.903496,가로등
35.156094,126.903786,가로등
35.156281,126.90406,가로등
35.156395,126.904205,가로등
35.156582,126.904465,가로등
35.156765,126.904701,가로등
35.15691,126.904892,가로등
35.155174,126.902817,가로등
35.154903,126.903198,가로등
35.154781,126.903351,가로등
35.154488,126.90377,가로등
35.154232,126.904114,가로등
35.154053,126.90435,가로등
35.153782,126.904716,가로등
35.153664,126.904892,가로등
35.153442,126.905182,가로등
35.155594,126.902199,가로등
35.155735,126.902008,가로등
35.155895,126.90181,가로등
35.156048,126.901611,가로등
35.156246,126.901375,가로등
35.15641,126.901176,가로등
35.156563,126.90097,가로등
35.156727,126.900787,가로등
35.156891,126.900581,가로등
35.157063,126.90036,가로등
35.15723,126.900162,가로등
35.157387,126.899956,가로등
35.157547,126.899773,가로등
35.1577,126.899574,가로등
35.157871,126.899338,가로등
35.158051,126.899117,가로등
35.158184,126.898933,가로등
35.15831,126.898758,가로등
35.164803,126.919868,가로등
35.164764,126.920006,가로등
35.164703,126.920288,가로등
35.164639,126.920563,가로등
35.164555,126.920906,가로등
35.164478,126.921242,가로등
35.164402,126.92157,가로등
35.164341,126.921791,가로등
35.164265,126.922134,가로등
35.1642,126.922401,가로등
35.164135,126.922684,가로등
35.164032,126.923073,가로등
35.163944,126.923401,가로등
35.163891,126.923615,가로등
35.163822,126.923851,가로등
35.163754,126.924126,가로등
35.163662,126.924423,가로등
35.163551,126.924805,가로등
35.163479,126.925079,가로등
35.163395,126.925377,가로등
35.163319,126.925682,가로등
35.163242,126.925941,가로등
35.163158,126.926208,가로등
35.163113,126.926414,가로등
35.163017,126.926689,가로등
35.170647,126.922348,가로등
35.170498,126.922112,가로등
35.170292,126.921829,가로등
35.170147,126.921608,가로등
35.170017,126.921432,가로등
35.169868,126.921204,가로등
35.16959,126.920982,가로등
35.169506,126.920944,가로등
35.169395,126.920883,가로등
35.169216,126.920784,가로등
35.169064,126.9207,가로등
35.168842,126.920578,가로등
35.168594,126.920433,가로등
35.168381,126.920326,가로등
35.168297,126.920258,가로등
35.168083,126.920151,가로등
35.167839,126.920036,가로등
35.167652,126.91993,가로등
35.167412,126.919846,가로등
35.167141,126.919785,가로등
35.166973,126.919762,가로등
35.166691,126.919777,가로등
35.166412,126.919769,가로등
35.166218,126.919769,가로등
35.166008,126.919769,가로등
35.165771,126.919762,가로등
35.165535,126.919769,가로등
35.16523,126.919739,가로등
35.165012,126.919731,가로등
35.1902147,126.909433,가로등
35.165028,126.919464,가로등
35.165283,126.919472,가로등
35.1656552,126.919407,가로등
35.1661465,126.919418,가로등
35.1666197,126.919434,가로등
35.1668586,126.919467,가로등
35.1670388,126.919455,가로등
35.1671876,126.919472,가로등
35.1673769,126.919515,가로등
35.1675617,126.91957,가로등
35.1677195,126.919592,가로등
35.1679133,126.919691,가로등
35.1680937,126.919789,가로등
35.1683236,126.919926,가로등
35.1684273,126.920008,가로등
35.1686392,126.920101,가로등
35.1688916,126.920227,가로등
35.1902513,126.910212,가로등
35.1691329,126.920364,가로등
35.1693357,126.920482,가로등
35.169489,126.920589,가로등
35.1697032,126.92071,가로등
35.169891,126.920853,가로등
35.170063,126.921066,가로등
35.170231,126.92131,가로등
35.1704925,126.921634,가로등
35.170585,126.921763,가로등
35.170696,126.921967,가로등
35.170826,126.922142,가로등
35.168663,126.932434,가로등
35.168789,126.931793,가로등
35.168934,126.931152,가로등
35.169048,126.930634,가로등
35.169159,126.930107,가로등
35.169285,126.929565,가로등
35.169399,126.929031,가로등
35.169506,126.928558,가로등
35.169628,126.927986,가로등
35.169746,126.927483,가로등
35.169849,126.926971,가로등
35.169983,126.926407,가로등
35.170212,126.925339,가로등
35.170334,126.924805,가로등
35.170456,126.924263,가로등
35.1705457,126.923769,가로등
35.1706445,126.92333,가로등
35.170845,126.922981,가로등
35.170757,126.923416,가로등
35.170673,126.923775,가로등
35.170582,126.924294,가로등
35.170479,126.924728,가로등
35.170391,126.925087,가로등
35.170311,126.925468,가로등
35.170109,126.926399,가로등
35.169994,126.926872,가로등
35.169884,126.927345,가로등
35.169796,126.92775,가로등
35.16972,126.928116,가로등
35.169624,126.928596,가로등
35.169518,126.929024,가로등
35.169434,126.929436,가로등
35.169334,126.929878,가로등
35.16922,126.930397,가로등
35.169113,126.930908,가로등
35.169018,126.931335,가로등
35.168911,126.931808,가로등
35.168816,126.932205,가로등
35.168816,126.932526,가로등
35.165058,126.931442,가로등
35.165352,126.931648,가로등
35.165573,126.931816,가로등
35.165855,126.931999,가로등
35.166134,126.932205,가로등
35.166313,126.932304,가로등
35.166588,126.932419,가로등
35.166943,126.932533,가로등
35.167236,126.932579,가로등
35.167553,126.932594,가로등
35.167938,126.932579,가로등
35.168152,126.932579,가로등
35.168514,126.932579,가로등
35.166351,126.936935,가로등
35.166348,126.936577,가로등
35.166382,126.936241,가로등
35.166405,126.935921,가로등
35.166428,126.935547,가로등
35.166443,126.935249,가로등
35.166454,126.934967,가로등
35.166496,126.934639,가로등
35.166512,126.934319,가로등
35.166527,126.933998,가로등
35.166542,126.933662,가로등
35.166557,126.933258,가로등
35.166576,126.932762,가로등
35.168694,126.932709,가로등
35.168377,126.932716,가로등
35.168049,126.932724,가로등
35.167763,126.932732,가로등
35.167355,126.932739,가로등
35.167042,126.932686,가로등
35.166706,126.932671,가로등
35.166557,126.932571,가로등
35.166286,126.932457,가로등
35.166027,126.932312,가로등
35.165764,126.932098,가로등
35.165455,126.931892,가로등
35.165157,126.931702,가로등
35.16494,126.931541,가로등
35.16478,126.931412,가로등
35.16449,126.931152,가로등
35.164185,126.930901,가로등
35.163937,126.930687,가로등
35.163712,126.930481,가로등
35.163486,126.930191,가로등
35.163261,126.929916,가로등
35.163055,126.929588,가로등
35.162876,126.929306,가로등
35.162712,126.928978,가로등
35.162579,126.92868,가로등
35.162037,126.936958,가로등
35.162518,126.936935,가로등
35.162968,126.936935,가로등
35.163425,126.936928,가로등
35.163605,126.936928,가로등
35.163841,126.936913,가로등
35.164303,126.936943,가로등
35.164749,126.936981,가로등
35.165203,126.936981,가로등
35.165592,126.937019,가로등
35.166039,126.937027,가로등
35.166508,126.937119,가로등
35.166752,126.937141,가로등
35.167015,126.937149,가로등
35.167282,126.937164,가로등
35.167557,126.937172,가로등
35.167797,126.93718,가로등
35.166195,126.937218,가로등
35.165798,126.937202,가로등
35.165394,126.937195,가로등
35.164978,126.937164,가로등
35.164516,126.937126,가로등
35.164051,126.937111,가로등
35.163677,126.937088,가로등
35.163559,126.937141,가로등
35.163212,126.937134,가로등
35.162773,126.937126,가로등
35.162411,126.937141,가로등
35.162125,126.937126,가로등
35.161903,126.937164,가로등
35.161896,126.937454,가로등
35.1619,126.937721,가로등
35.1619,126.937996,가로등
35.161892,126.938286,가로등
35.161896,126.938591,가로등
35.167988,126.937195,가로등
35.168137,126.937202,가로등
35.168438,126.937218,가로등
35.168724,126.937233,가로등
35.169094,126.937256,가로등
35.169365,126.937263,가로등
35.169651,126.937263,가로등
35.169918,126.937286,가로등
35.17017,126.937294,가로등
35.170433,126.937317,가로등
35.170712,126.937332,가로등
35.170982,126.937332,가로등
35.171322,126.937256,가로등
35.171474,126.937019,가로등
35.17152,126.936691,가로등
35.171528,126.936371,가로등
35.171558,126.936035,가로등
35.171566,126.935684,가로등
35.171581,126.935333,가로등
35.171597,126.935013,가로등
35.171608,126.934692,가로등
35.171623,126.934357,가로등
35.171635,126.934029,가로등
35.17165,126.933693,가로등
35.171696,126.933388,가로등
35.1717,126.933105,가로등
35.171684,126.932823,가로등
35.173309,126.89595,가로등
35.173496,126.895836,가로등
35.1736815,126.8957996,가로등
35.1739902,126.895821,가로등
35.1720098,126.8966214,가로등
35.1716682,126.8962663,가로등
35.1714923,126.8960599,가로등
35.171318,126.8958655,가로등
35.1712026,126.8957357,가로등
35.171131,126.895584,가로등
35.171169,126.895393,가로등
35.171204,126.895256,가로등
35.181805,126.898636,가로등
35.182278,126.898682,가로등
35.182541,126.898697,가로등
35.182728,126.898735,가로등
35.182865,126.89872,가로등
35.183029,126.898766,가로등
35.183216,126.898766,가로등
35.183449,126.898811,가로등
35.183693,126.898872,가로등
35.183979,126.898827,가로등
35.180649,126.898453,가로등
35.180748,126.898384,가로등
35.180866,126.898468,가로등
35.181076,126.898521,가로등
35.181355,126.898529,가로등
35.181553,126.898521,가로등
35.182102,126.898285,가로등
35.182087,126.898689,가로등
35.181805,126.89827,가로등
35.181606,126.898209,가로등
35.181404,126.898193,가로등
35.181168,126.898178,가로등
35.180897,126.898163,가로등
35.180782,126.89814,가로등
35.180683,126.898125,가로등
35.184002,126.898575,가로등
35.183651,126.898499,가로등
35.183437,126.898476,가로등
35.183327,126.898476,가로등
35.183163,126.898445,가로등
35.182842,126.898399,가로등
35.182549,126.898392,가로등
35.182396,126.898376,가로등
35.182278,126.898361,가로등
35.177773,126.897537,가로등
35.177975,126.897583,가로등
35.178112,126.897636,가로등
35.178307,126.89769,가로등
35.178467,126.897736,가로등
35.178738,126.897827,가로등
35.178932,126.897888,가로등
35.179176,126.897949,가로등
35.179455,126.898064,가로등
35.179893,126.898201,가로등
35.180111,126.898285,가로등
35.18037,126.898331,가로등
35.180351,126.898041,가로등
35.180012,126.897934,가로등
35.179798,126.897842,가로등
35.17968,126.897781,가로등
35.179489,126.897751,가로등
35.179344,126.897675,가로등
35.179161,126.897644,가로등
35.17897,126.897606,가로등
35.178699,126.897499,가로등
35.178459,126.897385,가로등
35.183765,126.898315,가로등
35.183754,126.898163,가로등
35.183781,126.897942,가로등
35.183838,126.897644,가로등
35.183838,126.897308,가로등
35.183876,126.897057,가로등
35.183861,126.896812,가로등
35.183914,126.896553,가로등
35.183922,126.896324,가로등
35.183903,126.896187,가로등
35.183781,126.898956,가로등
35.183792,126.899139,가로등
35.183765,126.899391,가로등
35.183758,126.89962,가로등
35.183746,126.899834,가로등
35.183731,126.900154,가로등
35.18372,126.900406,가로등
35.183704,126.900665,가로등
35.183678,126.900909,가로등
35.18367,126.901184,가로등
35.183643,126.901451,가로등
35.183624,126.901665,가로등
35.183594,126.901955,가로등
35.183567,126.90226,가로등
35.183567,126.902489,가로등
35.183544,126.902756,가로등
35.183533,126.903091,가로등
35.183525,126.903389,가로등
35.183525,126.903656,가로등
35.183498,126.904373,가로등
35.183502,126.904587,가로등
35.183475,126.904831,가로등
35.183468,126.905067,가로등
35.183472,126.905266,가로등
35.181873,126.890381,가로등
35.182037,126.890625,가로등
35.182251,126.890862,가로등
35.182449,126.891121,가로등
35.182648,126.891357,가로등
35.182854,126.891594,가로등
35.183044,126.891838,가로등
35.183243,126.892082,가로등
35.183239,126.892632,가로등
35.183216,126.89315,가로등
35.183155,126.893677,가로등
35.183128,126.894333,가로등
35.183094,126.894882,가로등
35.1830663,126.8954061,가로등
35.183197,126.895142,가로등
35.183208,126.89463,가로등
35.183258,126.894028,가로등
35.183285,126.893494,가로등
35.183308,126.892944,가로등
35.183338,126.892387,가로등
35.183239,126.891754,가로등
35.183083,126.891571,가로등
35.182903,126.891312,가로등
35.182709,126.89109,가로등
35.182495,126.890808,가로등
35.18232,126.890572,가로등
35.182041,126.890205,가로등
35.183037,126.911255,가로등
35.18298,126.911896,가로등
35.182896,126.912445,가로등
35.182812,126.913132,가로등
35.182735,126.913567,가로등
35.182812,126.913773,가로등
35.182907,126.913445,가로등
35.182987,126.91275,가로등
35.183052,126.912163,가로등
35.183132,126.911644,가로등
35.183247,126.911186,가로등
35.183189,126.911072,가로등
35.183254,126.910538,가로등
35.183311,126.909981,가로등
35.183342,126.909607,가로등
35.183372,126.909157,가로등
35.183418,126.908318,가로등
35.183445,126.907875,가로등
35.183479,126.907349,가로등
35.183372,126.907005,가로등
35.183327,126.907562,가로등
35.183319,126.908066,가로등
35.183285,126.908508,가로등
35.183239,126.90905,가로등
35.183189,126.909691,가로등
35.183147,126.910233,가로등
35.183098,126.910805,가로등
35.161179,126.900307,가로등
35.160839,126.900162,가로등
35.160507,126.90004,가로등
35.161537,126.900452,가로등
35.161846,126.900566,가로등
35.162243,126.900719,가로등
35.16259,126.900826,가로등
35.162895,126.900955,가로등
35.163132,126.901062,가로등
35.163467,126.901199,가로등
35.163891,126.901375,가로등
35.164234,126.901512,가로등
35.164452,126.901588,가로등
35.164604,126.901642,가로등
35.165009,126.90181,가로등
35.165394,126.901962,가로등
35.165657,126.902069,가로등
35.162743,126.900826,가로등
35.162819,126.900528,가로등
35.162899,126.900238,가로등
35.162968,126.89994,가로등
35.163048,126.899605,가로등
35.163116,126.899292,가로등
35.1632,126.898964,가로등
35.163273,126.898651,가로등
35.163361,126.898308,가로등
35.163445,126.897972,가로등
35.163513,126.897728,가로등
35.163586,126.8974,가로등
35.163666,126.897041,가로등
35.163055,126.897331,가로등
35.163292,126.897224,가로등
35.163555,126.897057,가로등
35.165443,126.902252,가로등
35.165066,126.902069,가로등
35.164757,126.901962,가로등
35.164383,126.901825,가로등
35.164219,126.901764,가로등
35.164017,126.901672,가로등
35.163673,126.90155,가로등
35.163361,126.901413,가로등
35.162971,126.901268,가로등
35.162563,126.901123,가로등
35.162289,126.900993,가로등
35.161999,126.900871,가로등
35.161633,126.900726,가로등
35.161308,126.900612,가로등
35.160995,126.900467,가로등
35.160595,126.90033,가로등
35.160252,126.900177,가로등
35.16201,126.903847,가로등
35.162075,126.90361,가로등
35.162189,126.903229,가로등
35.162277,126.90287,가로등
35.162373,126.902565,가로등
35.162457,126.902245,가로등
35.162544,126.901932,가로등
35.162636,126.901611,가로등
35.162735,126.901283,가로등
35.161922,126.904243,가로등
35.161736,126.904312,가로등
35.164948,126.90609,가로등
35.164886,126.906364,가로등
35.164799,126.906685,가로등
35.164715,126.907028,가로등
35.164597,126.907387,가로등
35.164513,126.907684,가로등
35.164463,126.907898,가로등
35.164322,126.908081,가로등
35.164108,126.908005,가로등
35.165066,126.905655,가로등
35.165165,126.905289,가로등
35.165268,126.904938,가로등
35.165363,126.904564,가로등
35.165436,126.904312,가로등
35.165543,126.903885,가로등
35.165649,126.903503,가로등
35.165741,126.903175,가로등
35.165852,126.902733,가로등
35.165855,126.902565,가로등
35.165756,126.902412,가로등
35.165539,126.904602,가로등
35.16563,126.904266,가로등
35.165722,126.903915,가로등
35.16581,126.903587,가로등
35.165936,126.90316,가로등
35.165989,126.902931,가로등
35.166115,126.902672,가로등
35.166286,126.902588,가로등
35.166477,126.902634,가로등
35.16544,126.904984,가로등
35.165333,126.905334,가로등
35.165241,126.905708,가로등
35.165165,126.906013,가로등
35.165066,126.906395,가로등
35.164963,126.906761,가로등
35.164867,126.907112,가로등
35.164803,126.90744,가로등
35.164726,126.907761,가로등
35.164642,126.908142,가로등
35.164902,126.908516,가로등
35.164993,126.908371,가로등
35.164886,126.908394,가로등
35.164925,126.908272,가로등
35.164848,126.908295,가로등
35.164665,126.909081,가로등
35.164467,126.908989,가로등
35.164398,126.909035,가로등
35.164349,126.909248,가로등
35.164726,126.908813,가로등
35.164539,126.90873,가로등
35.164516,126.908615,가로등
35.164585,126.908371,가로등
35.163845,126.912827,가로등
35.163773,126.913116,가로등
35.163681,126.913429,가로등
35.163601,126.913757,가로등
35.163521,126.914024,가로등
35.163422,126.914413,가로등
35.163357,126.91465,가로등
35.163284,126.914932,가로등
35.163177,126.915291,가로등
35.163929,126.912529,가로등
35.16399,126.912285,가로등
35.164089,126.911903,가로등
35.164169,126.91156,가로등
35.164268,126.911247,가로등
35.16433,126.910965,가로등
35.164413,126.910629,가로등
35.164494,126.910339,가로등
35.164577,126.910034,가로등
35.164669,126.909744,가로등
35.164955,126.916023,가로등
35.165264,126.916122,가로등
35.164597,126.915871,가로등
35.164318,126.915779,가로등
35.164135,126.915703,가로등
35.163837,126.915588,가로등
35.163486,126.915451,가로등
35.165874,126.91436,가로등
35.165943,126.914116,가로등
35.166027,126.913757,가로등
35.166134,126.913498,가로등
35.166195,126.913239,가로등
35.166283,126.912941,가로등
35.166348,126.912659,가로등
35.166454,126.912292,가로등
35.165794,126.914665,가로등
35.165718,126.914955,가로등
35.165653,126.915199,가로등
35.165577,126.915489,가로등
35.165489,126.915787,가로등
35.165428,126.916023,가로등
35.167542,126.908127,가로등
35.167618,126.907837,가로등
35.167702,126.907547,가로등
35.167763,126.907257,가로등
35.167839,126.907013,가로등
35.167858,126.906906,가로등
35.167976,126.906448,가로등
35.168076,126.906052,가로등
35.168163,126.905701,가로등
35.168228,126.905449,가로등
35.168308,126.905144,가로등
35.168365,126.904892,가로등
35.168396,126.904785,가로등
35.168465,126.904541,가로등
35.168549,126.90419,가로등
35.168625,126.903862,가로등
35.168541,126.903664,가로등
35.167458,126.908455,가로등
35.16737,126.908798,가로등
35.167305,126.909035,가로등
35.167175,126.909554,가로등
35.167114,126.90976,가로등
35.167053,126.910027,가로등
35.166958,126.91037,가로등
35.166843,126.910789,가로등
35.166771,126.911034,가로등
35.166698,126.911362,가로등
35.166615,126.911667,가로등
35.166538,126.911957,가로등
35.16909,126.932724,가로등
35.169441,126.932724,가로등
35.1698,126.932716,가로등
35.170177,126.932716,가로등
35.170429,126.932709,가로등
35.170753,126.932709,가로등
35.171089,126.932716,가로등
35.171421,126.932724,가로등
35.171635,126.932762,가로등
35.172016,126.932777,가로등
35.172333,126.932785,가로등
35.172665,126.932831,가로등
35.173042,126.932861,가로등
35.173321,126.932884,가로등
35.173649,126.932915,가로등
35.174015,126.932938,가로등
35.174389,126.932991,가로등
35.17469,126.933052,가로등
35.174999,126.933174,가로등
35.174885,126.932968,가로등
35.174686,126.932899,가로등
35.174427,126.932823,가로등
35.174034,126.932777,가로등
35.173676,126.932739,가로등
35.173332,126.932724,가로등
35.173012,126.932693,가로등
35.172688,126.932671,가로등
35.172356,126.932655,가로등
35.171997,126.932625,가로등
35.171761,126.932617,가로등
35.171402,126.932587,가로등
35.17112,126.932571,가로등
35.170719,126.932541,가로등
35.170429,126.932549,가로등
35.170109,126.932579,가로등
35.169811,126.932564,가로등
35.169453,126.932564,가로등
35.16909,126.932579,가로등
35.175213,126.93264,가로등
35.175354,126.932106,가로등
35.17548,126.931572,가로등
35.175587,126.931114,가로등
35.175735,126.930588,가로등
35.175854,126.930061,가로등
35.176014,126.929489,가로등
35.176144,126.92894,가로등
35.176277,126.928375,가로등
35.176369,126.928093,가로등
35.175232,126.932968,가로등
35.175385,126.93235,가로등
35.175507,126.931831,가로등
35.175625,126.931366,가로등
35.175755,126.930931,가로등
35.175892,126.930382,가로등
35.176025,126.929848,가로등
35.176159,126.92926,가로등
35.176327,126.928635,가로등
35.176453,126.928192,가로등
35.171013,126.922859,가로등
35.171143,126.923012,가로등
35.171272,126.92321,가로등
35.171455,126.9235,가로등
35.171593,126.923691,가로등
35.171726,126.923927,가로등
35.171867,126.924126,가로등
35.172062,126.924461,가로등
35.17226,126.924667,가로등
35.172462,126.924889,가로등
35.172668,126.925102,가로등
35.16116248,126.893726,가로등
35.173054,126.925407,가로등
35.17329,126.925583,가로등
35.173492,126.925751,가로등
35.173717,126.925903,가로등
35.173916,126.926086,가로등
35.174099,126.926216,가로등
35.174313,126.926384,가로등
35.1745,126.926529,가로등
35.174801,126.926735,가로등
35.174953,126.926849,가로등
35.175171,126.92701,가로등
35.175335,126.927132,가로등
35.175529,126.927284,가로등
35.175709,126.927422,가로등
35.175915,126.927582,가로등
35.176109,126.927734,가로등
35.176304,126.927887,가로등
35.176311,126.927589,가로등
35.176067,126.927414,가로등
35.175888,126.927277,가로등
35.175705,126.927116,가로등
35.175491,126.926956,가로등
35.175259,126.926796,가로등
35.175068,126.92662,가로등
35.1749,126.926498,가로등
35.174644,126.9263,가로등
35.174442,126.926163,가로등
35.174267,126.92601,가로등
35.174057,126.925865,가로등
35.173767,126.925644,가로등
35.173637,126.925545,가로등
35.173389,126.925369,가로등
35.173191,126.925194,가로등
35.172993,126.925041,가로등
35.172783,126.924889,가로등
35.172607,126.924675,가로등
35.172447,126.924507,가로등
35.172215,126.924225,가로등
35.17205,126.923996,가로등
35.171913,126.923767,가로등
35.171745,126.923538,가로등
35.171604,126.923317,가로등
35.171444,126.923088,가로등
35.171326,126.922882,가로등
35.171165,126.922661,가로등
35.180099,126.936859,가로등
35.179989,126.936668,가로등
35.179802,126.936462,가로등
35.179512,126.936111,가로등
35.179287,126.935875,가로등
35.179077,126.935661,가로등
35.178936,126.935532,가로등
35.178707,126.935272,가로등
35.178452,126.934998,가로등
35.178226,126.934753,가로등
35.177914,126.934509,가로등
35.177666,126.934387,가로등
35.177357,126.93425,가로등
35.176998,126.934082,가로등
35.176662,126.933922,가로등
35.176365,126.933792,가로등
35.176083,126.933662,가로등
35.175835,126.933548,가로등
35.175556,126.933411,가로등
35.175194,126.933235,가로등
35.1754,126.933174,가로등
35.175598,126.933273,가로등
35.175816,126.93338,가로등
35.176033,126.933464,가로등
35.176395,126.933632,가로등
35.176693,126.933777,가로등
35.176994,126.933914,가로등
35.177212,126.934029,가로등
35.177574,126.934174,가로등
35.177914,126.934334,가로등
35.178158,126.934509,가로등
35.178432,126.934753,가로등
35.17865,126.935013,가로등
35.178837,126.935211,가로등
35.179138,126.935516,가로등
35.179363,126.935745,가로등
35.17963,126.936028,가로등
35.179836,126.936264,가로등
35.180069,126.936539,가로등
35.1902397,126.909828,가로등
35.1902696,126.910597,가로등
35.1902902,126.910989,가로등
35.1903242,126.911321,가로등
35.1903402,126.911659,가로등
35.1903585,126.912032,가로등
35.1903994,126.912438,가로등
35.1904492,126.912795,가로등
35.1904991,126.913174,가로등
35.190497,126.913437,가로등
35.1904385,126.913553,가로등
35.1903213,126.913569,가로등
35.1901546,126.913569,가로등
35.1899608,126.91357,가로등
35.1898166,126.913564,가로등
35.19040155,126.9091832,가로등
35.19041979,126.9094687,가로등
35.1904471,126.9098255,가로등
35.1904766,126.910206,가로등
35.1904904,126.910585,가로등
35.18712479,126.9117697,가로등
35.1905087,126.910942,가로등
35.190545,126.911315,가로등
35.1905769,126.911694,가로등
35.1905952,126.912062,가로등
35.190636,126.912479,가로등
35.1906498,126.912792,가로등
35.1906861,126.913193,가로등
35.1906998,126.913489,가로등
35.1906414,126.913698,가로등
35.1905378,126.913808,가로등
35.1904026,126.91383,가로등
35.19029,126.913836,가로등
35.1901503,126.913825,가로등
35.1899722,126.913833,가로등
35.18976272,126.9138146,가로등
35.1830893,126.897874,가로등
35.1626549,126.928435,가로등
35.16218192,126.9148371,가로등
35.17852646,126.8904374,가로등
35.18311385,126.8975785,가로등
35.18311385,126.8975785,가로등
35.1831159,126.8973342,가로등
35.1831382,126.8970624,가로등
35.18315824,126.8967742,가로등
35.18315575,126.8964997,가로등
35.18316219,126.8961264,가로등
35.18318675,126.8958602,가로등
35.17703922,126.8929534,가로등
35.17724652,126.8929421,가로등
35.15975749,126.9003599,가로등
35.16042391,126.9024006,가로등
35.16023445,126.9021923,가로등
35.16018963,126.9024942,가로등
35.16009984,126.9029278,가로등
35.1601402,126.9026808,가로등
35.15967003,126.9008759,가로등
35.15953011,126.9006181,가로등
35.15959803,126.9010022,가로등
35.15950802,126.9011559,가로등
35.15937298,126.9013591,가로등
35.15922442,126.9015569,가로등
35.15908939,126.9017821,가로등
35.15809228,126.9032018,가로등
35.17827952,126.9205152,가로등
35.16099895,126.9001636,가로등
35.1610349,126.9000318,가로등
35.16133778,126.8984317,가로등
35.16108883,126.8998506,가로등
35.16111797,126.8996613,가로등
35.16116966,126.8994993,가로등
35.16122806,126.8992687,가로등
35.16132467,126.8989256,가로등
35.16147067,126.8983602,가로등
35.16161699,126.8981789,가로등
35.16104576,126.8995434,가로등
35.16098961,126.8997602,가로등
35.16123895,126.8988187,가로등
35.16117832,126.899074,가로등
35.16110643,126.8993348,가로등
35.16089748,126.9000731,가로등
35.16035645,126.8998159,가로등
35.16050274,126.8996017,가로등
35.16061077,126.8994424,가로등
35.16073005,126.8992611,가로등
35.16084258,126.8990881,가로등
35.16096861,126.8988986,가로등
35.16107214,126.8987531,가로등
35.16114642,126.8986487,가로등
35.16510886,126.905419,가로등
35.16503225,126.9054328,가로등
35.16489927,126.905389,가로등
35.16473923,126.9053316,가로등
35.16532753,126.9055422,가로등
35.17111953,126.9224953,가로등
35.17784621,126.922983,가로등
35.17804457,126.9230651,가로등
35.17821587,126.9231363,가로등
35.17843676,126.9232239,가로등
35.17864863,126.9233061,가로등
35.17885148,126.9233772,가로등
35.17897318,126.92341,가로등
35.1781214,126.9199308,가로등
35.17788248,126.9198322,가로등
35.17735956,126.9196406,가로등
35.17713419,126.9195914,가로등
35.17680059,126.9194435,가로등
35.17638137,126.919304,가로등
35.16285779,126.8972142,가로등
35.1627721,126.8971402,가로등
35.16523725,126.8944397,가로등
35.16510229,126.8947197,가로등
35.1649628,126.8949724,가로등
35.16483233,126.8952415,가로등
35.16469736,126.8955106,가로등
35.16458039,126.8957522,가로등
35.16445434,126.8959115,가로등
35.16431928,126.8960818,가로등
35.16417971,126.8962411,가로등
35.16401308,126.896384,가로등
35.16390502,126.8965049,가로등
35.16379242,126.8965874,가로등
35.16028152,126.8964656,가로등
35.16167846,126.8886544,가로등
35.16184943,126.8883414,가로등
35.16605014,126.8887555,가로등
35.16607711,126.8886732,가로등
35.1661085,126.8885085,가로등
35.16612179,126.888256,가로등
35.16616672,126.8881022,가로등
35.16622066,126.887954,가로등
35.18184624,126.9308756,가로등
35.1662611,126.887857,가로등
35.16635112,126.8876959,가로등
35.16631498,126.8876026,가로등
35.16622932,126.8875698,가로등
35.16616163,126.8874711,가로등
35.16609844,126.8873779,가로등
35.16604877,126.8872682,가로등
35.16599453,126.8870981,가로등
35.16592226,126.8869281,가로등
35.20582894,126.9391082,가로등
35.18480382,126.9289463,가로등
35.18473638,126.9292208,가로등
35.18466892,126.9294624,가로등
35.18461497,126.929693,가로등
35.18457001,126.9298797,가로등
35.18447557,126.9302256,가로등
35.18441263,126.9304891,가로등
35.1843362,126.9308186,가로등
35.18425976,126.9311261,가로등
35.18418783,126.9314335,가로등
35.18411587,126.9316971,가로등
35.18501115,126.928979,가로등
35.18496172,126.9292206,가로등
35.18488977,126.9294842,가로등
35.18481784,126.9298026,가로등
35.18475038,126.9300497,가로등
35.18469644,126.9302913,가로등
35.18953209,126.9340916,가로등
35.18456158,126.9308952,가로등
35.18450762,126.9311039,가로등
35.18443568,126.9313894,가로등
35.18436822,126.931642,가로등
35.18430975,126.9318616,가로등
35.17375638,126.9131015,가로등
35.17128323,126.911474,가로등
35.1702689,126.911058,가로등
35.16515892,126.9184891,가로등
35.17300519,126.8575069,가로등
35.17304336,126.8573861,가로등
35.17306353,126.8572927,가로등
35.17309044,126.8571884,가로등
35.17311513,126.857106,가로등
35.18494505,126.8708119,가로등
35.19897313,126.9002105,가로등
35.19914457,126.9004299,가로등
35.19927998,126.9006932,가로등
35.1717441,126.901385,가로등
35.172529,126.905163,가로등
35.17255361,126.9048203,가로등
35.17256277,126.9050069,가로등
35.17256277,126.9050069,가로등
35.17154249,126.9000436,가로등
35.17155724,126.9015475,가로등
35.17157585,126.9022665,가로등
35.17193352,126.9043079,가로등
35.17203957,126.9044916,가로등
35.17245383,126.9069171,가로등
35.1726476,126.9068895,가로등
35.16842759,126.9137768,가로등
35.18642352,126.9208833,가로등
35.18633801,126.9210618,가로등
35.18624572,126.9212156,가로등
35.18615345,126.9214078,가로등
35.18609494,126.9215232,가로등
35.18598243,126.9217758,가로등
35.18587664,126.9219571,가로등
35.18577986,126.9221383,가로등
35.18569659,126.9223031,가로등
35.18561558,126.9224678,가로등
35.18552555,126.9226326,가로등
35.18544452,126.9227809,가로등
35.18604563,126.9219377,가로등
35.18613133,126.9220419,가로등
35.18633615,126.9216794,가로등
35.18620764,126.921578,가로등
35.18606344,126.9215946,가로등
35.18602744,126.9216769,가로등
35.18573272,126.9224183,가로등
35.1717567,126.937157,가로등
35.17200684,126.9371465,가로등
35.17243045,126.9370968,가로등
35.17279548,126.937069,가로등
35.17311995,126.9370249,가로등
35.18712912,126.9115337,가로등
35.18715149,126.9113141,가로등
35.18715132,126.9110835,가로등
35.18714664,126.9108365,가로등
35.18713748,126.9106444,가로등
35.18714181,126.9104083,가로등
35.18715519,126.9102216,가로등
35.18716403,126.9099801,가로등
35.18716836,126.9097495,가로등
35.18719068,126.909453,가로등
35.18717701,126.9092554,가로등
35.18719037,126.9090413,가로등
35.18717671,126.9088602,가로등
35.18720355,126.9085911,가로등
35.1872033,126.9082563,가로등
35.1871941,126.9080202,가로등
35.18720745,126.9077951,가로등
35.18720282,126.9076249,가로등
35.18723409,126.9072681,가로등
35.18722944,126.9070759,가로등
35.18722921,126.906774,가로등
35.18723807,126.9065764,가로등
35.1872334,126.9063678,가로등
35.18724221,126.9061097,가로등
35.18724206,126.9059176,가로등
35.18724641,126.905709,가로등
35.18725974,126.9054619,가로등
35.18704479,126.9015371,가로등
35.18644505,126.8810697,가로등
35.17358535,126.8623003,가로등
35.17376114,126.8623247,가로등
35.17394594,126.8623409,가로등
35.17412847,126.8623516,가로등
35.17425009,126.862291,가로등
35.17427026,126.8621976,가로등
35.17427242,126.8621126,가로등
35.17450477,126.8623345,가로등
35.17459285,126.86251,가로등
35.17467873,126.8627294,가로등
35.17473749,126.8628802,가로등
35.17473761,126.86299,가로등
35.1740783,126.8638117,가로등
35.17408706,126.8635866,가로등
35.17411386,126.863378,가로등
35.17411805,126.8630981,가로등
35.17423957,126.8629497,가로등
35.17440634,126.8629658,가로등
35.17459565,126.8629875,가로등
35.17472185,126.8629955,가로등
35.17488198,126.8631242,가로등
35.17487094,126.8633246,가로등
35.17486214,126.8635112,가로등
35.17484883,126.8636951,가로등
35.23884453,126.8925124,가로등
35.23916892,126.8924021,가로등
35.182537,126.907883,가로등
35.18243,126.908295,가로등
35.182331,126.908745,가로등
35.182262,126.908997,가로등
35.182152,126.909424,가로등
35.18203,126.909729,가로등
35.181927,126.909958,가로등
35.181797,126.910225,가로등
35.181667,126.910515,가로등
35.181503,126.910812,가로등
35.1813332,126.9110698,가로등
35.1811147,126.9112827,가로등
35.180897,126.911453,가로등
35.180557,126.911606,가로등
35.180264,126.91172,가로등
35.183342,126.9067,가로등
35.183407,126.905975,가로등
35.23841577,126.8918208,가로등
35.18338,126.906319,가로등
35.183388,126.906517,가로등
35.1828,126.90712,가로등
35.182613,126.907532,가로등
35.1805807,126.9122106,가로등
35.18074,126.912033,가로등
35.1808744,126.9119018,가로등
35.1811589,126.9115972,가로등
35.181362,126.911392,가로등
35.18158,126.911171,가로등
35.181751,126.910866,가로등
35.181847,126.910599,가로등
35.18198,126.910309,가로등
35.182114,126.910027,가로등
35.182205,126.90979,가로등
35.1822945,126.9095618,가로등
35.1823814,126.9092792,가로등
35.1824877,126.9088984,가로등
35.1825877,126.9084624,가로등
35.182659,126.90815,가로등
35.182762,126.907806,가로등
35.182842,126.907471,가로등
35.183079,126.90715,가로등
35.179474,126.916489,가로등
35.179592,126.91597,가로등
35.179489,126.915947,가로등
35.179752,126.915428,가로등
35.179882,126.914856,가로등
35.180046,126.914383,가로등
35.180141,126.913864,가로등
35.180279,126.913322,가로등
35.180401,126.912788,가로등
35.180492,126.912453,가로등
35.180382,126.912521,가로등
35.180233,126.913071,가로등
35.180115,126.913513,가로등
35.179943,126.914139,가로등
35.179825,126.914612,가로등
35.179688,126.915115,가로등
35.179581,126.91555,가로등
35.17968,126.915604,가로등
35.179417,126.916245,가로등
35.179287,126.916656,가로등
35.1791036,126.9173252,가로등
35.1792888,126.9172235,가로등
35.21444643,126.8819459,가로등
35.179008,126.917702,가로등
35.178947,126.917938,가로등
35.179089,126.918007,가로등
35.179119,126.917877,가로등
35.179214,126.917534,가로등
35.179348,126.916985,가로등
35.17413484,126.8639955,가로등
35.17414377,126.8639268,가로등
35.17612405,126.86554,가로등
35.17610617,126.8656718,가로등
35.17602931,126.8654524,가로등
35.17589861,126.8654471,가로등
35.21450245,126.9017758,가로등
35.21212505,126.923508,가로등
35.21788534,126.8754552,가로등
35.21768253,126.87545,가로등
35.21836928,126.8727717,가로등
35.20635673,126.8646473,가로등
35.20644447,126.8645236,가로등
35.18551823,126.861358,가로등
35.1729865,126.857021,가로등
35.24169669,126.871123,가로등
35.24163362,126.8711451,가로등
35.24160209,126.8711671,가로등
35.24156158,126.8712111,가로등
35.23212475,126.8445754,가로등
35.1976284,126.874209,가로등
35.19823646,126.8851703,가로등
35.19814609,126.8849179,가로등
35.19789381,126.8694655,가로등
35.19786226,126.8694628,가로등
35.1977833,126.869429,가로등
35.1977427,126.869402,가로등
35.1976976,126.869369,가로등
35.19792274,126.869125,가로등
35.1978239,126.869449,가로등
35.20516021,126.894075,가로등
35.2044752,126.8940924,가로등
35.21582543,126.8606777,가로등
35.21486847,126.8715251,가로등
35.22733819,126.8628879,가로등
35.22723948,126.8632835,가로등
35.22715861,126.8635033,가로등
35.2270823,126.863789,가로등
35.2269789,126.864041,가로등
35.2268936,126.864305,가로등
35.174442,126.918625,가로등
35.173969,126.918457,가로등
35.173557,126.918312,가로등
35.173103,126.918144,가로등
35.178387,126.920059,가로등
35.178242,126.920029,가로등
35.177952,126.919937,가로등
35.177727,126.91983,가로등
35.177479,126.919762,가로등
35.176983,126.919556,가로등
35.176586,126.919426,가로등
35.176147,126.91925,가로등
35.175713,126.919098,가로등
35.175297,126.918953,가로등
35.17503,126.918831,가로등
35.175396,126.919113,가로등
35.172878,126.918198,가로등
35.173306,126.918312,가로등
35.173729,126.918503,가로등
35.174183,126.918663,가로등
35.174576,126.918793,가로등
35.175037,126.919006,가로등
35.175892,126.919289,가로등
35.2268037,126.864552,가로등
35.2267183,126.864767,가로등
35.2266149,126.865014,가로등
35.2265161,126.86525,가로등
35.2264217,126.865531,가로등
35.2263139,126.865844,가로등
35.2262016,126.866179,가로등
35.2260803,126.866498,가로등
35.178543,126.920105,가로등
35.1785533,126.9200083,가로등
35.1786555,126.9196309,가로등
35.1787746,126.9191877,가로등
35.1789323,126.9185689,가로등
35.179031,126.918167,가로등
35.179096,126.918137,가로등
35.179222,126.918198,가로등
35.179443,126.918274,가로등
35.179634,126.918373,가로등
35.179836,126.918411,가로등
35.180058,126.91851,가로등
35.180233,126.918564,가로등
35.180447,126.918655,가로등
35.180622,126.918724,가로등
35.180836,126.91877,가로등
35.180984,126.918861,가로등
35.181183,126.918938,가로등
35.181377,126.919014,가로등
35.181549,126.919075,가로등
35.1815372,126.919438,가로등
35.181473,126.9198,가로등
35.174202,126.912827,가로등
35.174271,126.912827,가로등
35.174469,126.913208,가로등
35.174667,126.913551,가로등
35.174847,126.91394,가로등
35.174961,126.9142,가로등
35.174995,126.914711,가로등
35.174965,126.915199,가로등
35.174938,126.915611,가로등
35.174908,126.916054,가로등
35.175167,126.91642,가로등
35.175484,126.91671,가로등
35.175743,126.916924,가로등
35.176037,126.917191,가로등
35.176285,126.917427,가로등
35.176567,126.917671,가로등
35.176903,126.917961,가로등
35.177277,126.918205,가로등
35.177528,126.91819,가로등
35.178009,126.918121,가로등
35.178368,126.91806,가로등
35.178696,126.918076,가로등
35.178886,126.918251,가로등
35.178745,126.918785,가로등
35.178596,126.919304,가로등
35.178463,126.919823,가로등
35.178822,126.917984,가로등
35.1784842,126.9179799,가로등
35.1782006,126.9179408,가로등
35.1777813,126.9179917,가로등
35.177404,126.9180446,가로등
35.1770832,126.9179373,가로등
35.1768184,126.9177124,가로등
35.17662,126.9175325,가로등
35.1762547,126.9171818,가로등
35.1759885,126.9169107,가로등
35.175686,126.916679,가로등
35.175388,126.91642,가로등
35.175121,126.916176,가로등
35.175041,126.91581,가로등
35.175087,126.915359,가로등
35.175133,126.915039,가로등
35.175156,126.91449,가로등
35.175056,126.914055,가로등
35.174892,126.913643,가로등
35.174686,126.913284,가로등
35.174503,126.912956,가로등
35.181206,126.921371,가로등
35.1811648,126.921964,가로등
35.1811785,126.922381,가로등
35.181206,126.922729,가로등
35.181236,126.922974,가로등
35.1812422,126.923276,가로등
35.1813463,126.923945,가로등
35.1814186,126.92428,가로등
35.1815857,126.92484,가로등
35.181679,126.925079,가로등
35.181858,126.925476,가로등
35.182049,126.92585,가로등
35.182262,126.926231,가로등
35.182484,126.92659,가로등
35.1827017,126.9268275,가로등
35.181152,126.921135,가로등
35.181225,126.92099,가로등
35.180965,126.921066,가로등
35.180737,126.921005,가로등
35.180546,126.920906,가로등
35.180321,126.920822,가로등
35.180153,126.920753,가로등
35.179989,126.920715,가로등
35.179726,126.920616,가로등
35.179497,126.920525,가로등
35.179291,126.920433,가로등
35.1786947,126.9203271,가로등
35.1788686,126.9203848,가로등
35.1790662,126.9204622,가로등
35.1813889,126.920163,가로등
35.181332,126.920433,가로등
35.1812766,126.920701,가로등
35.1827229,126.9266298,가로등
35.182625,126.926521,가로등
35.182487,126.926346,가로등
35.182323,126.926094,가로등
35.182152,126.925812,가로등
35.182053,126.925583,가로등
35.181927,126.925362,가로등
35.181839,126.925156,가로등
35.181686,126.924782,가로등
35.181614,126.924454,가로등
35.181496,126.923973,가로등
35.1814339,126.9236376,가로등
35.1813894,126.9233253,가로등
35.1813605,126.923046,가로등
35.1813466,126.9227734,가로등
35.1813167,126.9224206,가로등
35.1813053,126.9221346,가로등
35.181316,126.921822,가로등
35.181313,126.921501,가로등
35.1813481,126.9211852,가로등
35.181396,126.920929,가로등
35.181412,126.920677,가로등
35.181499,126.920258,가로등
35.181557,126.920044,가로등
35.181614,126.919807,가로등
35.18169,126.91951,가로등
35.18174,126.91922,가로등
35.167072,126.898758,가로등
35.167179,126.898384,가로등
35.167252,126.898018,가로등
35.167343,126.897636,가로등
35.167454,126.897224,가로등
35.167545,126.896858,가로등
35.167641,126.8965,가로등
35.167725,126.896187,가로등
35.167828,126.895775,가로등
35.2259455,126.866866,가로등
35.167965,126.895279,가로등
35.168011,126.895126,가로등
35.166996,126.898972,가로등
35.166965,126.899132,가로등
35.166882,126.899467,가로등
35.16679,126.899849,가로등
35.166695,126.900177,가로등
35.166607,126.900505,가로등
35.166519,126.900848,가로등
35.166443,126.901192,가로등
35.166351,126.901527,가로등
35.16626,126.901901,가로등
35.2258287,126.86719,가로등
35.166878,126.898689,가로등
35.166988,126.898331,가로등
35.16708,126.897964,가로등
35.167168,126.897629,가로등
35.167286,126.897163,가로등
35.167358,126.896873,가로등
35.167446,126.89653,가로등
35.167545,126.896141,가로등
35.167656,126.895729,가로등
35.167763,126.89534,가로등
35.167809,126.895142,가로등
35.166821,126.898941,가로등
35.166794,126.899055,가로등
35.166725,126.899345,가로등
35.166626,126.899734,가로등
35.166534,126.900108,가로등
35.166443,126.900452,가로등
35.166351,126.900787,가로등
35.166275,126.901131,가로등
35.166172,126.901505,가로등
35.166084,126.901825,가로등
35.165932,126.902,가로등
35.168461,126.892784,가로등
35.16901,126.890366,가로등
35.16906,126.890404,가로등
35.169014,126.890648,가로등
35.168835,126.89109,가로등
35.16877,126.891411,가로등
35.168732,126.891846,가로등
35.168633,126.892159,가로등
35.16853,126.892555,가로등
35.168362,126.89315,가로등
35.168247,126.893555,가로등
35.168167,126.893898,가로등
35.168064,126.894264,가로등
35.167969,126.894608,가로등
35.167858,126.894989,가로등
35.168697,126.892624,가로등
35.168633,126.892853,가로등
35.168793,126.892242,가로등
35.168884,126.891907,가로등
35.169018,126.891563,가로등
35.169117,126.891205,가로등
35.169174,126.890846,가로등
35.169277,126.890472,가로등
35.169361,126.890182,가로등
35.168121,126.894699,가로등
35.168182,126.894455,가로등
35.168308,126.894066,가로등
35.1684,126.893684,가로등
35.168495,126.893333,가로등
35.168594,126.892998,가로등
35.16497,126.898064,가로등
35.164707,126.897957,가로등
35.164474,126.897881,가로등
35.164215,126.897781,가로등
35.163956,126.897682,가로등
35.163731,126.897606,가로등
35.165279,126.898193,가로등
35.165512,126.898277,가로등
35.165768,126.898369,가로등
35.166012,126.898453,가로등
35.166271,126.898552,가로등
35.16655,126.898666,가로등
35.166809,126.898766,가로등
35.161568,126.897919,가로등
35.161736,126.897812,가로등
35.161873,126.897743,가로등
35.162086,126.897621,가로등
35.162231,126.897545,가로등
35.162449,126.897438,가로등
35.162601,126.897339,가로등
35.161449,126.896698,가로등
35.161201,126.896599,가로등
35.160912,126.896492,가로등
35.160702,126.8964,가로등
35.160515,126.896332,가로등
35.160431,126.896095,가로등
35.161617,126.896774,가로등
35.2257209,126.867509,가로등
35.162071,126.896957,가로등
35.225595,126.867861,가로등
35.162395,126.897064,가로등
35.162621,126.897141,가로등
35.159504,126.899025,가로등
35.159554,126.899208,가로등
35.159611,126.899414,가로등
35.15971,126.899689,가로등
35.160107,126.899857,가로등
35.22543336,126.8683229,가로등
35.225321,126.8686032,가로등
35.159538,126.89888,가로등
35.159611,126.898659,가로등
35.159698,126.898407,가로등
35.15979,126.898148,가로등
35.159874,126.897888,가로등
35.159943,126.897697,가로등
35.16003,126.89743,가로등
35.160091,126.897209,가로등
35.160191,126.89695,가로등
35.160244,126.896759,가로등
35.160324,126.896568,가로등
35.160461,126.896484,가로등
35.159363,126.898422,가로등
35.159279,126.898697,가로등
35.159214,126.898834,가로등
35.15905,126.898865,가로등
35.15892,126.898758,가로등
35.158749,126.898575,가로등
35.159447,126.898209,가로등
35.159523,126.897972,가로등
35.159607,126.897728,가로등
35.159687,126.897484,가로등
35.159767,126.897247,가로등
35.159843,126.896996,가로등
35.159927,126.896759,가로등
35.159977,126.896614,가로등
35.160019,126.896355,가로등
35.159931,126.896172,가로등
35.15976,126.896408,가로등
35.159603,126.89666,가로등
35.159462,126.896896,가로등
35.159332,126.897125,가로등
35.15918,126.897362,가로등
35.159061,126.897552,가로등
35.158913,126.897797,가로등
35.15876,126.898033,가로등
35.158642,126.898254,가로등
35.159824,126.896019,가로등
35.159557,126.895821,가로등
35.159512,126.895645,가로등
35.159737,126.895828,가로등
35.159958,126.896019,가로등
35.160015,126.89595,가로등
35.160137,126.895714,가로등
35.160213,126.89547,가로등
35.160286,126.895218,가로등
35.160351,126.894951,가로등
35.160412,126.894676,가로등
35.160484,126.89444,가로등
35.160561,126.894173,가로등
35.160633,126.893913,가로등
35.160694,126.893669,가로등
35.160767,126.893394,가로등
35.160801,126.893166,가로등
35.160843,126.89286,가로등
35.160866,126.892586,가로등
35.161091,126.893326,가로등
35.16111,126.893112,가로등
35.16114,126.892853,가로등
35.161167,126.892586,가로등
35.16119,126.892319,가로등
35.161224,126.892059,가로등
35.161251,126.891792,가로등
35.16127,126.891548,가로등
35.161301,126.891258,가로등
35.161335,126.890961,가로등
35.161369,126.890709,가로등
35.161396,126.890419,가로등
35.161018,126.893692,가로등
35.160946,126.893906,가로등
35.160843,126.894241,가로등
35.160763,126.894516,가로등
35.160706,126.894791,가로등
35.160603,126.895248,가로등
35.16053,126.8955,가로등
35.160442,126.895805,가로등
35.163212,126.896179,가로등
35.163345,126.896347,가로등
35.16349,126.896553,가로등
35.163643,126.896744,가로등
35.162998,126.895935,가로등
35.162849,126.895752,가로등
35.162624,126.89547,가로등
35.162411,126.895203,가로등
35.162228,126.894958,가로등
35.162071,126.894775,가로등
35.161892,126.894547,가로등
35.161671,126.894272,가로등
35.161522,126.894089,가로등
35.161339,126.893852,가로등
35.166222,126.893036,가로등
35.16642,126.892654,가로등
35.166611,126.892281,가로등
35.166904,126.891823,가로등
35.167061,126.891632,가로등
35.167332,126.891373,가로등
35.166019,126.89341,가로등
35.165859,126.89373,가로등
35.165634,126.894142,가로등
35.165432,126.894516,가로등
35.165272,126.894806,가로등
35.165016,126.895279,가로등
35.164825,126.89563,가로등
35.164597,126.895988,가로등
35.164356,126.896301,가로등
35.164104,126.896584,가로등
35.163776,126.896919,가로등
35.178928,126.937286,가로등
35.17889,126.937454,가로등
35.17844,126.937698,가로등
35.178585,126.937668,가로등
35.178749,126.937607,가로등
35.178818,126.937386,가로등
35.178871,126.937111,가로등
35.178917,126.93692,가로등
35.178947,126.936737,가로등
35.179008,126.936516,가로등
35.179066,126.936203,가로등
35.179104,126.936035,가로등
35.179157,126.935829,가로등
35.179115,126.937668,가로등
35.179234,126.937683,가로등
35.179356,126.937691,가로등
35.179501,126.937683,가로등
35.179729,126.937683,가로등
35.179939,126.937668,가로등
35.180008,126.937401,가로등
35.181744,126.931229,가로등
35.181671,126.931465,가로등
35.181583,126.93174,가로등
35.181515,126.932045,가로등
35.181431,126.932365,가로등
35.181351,126.932671,가로등
35.181259,126.932976,가로등
35.181183,126.933289,가로등
35.1811333,126.9335092,가로등
35.1810858,126.9336546,가로등
35.181007,126.933922,가로등
35.180923,126.934235,가로등
35.180885,126.934402,가로등
35.1808298,126.9345685,가로등
35.180756,126.934875,가로등
35.180679,126.935196,가로등
35.180595,126.935493,가로등
35.180496,126.935799,가로등
35.180408,126.936119,가로등
35.180336,126.936424,가로등
35.180195,126.93663,가로등
35.181812,126.930832,가로등
35.17659,126.928123,가로등
35.176754,126.928223,가로등
35.177044,126.928444,가로등
35.177242,126.928612,가로등
35.177486,126.928802,가로등
35.177677,126.92894,가로등
35.177883,126.929085,가로등
35.178074,126.929169,가로등
35.178246,126.929245,가로등
35.178501,126.929359,가로등
35.178696,126.929428,가로등
35.17889,126.929527,가로등
35.179207,126.929726,가로등
35.179428,126.929817,가로등
35.179661,126.929932,가로등
35.179913,126.930031,가로등
35.18018,126.930145,가로등
35.180298,126.930344,가로등
35.180153,126.93084,가로등
35.180038,126.931282,가로등
35.180458,126.930214,가로등
35.180649,126.930283,가로등
35.180836,126.930351,가로등
35.181065,126.930435,가로등
35.181316,126.930542,가로등
35.181599,126.930679,가로등
35.182011,126.930298,가로등
35.181942,126.930527,가로등
35.181705,126.93042,가로등
35.181473,126.93029,가로등
35.181301,126.930229,가로등
35.181107,126.930168,가로등
35.180862,126.930069,가로등
35.180645,126.929947,가로등
35.180401,126.92984,가로등
35.179989,126.92971,가로등
35.179775,126.929619,가로등
35.179508,126.92952,가로등
35.179256,126.929428,가로등
35.17897,126.929314,가로등
35.17873,126.929214,가로등
35.178509,126.929108,가로등
35.178307,126.929008,가로등
35.178066,126.928902,가로등
35.177883,126.928787,가로등
35.177658,126.928642,가로등
35.177544,126.928543,가로등
35.177368,126.928421,가로등
35.177143,126.928238,가로등
35.176929,126.928078,가로등
35.17672,126.92791,가로등
35.1765721,126.927754,가로등
35.180553,126.936691,가로등
35.18063,126.936432,가로등
35.180706,126.936119,가로등
35.180794,126.935806,가로등
35.180882,126.935493,가로등
35.180965,126.935204,가로등
35.181042,126.934853,가로등
35.181107,126.934639,가로등
35.181156,126.934502,가로등
35.181229,126.934242,가로등
35.181301,126.933914,가로등
35.181404,126.933624,가로등
35.181484,126.933296,가로등
35.181553,126.932983,가로등
35.181644,126.932678,가로등
35.181728,126.932358,가로등
35.18182,126.932045,가로등
35.181904,126.931732,가로등
35.181984,126.931442,가로등
35.182068,126.930992,가로등
35.18222,126.931114,가로등
35.182415,126.931168,가로등
35.182625,126.931282,가로등
35.182808,126.931396,가로등
35.183044,126.931557,가로등
35.183266,126.931686,가로등
35.183498,126.931824,가로등
35.183662,126.931923,가로등
35.183853,126.932037,가로등
35.18372,126.933617,가로등
35.183784,126.933304,가로등
35.183842,126.932983,가로등
35.183899,126.932716,가로등
35.183975,126.932381,가로등
35.184132,126.93222,가로등
35.18428,126.93232,가로등
35.18446,126.932419,가로등
35.184723,126.932564,가로등
35.184895,126.932678,가로등
35.18512,126.932808,가로등
35.185326,126.932938,가로등
35.185585,126.933083,가로등
35.185802,126.933197,가로등
35.18605,126.933311,가로등
35.186249,126.933395,가로등
35.186481,126.933479,가로등
35.186707,126.933548,가로등
35.186985,126.933632,가로등
35.18718,126.933693,가로등
35.18742,126.933769,가로등
35.187653,126.933868,가로등
35.187836,126.933907,가로등
35.188118,126.933998,가로등
35.188366,126.934074,가로등
35.188663,126.934166,가로등
35.188934,126.934242,가로등
35.189228,126.934387,가로등
35.189228,126.934006,가로등
35.189011,126.933945,가로등
35.188732,126.933868,가로등
35.188457,126.933769,가로등
35.188206,126.933708,가로등
35.187984,126.933632,가로등
35.18774,126.933563,가로등
35.187508,126.933487,가로등
35.187283,126.933403,가로등
35.187073,126.933334,가로등
35.18681,126.933258,가로등
35.186584,126.933189,가로등
35.186352,126.933083,가로등
35.1861,126.932991,가로등
35.185875,126.932899,가로등
35.185661,126.9328,가로등
35.185429,126.932678,가로등
35.185246,126.932541,가로등
35.185009,126.932411,가로등
35.184814,126.932281,가로등
35.184574,126.932152,가로등
35.1843146,126.9319657,가로등
35.183998,126.931801,가로등
35.183811,126.931694,가로등
35.183624,126.93158,가로등
35.183395,126.931427,가로등
35.183197,126.931313,가로등
35.182961,126.93116,가로등
35.182777,126.931007,가로등
35.18261,126.930908,가로등
35.182457,126.930855,가로등
35.18224,126.930717,가로등
35.187649,126.934097,가로등
35.187569,126.934494,가로등
35.187504,126.934769,가로등
35.18745,126.935051,가로등
35.187397,126.935333,가로등
35.187325,126.935677,가로등
35.187237,126.935966,가로등
35.187141,126.93634,가로등
35.187073,126.936584,가로등
35.187065,126.936852,가로등
35.187008,126.937149,가로등
35.186928,126.937523,가로등
35.186874,126.937759,가로등
35.186836,126.937965,가로등
35.185696,126.936607,가로등
35.185757,126.93634,가로등
35.185833,126.936005,가로등
35.185944,126.935699,가로등
35.18618,126.935768,가로등
35.18642,126.935844,가로등
35.186684,126.935921,가로등
35.186935,126.936005,가로등
35.187187,126.936081,가로등
35.187756,126.934036,가로등
35.187714,126.934219,가로등
35.187675,126.934433,가로등
35.187721,126.934555,가로등
35.188053,126.934685,가로등
35.188396,126.934708,가로등
35.187634,126.934647,가로등
35.187565,126.93502,가로등
35.1875,126.935341,가로등
35.187424,126.935677,가로등
35.187355,126.935982,가로등
35.187286,126.93631,가로등
35.187222,126.936661,가로등
35.187168,126.936913,가로등
35.187119,126.93718,가로등
35.187038,126.937546,가로등
35.186989,126.937798,가로등
35.186993,126.937973,가로등
35.18926641,126.9344953,가로등
35.189247,126.934746,가로등
35.189209,126.935013,가로등
35.189175,126.935287,가로등
35.189148,126.935562,가로등
35.18911,126.935829,가로등
35.189079,126.936111,가로등
35.189056,126.936363,가로등
35.189011,126.936684,가로등
35.188984,126.93692,가로등
35.188931,126.937119,가로등
35.188854,126.937317,가로등
35.188763,126.937485,가로등
35.188583,126.937698,가로등
35.188427,126.93782,가로등
35.188251,126.93792,가로등
35.188065,126.937981,가로등
35.18784,126.938011,가로등
35.187588,126.938011,가로등
35.187325,126.937996,가로등
35.187103,126.937981,가로등
35.186687,126.937996,가로등
35.186459,126.938011,가로등
35.186234,126.938004,가로등
35.186001,126.938004,가로등
35.18578,126.937996,가로등
35.185555,126.937988,가로등
35.185146,126.937973,가로등
35.184788,126.936523,가로등
35.185104,126.936607,가로등
35.185337,126.936668,가로등
35.185539,126.936829,가로등
35.185474,126.937126,가로등
35.185421,126.93737,가로등
35.185371,126.937645,가로등
35.185303,126.937912,가로등
35.185432,126.937904,가로등
35.181114,126.935135,가로등
35.181316,126.935181,가로등
35.181568,126.93528,가로등
35.181763,126.935341,가로등
35.181995,126.93544,가로등
35.182182,126.935493,가로등
35.182449,126.9356,가로등
35.182636,126.935661,가로등
35.18285,126.935745,가로등
35.183025,126.935806,가로등
35.183102,126.935753,가로등
35.183159,126.935516,가로등
35.183208,126.935349,가로등
35.183262,126.935097,가로등
35.183304,126.934982,가로등
35.183361,126.9347,가로등
35.183422,126.934418,가로등
35.183464,126.934242,가로등
35.183521,126.934082,가로등
35.183559,126.933853,가로등
35.183571,126.933685,가로등
35.18362,126.93354,가로등
35.180374,126.937767,가로등
35.180481,126.937401,가로등
35.180595,126.937103,가로등
35.180752,126.937157,가로등
35.180923,126.937225,가로등
35.181149,126.937294,가로등
35.181374,126.937363,가로등
35.18158,126.937416,가로등
35.181831,126.937523,가로등
35.182003,126.937584,가로등
35.182198,126.937675,가로등
35.182442,126.937767,가로등
35.182587,126.937828,가로등
35.182735,126.937897,가로등
35.182873,126.937958,가로등
35.183094,126.938049,가로등
35.183315,126.938118,가로등
35.183525,126.938171,가로등
35.183743,126.938225,가로등
35.183975,126.938248,가로등
35.184273,126.93824,가로등
35.184505,126.938225,가로등
35.184746,126.938225,가로등
35.184917,126.93824,가로등
35.184929,126.937965,가로등
35.184731,126.937981,가로등
35.184528,126.937973,가로등
35.18425,126.937965,가로등
35.183971,126.937988,가로등
35.183784,126.937973,가로등
35.183586,126.937927,가로등
35.183361,126.937866,가로등
35.183109,126.937767,가로등
35.182922,126.937683,가로등
35.182892,126.937515,가로등
35.182945,126.937248,가로등
35.183002,126.936974,가로등
35.18306,126.936653,가로등
35.183121,126.936378,가로등
35.183178,126.93615,가로등
35.183075,126.935997,가로등
35.183014,126.936287,가로등
35.182957,126.936562,가로등
35.182919,126.936806,가로등
35.182861,126.937088,가로등
35.182804,126.93734,가로등
35.18269,126.937584,가로등
35.18248,126.937508,가로등
35.182274,126.937416,가로등
35.182068,126.93734,가로등
35.181847,126.937256,가로등
35.181641,126.937187,가로등
35.181438,126.937126,가로등
35.181286,126.937073,가로등
35.181091,126.937004,가로등
35.180885,126.936935,가로등
35.180622,126.936852,가로등
35.183147,126.906883,가로등
35.183086,126.906898,가로등
35.181889,126.917671,가로등
35.18177,126.918266,가로등
35.1816692,126.9188659,가로등
35.181763,126.9190004,가로등
35.181873,126.918526,가로등
35.18195,126.918129,가로등
35.182049,126.917519,가로등
35.182171,126.916916,가로등
35.182285,126.916359,가로등
35.182384,126.915863,가로등
35.182503,126.915314,가로등
35.182613,126.914757,가로등
35.182697,126.91433,가로등
35.182644,126.914124,가로등
35.182533,126.914429,가로등
35.182426,126.914986,가로등
35.18232,126.915573,가로등
35.18222,126.916069,가로등
35.18211,126.916573,가로등
35.182034,126.916962,가로등
35.1785868,126.9202869,가로등
35.182652,126.927193,가로등
35.1825391,126.9274446,가로등
35.1823876,126.927658,가로등
35.182041,126.928078,가로등
35.181858,126.928253,가로등
35.181469,126.928673,가로등
35.181286,126.928871,가로등
35.181118,126.92907,가로등
35.18095,126.929276,가로등
35.180729,126.929489,가로등
35.180511,126.929749,가로등
35.180691,126.929787,가로등
35.180882,126.929581,가로등
35.181049,126.92939,가로등
35.181301,126.929115,가로등
35.181427,126.928978,가로등
35.181587,126.928802,가로등
35.18177,126.928596,가로등
35.182003,126.92836,가로등
35.182171,126.928177,가로등
35.182407,126.927979,가로등
35.1827266,126.9275996,가로등
35.1828537,126.9273165,가로등
35.182945,126.927055,가로등
35.172771,126.917686,가로등
35.172733,126.917915,가로등
35.172665,126.918289,가로등
35.172604,126.91864,가로등
35.172554,126.918915,가로등
35.17247,126.919304,가로등
35.172371,126.919579,가로등
35.1721161,126.920035,가로등
35.1720441,126.920186,가로등
35.171947,126.92041,가로등
35.171764,126.920731,가로등
35.171661,126.920906,가로등
35.171463,126.921318,가로등
35.171307,126.921577,가로등
35.171024,126.922127,가로등
35.171154,126.921883,가로등
35.171112,126.922272,가로등
35.171253,126.92205,가로등
35.171368,126.921806,가로등
35.171566,126.92141,가로등
35.171661,126.921242,가로등
35.171795,126.920952,가로등
35.171921,126.9207,가로등
35.172157,126.920334,가로등
35.172302,126.920029,가로등
35.172436,126.919739,가로등
35.17255,126.919426,가로등
35.172657,126.918999,가로등
35.172718,126.918793,가로등
35.17276,126.918533,가로등
35.172791,126.918205,가로등
35.172867,126.917862,가로등
35.172901,126.91761,가로등
35.172966,126.91729,가로등
35.173027,126.916946,가로등
35.173111,126.916512,가로등
35.173206,126.916107,가로등
35.17321,126.915924,가로등
35.173248,126.915642,가로등
35.173328,126.91523,가로등
35.173378,126.914917,가로등
35.173439,126.91452,가로등
35.173504,126.914169,가로등
35.173557,126.913963,가로등
35.173592,126.913658,가로등
35.17366,126.913277,가로등
35.173542,126.913132,가로등
35.173492,126.913467,가로등
35.17345,126.913734,가로등
35.1733695,126.914163,가로등
35.17334,126.914413,가로등
35.17329,126.914757,가로등
35.17321,126.915085,가로등
35.173145,126.91555,가로등
35.1731,126.915802,가로등
35.173027,126.916023,가로등
35.173,126.916367,가로등
35.17292,126.91684,가로등
35.172859,126.917191,가로등
35.172825,126.917328,가로등
35.22518166,126.8689495,가로등
35.167873,126.916725,가로등
35.22509181,126.8692077,가로등
35.168114,126.91642,가로등
35.22497946,126.86951,가로등
35.168308,126.916183,가로등
35.168474,126.915752,가로등
35.1685253,126.9159839,가로등
35.1686406,126.915587,가로등
35.1686987,126.9158076,가로등
35.1689199,126.91534,가로등
35.1689044,126.9156194,가로등
35.1691676,126.915148,가로등
35.1691945,126.915378,가로등
35.1694064,126.914966,가로등
35.1695158,126.915142,가로등
35.1696271,126.914823,가로등
35.1698226,126.9149741,가로등
35.1697171,126.914598,가로등
35.1701407,126.9148346,가로등
35.1698071,126.914406,가로등
35.1695366,126.914302,가로등
35.1692436,126.914225,가로등
35.1689686,126.914132,가로등
35.1687071,126.914023,가로등
35.1684727,126.913924,가로등
35.16970071,126.9169368,가로등
35.16780272,126.9160249,가로등
35.16960603,126.916882,가로등
35.16943244,126.9167642,가로등
35.167835,126.915886,가로등
35.167912,126.915611,가로등
35.168007,126.915283,가로등
35.1681039,126.914979,가로등
35.168171,126.914726,가로등
35.168247,126.914436,가로등
35.168358,126.914024,가로등
35.16748599,126.9174687,가로등
35.168537,126.913414,가로등
35.1686118,126.913117,가로등
35.168709,126.912758,가로등
35.168755,126.912476,가로등
35.168827,126.912117,가로등
35.168911,126.911804,가로등
35.168949,126.911621,가로등
35.22486266,126.8698562,가로등
35.22473679,126.8701475,가로등
35.22767644,126.863107,가로등
35.22755962,126.8634203,가로등
35.2274652,126.8636182,가로등
35.2273843,126.863816,가로등
35.22731695,126.8640413,가로등
35.22722259,126.8642886,가로등
35.22714623,126.864514,가로등
35.2270382,126.864722,가로등
35.2269394,126.864986,가로등
35.2268361,126.865299,가로등
35.2267327,126.865569,가로등
35.2266248,126.865811,가로등
35.167686,126.910057,가로등
35.167961,126.910172,가로등
35.168377,126.910355,가로등
35.168873,126.910553,가로등
35.169052,126.911194,가로등
35.169136,126.910988,가로등
35.169384,126.911057,가로등
35.1696835,126.9111583,가로등
35.1701886,126.9113509,가로등
35.170849,126.911598,가로등
35.171139,126.911736,가로등
35.17168,126.9119245,가로등
35.172119,126.9120925,가로등
35.172497,126.9122658,가로등
35.1729131,126.912413,가로등
35.2265395,126.866085,가로등
35.1733805,126.912773,가로등
35.1732812,126.9123076,가로등
35.172764,126.912079,가로등
35.172417,126.911942,가로등
35.172081,126.911804,가로등
35.171516,126.911621,가로등
35.170967,126.911362,가로등
35.170361,126.91114,가로등
35.170063,126.910995,가로등
35.16959,126.910858,가로등
35.169239,126.910698,가로등
35.172394,126.908722,가로등
35.172417,126.908943,가로등
35.172432,126.909172,가로등
35.17247,126.909348,가로등
35.17248957,126.9094693,가로등
35.17254604,126.9096504,가로등
35.17261829,126.9098479,가로등
35.172684,126.910011,가로등
35.17278089,126.9103252,가로등
35.172871,126.910561,가로등
35.17293672,126.9107971,가로등
35.173084,126.911125,가로등
35.17300897,126.9109782,가로등
35.173199,126.911446,가로등
35.173168,126.912148,가로등
35.1734463,126.9119719,가로등
35.1735241,126.9122084,가로등
35.165371,126.917252,가로등
35.16547,126.916908,가로등
35.165535,126.916595,가로등
35.1648877,126.9197475,가로등
35.164936,126.91935,가로등
35.164967,126.919128,가로등
35.165031,126.918869,가로등
35.1651542,126.918307,가로등
35.165241,126.918068,가로등
35.165249,126.917809,가로등
35.165306,126.917519,가로등
35.166759,126.912125,가로등
35.166862,126.911827,가로등
35.166916,126.911484,가로등
35.167,126.911148,가로등
35.16708,126.910797,가로등
35.16716,126.910576,가로등
35.167366,126.9104,가로등
35.167679,126.910316,가로등
35.1682196,126.9105235,가로등
35.168526,126.910652,가로등
35.1688726,126.9107939,가로등
35.1689647,126.9108479,가로등
35.165703,126.915916,가로등
35.165821,126.915527,가로등
35.165909,126.915298,가로등
35.165962,126.915016,가로등
35.166027,126.914734,가로등
35.166138,126.914444,가로등
35.166172,126.914185,가로등
35.166256,126.913902,가로등
35.16634,126.913651,가로등
35.16642,126.9133,가로등
35.166481,126.913002,가로등
35.166569,126.912697,가로등
35.16666,126.912407,가로등
35.167908,126.895493,가로등
35.2264317,126.866415,가로등
35.1663253,126.902152,가로등
35.166767,126.891754,가로등
35.166965,126.891502,가로등
35.167133,126.891289,가로등
35.167385,126.891068,가로등
35.167538,126.890907,가로등
35.167686,126.890747,가로등
35.167854,126.890846,가로등
35.167683,126.891014,가로등
35.16856967,126.8914963,가로등
35.16839162,126.8914554,가로등
35.16806928,126.8913488,가로등
35.16788445,126.8912886,가로등
35.16770865,126.8912422,가로등
35.167522,126.891258,가로등
35.165714,126.893707,가로등
35.165817,126.893524,가로등
35.165916,126.893341,가로등
35.166019,126.89315,가로등
35.166119,126.89296,가로등
35.166218,126.892784,가로등
35.166317,126.892593,가로등
35.166412,126.89241,가로등
35.166512,126.892227,가로등
35.166607,126.892029,가로등
35.161949,126.888336,가로등
35.161777,126.888306,가로등
35.161636,126.888138,가로등
35.161392,126.887848,가로등
35.161526,126.888939,가로등
35.161407,126.889168,가로등
35.161304,126.889381,가로등
35.161221,126.889633,가로등
35.161167,126.889893,가로등
35.161129,126.89016,가로등
35.161098,126.890434,가로등
35.161072,126.890709,가로등
35.161045,126.890953,가로등
35.161015,126.89122,가로등
35.16098,126.891502,가로등
35.160957,126.891769,가로등
35.160934,126.892052,가로등
35.160889,126.892303,가로등
35.162186,126.888222,가로등
35.16243,126.888107,가로등
35.162682,126.887978,가로등
35.162914,126.887848,가로등
35.163155,126.887718,가로등
35.163403,126.887589,가로등
35.163639,126.887466,가로등
35.163883,126.887344,가로등
35.164131,126.887222,가로등
35.164383,126.887108,가로등
35.164631,126.886993,가로등
35.164883,126.886879,가로등
35.165127,126.886765,가로등
35.163918,126.887718,가로등
35.163631,126.887787,가로등
35.163368,126.887909,가로등
35.163105,126.888046,가로등
35.162861,126.888191,가로등
35.162544,126.888374,가로등
35.16235,126.888466,가로등
35.162086,126.888672,가로등
35.161926,126.88887,가로등
35.161789,126.889107,가로등
35.161659,126.889343,가로등
35.161552,126.889595,가로등
35.161476,126.889862,가로등
35.161434,126.890121,가로등
35.164139,126.887566,가로등
35.16441,126.887398,가로등
35.164669,126.887291,가로등
35.164917,126.887177,가로등
35.165165,126.887062,가로등
35.165421,126.886948,가로등
35.165661,126.886833,가로등
35.166,126.886681,가로등
35.16626,126.886559,가로등
35.166477,126.886482,가로등
35.166752,126.886574,가로등
35.167004,126.886833,가로등
35.167057,126.886513,가로등
35.166603,126.886093,가로등
35.166355,126.8862,가로등
35.166103,126.88633,가로등
35.165863,126.886436,가로등
35.165611,126.886543,가로등
35.165359,126.886658,가로등
35.167442,126.88681,가로등
35.167568,126.886734,가로등
35.167717,126.886513,가로등
35.167866,126.886299,가로등
35.168007,126.886101,가로등
35.168163,126.88588,가로등
35.168316,126.885674,가로등
35.168457,126.885475,가로등
35.168606,126.885262,가로등
35.168751,126.885056,가로등
35.168903,126.884842,가로등
35.168987,126.884613,가로등
35.168934,126.884468,가로등
35.168667,126.884422,가로등
35.168419,126.884392,가로등
35.168133,126.884361,가로등
35.167889,126.884338,가로등
35.167683,126.884308,가로등
35.16729,126.887421,가로등
35.167103,126.887756,가로등
35.166927,126.888084,가로등
35.166824,126.888428,가로등
35.166801,126.888702,가로등
35.166855,126.889091,가로등
35.166946,126.889442,가로등
35.167065,126.889717,가로등
35.167252,126.890022,가로등
35.16745,126.890297,가로등
35.167652,126.890564,가로등
35.167744,126.890442,가로등
35.167542,126.890175,가로등
35.167366,126.889946,가로등
35.167225,126.889702,가로등
35.167072,126.889366,가로등
35.166985,126.889046,가로등
35.166943,126.888695,가로등
35.166958,126.888412,가로등
35.167049,126.888138,가로등
35.167206,126.887848,가로등
35.167427,126.887535,가로등
35.169258,126.884781,가로등
35.169491,126.884544,가로등
35.169838,126.88456,가로등
35.170021,126.884567,가로등
35.170204,126.88459,가로등
35.170399,126.884621,가로등
35.170601,126.884644,가로등
35.169113,126.885025,가로등
35.168941,126.885284,가로등
35.16877,126.885513,가로등
35.168613,126.88578,가로등
35.168373,126.88604,가로등
35.168085,126.886461,가로등
35.1679455,126.88667,가로등
35.167797,126.886909,가로등
35.167679,126.887169,가로등
35.168789,126.885696,가로등
35.168919,126.885887,가로등
35.169094,126.886078,가로등
35.16925,126.886261,가로등
35.16938,126.886398,가로등
35.169525,126.886574,가로등
35.16964,126.886688,가로등
35.169796,126.886879,가로등
35.169956,126.887039,가로등
35.2263283,126.866673,가로등
35.169991,126.887253,가로등
35.169888,126.887596,가로등
35.169777,126.887939,가로등
35.169689,126.88829,가로등
35.169582,126.888626,가로등
35.169487,126.888977,가로등
35.169376,126.889313,가로등
35.169266,126.889679,가로등
35.169075,126.890053,가로등
35.168705,126.890213,가로등
35.168335,126.890381,가로등
35.170166,126.886642,가로등
35.170269,126.886253,가로등
35.170376,126.885933,가로등
35.170464,126.885635,가로등
35.170563,126.885284,가로등
35.170666,126.884941,가로등
35.1707,126.884682,가로등
35.17028,126.887024,가로등
35.170387,126.886627,가로등
35.170464,126.886383,가로등
35.170609,126.885918,가로등
35.170692,126.885651,가로등
35.170761,126.885384,가로등
35.170864,126.885025,가로등
35.170933,126.884773,가로등
35.170204,126.887268,가로등
35.170147,126.887421,가로등
35.170086,126.887688,가로등
35.169983,126.888054,가로등
35.169888,126.888382,가로등
35.169754,126.888817,가로등
35.169632,126.889229,가로등
35.169552,126.889511,가로등
35.169453,126.889908,가로등
35.17271,126.887001,가로등
35.172718,126.88678,가로등
35.172741,126.886459,가로등
35.172775,126.886169,가로등
35.172802,126.88588,가로등
35.172825,126.885605,가로등
35.172852,126.885254,가로등
35.172741,126.88504,가로등
35.172623,126.88488,가로등
35.172348,126.884827,가로등
35.172684,126.887405,가로등
35.172657,126.88768,가로등
35.172619,126.888039,가로등
35.172604,126.888321,가로등
35.172581,126.888557,가로등
35.172558,126.888908,가로등
35.172535,126.889229,가로등
35.17252,126.889305,가로등
35.172451,126.88961,가로등
35.17178,126.892174,가로등
35.17186,126.891869,가로등
35.171947,126.891518,가로등
35.171997,126.891273,가로등
35.172077,126.890991,가로등
35.172138,126.890755,가로등
35.172195,126.890541,가로등
35.17226,126.890251,가로등
35.172329,126.890022,가로등
35.171715,126.892448,가로등
35.171627,126.892754,가로등
35.171555,126.893036,가로등
35.171471,126.893318,가로등
35.171387,126.893623,가로등
35.171318,126.893906,가로등
35.171219,126.894257,가로등
35.171146,126.894493,가로등
35.171082,126.894753,가로등
35.171013,126.89502,가로등
35.170918,126.895317,가로등
35.170731,126.895996,가로등
35.170666,126.896217,가로등
35.170586,126.896523,가로등
35.170513,126.896782,가로등
35.170437,126.897064,가로등
35.170372,126.897278,가로등
35.170277,126.897667,가로등
35.170208,126.897934,가로등
35.170128,126.898216,가로등
35.17004,126.898544,가로등
35.16996,126.898842,가로등
35.169876,126.899139,가로등
35.169811,126.899384,가로등
35.169743,126.899635,가로등
35.169701,126.899818,가로등
35.169624,126.900063,가로등
35.169548,126.900352,가로등
35.169468,126.900665,가로등
35.169392,126.900955,가로등
35.169323,126.901253,가로등
35.169254,126.901497,가로등
35.169163,126.90181,가로등
35.169083,126.902092,가로등
35.169018,126.902359,가로등
35.168949,126.902596,가로등
35.168846,126.902946,가로등
35.168697,126.903053,가로등
35.160088,126.906776,가로등
35.171753,126.902779,가로등
35.171745,126.902458,가로등
35.171738,126.902122,가로등
35.171726,126.901535,가로등
35.171726,126.901192,가로등
35.171719,126.900841,가로등
35.171711,126.900497,가로등
35.17173,126.900192,가로등
35.172707,126.904869,가로등
35.1723958,126.904749,가로등
35.172256,126.904541,가로등
35.172119,126.904274,가로등
35.171978,126.903999,가로등
35.171844,126.903732,가로등
35.171776,126.903404,가로등
35.171772,126.903099,가로등
35.172012,126.904564,가로등
35.171829,126.904182,가로등
35.171726,126.903984,가로등
35.17149,126.899551,가로등
35.171524,126.899887,가로등
35.171543,126.900246,가로등
35.171532,126.900558,가로등
35.171551,126.900978,가로등
35.171535,126.901443,가로등
35.171539,126.901756,가로등
35.171562,126.902107,가로등
35.171574,126.902512,가로등
35.171577,126.902878,가로등
35.171581,126.903282,가로등
35.171616,126.903687,가로등
35.1724389,126.9070621,가로등
35.17242493,126.9074276,가로등
35.17241178,126.9079106,가로등
35.17241649,126.9081796,가로등
35.17241214,126.9083827,가로등
35.1724123,126.9085176,가로등
35.171913,126.9048,가로등
35.172047,126.904831,가로등
35.172215,126.904877,가로등
35.172268,126.905006,가로등
35.172314,126.905075,가로등
35.172363,126.905197,가로등
35.172386,126.905342,가로등
35.17244,126.905609,가로등
35.172493,126.90596,가로등
35.172489,126.906136,가로등
35.1724838,126.906334,가로등
35.1724634,126.9066918,가로등
35.170708,126.904068,가로등
35.170433,126.903984,가로등
35.170033,126.903816,가로등
35.169575,126.90361,가로등
35.169682,126.903938,가로등
35.170162,126.9040765,가로등
35.1705641,126.9042338,가로등
35.1706525,126.9043328,가로등
35.17083,126.904396,가로등
35.170963,126.904457,가로등
35.171242,126.904549,가로등
35.171661,126.904716,가로등
35.1718717,126.904513,가로등
35.1716098,126.9044114,가로등
35.1712358,126.9042556,가로등
35.169216,126.91053,가로등
35.16927,126.910294,가로등
35.169369,126.909996,가로등
35.16943,126.909683,가로등
35.169506,126.909355,가로등
35.169594,126.909058,가로등
35.169674,126.908806,가로등
35.169739,126.90847,가로등
35.169827,126.90818,가로등
35.169949,126.907745,가로등
35.170002,126.907539,가로등
35.170082,126.907188,가로등
35.170151,126.9068611,가로등
35.1702434,126.9065079,가로등
35.170319,126.906197,가로등
35.1703997,126.9058561,가로등
35.170521,126.905472,가로등
35.170589,126.905197,가로등
35.170662,126.904907,가로등
35.170734,126.904625,가로등
35.170776,126.904465,가로등
35.170063,126.899414,가로등
35.17009,126.899193,가로등
35.170258,126.898674,가로등
35.170353,126.898354,가로등
35.170429,126.898018,가로등
35.170506,126.897774,가로등
35.170631,126.897476,가로등
35.17067,126.897186,가로등
35.170719,126.897011,가로등
35.170792,126.896675,가로등
35.170879,126.896339,가로등
35.170963,126.89608,가로등
35.16925,126.90329,가로등
35.169125,126.902954,가로등
35.169193,126.90271,가로등
35.16922,126.902481,가로등
35.169323,126.902153,가로등
35.169407,126.90184,가로등
35.169472,126.901611,가로등
35.169537,126.901329,가로등
35.169643,126.901047,가로등
35.16972,126.900696,가로등
35.169804,126.900337,가로등
35.169868,126.900124,가로등
35.169926,126.89991,가로등
35.169991,126.899727,가로등
35.168533,126.905258,가로등
35.168621,126.904968,가로등
35.16869,126.904549,가로등
35.168755,126.904221,가로등
35.168869,126.903923,가로등
35.169098,126.903831,가로등
35.169281,126.903694,가로등
35.167549,126.909874,가로등
35.167419,126.909508,가로등
35.1675,126.90918,가로등
35.167561,126.90892,가로등
35.167599,126.908745,가로등
35.167717,126.908379,가로등
35.167759,126.908134,가로등
35.167877,126.907677,가로등
35.167942,126.90744,가로등
35.168034,126.907104,가로등
35.168133,126.906723,가로등
35.168221,126.906448,가로등
35.168308,126.906052,가로등
35.168377,126.905815,가로등
35.168449,126.905556,가로등
35.176811,126.912476,가로등
35.177097,126.912422,가로등
35.177555,126.912369,가로등
35.177868,126.912315,가로등
35.178185,126.91227,가로등
35.178516,126.912163,가로등
35.178768,126.91214,가로등
35.179058,126.912117,가로등
35.17944,126.912125,가로등
35.179672,126.912094,가로등
35.17997,126.912079,가로등
35.18018,126.912331,가로등
35.174614,126.912804,가로등
35.174984,126.91272,가로등
35.175312,126.912712,가로등
35.175682,126.912575,가로등
35.176253,126.9124925,가로등
35.226171,126.867069,가로등
35.179905,126.911888,가로등
35.179688,126.911865,가로등
35.17939,126.911888,가로등
35.179066,126.911919,가로등
35.178761,126.911964,가로등
35.178448,126.911995,가로등
35.178112,126.912048,가로등
35.177799,126.912102,가로등
35.177525,126.912117,가로등
35.177238,126.912163,가로등
35.176952,126.912209,가로등
35.176636,126.912231,가로등
35.17627,126.912331,가로등
35.176003,126.912354,가로등
35.175674,126.912399,가로등
35.175434,126.91243,가로등
35.17498,126.912491,가로등
35.174629,126.912544,가로등
35.174332,126.91256,가로등
35.174072,126.912605,가로등
35.173882,126.912468,가로등
35.173698,126.912109,가로등
35.17359316,126.9117432,가로등
35.17348933,126.9115073,가로등
35.184433,126.898857,가로등
35.169876,126.884186,가로등
35.170055,126.884209,가로등
35.1702,126.884216,가로등
35.170429,126.884232,가로등
35.170624,126.884262,가로등
35.169495,126.88414,가로등
35.169178,126.884109,가로등
35.168854,126.884064,가로등
35.16853,126.884033,가로등
35.168217,126.884003,가로등
35.169689,126.884171,가로등
35.169613,126.884033,가로등
35.169804,126.883675,가로등
35.169956,126.883286,가로등
35.170078,126.882965,가로등
35.170181,126.882607,가로등
35.170288,126.882263,가로등
35.170383,126.881912,가로등
35.170479,126.881561,가로등
35.17057,126.881157,가로등
35.170643,126.880821,가로등
35.170704,126.88044,가로등
35.170753,126.880096,가로등
35.170803,126.879715,가로등
35.170837,126.879318,가로등
35.170845,126.878983,가로등
35.17086,126.878624,가로등
35.170856,126.878159,가로등
35.170849,126.877754,가로등
35.170959,126.880447,가로등
35.170982,126.88015,가로등
35.171005,126.879822,가로등
35.171013,126.879501,가로등
35.171032,126.879242,가로등
35.171047,126.878929,가로등
35.171062,126.878639,가로등
35.17107,126.878349,가로등
35.171104,126.877998,가로등
35.171116,126.877724,가로등
35.170944,126.880814,가로등
35.170925,126.881073,가로등
35.17091,126.881363,가로등
35.170887,126.881691,가로등
35.170872,126.882027,가로등
35.170856,126.882278,가로등
35.17083,126.882622,가로등
35.170818,126.882942,가로등
35.170803,126.883232,가로등
35.170784,126.883553,가로등
35.170769,126.88385,가로등
35.170746,126.884186,가로등
35.171173,126.880486,가로등
35.171185,126.880211,가로등
35.171211,126.879883,가로등
35.171211,126.87957,가로등
35.171238,126.879257,가로등
35.171272,126.878952,가로등
35.171284,126.878639,가로등
35.171299,126.878357,가로등
35.171326,126.878021,가로등
35.171322,126.877815,가로등
35.171158,126.880791,가로등
35.171143,126.881111,가로등
35.171124,126.881416,가로등
35.171104,126.881714,가로등
35.171093,126.882065,가로등
35.171066,126.882446,가로등
35.171051,126.882774,가로등
35.171047,126.883049,가로등
35.171021,126.883293,가로등
35.171013,126.883598,가로등
35.170994,126.883888,가로등
35.17099,126.884193,가로등
35.174942,126.881546,가로등
35.174789,126.881813,가로등
35.174633,126.882057,가로등
35.174465,126.882324,가로등
35.174313,126.882538,가로등
35.17416,126.882774,가로등
35.173939,126.883026,가로등
35.173786,126.883278,가로등
35.173634,126.883522,가로등
35.173519,126.883682,가로등
35.173367,126.883911,가로등
35.173252,126.884094,가로등
35.175049,126.881371,가로등
35.175095,126.88131,가로등
35.17524,126.881073,가로등
35.175354,126.880898,가로등
35.175491,126.880669,가로등
35.175625,126.88044,가로등
35.175858,126.880104,가로등
35.17598,126.879921,가로등
35.176105,126.87973,가로등
35.176216,126.879524,가로등
35.176334,126.879341,가로등
35.17643,126.87915,가로등
35.173439,126.878075,가로등
35.173416,126.878464,가로등
35.173397,126.878883,가로등
35.17337,126.879303,가로등
35.173645,126.877838,가로등
35.173958,126.877861,가로등
35.17424,126.877876,가로등
35.174534,126.877892,가로등
35.174801,126.877922,가로등
35.175072,126.87796,가로등
35.175331,126.878059,가로등
35.175579,126.87822,가로등
35.175774,126.878395,가로등
35.176025,126.878677,가로등
35.176304,126.878937,가로등
35.175621,126.875984,가로등
35.175701,126.876259,가로등
35.175697,126.876556,가로등
35.17569,126.876923,가로등
35.175674,126.877228,가로등
35.175659,126.87751,가로등
35.175617,126.877762,가로등
35.175385,126.8778,가로등
35.175133,126.877701,가로등
35.174862,126.877655,가로등
35.174625,126.877632,가로등
35.174351,126.877617,가로등
35.174065,126.877602,가로등
35.173737,126.877579,가로등
35.173485,126.87719,가로등
35.173504,126.876846,가로등
35.173523,126.876434,가로등
35.173534,126.876106,가로등
35.173729,126.875885,가로등
35.174019,126.875908,가로등
35.174332,126.875916,가로등
35.174725,126.875938,가로등
35.174988,126.875946,가로등
35.175301,126.875961,가로등
35.176022,126.874092,가로등
35.175995,126.874306,가로등
35.175964,126.874496,가로등
35.17593,126.874664,가로등
35.175903,126.874855,가로등
35.175877,126.875076,가로등
35.175789,126.875771,가로등
35.175808,126.875572,가로등
35.175522,126.875832,가로등
35.175308,126.875832,가로등
35.175961,126.87587,가로등
35.176247,126.875877,가로등
35.176445,126.875893,가로등
35.176838,126.875908,가로등
35.175835,126.875343,가로등
35.17606,126.87384,가로등
35.17609,126.87365,가로등
35.176136,126.873428,가로등
35.176155,126.873245,가로등
35.176189,126.873001,가로등
35.17622,126.87278,가로등
35.176243,126.872528,가로등
35.176281,126.872284,가로등
35.176315,126.872063,가로등
35.176365,126.871758,가로등
35.176399,126.871452,가로등
35.176445,126.871178,가로등
35.177063,126.87326,가로등
35.177078,126.872971,가로등
35.177101,126.872688,가로등
35.177113,126.872414,가로등
35.177128,126.872124,가로등
35.177151,126.871826,가로등
35.177166,126.871559,가로등
35.177174,126.871315,가로등
35.17704,126.87355,가로등
35.177017,126.87381,가로등
35.177002,126.8741,가로등
35.176979,126.87439,가로등
35.17696,126.874672,가로등
35.176941,126.874954,가로등
35.176922,126.875237,가로등
35.176899,126.875496,가로등
35.176868,126.875778,가로등
35.176735,126.871117,가로등
35.176975,126.871162,가로등
35.17728,126.871201,가로등
35.177582,126.871262,가로등
35.177853,126.871315,가로등
35.178108,126.871407,가로등
35.17836,126.871468,가로등
35.178635,126.871582,가로등
35.178825,126.871727,가로등
35.179119,126.871902,가로등
35.179337,126.87204,가로등
35.179607,126.872208,가로등
35.180939,126.873009,가로등
35.180557,126.872772,가로등
35.180157,126.872528,가로등
35.176403,126.871048,가로등
35.176182,126.871002,가로등
35.175991,126.870964,가로등
35.175789,126.870926,가로등
35.175575,126.87088,가로등
35.175438,126.870857,가로등
35.175266,126.870827,가로등
35.175034,126.870766,가로등
35.174786,126.870712,가로등
35.174507,126.870674,가로등
35.174236,126.870605,가로등
35.173943,126.870544,가로등
35.173702,126.870499,가로등
35.173435,126.870445,가로등
35.173161,126.870415,가로등
35.172909,126.870384,가로등
35.172642,126.870377,가로등
35.172337,126.870354,가로등
35.172062,126.870361,가로등
35.175606,126.870697,가로등
35.175442,126.870659,가로등
35.175171,126.87059,가로등
35.174843,126.870552,가로등
35.174461,126.870468,가로등
35.174183,126.870407,가로등
35.173862,126.870346,가로등
35.173634,126.8703,가로등
35.173355,126.870255,가로등
35.173065,126.870209,가로등
35.172775,126.870193,가로등
35.172466,126.870171,가로등
35.172188,126.870155,가로등
35.171925,126.870148,가로등
35.175945,126.870758,가로등
35.176163,126.870811,가로등
35.176762,126.870949,가로등
35.17701,126.870987,가로등
35.177132,126.87101,가로등
35.177418,126.871063,가로등
35.177689,126.871117,가로등
35.178013,126.871193,가로등
35.17823,126.871269,가로등
35.178478,126.871361,가로등
35.178978,126.871643,가로등
35.179207,126.871796,가로등
35.179401,126.87191,가로등
35.179703,126.872078,가로등
35.17997,126.872238,가로등
35.180416,126.872513,가로등
35.180851,126.87278,가로등
35.181244,126.873024,가로등
35.159885,126.906708,가로등
35.159618,126.906586,가로등
35.159389,126.906479,가로등
35.159176,126.90638,가로등
35.159016,126.906319,가로등
35.158825,126.906227,가로등
35.158642,126.906136,가로등
35.158386,126.906036,가로등
35.158215,126.905937,가로등
35.157978,126.905823,가로등
35.157921,126.905418,가로등
35.157955,126.905205,가로등
35.160282,126.906891,가로등
35.160557,126.906982,가로등
35.160717,126.907066,가로등
35.160988,126.907166,가로등
35.161278,126.90728,가로등
35.161537,126.907387,가로등
35.161751,126.907486,가로등
35.170074,126.886971,가로등
35.2260677,126.867316,가로등
35.181644,126.939102,가로등
35.181499,126.939056,가로등
35.181488,126.938812,가로등
35.181538,126.93856,가로등
35.181473,126.938461,가로등
35.18132,126.938461,가로등
35.18116,126.938499,가로등
35.180908,126.938446,가로등
35.180695,126.938416,가로등
35.180492,126.9384,가로등
35.180294,126.93837,가로등
35.179836,126.940987,가로등
35.179779,126.940643,가로등
35.179737,126.940346,가로등
35.179691,126.940086,가로등
35.179585,126.939903,가로등
35.179562,126.939819,가로등
35.179657,126.939644,가로등
35.179813,126.939369,가로등
35.179924,126.93914,가로등
35.180035,126.938881,가로등
35.18013,126.938652,가로등
35.180202,126.938423,가로등
35.185135,126.93824,가로등
35.185333,126.938232,가로등
35.185562,126.93824,가로등
35.18578,126.938248,가로등
35.186008,126.938248,가로등
35.186245,126.938255,가로등
35.186474,126.938248,가로등
35.186687,126.938255,가로등
35.186905,126.938248,가로등
35.187145,126.938232,가로등
35.18737,126.93824,가로등
35.187588,126.938248,가로등
35.18784,126.938248,가로등
35.188099,126.938202,가로등
35.188313,126.938148,가로등
35.18853,126.938042,가로등
35.188694,126.937912,가로등
35.188911,126.937759,가로등
35.189133,126.937622,가로등
35.189129,126.937416,가로등
35.189125,126.937225,가로등
35.189178,126.936974,가로등
35.18923377,126.9366913,가로등
35.189251,126.936409,가로등
35.189266,126.936157,가로등
35.189312,126.935883,가로등
35.189342,126.935585,가로등
35.189381,126.935326,가로등
35.189404,126.935066,가로등
35.189434,126.934799,가로등
35.189568,126.934578,가로등
35.193695,126.93647,가로등
35.193878,126.936409,가로등
35.194099,126.936348,가로등
35.194347,126.936272,가로등
35.194576,126.936211,가로등
35.194752,126.93615,가로등
35.192089,126.937317,가로등
35.192295,126.937187,가로등
35.192444,126.937111,가로등
35.192665,126.937042,가로등
35.192917,126.936996,가로등
35.193069,126.936943,가로등
35.193302,126.93689,가로등
35.193516,126.936821,가로등
35.193703,126.936745,가로등
35.193924,126.936661,가로등
35.194153,126.9366,가로등
35.19442,126.936508,가로등
35.194618,126.936417,가로등
35.194851,126.936317,가로등
35.195072,126.936256,가로등
35.195316,126.936172,가로등
35.191582,126.937187,가로등
35.191319,126.937202,가로등
35.189438,126.937538,가로등
35.189693,126.937492,가로등
35.189972,126.937439,가로등
35.190235,126.937401,가로등
35.190517,126.937347,가로등
35.190788,126.937294,가로등
35.191048,126.937256,가로등
35.192982,126.936699,가로등
35.192726,126.936676,가로등
35.192486,126.936729,가로등
35.192261,126.936836,가로등
35.192238,126.935463,가로등
35.192532,126.935631,가로등
35.192863,126.935738,가로등
35.193192,126.935745,가로등
35.193546,126.935722,가로등
35.19389,126.935699,가로등
35.194244,126.935661,가로등
35.194595,126.935532,가로등
35.194862,126.935432,가로등
35.195221,126.935516,가로등
35.195675,126.935715,가로등
35.196045,126.93576,가로등
35.196339,126.93573,가로등
35.196678,126.935616,가로등
35.196999,126.935402,가로등
35.189632,126.934143,가로등
35.190056,126.93425,가로등
35.190346,126.934349,가로등
35.190613,126.934433,가로등
35.190899,126.934532,가로등
35.189682,126.934547,가로등
35.18996,126.934624,가로등
35.190266,126.934731,가로등
35.190533,126.93483,가로등
35.190811,126.934868,가로등
35.191097,126.934929,가로등
35.19138,126.935005,가로등
35.1917,126.935234,가로등
35.191959,126.935478,가로등
35.192234,126.935753,가로등
35.192612,126.935936,가로등
35.192822,126.936035,가로등
35.193214,126.936012,가로등
35.193577,126.935944,가로등
35.193913,126.935928,가로등
35.194275,126.93589,가로등
35.19466,126.935867,가로등
35.195004,126.935837,가로등
35.195236,126.935844,가로등
35.195385,126.935768,가로등
35.195591,126.936111,가로등
35.196072,126.936012,가로등
35.196396,126.935944,가로등
35.196743,126.935814,가로등
35.197083,126.9356,가로등
35.197361,126.93541,가로등
35.197666,126.935165,가로등
35.198166,126.934891,가로등
35.198429,126.934685,가로등
35.197895,126.934753,가로등
35.19762,126.934952,가로등
35.197296,126.935196,가로등
35.191936,126.935143,가로등
35.192196,126.935196,가로등
35.192509,126.935226,가로등
35.19278,126.935265,가로등
35.193035,126.935272,가로등
35.193279,126.935265,가로등
35.193531,126.935242,가로등
35.193817,126.935219,가로등
35.194088,126.935188,가로등
35.194397,126.935143,가로등
35.194637,126.935097,가로등
35.194889,126.935059,가로등
35.195171,126.935005,가로등
35.195435,126.934944,가로등
35.195717,126.934898,가로등
35.195999,126.934853,가로등
35.196251,126.934807,가로등
35.196514,126.934769,가로등
35.196789,126.934738,가로등
35.197056,126.934677,가로등
35.197315,126.934639,가로등
35.197582,126.934593,가로등
35.197872,126.934547,가로등
35.198143,126.934525,가로등
35.198166,126.934616,가로등
35.198299,126.934509,가로등
35.198544,126.934494,가로등
35.198036,126.934166,가로등
35.198292,126.934158,가로등
35.198601,126.934097,가로등
35.198845,126.934143,가로등
35.198917,126.934036,가로등
35.198959,126.93412,가로등
35.197857,126.934196,가로등
35.19759,126.93425,가로등
35.197308,126.934326,가로등
35.197063,126.934372,가로등
35.196793,126.934425,가로등
35.196507,126.934486,가로등
35.196262,126.934532,가로등
35.195992,126.93457,가로등
35.195698,126.934616,가로등
35.195358,126.934692,가로등
35.195114,126.934723,가로등
35.194874,126.934776,가로등
35.194603,126.93483,가로등
35.194359,126.934883,가로등
35.194088,126.934921,가로등
35.193821,126.934959,가로등
35.19352,126.934982,가로등
35.193275,126.93499,가로등
35.193039,126.93499,가로등
35.192806,126.934975,가로등
35.192528,126.934959,가로등
35.192261,126.934921,가로등
35.191982,126.934875,가로등
35.19915,126.933868,가로등
35.199409,126.933891,가로등
35.199692,126.933929,가로등
35.199963,126.93396,가로등
35.199135,126.934113,가로등
35.199371,126.934113,가로등
35.199619,126.934143,가로등
35.199875,126.934151,가로등
35.200138,126.934196,가로등
35.200394,126.934219,가로등
35.200653,126.934319,가로등
35.20092,126.934387,가로등
35.201176,126.934456,가로등
35.20145,126.934532,가로등
35.20171,126.934639,가로등
35.201962,126.934746,가로등
35.202217,126.934868,가로등
35.202412,126.934952,가로등
35.202686,126.934883,가로등
35.202808,126.934586,가로등
35.202957,126.934334,가로등
35.203106,126.934082,가로등
35.203278,126.9338,가로등
35.203472,126.933556,가로등
35.203671,126.933319,가로등
35.203846,126.933159,가로등
35.204067,126.932991,가로등
35.204235,126.932716,가로등
35.202541,126.935219,가로등
35.198784,126.934525,가로등
35.198994,126.934525,가로등
35.199284,126.934525,가로등
35.199554,126.934517,가로등
35.199802,126.93454,가로등
35.200043,126.93457,가로등
35.200291,126.934616,가로등
35.200596,126.9347,가로등
35.200851,126.934776,가로등
35.201206,126.934937,가로등
35.201572,126.93499,가로등
35.201778,126.935104,가로등
35.202049,126.935219,가로등
35.202271,126.935333,가로등
35.202511,126.935478,가로등
35.202648,126.935547,가로등
35.202881,126.935692,가로등
35.203041,126.935928,가로등
35.203289,126.936119,가로등
35.203545,126.936195,가로등
35.203781,126.936424,가로등
35.204025,126.936653,가로등
35.20422,126.936852,가로등
35.204411,126.93708,가로등
35.204601,126.937325,가로등
35.204792,126.937576,가로등
35.204967,126.937851,가로등
35.205132,126.938103,가로등
35.205303,126.938362,가로등
35.205471,126.938606,가로등
35.205616,126.938782,가로등
35.205791,126.939018,가로등
35.204418,126.933075,가로등
35.204239,126.933212,가로등
35.204006,126.933342,가로등
35.203815,126.93351,가로등
35.203648,126.933701,가로등
35.203465,126.933929,가로등
35.203259,126.934235,가로등
35.203121,126.934464,가로등
35.203033,126.934723,가로등
35.202946,126.935074,가로등
35.203037,126.935379,가로등
35.202755,126.935333,가로등
35.20322,126.935577,가로등
35.203423,126.935738,가로등
35.203651,126.935944,가로등
35.203865,126.93615,가로등
35.204086,126.936363,가로등
35.204281,126.936569,가로등
35.204475,126.936745,가로등
35.204716,126.936951,가로등
35.204948,126.937187,가로등
35.205128,126.937408,가로등
35.205303,126.937637,가로등
35.205494,126.937859,가로등
35.205673,126.93811,가로등
35.205841,126.938316,가로등
35.206036,126.938553,가로등
35.2048,126.937149,가로등
35.205006,126.937431,가로등
35.205181,126.937714,가로등
35.205357,126.93795,가로등
35.205524,126.938232,가로등
35.205704,126.938484,가로등
35.205845,126.938683,가로등
35.205986,126.938896,가로등
35.206188,126.939163,가로등
35.206432,126.939537,가로등
35.206688,126.939919,가로등
35.206966,126.940315,가로등
35.20726,126.94075,가로등
35.207542,126.941185,가로등
35.207825,126.941589,가로등
35.208084,126.941986,가로등
35.208363,126.942398,가로등
35.208633,126.942772,가로등
35.208927,126.943153,가로등
35.209202,126.94352,가로등
35.209408,126.943794,가로등
35.209564,126.943962,가로등
35.209774,126.944191,가로등
35.209976,126.944382,가로등
35.21019,126.944611,가로등
35.206268,126.939034,가로등
35.182144,126.927895,가로등
35.181683,126.928452,가로등
35.186626,126.92691,가로등
35.186192,126.92662,가로등
35.185753,126.926346,가로등
35.185329,126.926231,가로등
35.184917,126.926285,가로등
35.186764,126.926926,가로등
35.186966,126.926529,가로등
35.187168,126.926155,가로등
35.187309,126.925858,가로등
35.187534,126.925415,가로등
35.187702,126.925095,가로등
35.188919,126.922829,가로등
35.188717,126.923203,가로등
35.188515,126.923553,가로등
35.188297,126.924011,가로등
35.188,126.924583,가로등
35.186352,126.926888,가로등
35.1859843,126.9265558,가로등
35.185513,126.926399,가로등
35.185131,126.926353,가로등
35.184746,126.926498,가로등
35.184292,126.926659,가로등
35.183891,126.926613,가로등
35.183529,126.92643,가로등
35.1865354,126.9273465,가로등
35.1867881,126.9272572,가로등
35.1870164,126.926819,가로등
35.1871647,126.9265263,가로등
35.18729,126.926262,가로등
35.187428,126.926018,가로등
35.1875628,126.9257054,가로등
35.187778,126.925339,가로등
35.1882368,126.9243998,가로등
35.1885173,126.9238915,가로등
35.1886947,126.9235118,가로등
35.1889018,126.9231106,가로등
35.184456,126.926506,가로등
35.184074,126.926529,가로등
35.18375,126.926453,가로등
35.183411,126.926178,가로등
35.182983,126.925713,가로등
35.2259553,126.867591,가로등
35.2258565,126.867904,가로등
35.2257396,126.868212,가로등
35.2255779,126.868652,가로등
35.2254341,126.869064,가로등
35.2253083,126.869416,가로등
35.2251735,126.8698,가로등
35.2250567,126.87013,가로등
35.22540246,126.8689162,가로등
35.22534382,126.8688723,가로등
35.2252852,126.8688395,가로등
35.22579347,126.8679324,가로등
35.22573033,126.8678831,가로등
35.2256041,126.867875,가로등
35.22574845,126.8679709,가로등
35.22566727,126.8679161,가로등
35.22295523,126.8513124,가로등
35.182724,126.917854,가로등
35.182594,126.918442,가로등
35.182476,126.91893,가로등
35.182365,126.919533,가로등
35.18227,126.920052,가로등
35.182159,126.92054,가로등
35.182083,126.921089,가로등
35.182011,126.921638,가로등
35.18198,126.922188,가로등
35.181995,126.922729,가로등
35.182056,126.923264,가로등
35.182171,126.923813,가로등
35.182323,126.924385,가로등
35.18251,126.924866,가로등
35.182728,126.925339,가로등
35.182728,126.925056,가로등
35.182518,126.924576,가로등
35.182343,126.924103,가로등
35.182213,126.923538,가로등
35.182129,126.923004,가로등
35.182076,126.922462,가로등
35.182121,126.921936,가로등
35.18214,126.921371,가로등
35.182236,126.920837,가로등
35.182491,126.920906,가로등
35.182865,126.921204,가로등
35.183247,126.921509,가로등
35.183636,126.921791,가로등
35.184021,126.92205,가로등
35.184456,126.922394,가로등
35.184761,126.922623,가로등
35.182339,126.920395,가로등
35.182442,126.919823,가로등
35.182556,126.919296,가로등
35.182667,126.918777,가로등
35.182762,126.918213,가로등
35.182846,126.917816,가로등
35.184673,126.922363,가로등
35.184307,126.922089,가로등
35.184144,126.9219646,가로등
35.18396,126.921829,가로등
35.183544,126.921501,가로등
35.183155,126.921188,가로등
35.182739,126.920883,가로등
35.182415,126.920624,가로등
35.185444,126.918663,가로등
35.185478,126.919174,가로등
35.185555,126.91967,가로등
35.185608,126.919952,가로등
35.185905,126.920395,가로등
35.185471,126.92025,가로등
35.18523,126.920715,가로등
35.185051,126.921043,가로등
35.184731,126.921692,가로등
35.184521,126.922089,가로등
35.1852427,126.9178446,가로등
35.185291,126.918251,가로등
35.185196,126.918541,가로등
35.185066,126.918427,가로등
35.1847791,126.918466,가로등
35.184536,126.918327,가로등
35.184277,126.91835,가로등
35.184116,126.918114,가로등
35.183842,126.918106,가로등
35.183655,126.91787,가로등
35.183487,126.917931,가로등
35.183327,126.917778,가로등
35.183041,126.917809,가로등
35.185368,126.918961,가로등
35.185387,126.919518,가로등
35.185455,126.919945,가로등
35.185238,126.920471,가로등
35.1850061,126.9208833,가로등
35.184731,126.921402,가로등
35.184433,126.922058,가로등
35.185009,126.913498,가로등
35.185024,126.914032,가로등
35.184998,126.914589,가로등
35.184998,126.915062,가로등
35.18502,126.915535,가로등
35.1850718,126.9161611,가로등
35.185173,126.916664,가로등
35.185196,126.917229,가로등
35.185398,126.918106,가로등
35.185333,126.91745,가로등
35.185387,126.91716,가로등
35.185707,126.917145,가로등
35.1862068,126.9171385,가로등
35.186584,126.917198,가로등
35.186695,126.9171891,가로등
35.1864029,126.917018,가로등
35.185959,126.917023,가로등
35.185539,126.917023,가로등
35.185242,126.916908,가로등
35.185223,126.916435,가로등
35.185146,126.915894,가로등
35.185104,126.915359,가로등
35.185078,126.914825,가로등
35.185093,126.91433,가로등
35.185116,126.913765,가로등
35.185135,126.913216,가로등
35.183846,126.912994,가로등
35.184326,126.913025,가로등
35.18475,126.913071,가로등
35.185295,126.913132,가로등
35.185745,126.913208,가로등
35.186195,126.913254,가로등
35.186649,126.913315,가로등
35.22284339,126.8696205,가로등
35.189301,126.913536,가로등
35.18885,126.913452,가로등
35.18837,126.913361,가로등
35.187965,126.9133,가로등
35.187515,126.913239,가로등
35.187107,126.9132,가로등
35.187038,126.913162,가로등
35.18644,126.913139,가로등
35.185989,126.913071,가로등
35.185524,126.91301,가로등
35.184975,126.912926,가로등
35.184563,126.912888,가로등
35.184147,126.912834,가로등
35.183601,126.913063,가로등
35.183559,126.913437,가로등
35.183456,126.914116,가로등
35.183342,126.914658,가로등
35.183235,126.91526,가로등
35.183159,126.915665,가로등
35.183037,126.916275,가로등
35.182922,126.916779,가로등
35.1828095,126.9173012,가로등
35.182781,126.917496,가로등
35.182926,126.917496,가로등
35.182999,126.917122,가로등
35.183098,126.916588,가로등
35.183201,126.916046,가로등
35.183315,126.915474,가로등
35.183434,126.914948,가로등
35.183548,126.914406,가로등
35.183617,126.913879,가로등
35.183723,126.913353,가로등
35.183834,126.912552,가로등
35.183887,126.912048,가로등
35.183956,126.911522,가로등
35.183792,126.911713,가로등
35.183716,126.912224,가로등
35.18364,126.912781,가로등
35.183388,126.925537,가로등
35.183514,126.925179,가로등
35.183643,126.924858,가로등
35.183834,126.924599,가로등
35.184017,126.924301,가로등
35.184193,126.924088,가로등
35.184383,126.923813,가로등
35.184555,126.923531,가로등
35.18475,126.923302,가로등
35.184933,126.923027,가로등
35.184784,126.922882,가로등
35.184601,126.923134,가로등
35.184429,126.923393,가로등
35.184216,126.92366,가로등
35.184021,126.923904,가로등
35.184143,126.924179,가로등
35.183979,126.923996,가로등
35.183868,126.924149,가로등
35.183678,126.924438,가로등
35.183521,126.92466,가로등
35.183311,126.925003,가로등
35.183128,126.925308,가로등
35.186703,126.918221,가로등
35.186684,126.918411,가로등
35.186699,126.918633,가로등
35.186676,126.918961,가로등
35.186573,126.919411,가로등
35.186485,126.919716,가로등
35.186314,126.919975,가로등
35.18618,126.920235,가로등
35.186039,126.920296,가로등
35.185982,126.920593,가로등
35.185802,126.920929,가로등
35.185638,126.921272,가로등
35.18549,126.921585,가로등
35.185329,126.921913,가로등
35.185143,126.922241,가로등
35.185009,126.922516,가로등
35.18689,126.912605,가로등
35.186874,126.913055,가로등
35.186825,126.91349,가로등
35.186825,126.913803,가로등
35.186802,126.914177,가로등
35.186806,126.914574,가로등
35.186775,126.914955,가로등
35.186771,126.915405,가로등
35.186737,126.915787,가로등
35.186741,126.916168,가로등
35.186729,126.916534,가로등
35.186729,126.916969,가로등
35.186722,126.917427,가로등
35.186714,126.917809,가로등
35.186943,126.917458,가로등
35.186951,126.916901,가로등
35.187012,126.917213,가로등
35.187874,126.917252,가로등
35.187634,126.917038,가로등
35.187416,126.917213,가로등
35.187176,126.917053,가로등
35.186947,126.916618,가로등
35.186943,126.916214,가로등
35.186966,126.915802,가로등
35.18697,126.915428,가로등
35.186985,126.91497,가로등
35.187008,126.914581,가로등
35.187035,126.914207,가로등
35.187035,126.913841,가로등
35.187027,126.913506,가로등
35.187027,126.912903,가로등
35.187054,126.912354,가로등
35.185207,126.922638,가로등
35.185326,126.922386,가로등
35.18549,126.92205,가로등
35.185696,126.921715,가로등
35.185833,126.921432,가로등
35.186005,126.921059,가로등
35.186195,126.920738,가로등
35.186371,126.920387,가로등
35.186504,126.920105,가로등
35.186642,126.919815,가로등
35.18676,126.919563,가로등
35.18689,126.919022,가로등
35.186913,126.918633,가로등
35.186897,126.918236,가로등
35.186928,126.917839,가로등
35.171425,126.876114,가로등
35.171364,126.877342,가로등
35.171368,126.877052,가로등
35.171391,126.876709,가로등
35.17141,126.876411,가로등
35.171463,126.875626,가로등
35.171478,126.875313,가로등
35.171509,126.875008,가로등
35.171528,126.874664,가로등
35.171558,126.874298,가로등
35.171577,126.874016,가로등
35.171597,126.873634,가로등
35.171623,126.873268,가로등
35.171654,126.872849,가로등
35.171665,126.872604,가로등
35.171696,126.872284,가로등
35.171715,126.871956,가로등
35.171722,126.871613,가로등
35.171745,126.871307,가로등
35.171761,126.870987,가로등
35.171795,126.870499,가로등
35.171833,126.869919,가로등
35.171841,126.869614,가로등
35.171856,126.869286,가로등
35.171875,126.868965,가로등
35.171898,126.86866,가로등
35.171909,126.86834,가로등
35.171925,126.868011,가로등
35.17194,126.867691,가로등
35.171959,126.867386,가로등
35.171978,126.867065,가로등
35.171993,126.866692,가로등
35.172009,126.866371,가로등
35.172031,126.866035,가로등
35.172047,126.865715,가로등
35.172066,126.865379,가로등
35.172092,126.864975,가로등
35.172096,126.864731,가로등
35.172115,126.864395,가로등
35.172131,126.864052,가로등
35.171135,126.877357,가로등
35.171154,126.877037,가로등
35.171181,126.876694,가로등
35.171192,126.876381,가로등
35.171207,126.876068,가로등
35.171238,126.875801,가로등
35.172337,126.8629,가로등
35.172501,126.86293,가로등
35.172684,126.862946,가로등
35.172871,126.862961,가로등
35.173046,126.862976,가로등
35.173309,126.862991,가로등
35.173489,126.863014,가로등
35.173664,126.863022,가로등
35.17384,126.863037,가로등
35.174015,126.863045,가로등
35.172173,126.863052,가로등
35.172165,126.863365,가로등
35.21503146,126.8833921,가로등
35.172211,126.862457,가로등
35.172554,126.859444,가로등
35.172455,126.859825,가로등
35.172401,126.860138,가로등
35.172363,126.860435,가로등
35.172321,126.860733,가로등
35.172295,126.861069,가로등
35.172276,126.861404,가로등
35.172249,126.86174,가로등
35.172237,126.862106,가로등
35.172646,126.859077,가로등
35.172867,126.85804,가로등
35.172913,126.85788,가로등
35.172939,126.857643,가로등
35.17313,126.856934,가로등
35.173431,126.857117,가로등
35.173203,126.856598,가로등
35.173241,126.856285,가로등
35.173038,126.858246,가로등
35.173038,126.858246,가로등
35.173279,126.858124,가로등
35.172867,126.858513,가로등
35.174126,126.852455,가로등
35.17421,126.852104,가로등
35.174297,126.851738,가로등
35.174362,126.851463,가로등
35.174435,126.851112,가로등
35.174496,126.850853,가로등
35.174576,126.85054,가로등
35.174637,126.850227,가로등
35.174725,126.849876,가로등
35.174786,126.849609,가로등
35.174866,126.849289,가로등
35.174053,126.852783,가로등
35.173973,126.853073,가로등
35.173927,126.853333,가로등
35.173859,126.853645,가로등
35.173763,126.854004,가로등
35.173691,126.85434,가로등
35.173615,126.854668,가로등
35.173538,126.855003,가로등
35.173466,126.855354,가로등
35.173393,126.855667,가로등
35.173302,126.85601,가로등
35.174927,126.848991,가로등
35.175018,126.84864,가로등
35.175091,126.848305,가로등
35.175167,126.847992,가로등
35.175243,126.847641,가로등
35.175323,126.847313,가로등
35.175415,126.846901,가로등
35.175461,126.846687,가로등
35.175537,126.846359,가로등
35.175621,126.846008,가로등
35.175686,126.845657,가로등
35.175762,126.845329,가로등
35.175835,126.845024,가로등
35.175919,126.844658,가로등
35.175983,126.844353,가로등
35.176052,126.844025,가로등
35.176125,126.843689,가로등
35.176197,126.843399,가로등
35.176262,126.843124,가로등
35.173859,126.858566,가로등
35.173977,126.858177,가로등
35.173779,126.858986,가로등
35.173706,126.859436,가로등
35.173634,126.859856,가로등
35.173584,126.860313,가로등
35.173504,126.860725,가로등
35.180161,126.859085,가로등
35.180496,126.859192,가로등
35.180847,126.859283,가로등
35.18119,126.859413,가로등
35.179794,126.859016,가로등
35.179409,126.858955,가로등
35.178974,126.858833,가로등
35.178642,126.858765,가로등
35.17828,126.858688,가로등
35.177929,126.85862,가로등
35.177597,126.858551,가로등
35.177242,126.858467,가로등
35.17691,126.858398,가로등
35.176674,126.85836,가로등
35.176376,126.858284,가로등
35.176044,126.858208,가로등
35.175682,126.858139,가로등
35.17535,126.858063,가로등
35.175022,126.857994,가로등
35.180389,126.85849,가로등
35.180759,126.858597,가로등
35.180111,126.858414,가로등
35.179806,126.85836,가로등
35.179455,126.858284,가로등
35.179218,126.858185,가로등
35.178886,126.858116,가로등
35.178516,126.85804,가로등
35.178192,126.857971,가로등
35.177868,126.857903,가로등
35.177425,126.857819,가로등
35.177158,126.857765,가로등
35.176834,126.857697,가로등
35.176479,126.857628,가로등
35.176144,126.857559,가로등
35.175808,126.857491,가로등
35.175472,126.857407,가로등
35.17514,126.85733,가로등
35.181103,126.858681,가로등
35.181385,126.858749,가로등
35.181702,126.858879,가로등
35.181969,126.859024,가로등
35.182308,126.859299,가로등
35.182602,126.859489,가로등
35.182934,126.859726,가로등
35.183285,126.859947,가로등
35.183624,126.860161,가로등
35.183952,126.86039,가로등
35.184292,126.860611,가로등
35.184628,126.860825,가로등
35.184956,126.861046,가로등
35.185287,126.861267,가로등
35.185627,126.861488,가로등
35.18594,126.861694,가로등
35.186222,126.861824,가로등
35.186543,126.861893,가로등
35.186905,126.86203,가로등
35.178883,126.861153,가로등
35.178921,126.860855,가로등
35.17897,126.860527,가로등
35.179008,126.860252,가로등
35.17905,126.859932,가로등
35.179096,126.859634,가로등
35.179131,126.859337,가로등
35.179173,126.859055,가로등
35.178837,126.861473,가로등
35.17881,126.861725,가로등
35.178757,126.862076,가로등
35.178715,126.862343,가로등
35.178677,126.862625,가로등
35.178612,126.862946,가로등
35.17857,126.863266,가로등
35.178555,126.863693,가로등
35.178551,126.863998,가로등
35.178543,126.864273,가로등
35.178993,126.861137,가로등
35.179047,126.860786,가로등
35.179085,126.860519,가로등
35.179127,126.860245,가로등
35.179161,126.85994,가로등
35.179207,126.85965,가로등
35.179249,126.859344,가로등
35.179287,126.859077,가로등
35.178955,126.861458,가로등
35.179207,126.861267,가로등
35.179531,126.861336,가로등
35.178913,126.861763,가로등
35.17886,126.862091,가로등
35.178825,126.862366,가로등
35.178783,126.862648,가로등
35.178738,126.862953,가로등
35.178703,126.863281,가로등
35.178692,126.863586,가로등
35.205997,126.939301,가로등
35.206268,126.939705,가로등
35.206512,126.940071,가로등
35.206768,126.940498,가로등
35.205853,126.939331,가로등
35.207077,126.940918,가로등
35.207359,126.941338,가로등
35.207645,126.941765,가로등
35.207886,126.942139,가로등
35.208183,126.942581,가로등
35.208443,126.942955,가로등
35.208736,126.943329,가로등
35.209003,126.943787,가로등
35.209225,126.944016,가로등
35.209393,126.944199,가로등
35.209614,126.944435,가로등
35.209774,126.944626,가로등
35.210003,126.944878,가로등
35.210274,126.945114,가로등
35.21051,126.945351,가로등
35.210655,126.94548,가로등
35.210861,126.945702,가로등
35.211086,126.945862,가로등
35.211323,126.946106,가로등
35.21159,126.94635,가로등
35.21183,126.946579,가로등
35.212048,126.946808,가로등
35.212296,126.947044,가로등
35.212521,126.947304,가로등
35.212757,126.947517,가로등
35.212997,126.947754,가로등
35.212971,126.948143,가로등
35.212868,126.948395,가로등
35.212574,126.948883,가로등
35.212704,126.948639,가로등
35.21336,126.94812,가로등
35.213188,126.947876,가로등
35.213596,126.948303,가로등
35.213821,126.948517,가로등
35.214024,126.948715,가로등
35.214252,126.948898,가로등
35.214512,126.949158,가로등
35.21471,126.949326,가로등
35.214893,126.949509,가로등
35.215103,126.949707,가로등
35.215313,126.949913,가로등
35.215492,126.950066,가로등
35.215622,126.950226,가로등
35.215771,126.95034,가로등
35.215992,126.950577,가로등
35.216164,126.950752,가로등
35.210426,126.944832,가로등
35.210621,126.944992,가로등
35.210838,126.945274,가로등
35.210915,126.945084,가로등
35.210949,126.945313,가로등
35.211769,126.946106,가로등
35.212082,126.946426,가로등
35.212231,126.946587,가로등
35.212429,126.946739,가로등
35.212708,126.946976,가로등
35.212933,126.947182,가로등
35.213173,126.947418,가로등
35.213402,126.947556,가로등
35.2136,126.947502,가로등
35.213795,126.947586,가로등
35.213932,126.947815,가로등
35.214054,126.948006,가로등
35.214203,126.948212,가로등
35.214375,126.948387,가로등
35.214546,126.948547,가로등
35.214748,126.948723,가로등
35.215027,126.948441,가로등
35.215263,126.948395,가로등
35.215023,126.9487,가로등
35.213348,126.947647,가로등
35.213612,126.947838,가로등
35.213779,126.948013,가로등
35.21397,126.948196,가로등
35.214176,126.94838,가로등
35.214417,126.948608,가로등
35.214596,126.948784,가로등
35.214848,126.949013,가로등
35.215054,126.949211,가로등
35.215256,126.949402,가로등
35.215466,126.949593,가로등
35.215614,126.949745,가로등
35.215694,126.94989,가로등
35.215977,126.950089,가로등
35.216194,126.950294,가로등
35.216389,126.950478,가로등
35.215977,126.949883,가로등
35.216125,126.949677,가로등
35.216274,126.949409,가로등
35.216522,126.949043,가로등
35.216846,126.948547,가로등
35.217102,126.948326,가로등
35.217365,126.948227,가로등
35.217644,126.948257,가로등
35.217922,126.948273,가로등
35.217758,126.948074,가로등
35.217472,126.948067,가로등
35.217216,126.948074,가로등
35.216869,126.948296,가로등
35.216476,126.948845,가로등
35.216278,126.94912,가로등
35.216091,126.949417,가로등
35.215893,126.949715,가로등
35.218201,126.948265,가로등
35.218613,126.948235,가로등
35.21896,126.948212,가로등
35.219334,126.948189,가로등
35.22000857,126.9468054,가로등
35.21999,126.948158,가로등
35.220341,126.948128,가로등
35.220726,126.948105,가로등
35.22105,126.948082,가로등
35.221348,126.948067,가로등
35.221764,126.947868,가로등
35.222065,126.947624,가로등
35.222374,126.947357,가로등
35.222622,126.947144,가로등
35.222931,126.946899,가로등
35.223255,126.94664,가로등
35.223038,126.946602,가로등
35.22274,126.946854,가로등
35.222424,126.947128,가로등
35.222179,126.947319,가로등
35.221863,126.947578,가로등
35.221565,126.947815,가로등
35.22123,126.947899,가로등
35.22086,126.947861,가로등
35.220497,126.947937,가로등
35.220165,126.947968,가로등
35.219845,126.94799,가로등
35.21954491,126.9480249,가로등
35.219143,126.948036,가로등
35.218784,126.948059,가로등
35.218483,126.948074,가로등
35.218037,126.94809,가로등
35.223564,126.946381,가로등
35.223843,126.946144,가로등
35.224178,126.945992,가로등
35.224571,126.945961,가로등
35.224934,126.945953,가로등
35.225273,126.945946,가로등
35.225636,126.945923,가로등
35.225964,126.945862,가로등
35.226311,126.945663,가로등
35.226639,126.945465,가로등
35.226906,126.945274,가로등
35.22723,126.945076,가로등
35.227585,126.944847,가로등
35.227879,126.944656,가로등
35.228237,126.944435,가로등
35.228497,126.944283,가로등
35.228886,126.944077,가로등
35.229214,126.943909,가로등
35.229538,126.943748,가로등
35.229942,126.943527,가로등
35.230206,126.94339,가로등
35.230541,126.943207,가로등
35.23085,126.943062,가로등
35.231201,126.942879,가로등
35.231438,126.942657,가로등
35.231617,126.942413,가로등
35.231735,126.942184,가로등
35.231865,126.941917,가로등
35.231998,126.941727,가로등
35.231689,126.941971,가로등
35.231468,126.942352,가로등
35.231224,126.942657,가로등
35.230957,126.942833,가로등
35.230656,126.942986,가로등
35.230328,126.943146,가로등
35.229984,126.943329,가로등
35.229664,126.943497,가로등
35.229321,126.943665,가로등
35.228992,126.943848,가로등
35.228657,126.944031,가로등
35.228329,126.944199,가로등
35.227978,126.94442,가로등
35.227718,126.944595,가로등
35.227356,126.944794,가로등
35.227051,126.944984,가로등
35.22673,126.945168,가로등
35.226414,126.945427,가로등
35.226093,126.945618,가로등
35.225777,126.94577,가로등
35.225433,126.94577,가로등
35.225067,126.945763,가로등
35.224701,126.945816,가로등
35.224304,126.945824,가로등
35.223942,126.9459,가로등
35.223637,126.946098,가로등
35.223343,126.94635,가로등
35.232155,126.941269,가로등
35.232178,126.940903,가로등
35.23225,126.940468,가로등
35.232311,126.94001,가로등
35.232368,126.939629,가로등
35.232426,126.939178,가로등
35.232494,126.938751,가로등
35.23259,126.938347,가로등
35.232731,126.937981,가로등
35.232925,126.937622,가로등
35.233143,126.937279,가로등
35.233376,126.936996,가로등
35.233597,126.936668,가로등
35.233849,126.93634,가로등
35.234077,126.936012,가로등
35.234337,126.935738,가로등
35.234627,126.935555,가로등
35.234943,126.93541,가로등
35.235283,126.935318,가로등
35.235603,126.935272,가로등
35.235931,126.935188,가로등
35.236248,126.935036,가로등
35.236412,126.93486,가로등
35.236561,126.934502,가로등
35.237019,126.933624,가로등
35.237221,126.93325,가로등
35.237026,126.933319,가로등
35.236832,126.933693,가로등
35.236362,126.934601,가로등
35.236118,126.934799,가로등
35.235889,126.934891,가로등
35.235703,126.935013,가로등
35.235428,126.935089,가로등
35.235073,126.935188,가로등
35.234734,126.93531,가로등
35.234398,126.935455,가로등
35.234104,126.935745,가로등
35.233856,126.93605,가로등
35.233643,126.936394,가로등
35.233372,126.936722,가로등
35.233147,126.937012,가로등
35.232903,126.937363,가로등
35.232697,126.937714,가로등
35.232525,126.938095,가로등
35.232391,126.938507,가로등
35.232307,126.938934,가로등
35.232273,126.939339,가로등
35.232212,126.939774,가로등
35.232136,126.940216,가로등
35.232079,126.940651,가로등
35.232033,126.941055,가로등
35.231915,126.941467,가로등
35.246441,126.921448,가로등
35.245975,126.91951,가로등
35.245926,126.919296,가로등
35.245892,126.919022,가로등
35.245792,126.919563,가로등
35.245853,126.919853,가로등
35.245922,126.920143,가로등
35.245991,126.920425,가로등
35.246048,126.920738,가로등
35.246162,126.921043,가로등
35.246216,126.921356,가로등
35.246296,126.921661,가로등
35.246372,126.921967,가로등
35.246487,126.922394,가로등
35.246647,126.922707,가로등
35.246761,126.922966,가로등
35.24704,126.923416,가로등
35.247234,126.923653,가로등
35.24744,126.923882,가로등
35.247635,126.924103,가로등
35.247833,126.924316,가로등
35.248035,126.924545,가로등
35.24823,126.924751,가로등
35.248409,126.924957,가로등
35.248623,126.925201,가로등
35.248817,126.925438,가로등
35.248989,126.925659,가로등
35.249092,126.925385,가로등
35.249161,126.92585,가로등
35.249393,126.926094,가로등
35.249592,126.9263,가로등
35.249794,126.926514,가로등
35.249981,126.926727,가로등
35.250237,126.926987,가로등
35.250439,126.927208,가로등
35.250618,126.927452,가로등
35.250832,126.927658,가로등
35.25103,126.927864,가로등
35.251225,126.92807,가로등
35.251411,126.928291,가로등
35.251614,126.928513,가로등
35.251812,126.928711,가로등
35.251968,126.928986,가로등
35.252045,126.929253,가로등
35.25211,126.929619,가로등
35.252262,126.929276,가로등
35.252167,126.928993,가로등
35.25206,126.928711,가로등
35.251888,126.928444,가로등
35.251472,126.928009,가로등
35.251156,126.92765,가로등
35.250778,126.927231,가로등
35.250153,126.926514,가로등
35.249687,126.926018,가로등
35.249245,126.925545,가로등
35.190498,126.927162,가로등
35.1903,126.927505,가로등
35.190166,126.927803,가로등
35.19001,126.928139,가로등
35.189911,126.928513,가로등
35.18985,126.928902,가로등
35.189816,126.929283,가로등
35.189785,126.929649,가로등
35.189751,126.929993,가로등
35.18972,126.930359,가로등
35.189651,126.93071,가로등
35.189644,126.931076,가로등
35.189598,126.931396,가로등
35.189556,126.931786,가로등
35.189514,126.932152,가로등
35.189453,126.932495,가로등
35.189434,126.932861,가로등
35.189388,126.933243,가로등
35.189373,126.933578,가로등
35.189316,126.933899,가로등
35.189526,126.933929,가로등
35.189564,126.933624,가로등
35.189617,126.933266,가로등
35.18964,126.932899,가로등
35.189655,126.932526,가로등
35.189682,126.932175,가로등
35.189728,126.931808,가로등
35.189785,126.931458,가로등
35.1898637,126.930778,가로등
35.189904,126.930421,가로등
35.1899264,126.930037,가로등
35.1899802,126.929702,가로등
35.1899981,126.929334,가로등
35.1900384,126.92896,가로등
35.1900878,126.928609,가로등
35.1901912,126.928219,가로등
35.1903352,126.92789,가로등
35.1904838,126.927659,가로등
35.1906729,126.927318,가로등
35.1908484,126.926978,가로등
35.191513,126.925209,가로등
35.19133,126.925514,가로등
35.191158,126.92585,가로등
35.190983,126.926201,가로등
35.190784,126.926537,가로등
35.190651,126.926811,가로등
35.190956,126.926651,가로등
35.191147,126.926315,가로등
35.191334,126.926025,가로등
35.191513,126.92569,가로등
35.191673,126.925346,가로등
35.191837,126.924965,가로등
35.191956,126.924576,가로등
35.192005,126.924126,가로등
35.191753,126.924484,가로등
35.191818,126.924088,가로등
35.192055,126.923744,가로등
35.191845,126.923737,가로등
35.192104,126.923363,가로등
35.192139,126.923027,가로등
35.191998,126.922203,가로등
35.19199,126.922577,가로등
35.191936,126.922935,가로등
35.191895,126.923332,가로등
35.191475,126.924454,가로등
35.191074,126.924141,가로등
35.190704,126.923851,가로등
35.190311,126.923576,가로등
35.189934,126.923271,가로등
35.189533,126.922981,가로등
35.18922,126.922722,가로등
35.188942,126.922485,가로등
35.188389,126.922096,가로등
35.187969,126.921776,가로등
35.187626,126.921486,가로등
35.187279,126.921196,가로등
35.186951,126.920975,가로등
35.186573,126.920692,가로등
35.186668,126.920952,가로등
35.187057,126.921272,가로등
35.18737,126.921547,가로등
35.187717,126.921822,가로등
35.188091,126.922081,가로등
35.188473,126.922356,가로등
35.188877,126.922661,가로등
35.18927,126.922958,가로등
35.189651,126.923233,가로등
35.190048,126.923538,가로등
35.190437,126.923851,가로등
35.1908,126.924141,가로등
35.191261,126.9245,가로등
35.191643,126.92482,가로등
35.187725,126.924698,가로등
35.187469,126.924507,가로등
35.187092,126.924202,가로등
35.186775,126.923965,가로등
35.186489,126.923706,가로등
35.186184,126.92347,가로등
35.185932,126.923302,가로등
35.185635,126.92308,가로등
35.185516,126.923027,가로등
35.185242,126.922821,가로등
35.185238,126.923065,가로등
35.185474,126.923195,가로등
35.185596,126.923332,가로등
35.185898,126.923584,가로등
35.186199,126.923843,가로등
35.186558,126.924049,가로등
35.18684,126.924278,가로등
35.187206,126.924553,가로등
35.187492,126.924782,가로등
35.188118,126.925247,가로등
35.188427,126.925529,가로등
35.188759,126.925789,가로등
35.189072,126.92598,가로등
35.189331,126.92617,가로등
35.189655,126.926414,가로등
35.189964,126.926659,가로등
35.1901485,126.9268081,가로등
35.1903402,126.9269768,가로등
35.190533,126.926834,가로등
35.190239,126.926643,가로등
35.189899,126.926331,가로등
35.189617,126.926109,가로등
35.189323,126.92588,가로등
35.189014,126.925697,가로등
35.188778,126.925507,가로등
35.188419,126.92524,가로등
35.188072,126.92495,가로등
35.183125,126.925529,가로등
35.18298,126.92556,가로등
35.1834183,126.9249335,가로등
35.1831597,126.9256321,가로등
35.1830179,126.9259607,가로등
35.1828715,126.9264509,가로등
35.182758,126.9268303,가로등
35.1827196,126.9271496,가로등
35.1826097,126.9274102,가로등
35.182449,126.9276514,가로등
35.1823018,126.9278142,가로등
35.1824468,126.9278575,가로등
35.1826253,126.9276419,가로등
35.1827656,126.9273599,가로등
35.1828639,126.9270562,가로등
35.182956,126.926751,가로등
35.1830922,126.926272,가로등
35.18322,126.925842,가로등
35.183327,126.925514,가로등
35.183422,126.925171,가로등
35.169971,126.884453,가로등
35.169983,126.884315,가로등
35.170311,126.884499,가로등
35.170315,126.884346,가로등
35.1707,126.884537,가로등
35.171021,126.884567,가로등
35.171352,126.884598,가로등
35.171368,126.88446,가로등
35.171036,126.884422,가로등
35.170708,126.884392,가로등
35.171551,126.884705,가로등
35.171562,126.884407,가로등
35.171913,126.884727,가로등
35.171936,126.884438,가로등
35.172268,126.884773,가로등
35.172237,126.884476,가로등
35.172539,126.884796,가로등
35.172543,126.884506,가로등
35.172726,126.884758,가로등
35.17284,126.884956,가로등
35.172993,126.885109,가로등
35.172928,126.885345,가로등
35.172882,126.885742,가로등
35.172985,126.885994,가로등
35.173027,126.885567,가로등
35.1731,126.885185,가로등
35.173149,126.884926,가로등
35.173306,126.884834,가로등
35.173283,126.884598,가로등
35.173275,126.884369,가로등
35.173084,126.884377,가로등
35.17289,126.884346,가로등
35.172783,126.884514,가로등
35.172867,126.884651,가로등
35.172844,126.884529,가로등
35.173069,126.884399,가로등
35.173157,126.884506,가로등
35.173298,126.884155,가로등
35.173359,126.884293,가로등
35.173454,126.883942,가로등
35.17355,126.884041,가로등
35.173645,126.883667,가로등
35.17374,126.883759,가로등
35.17215,126.884773,가로등
35.17762,126.877594,가로등
35.177444,126.877838,가로등
35.177277,126.878036,가로등
35.17712,126.878265,가로등
35.176952,126.878502,가로등
35.176804,126.878685,가로등
35.17664,126.878876,가로등
35.175789,126.878059,가로등
35.175968,126.878235,가로등
35.176224,126.878494,가로등
35.176411,126.878716,가로등
35.177776,126.877373,가로등
35.177956,126.877136,가로등
35.178101,126.87693,가로등
35.17828,126.876686,가로등
35.178417,126.876541,가로등
35.178085,126.876465,가로등
35.177807,126.876389,가로등
35.177475,126.876297,가로등
35.177246,126.876236,가로등
35.176739,126.876083,가로등
35.176365,126.876038,가로등
35.175999,126.876022,가로등
35.17981,126.874786,가로등
35.179642,126.874985,가로등
35.179466,126.875214,가로등
35.179306,126.875389,가로등
35.1791,126.875633,가로등
35.179008,126.875771,가로등
35.178913,126.875885,가로등
35.178741,126.876137,가로등
35.17857,126.876366,가로등
35.179977,126.874565,가로등
35.180138,126.874397,가로등
35.180279,126.874245,가로등
35.180485,126.874031,가로등
35.180672,126.873848,가로등
35.180843,126.873688,가로등
35.180996,126.873558,가로등
35.181213,126.873375,가로등
35.178833,126.863655,가로등
35.179131,126.863647,가로등
35.179317,126.86364,가로등
35.17952,126.863556,가로등
35.179619,126.863464,가로등
35.179756,126.863312,가로등
35.179909,126.863152,가로등
35.180096,126.862953,가로등
35.180267,126.862778,가로등
35.18045,126.862549,가로등
35.18063,126.862312,가로등
35.18082,126.862122,가로등
35.180748,126.861664,가로등
35.180477,126.861641,가로등
35.180187,126.861504,가로등
35.179962,126.861435,가로등
35.179737,126.861382,가로등
35.180866,126.861618,가로등
35.180931,126.861473,가로등
35.180969,126.86132,가로등
35.181015,126.861137,가로등
35.181049,126.861008,가로등
35.18108,126.860863,가로등
35.181118,126.860733,가로등
35.18116,126.860565,가로등
35.181213,126.860329,가로등
35.181267,126.860069,가로등
35.181332,126.859833,가로등
35.181412,126.859535,가로등
35.174725,126.858154,가로등
35.174549,126.858101,가로등
35.174393,126.858055,가로등
35.174213,126.858002,가로등
35.174046,126.857948,가로등
35.173584,126.857826,가로등
35.173412,126.857758,가로등
35.173244,126.857674,가로등
35.174618,126.864113,가로등
35.174488,126.864052,가로등
35.174301,126.864052,가로등
35.174145,126.864044,가로등
35.173943,126.864021,가로등
35.1737498,126.8640304,가로등
35.173588,126.864029,가로등
35.173397,126.864014,가로등
35.173195,126.863991,가로등
35.172966,126.863983,가로등
35.17289,126.863968,가로등
35.172695,126.863953,가로등
35.172535,126.863945,가로등
35.172329,126.863876,가로등
35.17487,126.864105,가로등
35.175045,126.864113,가로등
35.175289,126.864128,가로등
35.175526,126.864143,가로등
35.1846222,126.930563,가로등
35.175926,126.864174,가로등
35.17614,126.864189,가로등
35.176357,126.864204,가로등
35.176586,126.864227,가로등
35.176888,126.864288,가로등
35.17712,126.864296,가로등
35.177319,126.864326,가로등
35.174713,126.863922,가로등
35.174488,126.863899,가로등
35.174305,126.863884,가로등
35.174107,126.863884,가로등
35.173946,126.863861,가로등
35.173759,126.863861,가로등
35.173588,126.863846,가로등
35.173409,126.863831,가로등
35.173233,126.8638,가로등
35.172997,126.863792,가로등
35.172855,126.863785,가로등
35.172695,126.863777,가로등
35.172539,126.863754,가로등
35.172356,126.863739,가로등
35.17226,126.863701,가로등
35.174927,126.863937,가로등
35.175114,126.863953,가로등
35.175316,126.863968,가로등
35.175507,126.863983,가로등
35.175682,126.863998,가로등
35.175842,126.863998,가로등
35.176075,126.864021,가로등
35.176273,126.864037,가로등
35.176479,126.864052,가로등
35.176723,126.864075,가로등
35.176952,126.864105,가로등
35.177216,126.864128,가로등
35.177471,126.864151,가로등
35.177803,126.864227,가로등
35.177593,126.864128,가로등
35.177959,126.864258,가로등
35.178112,126.864296,가로등
35.178326,126.864349,가로등
35.22291959,126.8516475,가로등
35.176159,126.865295,가로등
35.17617,126.865013,가로등
35.17635,126.864822,가로등
35.17659,126.864769,가로등
35.176712,126.864662,가로등
35.176727,126.864403,가로등
35.244003,126.914078,가로등
35.244034,126.914398,가로등
35.244076,126.914642,가로등
35.24416,126.914948,가로등
35.244286,126.915199,가로등
35.244507,126.915642,가로등
35.244633,126.915886,가로등
35.244755,126.916138,가로등
35.244907,126.916397,가로등
35.245037,126.91671,가로등
35.245152,126.916946,가로등
35.245232,126.917336,가로등
35.2453,126.917679,가로등
35.24538,126.917992,가로등
35.245457,126.918312,가로등
35.245548,126.918602,가로등
35.245632,126.918915,가로등
35.245708,126.919205,가로등
35.245823,126.918854,가로등
35.245327,126.916931,가로등
35.245232,126.91671,가로등
35.245014,126.916283,가로등
35.244865,126.916008,가로등
35.24472,126.91571,가로등
35.244576,126.915344,가로등
35.244453,126.914986,가로등
35.244366,126.914719,가로등
35.24427,126.91449,가로등
35.235783,126.918312,가로등
35.236004,126.918243,가로등
35.236214,126.918159,가로등
35.236412,126.91803,가로등
35.236618,126.917892,가로등
35.236824,126.917786,가로등
35.237022,126.917679,가로등
35.237251,126.91761,가로등
35.23745,126.917534,가로등
35.237667,126.917473,가로등
35.237904,126.917404,가로등
35.238129,126.917358,가로등
35.23835,126.917328,가로등
35.238564,126.917305,가로등
35.238792,126.917305,가로등
35.239021,126.91729,가로등
35.239231,126.91729,가로등
35.239464,126.917282,가로등
35.239689,126.917267,가로등
35.239906,126.917274,가로등
35.240093,126.917221,가로등
35.240314,126.917175,가로등
35.240536,126.91713,가로등
35.240757,126.917068,가로등
35.240971,126.917007,가로등
35.241196,126.916946,가로등
35.241421,126.916916,가로등
35.241653,126.916862,가로등
35.241871,126.916794,가로등
35.242088,126.916748,가로등
35.242306,126.916702,가로등
35.242531,126.916634,가로등
35.242744,126.916588,가로등
35.242973,126.916519,가로등
35.243187,126.916428,가로등
35.243385,126.916313,가로등
35.24358,126.916138,가로등
35.243748,126.915977,가로등
35.243908,126.915764,가로등
35.244034,126.91555,가로등
35.244183,126.915337,가로등
35.230934,126.920891,가로등
35.231155,126.920837,가로등
35.231377,126.920776,가로등
35.231594,126.920715,가로등
35.231815,126.920639,가로등
35.232056,126.92057,가로등
35.232254,126.920517,가로등
35.232479,126.920456,가로등
35.232689,126.920387,가로등
35.232906,126.920334,가로등
35.233135,126.92025,가로등
35.233356,126.920174,가로등
35.233547,126.920036,가로등
35.233742,126.919907,가로등
35.233913,126.919708,가로등
35.234074,126.919548,가로등
35.234249,126.91938,가로등
35.234428,126.919189,가로등
35.234589,126.919006,가로등
35.234753,126.918831,가로등
35.234917,126.918663,가로등
35.235123,126.918503,가로등
35.235329,126.918404,가로등
35.235554,126.918343,가로등
35.23077,126.920731,가로등
35.230518,126.920677,가로등
35.230362,126.920563,가로등
35.230221,126.920372,가로등
35.230091,126.920158,가로등
35.229973,126.91996,가로등
35.22987,126.919716,가로등
35.229809,126.919464,가로등
35.229797,126.919197,가로등
35.229809,126.918922,가로등
35.229874,126.918686,가로등
35.22995,126.918526,가로등
35.230125,126.918228,가로등
35.230259,126.918015,가로등
35.230408,126.917793,가로등
35.230541,126.917595,가로등
35.230679,126.917374,가로등
35.23082,126.917168,가로등
35.230667,126.920967,가로등
35.225296,126.924011,가로등
35.225555,126.923927,가로등
35.2258,126.923843,가로등
35.226055,126.923752,가로등
35.226292,126.923668,가로등
35.226517,126.923584,가로등
35.226776,126.923531,가로등
35.227043,126.923409,가로등
35.227222,126.92334,가로등
35.227413,126.923279,가로등
35.227608,126.923203,가로등
35.227791,126.923111,가로등
35.227966,126.922997,가로등
35.228149,126.922882,가로등
35.228302,126.922752,가로등
35.228474,126.922638,가로등
35.228634,126.922501,가로등
35.228798,126.922379,가로등
35.228973,126.922234,가로등
35.22913,126.922104,가로등
35.22929,126.921967,가로등
35.229538,126.921783,가로등
35.229713,126.921638,가로등
35.229897,126.921509,가로등
35.230068,126.921371,가로등
35.23024,126.921249,가로등
35.230419,126.921127,가로등
35.243191,126.906006,가로등
35.243168,126.906265,가로등
35.243149,126.906609,가로등
35.243141,126.906944,가로등
35.24313,126.907272,가로등
35.243099,126.907616,가로등
35.243092,126.907928,가로등
35.243076,126.908272,가로등
35.24305,126.9086,가로등
35.243038,126.908928,가로등
35.243034,126.909256,가로등
35.243053,126.909576,가로등
35.243073,126.909912,가로등
35.243126,126.910233,가로등
35.243183,126.910538,가로등
35.243271,126.910843,가로등
35.243359,126.911148,가로등
35.243458,126.911438,가로등
35.243568,126.911743,가로등
35.243629,126.912025,가로등
35.24382,126.912392,가로등
35.243927,126.912727,가로등
35.243973,126.912971,가로등
35.244057,126.913406,가로등
35.244061,126.913773,가로등
35.24345,126.910927,가로등
35.243385,126.910622,가로등
35.243309,126.910294,가로등
35.242218,126.897865,가로등
35.242432,126.898209,가로등
35.242592,126.898483,가로등
35.242702,126.898758,가로등
35.242794,126.899055,가로등
35.242859,126.899368,가로등
35.242889,126.899734,가로등
35.242928,126.900047,가로등
35.242962,126.900375,가로등
35.242992,126.900703,가로등
35.24305,126.901024,가로등
35.243084,126.901352,가로등
35.24313,126.901665,가로등
35.24316,126.902016,가로등
35.243191,126.902336,가로등
35.243225,126.902641,가로등
35.243259,126.902977,가로등
35.243263,126.903297,가로등
35.243263,126.903641,가로등
35.243267,126.903969,가로등
35.243267,126.904289,가로등
35.243252,126.904587,가로등
35.243233,126.90493,가로등
35.243214,126.905273,가로등
35.243195,126.90567,가로등
35.239197,126.89299,가로등
35.239384,126.89325,가로등
35.239449,126.892967,가로등
35.239552,126.893501,가로등
35.239597,126.893227,가로등
35.239708,126.893753,가로등
35.239742,126.893501,가로등
35.239902,126.893745,가로등
35.239868,126.894035,가로등
35.240013,126.894302,가로등
35.24017,126.894569,가로등
35.240284,126.894783,가로등
35.240479,126.895096,가로등
35.240639,126.895378,가로등
35.240799,126.895638,가로등
35.240959,126.895905,가로등
35.241119,126.896172,가로등
35.241272,126.896439,가로등
35.241444,126.896721,가로등
35.241631,126.896988,가로등
35.241791,126.897255,가로등
35.242043,126.897591,가로등
35.22291311,126.8518782,가로등
35.22292015,126.8521034,가로등
35.22290911,126.8522929,가로등
35.173611,126.866661,가로등
35.17384,126.866409,가로등
35.17395,126.866188,가로등
35.174026,126.865959,가로등
35.174099,126.865707,가로등
35.174248,126.865463,가로등
35.174347,126.865334,가로등
35.174465,126.865074,가로등
35.174534,126.864822,가로등
35.174599,126.864532,가로등
35.174683,126.864204,가로등
35.173454,126.866844,가로등
35.17334,126.86702,가로등
35.173302,126.867264,가로등
35.173302,126.867561,가로등
35.173332,126.867874,가로등
35.173351,126.868111,가로등
35.17337,126.868324,가로등
35.173378,126.868553,가로등
35.173382,126.869011,가로등
35.17337,126.869255,가로등
35.173359,126.869629,가로등
35.173344,126.869911,가로등
35.173336,126.870148,가로등
35.173447,126.870247,가로등
35.173565,126.87027,가로등
35.173306,126.870476,가로등
35.1735,126.870964,가로등
35.17363,126.871223,가로등
35.173779,126.87149,가로등
35.173916,126.871727,가로등
35.174068,126.871964,가로등
35.174248,126.872482,가로등
35.174332,126.872833,가로등
35.174381,126.873093,가로등
35.174313,126.873306,가로등
35.17421,126.87355,가로등
35.174118,126.873795,가로등
35.174046,126.874001,가로등
35.173946,126.874382,가로등
35.178974,126.870659,가로등
35.178875,126.870895,가로등
35.178837,126.871178,가로등
35.178761,126.871468,가로등
35.178947,126.871307,가로등
35.178947,126.871033,가로등
35.179008,126.870811,가로등
35.179115,126.870621,가로등
35.179241,126.870514,가로등
35.179092,126.870209,가로등
35.179142,126.870369,가로등
35.179035,126.876183,가로등
35.178898,126.876373,가로등
35.178715,126.876648,가로등
35.178513,126.876831,가로등
35.178368,126.877045,가로등
35.17823,126.877235,가로등
35.178101,126.877419,가로등
35.17791,126.877663,가로등
35.177769,126.877853,가로등
35.177639,126.878029,가로등
35.177525,126.878174,가로등
35.177364,126.878395,가로등
35.177212,126.878609,가로등
35.179211,126.875954,가로등
35.179352,126.875771,가로등
35.179508,126.87558,가로등
35.179684,126.875366,가로등
35.179855,126.875183,가로등
35.180031,126.875,가로등
35.180172,126.874794,가로등
35.180332,126.874611,가로등
35.180481,126.874451,가로등
35.180637,126.874275,가로등
35.180824,126.874107,가로등
35.181023,126.873924,가로등
35.181156,126.873802,가로등
35.181316,126.873634,가로등
35.181511,126.873482,가로등
35.21472944,126.8833266,가로등
35.184612,126.870972,가로등
35.184372,126.871094,가로등
35.184193,126.871162,가로등
35.183975,126.871262,가로등
35.183804,126.871346,가로등
35.183502,126.871613,가로등
35.183254,126.871857,가로등
35.183052,126.872032,가로등
35.182884,126.872177,가로등
35.182724,126.872337,가로등
35.182545,126.872498,가로등
35.182384,126.872643,가로등
35.182209,126.872826,가로등
35.182022,126.873001,가로등
35.181847,126.873169,가로등
35.185127,126.870728,가로등
35.185303,126.870636,가로등
35.185455,126.870552,가로등
35.185673,126.870445,가로등
35.185883,126.870354,가로등
35.18605,126.870255,가로등
35.186138,126.870216,가로등
35.186417,126.870041,가로등
35.186573,126.869774,가로등
35.18663,126.869484,가로등
35.186623,126.869217,가로등
35.186592,126.868904,가로등
35.186565,126.868622,가로등
35.186829,126.868439,가로등
35.187008,126.868484,가로등
35.187202,126.868523,가로등
35.187366,126.868561,가로등
35.187569,126.868614,가로등
35.184731,126.87059,가로등
35.185024,126.870438,가로등
35.185249,126.870308,가로등
35.185463,126.870209,가로등
35.185665,126.870117,가로등
35.185871,126.870018,가로등
35.186043,126.869926,가로등
35.186256,126.869743,가로등
35.186344,126.869553,가로등
35.186356,126.869362,가로등
35.186333,126.869049,가로등
35.186302,126.868774,가로등
35.186275,126.868507,가로등
35.186249,126.868271,가로등
35.184452,126.87072,가로등
35.184177,126.870842,가로등
35.184029,126.870911,가로등
35.183846,126.870995,가로등
35.18362,126.871124,가로등
35.183323,126.871399,가로등
35.18317,126.871536,가로등
35.182903,126.871788,가로등
35.182693,126.871994,가로등
35.182575,126.872086,가로등
35.182404,126.872238,가로등
35.182304,126.872345,가로등
35.182121,126.872513,가로등
35.181862,126.872749,가로등
35.181652,126.872963,가로등
35.181477,126.873123,가로등
35.187027,126.866066,가로등
35.186935,126.866371,가로등
35.186829,126.866692,가로등
35.18676,126.866928,가로등
35.186737,126.867081,가로등
35.186481,126.866959,가로등
35.186687,126.867188,가로등
35.186649,126.867477,가로등
35.186581,126.867691,가로등
35.186516,126.867958,가로등
35.18713,126.866013,가로등
35.18713,126.865807,가로등
35.187119,126.865715,가로등
35.187172,126.865562,가로등
35.187248,126.865318,가로등
35.187325,126.865051,가로등
35.187428,126.864708,가로등
35.187534,126.864342,가로등
35.187675,126.864174,가로등
35.187923,126.864075,가로등
35.187824,126.863571,가로등
35.187717,126.863907,가로등
35.186874,126.865692,가로등
35.186249,126.867889,가로등
35.186291,126.867653,가로등
35.186371,126.867386,가로등
35.186462,126.867126,가로등
35.186543,126.866852,가로등
35.186615,126.866608,가로등
35.186726,126.866241,가로등
35.186802,126.865952,가로등
35.186939,126.865501,가로등
35.186954,126.865456,가로등
35.187019,126.865196,가로등
35.187122,126.864853,가로등
35.187214,126.864594,가로등
35.187313,126.864258,가로등
35.187439,126.863907,가로등
35.187584,126.863472,가로등
35.18763,126.865997,가로등
35.187351,126.865936,가로등
35.21435971,126.8831405,가로등
35.187481,126.866104,가로등
35.187737,126.86618,가로등
35.187965,126.866234,가로등
35.187874,126.866066,가로등
35.18803,126.866074,가로등
35.187981,126.866425,가로등
35.188133,126.866341,가로등
35.188057,126.866791,가로등
35.187931,126.866814,가로등
35.188023,126.866997,가로등
35.187866,126.867111,가로등
35.187981,126.867294,가로등
35.187824,126.867424,가로등
35.187927,126.867584,가로등
35.187771,126.867737,가로등
35.187874,126.867889,가로등
35.187717,126.868034,가로등
35.187832,126.868179,가로등
35.187626,126.868362,가로등
35.187767,126.868507,가로등
35.188156,126.866112,가로등
35.188435,126.866226,가로등
35.188721,126.866295,가로등
35.189003,126.866333,가로등
35.189293,126.866417,가로등
35.189629,126.866516,가로등
35.188126,126.865677,가로등
35.187504,126.868378,가로등
35.187294,126.868332,가로등
35.187145,126.868286,가로등
35.186962,126.868248,가로등
35.186775,126.868202,가로등
35.186611,126.868164,가로등
35.189415,126.864174,가로등
35.188107,126.864006,가로등
35.1884,126.863884,가로등
35.188663,126.863953,가로등
35.188923,126.864021,가로등
35.189194,126.864075,가로등
35.189777,126.864304,가로등
35.190117,126.864449,가로등
35.19054,126.864525,가로등
35.19051,126.864906,가로등
35.190453,126.865234,가로등
35.190399,126.86554,가로등
35.190357,126.865829,가로등
35.190296,126.866188,가로등
35.190163,126.86647,가로등
35.189899,126.866531,가로등
35.183949,126.911293,가로등
35.184013,126.910973,가로등
35.184013,126.910736,가로등
35.184059,126.910301,가로등
35.184109,126.909821,가로등
35.184155,126.909378,가로등
35.184162,126.908936,가로등
35.184208,126.908493,가로등
35.184227,126.908035,가로등
35.18425,126.9076,가로등
35.184273,126.907173,가로등
35.184296,126.906754,가로등
35.183598,126.906792,가로등
35.184021,126.906517,가로등
35.18417,126.90654,가로등
35.184139,126.90696,가로등
35.184139,126.907364,가로등
35.184113,126.907829,가로등
35.18409,126.908264,가로등
35.184059,126.908714,가로등
35.18404,126.909126,가로등
35.18401,126.909576,가로등
35.183971,126.909996,가로등
35.183929,126.910416,가로등
35.183887,126.910851,가로등
35.183846,126.911247,가로등
35.21404409,126.8829872,가로등
35.18940314,126.8899644,가로등
35.23944201,126.8928879,가로등
35.1876466,126.8792947,가로등
35.18748482,126.8797561,가로등
35.18733655,126.8802175,가로등
35.18715662,126.8805691,가로등
35.18702609,126.8807285,가로등
35.18736276,126.8793775,가로등
35.18720095,126.8798169,가로등
35.18703465,126.8802783,가로등
35.18681409,126.8805531,가로등
35.21111065,126.8744442,가로등
35.22637714,126.8833237,가로등
35.21458431,126.8800814,가로등
35.22293961,126.8514333,가로등
35.16964037,126.8845437,가로등
35.18118939,126.9216459,가로등
35.18128751,126.9235561,가로등
35.1814954,126.924565,가로등
35.18952777,126.9344402,가로등
35.1894602,126.934519,가로등
35.18791612,126.9335577,가로등
35.18605447,126.9329279,가로등
35.187325,126.913406,가로등
35.187725,126.913445,가로등
35.188126,126.913506,가로등
35.188602,126.913582,가로등
35.189072,126.913666,가로등
35.189522,126.913734,가로등
35.186966,126.905098,가로등
35.186653,126.905067,가로등
35.186337,126.905037,가로등
35.186024,126.905121,가로등
35.185741,126.905266,가로등
35.185474,126.905418,가로등
35.185188,126.905586,가로등
35.184757,126.905823,가로등
35.184486,126.905975,가로등
35.184326,126.906364,가로등
35.184414,126.906319,가로등
35.184643,126.906166,가로등
35.185005,126.905937,가로등
35.185375,126.905716,가로등
35.185665,126.905548,가로등
35.18594,126.905373,가로등
35.186222,126.905266,가로등
35.186516,126.905251,가로등
35.186958,126.905289,가로등
35.187279,126.905319,가로등
35.187588,126.905357,가로등
35.187965,126.905396,가로등
35.188328,126.905434,가로등
35.188419,126.905464,가로등
35.18866,126.905495,가로등
35.188942,126.905525,가로등
35.189251,126.905579,가로등
35.187225,126.899109,가로등
35.187222,126.899567,가로등
35.187225,126.899712,가로등
35.187199,126.900009,가로등
35.187195,126.900421,가로등
35.187191,126.900673,가로등
35.18718,126.901024,가로등
35.187172,126.901443,가로등
35.186741,126.901581,가로등
35.186333,126.901558,가로등
35.186008,126.90155,가로등
35.185638,126.901543,가로등
35.185303,126.90152,가로등
35.18499,126.901474,가로등
35.18465,126.901436,가로등
35.186901,126.901749,가로등
35.187141,126.902054,가로등
35.187138,126.902458,가로등
35.187141,126.90255,가로등
35.187111,126.903,가로등
35.187111,126.903496,가로등
35.187099,126.904053,가로등
35.187088,126.904678,가로등
35.187946,126.905197,가로등
35.187607,126.905159,가로등
35.187298,126.905113,가로등
35.187214,126.905022,가로등
35.18721,126.904709,가로등
35.187222,126.904404,가로등
35.187237,126.903854,가로등
35.187248,126.903259,가로등
35.187256,126.902718,가로등
35.18726,126.902542,가로등
35.187267,126.90229,가로등
35.187279,126.901749,가로등
35.18729,126.901443,가로등
35.187286,126.901184,가로등
35.187325,126.900688,가로등
35.187321,126.900261,가로등
35.18549576,126.9331644,가로등
35.187359,126.89978,가로등
35.187351,126.899345,가로등
35.18737,126.898949,가로등
35.184353,126.905861,가로등
35.184361,126.905655,가로등
35.18438,126.905457,가로등
35.184376,126.905205,가로등
35.184399,126.904976,가로등
35.184406,126.9048,가로등
35.18441,126.904625,가로등
35.184414,126.904434,가로등
35.184422,126.904274,가로등
35.184441,126.904091,가로등
35.184456,126.903877,가로등
35.184452,126.903671,가로등
35.184467,126.90345,가로등
35.184475,126.903244,가로등
35.184483,126.90303,가로등
35.18449,126.902824,가로등
35.184498,126.902588,가로등
35.18449,126.902405,가로등
35.184513,126.902206,가로등
35.184521,126.902016,가로등
35.184525,126.901825,가로등
35.184536,126.901634,가로등
35.184551,126.901367,가로등
35.18457,126.901176,가로등
35.184578,126.90097,가로등
35.184597,126.900772,가로등
35.18462,126.900581,가로등
35.184635,126.900368,가로등
35.18465,126.900177,가로등
35.184654,126.899963,가로등
35.184666,126.899765,가로등
35.184681,126.899574,가로등
35.184692,126.899384,가로등
35.1847,126.899193,가로등
35.184708,126.898972,가로등
35.18483,126.898781,가로등
35.185043,126.898735,가로등
35.185242,126.898705,가로등
35.185474,126.898643,가로등
35.185677,126.89859,가로등
35.18586,126.898544,가로등
35.186188,126.898476,가로등
35.186367,126.89843,가로등
35.186569,126.898422,가로등
35.186779,126.89846,가로등
35.186954,126.898499,가로등
35.187183,126.898598,가로등
35.187134,126.898247,가로등
35.187027,126.898262,가로등
35.18681,126.898201,가로등
35.186619,126.898163,가로등
35.18639,126.89817,가로등
35.186188,126.898178,가로등
35.185909,126.898247,가로등
35.185699,126.898323,가로등
35.185429,126.898361,가로등
35.185165,126.898438,가로등
35.184902,126.898499,가로등
35.184788,126.898506,가로등
35.184452,126.89856,가로등
35.180641,126.88121,가로등
35.180317,126.881073,가로등
35.176727,126.879303,가로등
35.176731,126.879616,가로등
35.176994,126.879692,가로등
35.17733,126.879807,가로등
35.17775,126.880005,가로등
35.178158,126.88018,가로등
35.178619,126.880379,가로등
35.179031,126.880547,가로등
35.179482,126.880737,가로등
35.179905,126.88092,가로등
35.1682425,126.886203,가로등
35.18011279,126.9381228,가로등
35.181206,126.880714,가로등
35.180828,126.880707,가로등
35.180416,126.880646,가로등
35.180019,126.880516,가로등
35.179588,126.880341,가로등
35.179146,126.880157,가로등
35.178738,126.87999,가로등
35.178272,126.879791,가로등
35.177849,126.879608,가로등
35.17746,126.87944,가로등
35.181599,126.88073,가로등
35.181873,126.880745,가로등
35.182217,126.88076,가로등
35.182568,126.880775,가로등
35.182938,126.880791,가로등
35.183289,126.880814,가로등
35.18354,126.880844,가로등
35.183826,126.88076,가로등
35.183922,126.880814,가로등
35.184052,126.880867,가로등
35.184334,126.880913,가로등
35.184624,126.880905,가로등
35.179497,126.880516,가로등
35.179661,126.880577,가로등
35.179874,126.880661,가로등
35.179306,126.880424,가로등
35.179115,126.880348,가로등
35.178921,126.880264,가로등
35.178787,126.880203,가로등
35.178585,126.880119,가로등
35.178402,126.880043,가로등
35.178234,126.879959,가로등
35.181263,126.880966,가로등
35.181499,126.880943,가로등
35.181789,126.880966,가로등
35.182072,126.880974,가로등
35.182358,126.880981,가로등
35.182735,126.880997,가로등
35.183109,126.881004,가로등
35.183483,126.881027,가로등
35.18383,126.881065,가로등
35.184147,126.881104,가로등
35.184547,126.881119,가로등
35.186733,126.881172,가로등
35.186867,126.880882,가로등
35.187191,126.880447,가로등
35.187374,126.879982,가로등
35.187542,126.879486,가로등
35.187706,126.879066,가로등
35.187923,126.878784,가로등
35.188183,126.878548,가로등
35.188503,126.87841,가로등
35.18885,126.878281,가로등
35.189186,126.878166,가로등
35.189529,126.878044,가로등
35.189896,126.877914,가로등
35.190239,126.8778,가로등
35.190575,126.877663,가로등
35.190922,126.877548,가로등
35.187424,126.879189,가로등
35.187275,126.879616,가로등
35.187122,126.880127,가로등
35.186939,126.880455,가로등
35.186649,126.880707,가로등
35.186195,126.88073,가로등
35.185867,126.88076,가로등
35.185581,126.880806,가로등
35.185341,126.880844,가로등
35.187481,126.878807,가로등
35.187195,126.878731,가로등
35.186932,126.878738,가로등
35.186646,126.878708,가로등
35.186352,126.878624,가로등
35.186077,126.878494,가로등
35.185814,126.878334,가로등
35.187714,126.878517,가로등
35.187496,126.878548,가로등
35.187225,126.878571,가로등
35.187023,126.878578,가로등
35.186665,126.878548,가로등
35.186401,126.878471,가로등
35.186134,126.878357,가로등
35.18589,126.878181,가로등
35.187943,126.878418,가로등
35.188271,126.878227,가로등
35.188606,126.878105,가로등
35.188969,126.877983,가로등
35.189308,126.877869,가로등
35.189663,126.877731,가로등
35.190014,126.877617,가로등
35.190357,126.877502,가로등
35.190693,126.87738,가로등
35.191029,126.877258,가로등
35.197544,126.876389,가로등
35.197422,126.876465,가로등
35.197048,126.876511,가로등
35.196693,126.876518,가로등
35.196354,126.876541,가로등
35.195992,126.876595,가로등
35.195621,126.876686,가로등
35.195381,126.876732,가로등
35.195293,126.876785,가로등
35.194927,126.876877,가로등
35.194519,126.877007,가로등
35.19416,126.877045,가로등
35.19384,126.877029,가로등
35.193439,126.876953,가로등
35.193073,126.876808,가로등
35.19273,126.876732,가로등
35.192387,126.876785,가로등
35.192043,126.876907,가로등
35.191711,126.877029,가로등
35.191338,126.877159,가로등
35.194798,126.877167,가로등
35.194393,126.877258,가로등
35.19392,126.877281,가로등
35.1936,126.877235,가로등
35.193233,126.877121,가로등
35.192841,126.876976,가로등
35.192566,126.876984,가로등
35.192287,126.877075,가로등
35.191933,126.877182,가로등
35.191628,126.877289,가로등
35.191299,126.877411,가로등
35.195137,126.877068,가로등
35.195438,126.877014,가로등
35.195499,126.876961,가로등
35.195839,126.876854,가로등
35.196198,126.876785,가로등
35.196503,126.87677,가로등
35.196869,126.87674,가로등
35.197201,126.87674,가로등
35.197506,126.876854,가로등
35.187588,126.898476,가로등
35.187359,126.898376,가로등
35.187325,126.898125,가로등
35.187321,126.897926,가로등
35.187347,126.897621,가로등
35.187408,126.897285,가로등
35.187443,126.896965,가로등
35.187447,126.896606,가로등
35.187439,126.896271,가로등
35.18745,126.895935,가로등
35.18745,126.895615,가로등
35.187458,126.895271,가로등
35.187466,126.894943,가로등
35.187458,126.894615,가로등
35.184845,126.897491,가로등
35.185043,126.897453,가로등
35.185383,126.897377,가로등
35.185673,126.897316,가로등
35.185905,126.89727,가로등
35.186142,126.897247,가로등
35.186378,126.897255,가로등
35.186626,126.897247,가로등
35.186871,126.897255,가로등
35.187145,126.897263,가로등
35.187145,126.898079,가로등
35.187157,126.897728,가로등
35.187199,126.8974,가로등
35.186169,126.894402,가로등
35.186466,126.894402,가로등
35.186752,126.894402,가로등
35.187038,126.894409,가로등
35.187294,126.894493,가로등
35.18729,126.894753,가로등
35.187298,126.895111,가로등
35.187294,126.895439,가로등
35.18729,126.895767,가로등
35.187283,126.896095,가로등
35.18729,126.896202,가로등
35.187286,126.8964,가로등
35.187283,126.896751,가로등
35.187271,126.897072,가로등
35.184742,126.898346,가로등
35.1847533,126.8981838,가로등
35.184776,126.897942,가로등
35.184784,126.897675,가로등
35.185032,126.894363,가로등
35.185226,126.894363,가로등
35.185371,126.894402,가로등
35.185524,126.894402,가로등
35.185715,126.894371,가로등
35.185902,126.894371,가로등
35.186054,126.894455,가로등
35.18605,126.894714,가로등
35.186039,126.894958,가로등
35.186039,126.895195,가로등
35.186024,126.895416,가로등
35.186028,126.89566,가로등
35.186028,126.895943,가로등
35.186039,126.896202,가로등
35.186043,126.8965,가로등
35.186039,126.896835,가로등
35.186028,126.897163,가로등
35.186028,126.898048,가로등
35.186028,126.897842,가로등
35.186028,126.897614,가로등
35.186028,126.897438,가로등
35.186066,126.89238,가로등
35.186058,126.892708,가로등
35.186062,126.893051,가로등
35.186062,126.893379,가로등
35.187267,126.890648,가로등
35.187042,126.890656,가로등
35.18684,126.890648,가로등
35.186642,126.89064,가로등
35.186436,126.890648,가로등
35.186245,126.890656,가로등
35.186066,126.890846,가로등
35.186058,126.89109,가로등
35.186054,126.891327,가로등
35.186054,126.891586,가로등
35.186058,126.891815,가로등
35.185905,126.891922,가로등
35.185734,126.891922,가로등
35.185528,126.891914,가로등
35.185265,126.891914,가로등
35.185043,126.891998,가로등
35.184952,126.892204,가로등
35.185104,126.892197,가로등
35.18531,126.892151,가로등
35.185539,126.892143,가로등
35.18729,126.892303,가로등
35.187298,126.892448,가로등
35.187294,126.892746,가로등
35.187294,126.893112,가로등
35.18729,126.893448,가로등
35.187279,126.893745,가로등
35.18729,126.894127,가로등
35.18895,126.894287,가로등
35.188702,126.894295,가로등
35.18824,126.894295,가로등
35.187981,126.894287,가로등
35.187569,126.894302,가로등
35.187473,126.894234,가로등
35.187481,126.893883,가로등
35.187481,126.893517,가로등
35.187489,126.893295,가로등
35.187492,126.892876,가로등
35.187511,126.892532,가로등
35.187511,126.892166,가로등
35.187515,126.891876,가로등
35.187519,126.891609,가로등
35.187515,126.891342,가로등
35.18755,126.891106,가로등
35.187561,126.890823,가로등
35.187977,126.892014,가로등
35.187973,126.891762,가로등
35.187973,126.891479,가로등
35.187973,126.891243,가로등
35.187977,126.891045,가로등
35.187981,126.890816,가로등
35.187836,126.890739,가로등
35.187668,126.890739,가로등
35.187523,126.890419,가로등
35.187527,126.890137,가로등
35.187519,126.88987,가로등
35.18755,126.889488,가로등
35.187565,126.889076,가로등
35.18755,126.888802,가로등
35.187553,126.888359,가로등
35.187561,126.888,가로등
35.187546,126.88768,가로등
35.187454,126.887367,가로등
35.187351,126.887138,가로등
35.187172,126.886864,가로등
35.186985,126.886566,가로등
35.18681,126.886307,가로등
35.186642,126.886024,가로등
35.18652,126.885818,가로등
35.186337,126.886917,가로등
35.186359,126.88652,가로등
35.18639,126.886131,가로등
35.186588,126.886276,가로등
35.186733,126.88652,가로등
35.186909,126.886772,가로등
35.187057,126.887039,가로등
35.187225,126.887299,가로등
35.187317,126.887535,가로등
35.187382,126.887779,가로등
35.187389,126.888123,가로등
35.187378,126.888435,가로등
35.187386,126.888779,가로등
35.186253,126.889023,가로등
35.186516,126.889015,가로등
35.186756,126.889015,가로등
35.187008,126.888992,가로등
35.187244,126.888985,가로등
35.187363,126.889175,가로등
35.18737,126.889549,가로등
35.187359,126.889854,가로등
35.187355,126.890259,가로등
35.187363,126.890503,가로등
35.187355,126.890785,가로등
35.187355,126.891144,가로등
35.187359,126.891487,가로등
35.187344,126.891823,가로등
35.18639,126.88549,가로등
35.186405,126.884995,가로등
35.186417,126.884552,가로등
35.186436,126.884155,가로등
35.186451,126.883644,가로등
35.186474,126.883179,가로등
35.186481,126.882736,가로등
35.186493,126.882286,가로등
35.18644,126.881836,가로등
35.186386,126.881378,가로등
35.185333,126.881065,가로등
35.185669,126.881042,가로등
35.185997,126.881035,가로등
35.186184,126.88121,가로등
35.186249,126.881653,가로등
35.186302,126.882111,가로등
35.186306,126.882538,가로등
35.186287,126.88298,가로등
35.186275,126.88343,가로등
35.186268,126.883881,가로등
35.186245,126.884346,가로등
35.18623,126.884789,가로등
35.186218,126.885262,가로등
35.186253,126.885788,가로등
35.186279,126.88604,가로등
35.186245,126.886421,가로등
35.186028,126.886612,가로등
35.185791,126.88678,가로등
35.185566,126.886909,가로등
35.185291,126.887001,가로등
35.185009,126.887062,가로등
35.189133,126.888718,가로등
35.188892,126.888718,가로등
35.188675,126.888725,가로등
35.188438,126.888725,가로등
35.188259,126.888718,가로등
35.18808,126.888725,가로등
35.188038,126.88887,가로등
35.188034,126.889099,가로등
35.188034,126.889381,가로등
35.188034,126.889664,가로등
35.188038,126.889961,가로등
35.188034,126.890213,가로등
35.18803,126.890381,가로등
35.188038,126.890564,가로등
35.1882046,126.8899878,가로등
35.1883952,126.8899877,가로등
35.1885764,126.8899824,가로등
35.1888255,126.8899907,가로등
35.1890592,126.8899892,가로등
35.189293,126.889977,가로등
35.189499,126.889969,가로등
35.189709,126.889969,가로등
35.189945,126.889969,가로등
35.191914,126.890602,가로등
35.191662,126.89061,가로등
35.191357,126.890625,가로등
35.19112,126.890625,가로등
35.190907,126.890625,가로등
35.190678,126.890625,가로등
35.190453,126.890633,가로등
35.190224,126.890633,가로등
35.189983,126.890633,가로등
35.18977,126.890633,가로등
35.189537,126.890633,가로등
35.189312,126.89064,가로등
35.189091,126.890633,가로등
35.188862,126.890633,가로등
35.188641,126.890633,가로등
35.183624,126.875572,가로등
35.1834304,126.8753329,가로등
35.183231,126.875137,가로등
35.183033,126.874916,가로등
35.182796,126.874626,가로등
35.182629,126.874413,가로등
35.182453,126.874184,가로등
35.182243,126.873924,가로등
35.182041,126.873695,가로등
35.18187,126.873489,가로등
35.183807,126.875786,가로등
35.183968,126.875984,가로등
35.184113,126.876175,가로등
35.184349,126.87645,가로등
35.18457,126.876701,가로등
35.184807,126.876999,가로등
35.184994,126.877205,가로등
35.185162,126.877419,가로등
35.185326,126.877617,가로등
35.185516,126.877838,가로등
35.185692,126.878036,가로등
35.183529,126.87571,가로등
35.183689,126.875923,가로등
35.183323,126.875465,가로등
35.183128,126.875244,가로등
35.182926,126.875008,가로등
35.182709,126.874756,가로등
35.182545,126.874519,가로등
35.182369,126.874298,가로등
35.182102,126.873955,가로등
35.181873,126.873696,가로등
35.181709,126.873474,가로등
35.183842,126.876099,가로등
35.183994,126.876266,가로등
35.184177,126.876488,가로등
35.184471,126.876823,가로등
35.184658,126.877052,가로등
35.184834,126.877289,가로등
35.185024,126.877502,가로등
35.185207,126.877716,가로등
35.185295,126.877808,가로등
35.185623,126.878136,가로등
35.184238,126.876678,가로등
35.18409,126.876884,가로등
35.183907,126.878273,가로등
35.183704,126.878098,가로등
35.183521,126.877892,가로등
35.183491,126.877647,가로등
35.183666,126.877434,가로등
35.183811,126.877251,가로등
35.183956,126.87706,가로등
35.197643,126.87413,가로등
35.197384,126.874115,가로등
35.197105,126.874123,가로등
35.196835,126.874168,가로등
35.196548,126.87429,가로등
35.196301,126.874413,가로등
35.196014,126.874557,가로등
35.195797,126.874664,가로등
35.195637,126.874931,가로등
35.195694,126.875275,가로등
35.1976121,126.87159,가로등
35.1976442,126.872106,가로등
35.1976447,126.872535,가로등
35.1976313,126.872677,가로등
35.1976361,126.872979,가로등
35.1976321,126.87344,가로등
35.1976327,126.874022,가로등
35.197624,126.874324,가로등
35.1976107,126.874555,가로등
35.1976337,126.874994,가로등
35.1976388,126.875571,가로등
35.1976258,126.876087,가로등
35.197891,126.872849,가로등
35.197891,126.873299,가로등
35.197903,126.873772,가로등
35.197895,126.874268,가로등
35.19788,126.874825,가로등
35.197868,126.875359,가로등
35.197899,126.875893,가로등
35.197895,126.872551,가로등
35.197895,126.872238,가로등
35.197887,126.871788,가로등
35.197899,126.871368,가로등
35.197895,126.870796,가로등
35.197296,126.872482,가로등
35.197105,126.872482,가로등
35.197056,126.872299,가로등
35.197067,126.872017,가로등
35.197063,126.87175,가로등
35.197063,126.871468,가로등
35.197063,126.871178,가로등
35.197063,126.870903,가로등
35.196831,126.872475,가로등
35.196575,126.872475,가로등
35.196327,126.872475,가로등
35.196087,126.872467,가로등
35.19733,126.870819,가로등
35.197613,126.870811,가로등
35.197498,126.870674,가로등
35.197193,126.870674,가로등
35.197025,126.870811,가로등
35.196789,126.870705,가로등
35.196709,126.870819,가로등
35.196381,126.870827,가로등
35.196537,126.870697,가로등
35.196251,126.870689,가로등
35.196068,126.870811,가로등
35.195538,126.867538,가로등
35.195347,126.867531,가로등
35.195126,126.867531,가로등
35.194908,126.86747,가로등
35.194733,126.867355,가로등
35.194565,126.867233,가로등
35.194397,126.867088,가로등
35.194218,126.866959,가로등
35.194038,126.866814,가로등
35.193867,126.866684,가로등
35.193668,126.866516,가로등
35.195679,126.867447,가로등
35.195728,126.867134,가로등
35.195911,126.866859,가로등
35.196194,126.866806,가로등
35.196449,126.866806,가로등
35.196732,126.866791,가로등
35.196945,126.866776,가로등
35.196983,126.867035,가로등
35.196991,126.867348,가로등
35.196995,126.867691,가로등
35.197239,126.866791,가로등
35.197502,126.866806,가로등
35.19569,126.867767,가로등
35.196064,126.870148,가로등
35.19606,126.870422,가로등
35.196064,126.869865,가로등
35.19606,126.869614,가로등
35.196056,126.869339,가로등
35.196064,126.869057,가로등
35.19606,126.86879,가로등
35.196064,126.868576,가로등
35.196072,126.868294,가로등
35.19463,126.86869,가로등
35.194622,126.86792,가로등
35.194626,126.868362,가로등
35.19463,126.868935,가로등
35.1948663,126.8687264,가로등
35.195091,126.868729,가로등
35.1953843,126.868728,가로등
35.1955899,126.8687279,가로등
35.1958901,126.8687359,가로등
35.200714,126.86657,가로등
35.200718,126.866096,가로등
35.200706,126.865578,가로등
35.200577,126.865585,가로등
35.200584,126.866104,가로등
35.200584,126.866699,가로등
35.200237,126.866783,가로등
35.17907261,126.9398801,가로등
35.199345,126.866776,가로등
35.198944,126.866783,가로등
35.19849,126.866776,가로등
35.198181,126.866737,가로등
35.198174,126.866989,가로등
35.198494,126.867004,가로등
35.198914,126.866943,가로등
35.199364,126.866943,가로등
35.199799,126.866951,가로등
35.200237,126.866959,가로등
35.200481,126.866966,가로등
35.200764,126.867172,가로등
35.201057,126.867447,가로등
35.201305,126.867714,가로등
35.201393,126.867889,가로등
35.201431,126.868111,가로등
35.201088,126.867249,가로등
35.200916,126.867073,가로등
35.200787,126.866951,가로등
35.200718,126.866806,가로등
35.201626,126.869164,가로등
35.201603,126.868904,가로등
35.201591,126.8685,가로등
35.201603,126.868217,가로등
35.20158,126.86795,가로등
35.201454,126.868332,가로등
35.201473,126.868645,가로등
35.201485,126.86895,가로등
35.201488,126.869156,가로등
35.202839,126.868179,가로등
35.202595,126.868202,가로등
35.202362,126.86821,가로등
35.202271,126.86805,가로등
35.202263,126.867905,가로등
35.202229,126.867828,가로등
35.201904,126.867851,가로등
35.201595,126.867874,가로등
35.203053,126.868164,가로등
35.203281,126.868149,가로등
35.203472,126.868141,가로등
35.203491,126.868263,가로등
35.203487,126.868446,가로등
35.203484,126.868652,가로등
35.203487,126.868858,가로등
35.203419,126.868919,가로등
35.203239,126.868942,가로등
35.203133,126.86895,가로등
35.203068,126.86911,가로등
35.203083,126.869408,가로등
35.203098,126.869751,가로등
35.20311,126.870071,가로등
35.203133,126.870377,가로등
35.202801,126.869041,가로등
35.202526,126.869041,가로등
35.20224,126.869064,가로등
35.201977,126.869072,가로등
35.201694,126.869072,가로등
35.201416,126.86908,가로등
35.201199,126.86908,가로등
35.200981,126.869087,가로등
35.200756,126.869095,가로등
35.201046,126.874596,가로등
35.200764,126.874763,가로등
35.200417,126.874985,가로등
35.200073,126.875145,가로등
35.199791,126.875313,가로등
35.199429,126.875542,가로등
35.199085,126.875725,가로등
35.198734,126.875916,가로등
35.198429,126.876106,가로등
35.198277,126.876198,가로등
35.198055,126.876244,가로등
35.17925502,126.9396549,가로등
35.17941717,126.939449,가로등
35.201622,126.874214,가로등
35.202042,126.87397,가로등
35.202236,126.873848,가로등
35.202435,126.873802,가로등
35.202686,126.873772,가로등
35.20295,126.873718,가로등
35.203232,126.873695,가로등
35.203449,126.873657,가로등
35.203671,126.873627,가로등
35.203896,126.873581,가로등
35.204174,126.87355,가로등
35.204479,126.873512,가로등
35.204716,126.873474,가로등
35.20499,126.873436,가로등
35.212811,126.866814,가로등
35.212704,126.866974,가로등
35.212662,126.866821,가로등
35.212448,126.866966,가로등
35.212395,126.866814,가로등
35.212147,126.866814,가로등
35.212078,126.867012,가로등
35.211857,126.866783,가로등
35.211746,126.866928,가로등
35.211597,126.866745,가로등
35.211361,126.866928,가로등
35.211315,126.86676,가로등
35.21104,126.866783,가로등
35.211006,126.866898,가로등
35.210815,126.866768,가로등
35.21064,126.866745,가로등
35.210453,126.866722,가로등
35.210266,126.866714,가로등
35.210094,126.8666767,가로등
35.2098927,126.8666417,가로등
35.209724,126.866631,가로등
35.209553,126.866585,가로등
35.209377,126.866562,가로등
35.20919,126.866508,가로등
35.20903,126.86647,가로등
35.2025242,126.8984899,가로등
35.2024588,126.8982084,가로등
35.2023755,126.8978523,가로등
35.2023002,126.897538,가로등
35.202206,126.897125,가로등
35.2021151,126.8968622,가로등
35.2020179,126.8965331,가로등
35.2019281,126.8961775,가로등
35.201855,126.895821,가로등
35.2017696,126.8954314,가로등
35.201633,126.895004,가로등
35.2015431,126.8946034,가로등
35.201485,126.894318,가로등
35.201374,126.893852,가로등
35.2012969,126.8936556,가로등
35.201202,126.8932912,가로등
35.201122,126.89296,가로등
35.200977,126.892632,가로등
35.2008473,126.8922915,가로등
35.2007005,126.8919446,가로등
35.2005778,126.8916481,가로등
35.200432,126.891319,가로등
35.2002757,126.8909933,가로등
35.202156,126.896095,가로등
35.2022538,126.8964605,가로등
35.202347,126.896774,가로등
35.202408,126.897018,가로등
35.2024895,126.8974514,가로등
35.202572,126.897743,가로등
35.202671,126.898064,가로등
35.202744,126.898346,가로등
35.202549,126.897118,가로등
35.202682,126.897217,가로등
35.202835,126.897011,가로등
35.203075,126.897049,가로등
35.203194,126.896881,가로등
35.203392,126.89695,가로등
35.203522,126.896736,가로등
35.20377,126.896812,가로등
35.17952074,126.9392897,가로등
35.2004715,126.89092,가로등
35.2005365,126.8910589,가로등
35.200775,126.891571,가로등
35.2008677,126.8918559,가로등
35.2010135,126.8921898,가로등
35.201168,126.8925183,가로등
35.2012889,126.8928646,가로등
35.2014043,126.8932136,가로등
35.2014989,126.8935785,가로등
35.2015913,126.8939564,가로등
35.2016987,126.89441,가로등
35.201763,126.894592,가로등
35.201874,126.894966,가로등
35.202,126.895409,가로등
35.20208,126.895767,가로등
35.187836,126.898384,가로등
35.188007,126.897926,가로등
35.188148,126.897438,가로등
35.188202,126.896851,가로등
35.188202,126.896599,가로등
35.188225,126.896324,가로등
35.188385,126.896126,가로등
35.188538,126.895935,가로등
35.188717,126.89566,가로등
35.188824,126.895378,가로등
35.188946,126.895073,가로등
35.189217,126.892357,가로등
35.189217,126.892632,가로등
35.189209,126.893288,가로등
35.189213,126.893616,가로등
35.189209,126.893867,가로등
35.189209,126.894058,가로등
35.188877,126.893539,가로등
35.189125,126.893532,가로등
35.189148,126.893074,가로등
35.189159,126.892509,가로등
35.189156,126.892212,가로등
35.189148,126.891975,가로등
35.190174,126.890366,가로등
35.190178,126.890068,가로등
35.192112,126.889618,가로등
35.192104,126.889832,가로등
35.19212,126.890015,가로등
35.192108,126.890228,가로등
35.192123,126.890404,가로등
35.192131,126.890594,가로등
35.192154,126.890785,가로등
35.192154,126.890976,가로등
35.192135,126.891174,가로등
35.192135,126.891365,가로등
35.192127,126.891556,가로등
35.192112,126.891785,가로등
35.192104,126.891945,가로등
35.192066,126.892143,가로등
35.192047,126.89225,가로등
35.191856,126.892288,가로등
35.191944,126.892143,가로등
35.189037,126.894829,가로등
35.189129,126.894585,가로등
35.189228,126.894302,가로등
35.189503,126.89415,가로등
35.18972,126.894028,가로등
35.189976,126.89389,가로등
35.19025,126.893753,가로등
35.190475,126.893631,가로등
35.190746,126.893478,가로등
35.190956,126.893311,가로등
35.191154,126.893127,가로등
35.191357,126.892906,가로등
35.191582,126.892708,가로등
35.191788,126.892532,가로등
35.191933,126.892487,가로등
35.192032,126.892456,가로등
35.192238,126.892387,가로등
35.192371,126.892349,가로등
35.192524,126.892281,가로등
35.192986,126.892136,가로등
35.193306,126.892036,가로등
35.193478,126.892036,가로등
35.193489,126.892265,가로등
35.193512,126.892525,가로등
35.193531,126.892799,가로등
35.19355,126.893051,가로등
35.193569,126.893303,가로등
35.193588,126.893585,가로등
35.193718,126.893456,가로등
35.193882,126.893341,가로등
35.194023,126.893234,가로등
35.194149,126.893082,가로등
35.17964006,126.9390591,가로등
35.191223,126.896149,가로등
35.191231,126.896515,가로등
35.191231,126.896889,가로등
35.191223,126.89727,가로등
35.191223,126.897636,가로등
35.191219,126.898003,가로등
35.191216,126.898376,가로등
35.191212,126.898758,가로등
35.191254,126.898933,가로등
35.191475,126.898872,가로등
35.191723,126.898781,가로등
35.191959,126.898705,가로등
35.19212,126.898628,가로등
35.192394,126.898544,가로등
35.192619,126.898483,가로등
35.192825,126.898483,가로등
35.193043,126.898514,가로등
35.193314,126.898598,가로등
35.193535,126.898743,가로등
35.191082,126.89901,가로등
35.19088,126.899055,가로등
35.190613,126.899048,가로등
35.190388,126.899017,가로등
35.190098,126.898956,가로등
35.189816,126.898956,가로등
35.189453,126.898918,가로등
35.189259,126.898895,가로등
35.188938,126.89888,가로등
35.188652,126.898842,가로등
35.188412,126.898811,가로등
35.188229,126.898766,가로등
35.187977,126.898666,가로등
35.187805,126.898575,가로등
35.187504,126.89875,가로등
35.18771,126.898827,가로등
35.187881,126.898903,가로등
35.188072,126.899002,가로등
35.188267,126.899078,가로등
35.188553,126.899124,가로등
35.188805,126.899139,가로등
35.1889577,126.8991644,가로등
35.1890794,126.8991684,가로등
35.189281,126.899178,가로등
35.189514,126.899208,가로등
35.189835,126.899216,가로등
35.190109,126.899261,가로등
35.190399,126.899284,가로등
35.190594,126.8993,가로등
35.190868,126.899323,가로등
35.191151,126.899292,가로등
35.191425,126.8992,가로등
35.191639,126.899109,가로등
35.191895,126.89901,가로등
35.192131,126.898941,가로등
35.192451,126.898811,가로등
35.192719,126.898758,가로등
35.192974,126.898773,가로등
35.193199,126.898849,가로등
35.193386,126.899033,가로등
35.193531,126.899193,가로등
35.193783,126.899437,가로등
35.193951,126.899574,가로등
35.193092,126.898827,가로등
35.193058,126.898827,가로등
35.193142,126.898521,가로등
35.193119,126.898514,가로등
35.192726,126.898972,가로등
35.192814,126.899216,가로등
35.192913,126.899529,가로등
35.193012,126.899834,가로등
35.193104,126.900116,가로등
35.193222,126.900459,가로등
35.193317,126.900757,가로등
35.19342,126.901062,가로등
35.193516,126.901375,가로등
35.193611,126.901688,가로등
35.193699,126.901985,가로등
35.193802,126.902306,가로등
35.193932,126.902664,가로등
35.194019,126.902985,가로등
35.194069,126.903198,가로등
35.194202,126.903534,가로등
35.194305,126.903847,가로등
35.19223,126.904518,가로등
35.191921,126.904671,가로등
35.191666,126.904823,가로등
35.19138,126.904976,가로등
35.191109,126.905121,가로등
35.190796,126.905205,가로등
35.190495,126.905289,가로등
35.190186,126.905365,가로등
35.189877,126.905449,가로등
35.189507,126.905426,가로등
35.18919,126.905373,가로등
35.188873,126.905327,가로등
35.188564,126.905266,가로등
35.188442,126.905235,가로등
35.188244,126.905212,가로등
35.2005617,126.8748831,가로등
35.201237,126.874474,가로등
35.201431,126.874352,가로등
35.17979087,126.9387351,가로등
35.199802,126.866783,가로등
35.20533,126.894493,가로등
35.205173,126.894737,가로등
35.20533,126.894951,가로등
35.205189,126.895157,가로등
35.205326,126.895363,가로등
35.205189,126.895576,가로등
35.205284,126.895866,가로등
35.205181,126.895996,가로등
35.205284,126.896111,가로등
35.205074,126.896156,가로등
35.204979,126.896347,가로등
35.20472,126.896278,가로등
35.204578,126.896507,가로등
35.204376,126.8964,가로등
35.204235,126.896645,가로등
35.204021,126.89653,가로등
35.203751,126.896675,가로등
35.205231,126.896423,가로등
35.205402,126.896599,가로등
35.205353,126.89682,가로등
35.205528,126.896996,가로등
35.205444,126.89727,가로등
35.205631,126.8974,가로등
35.205742,126.897514,가로등
35.205597,126.897888,가로등
35.205784,126.898033,가로등
35.205723,126.898354,가로등
35.20591,126.898537,가로등
35.205845,126.898819,가로등
35.206024,126.898926,가로등
35.205959,126.899284,가로등
35.206158,126.89949,가로등
35.206085,126.899757,가로등
35.206284,126.899979,가로등
35.206169,126.90023,가로등
35.206329,126.90052,가로등
35.206356,126.90094,가로등
35.206207,126.900658,가로등
35.205406,126.89782,가로등
35.20525,126.897522,가로등
35.205048,126.897957,가로등
35.20496,126.897697,가로등
35.20472,126.898079,가로등
35.204681,126.897789,가로등
35.20446,126.898193,가로등
35.204388,126.897903,가로등
35.204258,126.897873,가로등
35.204189,126.897636,가로등
35.204124,126.897346,가로등
35.204025,126.897057,가로등
35.203991,126.896843,가로등
35.204086,126.898003,가로등
35.203796,126.898132,가로등
35.203506,126.898247,가로등
35.203194,126.898384,가로등
35.202923,126.898483,가로등
35.202885,126.898911,가로등
35.202934,126.899101,가로등
35.203041,126.899529,가로등
35.20314,126.899925,가로등
35.203243,126.90033,가로등
35.203342,126.900726,가로등
35.203426,126.901062,가로등
35.203533,126.901443,가로등
35.203003,126.898735,가로등
35.203251,126.898628,가로등
35.203587,126.898521,가로등
35.203861,126.898407,가로등
35.204144,126.898293,가로등
35.203671,126.90152,가로등
35.203789,126.901535,가로등
35.204067,126.901459,가로등
35.20435,126.901321,가로등
35.204636,126.90123,가로등
35.204948,126.901184,가로등
35.205215,126.901161,가로등
35.205505,126.901138,가로등
35.205803,126.901138,가로등
35.206059,126.901138,가로등
35.206455,126.901138,가로등
35.206722,126.901115,가로등
35.207012,126.901138,가로등
35.207306,126.901154,가로등
35.207569,126.901184,가로등
35.207848,126.901184,가로등
35.208115,126.901161,가로등
35.208397,126.901138,가로등
35.208683,126.901138,가로등
35.208969,126.901108,가로등
35.209263,126.901115,가로등
35.209557,126.9011,가로등
35.20985,126.901085,가로등
35.210102,126.901077,가로등
35.2032152,126.9017625,가로등
35.2029373,126.9018645,가로등
35.2026629,126.901947,가로등
35.2024208,126.9020294,가로등
35.2021428,126.9021378,가로등
35.2018711,126.9022388,가로등
35.2015825,126.9023279,가로등
35.2013001,126.9024334,가로등
35.201019,126.9025458,가로등
35.200794,126.902649,가로등
35.209026,126.901405,가로등
35.208687,126.901428,가로등
35.208416,126.901436,가로등
35.208145,126.901466,가로등
35.207882,126.90152,가로등
35.2076,126.901505,가로등
35.207306,126.901505,가로등
35.207012,126.901482,가로등
35.206711,126.901489,가로등
35.206451,126.901474,가로등
35.206284,126.901443,가로등
35.206024,126.901443,가로등
35.205814,126.901451,가로등
35.205521,126.901443,가로등
35.205215,126.901505,가로등
35.204987,126.901466,가로등
35.204685,126.901543,가로등
35.20425,126.901688,가로등
35.20388,126.90184,가로등
35.203606,126.901924,가로등
35.203331,126.902023,가로등
35.202991,126.902145,가로등
35.20306,126.902435,가로등
35.20351,126.902481,가로등
35.2038,126.902458,가로등
35.204315,126.902161,가로등
35.204483,126.90197,가로등
35.204712,126.901741,가로등
35.202652,126.902344,가로등
35.211926,126.901337,가로등
35.212181,126.901321,가로등
35.211647,126.90136,가로등
35.211281,126.901344,가로등
35.211075,126.901337,가로등
35.210804,126.90136,가로등
35.210537,126.901344,가로등
35.210297,126.90136,가로등
35.209877,126.90139,가로등
35.209293,126.901421,가로등
35.212479,126.901299,가로등
35.212837,126.90126,가로등
35.213139,126.901268,가로등
35.213409,126.901299,가로등
35.213673,126.901375,가로등
35.213959,126.901451,가로등
35.214241,126.901527,가로등
35.209591,126.901413,가로등
35.200981,126.874916,가로등
35.20068,126.875099,가로등
35.200298,126.87532,가로등
35.199974,126.875519,가로등
35.199669,126.875664,가로등
35.199261,126.8759,가로등
35.198997,126.876045,가로등
35.198662,126.876244,가로등
35.19833,126.876434,가로등
35.201305,126.874733,가로등
35.201534,126.874664,가로등
35.201759,126.874588,가로등
35.201916,126.874344,가로등
35.202156,126.874191,가로등
35.202431,126.874054,가로등
35.20266,126.874023,가로등
35.202927,126.87397,가로등
35.203259,126.873993,가로등
35.201633,126.871506,가로등
35.20163,126.872002,가로등
35.201633,126.872292,가로등
35.201626,126.872635,가로등
35.201618,126.872978,가로등
35.201611,126.873306,가로등
35.201614,126.873657,가로등
35.201626,126.873932,가로등
35.201626,126.874115,가로등
35.201618,126.871216,가로등
35.201599,126.87104,가로등
35.201565,126.870842,가로등
35.201515,126.870636,가로등
35.201481,126.870384,가로등
35.201462,126.869987,가로등
35.201481,126.86956,가로등
35.201759,126.871597,가로등
35.201756,126.871918,가로등
35.201756,126.872261,가로등
35.201763,126.872574,가로등
35.201763,126.872887,가로등
35.201767,126.873123,가로등
35.201763,126.87355,가로등
35.201763,126.873894,가로등
35.201778,126.874107,가로등
35.201752,126.871208,가로등
35.20171,126.870941,가로등
35.201664,126.870705,가로등
35.201618,126.870483,가로등
35.201591,126.870247,가로등
35.201591,126.869949,가로등
35.201607,126.869545,가로등
35.203243,126.87104,가로등
35.20348,126.871078,가로등
35.203728,126.871094,가로등
35.203907,126.871292,가로등
35.204037,126.871574,가로등
35.204166,126.871849,가로등
35.2042782,126.872143,가로등
35.204364,126.87231,가로등
35.203167,126.870789,가로등
35.203285,126.870506,가로등
35.205124,126.87368,가로등
35.204849,126.873703,가로등
35.204601,126.873764,가로등
35.204319,126.873802,가로등
35.204063,126.873833,가로등
35.205338,126.87365,가로등
35.205574,126.873611,가로등
35.205856,126.873596,가로등
35.206024,126.873573,가로등
35.206253,126.873543,가로등
35.206093,126.879791,가로등
35.205967,126.880028,가로등
35.205769,126.880196,가로등
35.205532,126.880287,가로등
35.205215,126.88031,가로등
35.204926,126.880424,가로등
35.204693,126.880676,가로등
35.204525,126.881004,가로등
35.204456,126.881355,가로등
35.204414,126.881706,가로등
35.204388,126.881973,가로등
35.204891,126.880692,가로등
35.205048,126.880554,가로등
35.205231,126.880516,가로등
35.205429,126.880508,가로등
35.20557,126.880646,가로등
35.205795,126.880516,가로등
35.206089,126.880196,가로등
35.206223,126.879868,가로등
35.206768,126.877281,가로등
35.20681,126.876938,가로등
35.206795,126.876511,가로등
35.206757,126.876137,가로등
35.206726,126.875778,가로등
35.206696,126.875443,가로등
35.206661,126.875092,가로등
35.206619,126.874626,가로등
35.206596,126.874275,가로등
35.206547,126.873909,가로등
35.206394,126.873718,가로등
35.206444,126.874123,가로등
35.206482,126.874496,가로등
35.206509,126.874817,가로등
35.206547,126.875259,가로등
35.206577,126.875618,가로등
35.206619,126.875992,가로등
35.206642,126.876297,가로등
35.206684,126.876694,가로등
35.206661,126.877144,가로등
35.206593,126.87748,가로등
35.206524,126.877846,가로등
35.206413,126.878365,가로등
35.206356,126.878624,가로등
35.206284,126.878929,가로등
35.206215,126.879272,가로등
35.206299,126.879524,가로등
35.206387,126.879112,가로등
35.206448,126.878784,가로등
35.206516,126.878502,가로등
35.206608,126.878052,가로등
35.206684,126.877716,가로등
35.205132,126.883575,가로등
35.204845,126.883652,가로등
35.204571,126.883728,가로등
35.20443,126.883583,가로등
35.204418,126.88324,가로등
35.204456,126.882858,가로등
35.204498,126.882492,가로등
35.204556,126.882195,가로등
35.204594,126.881897,가로등
35.204628,126.881592,가로등
35.204647,126.88121,가로등
35.204735,126.880928,가로등
35.205441,126.883499,가로등
35.205746,126.883438,가로등
35.206047,126.8834,가로등
35.206345,126.8834,가로등
35.206669,126.8834,가로등
35.20697,126.883423,가로등
35.207272,126.883476,가로등
35.207581,126.883553,가로등
35.207886,126.883652,가로등
35.208176,126.883759,가로등
35.208454,126.883873,가로등
35.20874,126.883987,가로등
35.209,126.884026,가로등
35.209221,126.883888,가로등
35.205307,126.883698,가로등
35.205616,126.883629,가로등
35.205917,126.883575,가로등
35.206196,126.883545,가로등
35.206505,126.883545,가로등
35.206806,126.883553,가로등
35.207077,126.883598,가로등
35.20739,126.883667,가로등
35.207687,126.883743,가로등
35.207989,126.883858,가로등
35.208267,126.883965,가로등
35.208561,126.884071,가로등
35.208851,126.884178,가로등
35.209164,126.884117,가로등
35.209385,126.883911,가로등
35.205013,126.883797,가로등
35.204731,126.883926,가로등
35.204586,126.884018,가로등
35.204506,126.884056,가로등
35.204315,126.884125,가로등
35.204136,126.884232,가로등
35.203892,126.884354,가로등
35.203594,126.884476,가로등
35.203312,126.884621,가로등
35.203007,126.884789,가로등
35.202721,126.884941,가로등
35.202442,126.885109,가로등
35.202232,126.885338,가로등
35.202183,126.885422,가로등
35.202095,126.88562,가로등
35.202049,126.885971,가로등
35.203121,126.884567,가로등
35.202827,126.884712,가로등
35.202518,126.88485,가로등
35.202244,126.884995,가로등
35.202114,126.885139,가로등
35.201878,126.885284,가로등
35.201881,126.885468,가로등
35.201874,126.885773,가로등
35.201893,126.886139,가로등
35.203392,126.884415,가로등
35.203705,126.884239,가로등
35.203938,126.884087,가로등
35.204144,126.883957,가로등
35.204231,126.883713,가로등
35.204266,126.883392,가로등
35.2043,126.883011,가로등
35.204346,126.882645,가로등
35.204369,126.882309,가로등
35.204399,126.881882,가로등
35.200817,126.891357,가로등
35.200958,126.891266,가로등
35.201191,126.891098,가로등
35.201473,126.8909,가로등
35.201721,126.890709,가로등
35.201927,126.890427,가로등
35.20203,126.890045,가로등
35.202038,126.889679,가로등
35.202034,126.889328,가로등
35.202034,126.888947,가로등
35.202034,126.88855,가로등
35.20203,126.888184,가로등
35.202034,126.887817,가로등
35.202026,126.887459,가로등
35.202026,126.88707,가로등
35.202026,126.886696,가로등
35.20203,126.88652,가로등
35.20203,126.886322,가로등
35.201897,126.886887,가로등
35.2019,126.887253,가로등
35.2019,126.887627,가로등
35.201904,126.888008,가로등
35.2019,126.888405,가로등
35.201908,126.888771,가로등
35.201916,126.889122,가로등
35.201916,126.889549,가로등
35.201912,126.889923,가로등
35.201859,126.890198,가로등
35.201736,126.89048,가로등
35.201553,126.890663,가로등
35.201275,126.890862,가로등
35.200985,126.891022,가로등
35.200737,126.89119,가로등
35.199509,126.888481,가로등
35.200104,126.889999,가로등
35.1799079,126.9384441,가로등
35.199215,126.887726,가로등
35.199108,126.887489,가로등
35.199017,126.887245,가로등
35.198921,126.887001,가로등
35.198818,126.886726,가로등
35.198715,126.886475,가로등
35.198616,126.886208,가로등
35.198509,126.885971,가로등
35.198418,126.885719,가로등
35.198315,126.88546,가로등
35.198257,126.885765,가로등
35.19833,126.885994,가로등
35.198444,126.886223,가로등
35.19854,126.886467,가로등
35.198654,126.886711,가로등
35.198753,126.886978,가로등
35.198837,126.887238,가로등
35.198936,126.887474,가로등
35.199043,126.887718,가로등
35.199154,126.887985,가로등
35.199253,126.88826,가로등
35.199337,126.888474,가로등
35.199421,126.888741,가로등
35.199532,126.889,가로등
35.199623,126.889244,가로등
35.199718,126.889496,가로등
35.199825,126.889717,가로등
35.17998439,126.938208,가로등
35.200008,126.890228,가로등
35.2001055,126.890495,가로등
35.200008,126.889732,가로등
35.199806,126.889229,가로등
35.199692,126.888962,가로등
35.199604,126.888725,가로등
35.199413,126.888222,가로등
35.199314,126.887985,가로등
35.198032,126.876762,가로등
35.19788,126.877068,가로등
35.197853,126.877357,가로등
35.197849,126.877808,가로등
35.197834,126.878334,가로등
35.197826,126.878883,가로등
35.197819,126.879448,가로등
35.1978,126.880043,가로등
35.197792,126.880539,가로등
35.197781,126.881142,가로등
35.197765,126.88163,가로등
35.197758,126.882164,가로등
35.19775,126.882736,가로등
35.197762,126.883247,가로등
35.197811,126.883713,가로등
35.197895,126.884171,가로등
35.197983,126.884544,가로등
35.197601,126.881889,가로등
35.197613,126.881363,가로등
35.197624,126.880806,가로등
35.197643,126.880211,가로등
35.197643,126.879677,가로등
35.197659,126.879074,가로등
35.19767,126.878601,가로등
35.197674,126.878082,가로등
35.197689,126.877579,가로등
35.197685,126.877052,가로등
35.197586,126.882462,가로등
35.197598,126.883026,가로등
35.19762,126.883484,가로등
35.197708,126.884026,가로등
35.197792,126.88446,가로등
35.19791,126.88485,가로등
35.206554,126.894394,가로등
35.206924,126.894394,가로등
35.207287,126.894379,가로등
35.2076,126.894386,가로등
35.207962,126.894371,가로등
35.208313,126.894394,가로등
35.208687,126.894409,가로등
35.20908,126.894424,가로등
35.209408,126.894432,가로등
35.209816,126.894447,가로등
35.210182,126.89444,가로등
35.207809,126.894577,가로등
35.20779,126.894913,가로등
35.207787,126.895271,가로등
35.207806,126.895599,가로등
35.207779,126.895935,가로등
35.207787,126.896255,가로등
35.207775,126.896614,가로등
35.207779,126.89695,가로등
35.207771,126.897339,가로등
35.206097,126.894379,가로등
35.205643,126.894356,가로등
35.17225932,126.8899354,가로등
35.20462,126.894341,가로등
35.204128,126.894363,가로등
35.203716,126.894333,가로등
35.202942,126.894318,가로등
35.203339,126.894356,가로등
35.202404,126.89431,가로등
35.201962,126.894279,가로등
35.207134,126.894127,가로등
35.207478,126.894188,가로등
35.208115,126.894196,가로등
35.208488,126.894211,가로등
35.208805,126.894196,가로등
35.209217,126.894218,가로등
35.209568,126.894218,가로등
35.209942,126.894226,가로등
35.210232,126.894226,가로등
35.207806,126.894058,가로등
35.207813,126.893768,가로등
35.207825,126.893425,가로등
35.207829,126.893227,가로등
35.207855,126.892929,가로등
35.20784,126.892693,가로등
35.207806,126.89241,가로등
35.207687,126.89209,가로등
35.207596,126.891907,가로등
35.206757,126.89415,가로등
35.206333,126.894127,가로등
35.205791,126.894135,가로등
35.205387,126.894127,가로등
35.205093,126.894112,가로등
35.204865,126.894081,가로등
35.204052,126.894165,가로등
35.203522,126.894104,가로등
35.20306,126.894112,가로등
35.202621,126.894096,가로등
35.202293,126.894089,가로등
35.201752,126.894073,가로등
35.197914,126.864952,가로등
35.197914,126.865318,가로등
35.19791,126.865654,가로등
35.197914,126.866013,가로등
35.197906,126.866371,가로등
35.197956,126.866707,가로등
35.197945,126.867035,가로등
35.197918,126.86734,가로등
35.197926,126.867653,가로등
35.197918,126.868011,가로등
35.19791,126.868416,가로등
35.197914,126.868805,가로등
35.17319475,126.8902305,가로등
35.197918,126.869606,가로등
35.197903,126.869919,가로등
35.197906,126.870255,가로등
35.19791,126.870529,가로등
35.197674,126.870659,가로등
35.197708,126.870567,가로등
35.197712,126.870316,가로등
35.197716,126.870041,가로등
35.19772,126.86972,가로등
35.1976864,126.869449,가로등
35.197723,126.869011,가로등
35.19772,126.868614,가로등
35.19772,126.86821,가로등
35.197712,126.867836,가로등
35.197701,126.867477,가로등
35.197693,126.867149,가로등
35.197659,126.866959,가로등
35.197666,126.866768,가로등
35.197701,126.866394,가로등
35.197689,126.866013,가로등
35.197701,126.865685,가로등
35.197697,126.865341,가로등
35.197693,126.865013,가로등
35.198719,126.864944,가로등
35.198528,126.864922,가로등
35.198341,126.864899,가로등
35.198166,126.864876,가로등
35.19796,126.864845,가로등
35.197773,126.864815,가로등
35.197609,126.864799,가로등
35.19743,126.864784,가로등
35.197254,126.864761,가로등
35.19706,126.864746,가로등
35.198975,126.864975,가로등
35.199165,126.864998,가로등
35.199326,126.865028,가로등
35.199478,126.865044,가로등
35.19968,126.865082,가로등
35.199883,126.865112,가로등
35.200062,126.865135,가로등
35.200207,126.865166,가로등
35.200436,126.865211,가로등
35.200821,126.865311,가로등
35.201008,126.865295,가로등
35.201202,126.865326,가로등
35.201378,126.865356,가로등
35.201546,126.865387,가로등
35.201725,126.865417,가로등
35.201923,126.865456,가로등
35.202457,126.865555,가로등
35.202271,126.865524,가로등
35.202095,126.865486,가로등
35.202644,126.865585,가로등
35.202824,126.865623,가로등
35.203018,126.865685,가로등
35.203197,126.865715,가로등
35.203407,126.865761,가로등
35.203709,126.865829,가로등
35.203991,126.865891,가로등
35.204258,126.865944,가로등
35.204567,126.866005,가로등
35.204849,126.866074,가로등
35.205101,126.866119,가로등
35.205341,126.866165,가로등
35.205635,126.866234,가로등
35.206005,126.866341,가로등
35.206131,126.866714,가로등
35.206112,126.866989,가로등
35.206108,126.867256,가로등
35.206108,126.867584,가로등
35.206097,126.867882,가로등
35.206104,126.868187,가로등
35.205578,126.866074,가로등
35.205261,126.866005,가로등
35.204952,126.865944,가로등
35.204643,126.865883,가로등
35.20433,126.865814,가로등
35.204021,126.865746,가로등
35.203705,126.865685,가로등
35.203384,126.865616,가로등
35.20615,126.866287,가로등
35.206326,126.866333,가로등
35.206261,126.86808,가로등
35.206253,126.86779,가로등
35.206268,126.867493,가로등
35.206318,126.867218,가로등
35.206333,126.866936,가로등
35.206345,126.866661,가로등
35.20649,126.866432,가로등
35.206757,126.866463,가로등
35.206917,126.866356,가로등
35.207035,126.866524,가로등
35.207226,126.866417,가로등
35.20731,126.866577,가로등
35.207539,126.866486,가로등
35.207607,126.866638,가로등
35.207848,126.866547,가로등
35.207874,126.866699,가로등
35.20816,126.866615,가로등
35.208149,126.866753,가로등
35.208462,126.866684,가로등
35.208424,126.866806,가로등
35.208683,126.866867,가로등
35.208782,126.866745,가로등
35.208942,126.866928,가로등
35.209141,126.866959,가로등
35.209332,126.867004,가로등
35.209507,126.867043,가로등
35.209682,126.867073,가로등
35.209873,126.867111,가로등
35.210056,126.867134,가로등
35.210239,126.867157,가로등
35.210426,126.867172,가로등
35.210613,126.867203,가로등
35.2108,126.86721,가로등
35.210983,126.867081,가로등
35.211037,126.867226,가로등
35.211338,126.867241,가로등
35.211338,126.867104,가로등
35.211571,126.867279,가로등
35.211708,126.867111,가로등
35.211899,126.867287,가로등
35.212067,126.867134,가로등
35.21217,126.867294,가로등
35.212402,126.867302,가로등
35.212437,126.867134,가로등
35.212658,126.86731,가로등
35.212784,126.867142,가로등
35.212906,126.867332,가로등
35.211903,126.868019,가로등
35.211693,126.868034,가로등
35.211506,126.868034,가로등
35.211174,126.868042,가로등
35.210991,126.868042,가로등
35.21204,126.867912,가로등
35.212044,126.867706,가로등
35.21204,126.867477,가로등
35.212162,126.868027,가로등
35.212379,126.868095,가로등
35.212582,126.868111,가로등
35.21257,126.868355,가로등
35.212563,126.868576,가로등
35.212742,126.868752,가로등
35.211327,126.86998,가로등
35.212151,126.869957,가로등
35.212376,126.869965,가로등
35.211918,126.869972,가로등
35.211731,126.86998,가로등
35.211578,126.869972,가로등
35.211071,126.869972,가로등
35.210957,126.870209,가로등
35.210957,126.870483,가로등
35.211029,126.870735,가로등
35.211246,126.870735,가로등
35.211479,126.870735,가로등
35.211697,126.870743,가로등
35.211918,126.870827,가로등
35.212105,126.870911,가로등
35.210735,126.870743,가로등
35.210506,126.870743,가로등
35.210293,126.87075,가로등
35.210064,126.870743,가로등
35.209831,126.870743,가로등
35.210861,126.87001,가로등
35.210865,126.869713,가로등
35.210861,126.8694,가로등
35.210857,126.869141,가로등
35.210854,126.868858,가로등
35.210846,126.868591,가로등
35.210846,126.868317,가로등
35.210857,126.870239,가로등
35.210857,126.870514,가로등
35.210857,126.870895,가로등
35.211079,126.870911,가로등
35.211308,126.870903,가로등
35.211529,126.870903,가로등
35.211754,126.870941,가로등
35.211975,126.871033,가로등
35.210625,126.870903,가로등
35.2104,126.870903,가로등
35.210232,126.870903,가로등
35.209991,126.870911,가로등
35.21088,126.871162,가로등
35.210854,126.871414,가로등
35.210831,126.871704,가로등
35.210739,126.872063,가로등
35.210682,126.872292,가로등
35.210758,126.872459,가로등
35.211025,126.872581,가로등
35.211292,126.872704,가로등
35.211498,126.872787,가로등
35.210155,126.871918,가로등
35.210152,126.871674,가로등
35.210159,126.871452,가로등
35.210167,126.871223,가로등
35.210178,126.870995,가로등
35.210144,126.872124,가로등
35.210136,126.872322,가로등
35.1976384,126.870849,가로등
35.1976072,126.8712,가로등
35.2059385,126.890084,가로등
35.2060646,126.889994,가로등
35.20631,126.889847,가로등
35.206493,126.889778,가로등
35.206509,126.889389,가로등
35.20652,126.889091,가로등
35.206551,126.888809,가로등
35.206661,126.888573,가로등
35.206738,126.88842,가로등
35.206921,126.888336,가로등
35.207272,126.88839,가로등
35.205757,126.890289,가로등
35.205578,126.890533,가로등
35.205486,126.890755,가로등
35.205421,126.891144,가로등
35.205402,126.891426,가로등
35.205395,126.891747,가로등
35.205399,126.892082,가로등
35.205383,126.892464,가로등
35.208912,126.889725,가로등
35.208874,126.889435,가로등
35.208839,126.889168,가로등
35.208786,126.888924,가로등
35.20866,126.88871,가로등
35.208405,126.888565,가로등
35.20816,126.888542,가로등
35.207924,126.888542,가로등
35.207623,126.888535,가로등
35.207466,126.888542,가로등
35.207375,126.888817,가로등
35.207397,126.889122,가로등
35.207386,126.889412,가로등
35.207382,126.889732,가로등
35.207375,126.889999,가로등
35.20739,126.890305,가로등
35.207394,126.890579,가로등
35.207371,126.890884,가로등
35.20734,126.891144,가로등
35.207371,126.891441,가로등
35.20747,126.891685,가로등
35.208946,126.89006,가로등
35.208981,126.890312,가로등
35.209141,126.890625,가로등
35.209316,126.890747,가로등
35.209492,126.890839,가로등
35.20969,126.89093,가로등
35.2099,126.891121,가로등
35.210026,126.891258,가로등
35.210171,126.891495,가로등
35.210289,126.891792,가로등
35.210354,126.892036,가로등
35.210369,126.892342,가로등
35.210361,126.892609,가로등
35.210339,126.892845,가로등
35.210365,126.89312,가로등
35.210358,126.893478,가로등
35.210354,126.893753,가로등
35.21035,126.894043,가로등
35.211201,126.897827,가로등
35.211544,126.897827,가로등
35.211926,126.897812,가로등
35.212318,126.89782,가로등
35.212723,126.897827,가로등
35.213062,126.897835,가로등
35.213295,126.897835,가로등
35.213715,126.897842,가로등
35.214092,126.89785,가로등
35.214474,126.897873,가로등
35.213814,126.898781,가로등
35.213821,126.898453,가로등
35.213818,126.898109,가로등
35.213795,126.899109,가로등
35.213993,126.899223,가로등
35.214363,126.899193,가로등
35.214584,126.899216,가로등
35.210835,126.897835,가로등
35.210548,126.89782,가로등
35.210155,126.897781,가로등
35.209862,126.897758,가로등
35.209522,126.897781,가로등
35.209179,126.897751,가로등
35.208855,126.897743,가로등
35.208447,126.897743,가로등
35.208073,126.897743,가로등
35.207569,126.897736,가로등
35.207127,126.897713,가로등
35.206909,126.897705,가로등
35.206562,126.897728,가로등
35.206139,126.897736,가로등
35.205837,126.897697,가로등
35.211044,126.897614,가로등
35.210709,126.897621,가로등
35.210033,126.897598,가로등
35.209698,126.897598,가로등
35.209335,126.897568,가로등
35.208996,126.89756,가로등
35.208668,126.897575,가로등
35.208275,126.89756,가로등
35.207905,126.897583,가로등
35.207455,126.897537,가로등
35.207119,126.897507,가로등
35.206764,126.89753,가로등
35.206451,126.897545,가로등
35.206097,126.897507,가로등
35.211384,126.897568,가로등
35.211761,126.897598,가로등
35.212112,126.897636,가로등
35.212521,126.897644,가로등
35.212902,126.897652,가로등
35.213177,126.897659,가로등
35.213558,126.897652,가로등
35.214008,126.897675,가로등
35.214287,126.897675,가로등
35.214638,126.897682,가로등
35.210266,126.89875,가로등
35.210251,126.899185,가로등
35.210247,126.899574,가로등
35.210224,126.900024,가로등
35.210224,126.900475,가로등
35.210236,126.900909,가로등
35.210388,126.900696,가로등
35.210434,126.900253,가로등
35.210407,126.899818,가로등
35.210419,126.899422,가로등
35.210083,126.899361,가로등
35.20985,126.89933,가로등
35.209545,126.899338,가로등
35.209259,126.899338,가로등
35.208931,126.899315,가로등
35.208729,126.899345,가로등
35.208355,126.899323,가로등
35.208073,126.899323,가로등
35.20787,126.899315,가로등
35.207737,126.899155,가로등
35.207737,126.898834,가로등
35.207745,126.898422,가로등
35.207745,126.898163,가로등
35.207764,126.897842,가로등
35.210274,126.897957,가로등
35.210262,126.898308,가로등
35.210438,126.898964,가로등
35.210403,126.898506,가로등
35.210415,126.898064,가로등
35.210445,126.897476,가로등
35.210274,126.897346,가로등
35.210434,126.897125,가로등
35.210274,126.896927,가로등
35.210449,126.896698,가로등
35.210293,126.896461,가로등
35.210476,126.89624,가로등
35.210297,126.896019,가로등
35.210468,126.895813,가로등
35.210304,126.895592,가로등
35.210457,126.895348,가로등
35.210304,126.895149,가로등
35.210476,126.89492,가로등
35.210308,126.894684,가로등
35.210464,126.894585,가로등
35.210457,126.894188,가로등
35.210766,126.894348,가로등
35.211037,126.894363,가로등
35.211319,126.894348,가로등
35.211681,126.894379,가로등
35.210697,126.894257,가로등
35.210709,126.89399,가로등
35.210712,126.89373,가로등
35.210709,126.893394,가로등
35.210724,126.893082,가로등
35.20631,126.869736,가로등
35.206299,126.869675,가로등
35.206295,126.869003,가로등
35.206257,126.868393,가로등
35.206131,126.868568,가로등
35.206318,126.870094,가로등
35.206345,126.870636,가로등
35.206352,126.870811,가로등
35.206371,126.871132,가로등
35.206409,126.871544,가로등
35.206432,126.871925,가로등
35.20644,126.872238,가로등
35.206455,126.872559,가로등
35.206482,126.872887,가로등
35.20649,126.873055,가로등
35.206161,126.869179,가로등
35.206177,126.869781,가로등
35.206177,126.869827,가로등
35.206203,126.870461,가로등
35.206226,126.870926,가로등
35.206249,126.871239,가로등
35.206257,126.871445,가로등
35.206272,126.871689,가로등
35.208885,126.87397,가로등
35.209167,126.874023,가로등
35.209377,126.874069,가로등
35.209572,126.874107,가로등
35.209812,126.874153,가로등
35.210049,126.874207,가로등
35.210258,126.874245,가로등
35.210487,126.87429,가로등
35.210716,126.874329,가로등
35.210964,126.87439,가로등
35.208603,126.873917,가로등
35.208248,126.873848,가로등
35.208031,126.873795,가로등
35.207821,126.873756,가로등
35.207581,126.873711,가로등
35.207355,126.873672,가로등
35.207142,126.873627,가로등
35.206932,126.873581,가로등
35.206688,126.87355,가로등
35.20652,126.87365,가로등
35.208336,126.873589,가로등
35.208599,126.873665,가로등
35.208839,126.873703,가로등
35.209057,126.873734,가로등
35.209282,126.873795,가로등
35.209503,126.873848,가로등
35.209679,126.873871,가로등
35.209949,126.873909,가로등
35.208145,126.873566,가로등
35.207897,126.873505,가로등
35.207733,126.873474,가로등
35.207512,126.873444,가로등
35.207314,126.873405,가로등
35.207058,126.873337,가로등
35.206818,126.873291,가로등
35.206577,126.873245,가로등
35.206326,126.87323,가로등
35.206139,126.873291,가로등
35.205894,126.873322,가로등
35.205673,126.873352,가로등
35.205494,126.873367,가로등
35.205391,126.873383,가로등
35.205307,126.873398,가로등
35.210403,126.874001,가로등
35.210678,126.874069,가로등
35.2108736,126.874098,가로등
35.211071,126.873993,가로등
35.211144,126.874087,가로등
35.2110449,126.874109,가로등
35.210171,126.873962,가로등
35.210079,126.873886,가로등
35.210087,126.87365,가로등
35.210102,126.873352,가로등
35.21011,126.873085,가로등
35.210106,126.872871,가로등
35.210125,126.872528,가로등
35.212154,126.871193,가로등
35.212288,126.870789,가로등
35.212246,126.870918,가로등
35.212334,126.870651,가로등
35.21244,126.8703,가로등
35.212585,126.869904,가로등
35.21273,126.869484,가로등
35.212849,126.86908,가로등
35.21299,126.868675,가로등
35.2131,126.868279,가로등
35.212032,126.871559,가로등
35.211918,126.871948,가로등
35.211773,126.872368,가로등
35.211643,126.872757,가로등
35.211502,126.873184,가로등
35.211384,126.873581,가로등
35.211224,126.873894,가로등
35.212437,126.871498,가로등
35.212303,126.87191,가로등
35.212166,126.872322,가로등
35.212032,126.872726,가로등
35.211899,126.873131,가로등
35.211769,126.873535,가로등
35.212608,126.871361,가로등
35.212856,126.871407,가로등
35.213093,126.871475,가로등
35.213364,126.871513,가로등
35.212566,126.871109,가로등
35.212692,126.870689,가로등
35.212837,126.870277,가로등
35.212971,126.869881,가로등
35.213112,126.869469,가로등
35.213253,126.869041,가로등
35.213379,126.868645,가로등
35.213497,126.868248,가로등
35.211494,126.874214,가로등
35.211617,126.874252,가로등
35.211578,126.873917,가로등
35.211845,126.874283,가로등
35.212063,126.874321,가로등
35.212101,126.874229,가로등
35.211887,126.874001,가로등
35.212543,126.874474,가로등
35.212345,126.874329,가로등
35.21278,126.874611,가로등
35.21299,126.874718,가로등
35.21323,126.874863,가로등
35.213398,126.874985,가로등
35.2136,126.875099,가로등
35.213791,126.875221,가로등
35.213993,126.875343,가로등
35.214001,126.875648,가로등
35.213799,126.875534,가로등
35.2136,126.875404,가로등
35.213428,126.875298,가로등
35.213203,126.875168,가로등
35.213013,126.875038,가로등
35.212814,126.874939,가로등
35.212624,126.874809,가로등
35.212429,126.874687,가로등
35.212284,126.874672,가로등
35.212189,126.874619,가로등
35.211941,126.874573,가로등
35.211555,126.874512,가로등
35.211334,126.874466,가로등
35.211147,126.874489,가로등
35.214287,126.875847,가로등
35.214508,126.875969,가로등
35.214695,126.876099,가로등
35.214893,126.876205,가로등
35.215103,126.876335,가로등
35.215332,126.876503,가로등
35.2155904,126.876683,가로등
35.2155137,126.876634,가로등
35.21571,126.876724,가로등
35.172956,126.890357,가로등
35.214905,126.875275,가로등
35.214844,126.875473,가로등
35.214779,126.875717,가로등
35.214981,126.875023,가로등
35.215046,126.874779,가로등
35.215126,126.874527,가로등
35.215214,126.874268,가로등
35.215279,126.874054,가로등
35.215248,126.873825,가로등
35.215069,126.873726,가로등
35.214909,126.873634,가로등
35.215088,126.875221,가로등
35.21529,126.875343,가로등
35.215473,126.87545,가로등
35.215672,126.875595,가로등
35.215878,126.875702,가로등
35.216866,126.877213,가로등
35.216736,126.877136,가로등
35.216621,126.877068,가로등
35.216499,126.877014,가로등
35.216381,126.876938,가로등
35.216286,126.876884,가로등
35.216145,126.876785,가로등
35.216003,126.876717,가로등
35.21587,126.876633,가로등
35.215763,126.876564,가로등
35.215588,126.876457,가로등
35.215004,126.875984,가로등
35.17278488,126.8905055,가로등
35.215199,126.876091,가로등
35.215374,126.876205,가로등
35.214813,126.875854,가로등
35.214642,126.875763,가로등
35.214401,126.87561,가로등
35.216286,126.877075,가로등
35.216251,126.87706,가로등
35.216061,126.876945,가로등
35.216492,126.877205,가로등
35.216675,126.877319,가로등
35.216789,126.877457,가로등
35.217052,126.877556,가로등
35.217255,126.87767,가로등
35.217365,126.877792,가로등
35.217449,126.87809,가로등
35.217636,126.878029,가로등
35.217712,126.877991,가로등
35.217899,126.878113,가로등
35.218109,126.878258,가로등
35.218285,126.878372,가로등
35.218472,126.878487,가로등
35.218838,126.878746,가로등
35.219002,126.878868,가로등
35.219234,126.879013,가로등
35.219421,126.879135,가로등
35.21962,126.879265,가로등
35.21981,126.879379,가로등
35.220009,126.879501,가로등
35.220226,126.879616,가로등
35.220436,126.879753,가로등
35.220661,126.879898,가로등
35.220661,126.880112,가로등
35.220844,126.880272,가로등
35.2174894,126.876112,가로등
35.2174783,126.876282,가로등
35.2174762,126.876477,가로등
35.2174697,126.876672,가로등
35.2174563,126.876842,가로등
35.2174587,126.876999,가로등
35.2174409,126.877174,가로등
35.2174411,126.877361,가로등
35.2175336,126.877534,가로등
35.2175492,126.877353,가로등
35.217549,126.877169,가로등
35.2175511,126.876982,가로등
35.2175577,126.87682,가로등
35.2175776,126.876471,가로등
35.2175797,126.87629,가로등
35.217584,126.876111,가로등
35.2176018,126.875889,가로등
35.2175992,126.875548,가로등
35.2175091,126.875573,가로등
35.2175004,126.875864,가로등
35.217468,126.875694,가로등
35.217297,126.875679,가로등
35.217102,126.875656,가로등
35.216934,126.87574,가로등
35.216923,126.875992,가로등
35.216911,126.876259,가로등
35.21682,126.876297,가로등
35.21666,126.87619,가로등
35.216461,126.876068,가로등
35.216267,126.875938,가로등
35.216076,126.875832,가로등
35.21701,126.877274,가로등
35.217182,126.877373,가로등
35.217319,126.877449,가로등
35.2175518,126.877635,가로등
35.217802,126.877794,가로등
35.21804,126.877914,가로등
35.218201,126.878021,가로등
35.218369,126.878143,가로등
35.218529,126.87825,가로등
35.218792,126.878418,가로등
35.192635,126.904533,가로등
35.19297,126.90448,가로등
35.193295,126.904427,가로등
35.193611,126.904381,가로등
35.19397,126.904343,가로등
35.194355,126.904312,가로등
35.194771,126.904243,가로등
35.195305,126.904251,가로등
35.195721,126.904083,가로등
35.196064,126.903893,가로등
35.196369,126.903725,가로등
35.196743,126.903679,가로등
35.19706,126.903702,가로등
35.197491,126.903709,가로등
35.197933,126.90374,가로등
35.198273,126.903748,가로등
35.189571,126.905617,가로등
35.189812,126.905632,가로등
35.189941,126.905876,가로등
35.189945,126.906235,가로등
35.18996,126.906616,가로등
35.189987,126.906929,가로등
35.190094,126.907318,가로등
35.19014,126.907593,가로등
35.190163,126.907913,가로등
35.190189,126.908226,가로등
35.190201,126.908531,가로등
35.190212,126.908852,가로등
35.190365,126.908997,가로등
35.190357,126.908691,가로등
35.190342,126.908356,가로등
35.190319,126.908035,가로등
35.1903,126.907707,가로등
35.190266,126.907425,가로등
35.190197,126.907135,가로등
35.190117,126.906769,가로등
35.190102,126.906441,가로등
35.19009,126.90609,가로등
35.190079,126.905731,가로등
35.190216,126.90554,가로등
35.190563,126.905457,가로등
35.190868,126.905373,가로등
35.191193,126.905281,가로등
35.191486,126.905121,가로등
35.191818,126.904961,가로등
35.191963,126.904846,가로등
35.192265,126.904709,가로등
35.196556,126.903511,가로등
35.196186,126.903618,가로등
35.195904,126.90374,가로등
35.195503,126.903931,가로등
35.195076,126.904007,가로등
35.194759,126.904068,가로등
35.194496,126.904091,가로등
35.194134,126.904137,가로등
35.193783,126.90419,가로등
35.193459,126.904228,가로등
35.193119,126.904266,가로등
35.19281,126.90432,가로등
35.196552,126.900253,가로등
35.196568,126.900589,가로등
35.196579,126.900963,가로등
35.196617,126.901283,가로등
35.196644,126.901581,가로등
35.196674,126.901924,가로등
35.196709,126.902252,가로등
35.196732,126.902588,가로등
35.196743,126.902893,가로등
35.19677,126.90332,가로등
35.19685,126.902657,가로등
35.196831,126.902382,가로등
35.1968,126.902039,가로등
35.196774,126.901711,가로등
35.196747,126.901405,가로등
35.196728,126.9011,가로등
35.196693,126.900742,가로등
35.196682,126.900497,가로등
35.196682,126.900368,가로등
35.196678,126.9002,가로등
35.194286,126.899788,가로등
35.194527,126.899879,가로등
35.19482,126.89994,가로등
35.195057,126.899971,가로등
35.195335,126.900009,가로등
35.195538,126.900047,가로등
35.195759,126.900078,가로등
35.19585,126.900078,가로등
35.196022,126.900093,가로등
35.196404,126.900108,가로등
35.196747,126.90007,가로등
35.19698,126.900063,가로등
35.197201,126.900063,가로등
35.197426,126.900047,가로등
35.197685,126.90004,가로등
35.197899,126.900047,가로등
35.198254,126.90004,가로등
35.198471,126.90004,가로등
35.198681,126.900055,가로등
35.199368,126.900894,가로등
35.199566,126.90123,가로등
35.199791,126.901657,가로등
35.199951,126.901978,가로등
35.200119,126.90229,가로등
35.200333,126.902679,가로등
35.17263627,126.8906319,가로등
35.17245614,126.8907913,가로등
35.18678547,126.9130849,가로등
35.2050246,126.858447,가로등
35.20986535,126.8709344,가로등
35.2050333,126.858162,가로등
35.2050397,126.857898,가로등
35.2050394,126.857645,가로등
35.17861645,126.8953747,가로등
35.200352,126.902916,가로등
35.200012,126.90303,가로등
35.199661,126.903137,가로등
35.199318,126.903275,가로등
35.19899,126.903389,가로등
35.198742,126.903488,가로등
35.198429,126.903534,가로등
35.19809,126.903549,가로등
35.197712,126.903534,가로등
35.197357,126.903534,가로등
35.196976,126.903496,가로등
35.199055,126.901726,가로등
35.199306,126.901672,가로등
35.199638,126.901566,가로등
35.200207,126.901337,가로등
35.200512,126.901215,가로등
35.201008,126.901039,가로등
35.201344,126.900902,가로등
35.201694,126.900772,가로등
35.202122,126.900604,가로등
35.202374,126.900505,가로등
35.198776,126.901566,가로등
35.199131,126.901566,가로등
35.199444,126.901451,가로등
35.200024,126.90123,가로등
35.20034,126.901123,가로등
35.200771,126.900948,가로등
35.200951,126.90081,가로등
35.200874,126.900467,가로등
35.200813,126.900185,가로등
35.200737,126.899933,가로등
35.201107,126.900818,가로등
35.201466,126.900688,가로등
35.201767,126.900574,가로등
35.202148,126.900436,가로등
35.202484,126.900307,가로등
35.202759,126.900337,가로등
35.202919,126.900314,가로등
35.202873,126.900154,가로등
35.200565,126.902519,가로등
35.200409,126.902229,가로등
35.200222,126.901863,가로등
35.200058,126.901573,가로등
35.199806,126.9011,가로등
35.199608,126.900749,가로등
35.199436,126.900429,가로등
35.199287,126.900162,가로등
35.199348,126.899994,가로등
35.199429,126.900032,가로등
35.199596,126.899986,가로등
35.199875,126.899925,가로등
35.200199,126.899834,가로등
35.200489,126.899719,가로등
35.200794,126.89959,가로등
35.201099,126.899483,가로등
35.201405,126.899368,가로등
35.201675,126.899254,가로등
35.201984,126.899147,가로등
35.202267,126.899033,가로등
35.20253,126.898933,가로등
35.202686,126.899033,가로등
35.202747,126.899277,가로등
35.202831,126.899612,가로등
35.202923,126.899986,가로등
35.203022,126.900391,가로등
35.203091,126.900772,가로등
35.203194,126.901169,가로등
35.203308,126.901566,가로등
35.198635,126.903717,가로등
35.19891,126.903603,가로등
35.199177,126.903526,가로등
35.199482,126.903397,가로등
35.199829,126.903282,가로등
35.20018,126.903183,가로등
35.200577,126.90303,가로등
35.200806,126.902962,가로등
35.201122,126.902824,가로등
35.201385,126.902756,가로등
35.201653,126.902679,가로등
35.201927,126.902596,가로등
35.202175,126.902542,가로등
35.202454,126.902519,가로등
35.202831,126.902534,가로등
35.203217,126.90258,가로등
35.203575,126.902626,가로등
35.20393,126.902611,가로등
35.20438,126.902214,가로등
35.204762,126.901901,가로등
35.20499,126.901665,가로등
35.198071,126.899773,가로등
35.197773,126.899773,가로등
35.19751,126.899757,가로등
35.197227,126.899765,가로등
35.19696,126.899803,가로등
35.19672,126.899803,가로등
35.196281,126.898018,가로등
35.1964,126.898277,가로등
35.196457,126.898544,가로등
35.196491,126.898834,가로등
35.196529,126.899086,가로등
35.196541,126.899399,가로등
35.196552,126.899727,가로등
35.196449,126.899818,가로등
35.196236,126.899811,가로등
35.196007,126.899811,가로등
35.195816,126.899811,가로등
35.195587,126.899765,가로등
35.195297,126.899734,가로등
35.195068,126.899704,가로등
35.194801,126.899681,가로등
35.194504,126.899612,가로등
35.193783,126.899071,가로등
35.194,126.8993,가로등
35.194206,126.89946,가로등
35.196037,126.900223,가로등
35.196049,126.90049,가로등
35.195938,126.900864,가로등
35.195728,126.900948,가로등
35.198399,126.89975,가로등
35.1987,126.899757,가로등
35.198978,126.899765,가로등
35.199261,126.89975,가로등
35.199417,126.899719,가로등
35.199558,126.899727,가로등
35.199841,126.899681,가로등
35.200119,126.899582,가로등
35.200432,126.899452,가로등
35.200722,126.899338,가로등
35.201046,126.8992,가로등
35.201313,126.899124,가로등
35.201611,126.899002,가로등
35.2019,126.898895,가로등
35.202175,126.898788,가로등
35.202438,126.898682,가로등
35.20063,126.896042,가로등
35.200657,126.8964,가로등
35.200687,126.896782,가로등
35.200706,126.897041,가로등
35.20076,126.897369,가로등
35.200836,126.897675,가로등
35.200928,126.898033,가로등
35.201008,126.898369,가로등
35.201099,126.898689,가로등
35.201183,126.898994,가로등
35.19994,126.897263,가로등
35.199638,126.897339,가로등
35.199665,126.897682,가로등
35.199722,126.898048,가로등
35.199783,126.898415,가로등
35.199837,126.898758,가로등
35.199856,126.899086,가로등
35.201675,126.895653,가로등
35.201374,126.895737,가로등
35.201157,126.895767,가로등
35.200905,126.895767,가로등
35.200657,126.895798,가로등
35.20097,126.897743,가로등
35.20121,126.897659,가로등
35.201439,126.897568,가로등
35.20163,126.897499,가로등
35.201809,126.89743,가로등
35.202007,126.897354,가로등
35.202129,126.897301,가로등
35.198051,126.863289,가로등
35.19825,126.863342,가로등
35.198544,126.863388,가로등
35.198883,126.863449,가로등
35.199142,126.86351,가로등
35.199425,126.863571,가로등
35.199692,126.863602,가로등
35.199944,126.863655,가로등
35.200176,126.863716,가로등
35.200466,126.863762,가로등
35.200535,126.863831,가로등
35.200573,126.86409,가로등
35.200573,126.864433,가로등
35.200508,126.863434,가로등
35.200233,126.863457,가로등
35.199997,126.863403,가로등
35.199757,126.863365,가로등
35.199482,126.863304,가로등
35.199192,126.863235,가로등
35.198898,126.863197,가로등
35.198582,126.863121,가로등
35.198292,126.863068,가로등
35.198025,126.863022,가로등
35.197533,126.862999,가로등
35.194622,126.861748,가로등
35.194736,126.86187,가로등
35.194878,126.862022,가로등
35.195053,126.862206,가로등
35.195217,126.862305,가로등
35.195385,126.862419,가로등
35.195614,126.862549,가로등
35.195812,126.862625,가로등
35.195992,126.862701,가로등
35.196194,126.862747,가로등
35.196384,126.862793,가로등
35.196579,126.862808,가로등
35.196785,126.862854,가로등
35.196972,126.862892,가로등
35.19717,126.862938,가로등
35.197369,126.862968,가로등
35.197903,126.863884,가로등
35.197899,126.863564,가로등
35.197933,126.863319,가로등
35.197922,126.862999,가로등
35.197903,126.862595,가로등
35.197899,126.862267,가로등
35.197895,126.861908,가로등
35.19788,126.861542,가로등
35.197876,126.861359,가로등
35.197906,126.861008,가로등
35.197979,126.860619,가로등
35.198082,126.860222,가로등
35.19828,126.859917,가로등
35.198563,126.85952,가로등
35.198803,126.859238,가로등
35.199162,126.859062,가로등
35.199429,126.858948,가로등
35.199688,126.858902,가로등
35.200035,126.858887,가로등
35.20034,126.858902,가로등
35.197678,126.863869,가로등
35.197681,126.863533,가로등
35.197693,126.863228,가로등
35.197659,126.862976,가로등
35.197678,126.86261,가로등
35.197681,126.862274,가로등
35.197689,126.861885,가로등
35.197697,126.861526,가로등
35.197716,126.861,가로등
35.197819,126.860542,가로등
35.197945,126.860168,가로등
35.198154,126.859741,가로등
35.198421,126.859383,가로등
35.198708,126.8591,가로등
35.199085,126.858856,가로등
35.199371,126.858749,가로등
35.199707,126.858658,가로등
35.200047,126.858627,가로등
35.200333,126.858635,가로등
35.200546,126.859169,가로등
35.20055,126.859421,가로등
35.20055,126.859779,가로등
35.200542,126.860138,가로등
35.200512,126.860397,가로등
35.200523,126.860634,가로등
35.200535,126.860878,가로등
35.200558,126.861328,가로등
35.2005653,126.8616218,가로등
35.200562,126.8619812,가로등
35.200569,126.862343,가로등
35.200554,126.862785,가로등
35.20055,126.86322,가로등
35.200752,126.863197,가로등
35.200756,126.86277,가로등
35.200756,126.862343,가로등
35.200756,126.861961,가로등
35.200748,126.861351,가로등
35.200752,126.86087,가로등
35.200771,126.860603,가로등
35.200779,126.860405,가로등
35.200752,126.860153,가로등
35.200756,126.85984,가로등
35.200764,126.859451,가로등
35.20076,126.859161,가로등
35.206322,126.865936,가로등
35.206631,126.865959,가로등
35.206882,126.866005,가로등
35.206917,126.86615,가로등
35.207153,126.866074,가로등
35.207226,126.866211,가로등
35.20742,126.866135,가로등
35.207546,126.86628,가로등
35.207695,126.866188,가로등
35.207859,126.866356,가로등
35.207962,126.866234,가로등
35.208176,126.866417,가로등
35.208237,126.866302,가로등
35.208488,126.866356,가로등
35.208492,126.866486,가로등
35.208752,126.866402,가로등
35.208794,126.866547,가로등
35.200768,126.864685,가로등
35.200882,126.864838,가로등
35.201084,126.864853,가로등
35.20126,126.864891,가로등
35.201435,126.864899,가로등
35.201607,126.864937,가로등
35.201786,126.864967,가로등
35.201962,126.865005,가로등
35.202129,126.865044,가로등
35.202324,126.865074,가로등
35.202503,126.865105,가로등
35.202671,126.865143,가로등
35.202866,126.865173,가로등
35.203037,126.865204,가로등
35.203209,126.865227,가로등
35.203445,126.865273,가로등
35.203423,126.865417,가로등
35.203728,126.865341,가로등
35.203739,126.865486,가로등
35.204002,126.865402,가로등
35.204048,126.865547,가로등
35.204273,126.865456,가로등
35.20435,126.865608,가로등
35.204536,126.865524,가로등
35.204666,126.865669,가로등
35.204807,126.86557,가로등
35.204967,126.865738,가로등
35.205093,126.865631,가로등
35.205276,126.865799,가로등
35.205341,126.865692,가로등
35.205593,126.865738,가로등
35.205597,126.865868,가로등
35.205887,126.865791,가로등
35.206142,126.865883,가로등
35.197132,126.864288,가로등
35.19733,126.864304,가로등
35.197491,126.864319,가로등
35.197655,126.864349,가로등
35.197838,126.864372,가로등
35.198032,126.864403,가로등
35.198212,126.864418,가로등
35.198402,126.864449,가로등
35.198589,126.864471,가로등
35.198734,126.864494,가로등
35.198948,126.864525,가로등
35.19915,126.864548,가로등
35.199337,126.864578,가로등
35.199528,126.864616,가로등
35.199715,126.864632,가로등
35.199883,126.864662,가로등
35.200058,126.864693,가로등
35.200245,126.864723,가로등
35.200485,126.864708,가로등
35.200939,126.858887,가로등
35.201225,126.858887,가로등
35.201508,126.858887,가로등
35.201836,126.858871,가로등
35.20216,126.858879,가로등
35.202522,126.858879,가로등
35.202824,126.858871,가로등
35.202976,126.858887,가로등
35.203232,126.858871,가로등
35.203495,126.858871,가로등
35.203876,126.858871,가로등
35.2043,126.858864,가로등
35.204613,126.858871,가로등
35.204899,126.85891,가로등
35.206146,126.856781,가로등
35.206123,126.857216,가로등
35.206116,126.857574,가로등
35.206116,126.857933,가로등
35.20612,126.858269,가로등
35.206085,126.858566,가로등
35.205921,126.85862,가로등
35.205688,126.858612,가로등
35.205399,126.858612,가로등
35.205124,126.858635,가로등
35.205063,126.858627,가로등
35.204899,126.858597,가로등
35.204605,126.858635,가로등
35.2043,126.858635,가로등
35.203972,126.858658,가로등
35.203541,126.858643,가로등
35.203259,126.85865,가로등
35.202969,126.858658,가로등
35.202549,126.85865,가로등
35.202217,126.85865,가로등
35.201859,126.85865,가로등
35.201542,126.858643,가로등
35.201221,126.858635,가로등
35.200928,126.85862,가로등
35.200702,126.8586013,가로등
35.200508,126.858604,가로등
35.20052,126.85894,가로등
35.200768,126.858963,가로등
35.200684,126.858437,가로등
35.200684,126.858185,가로등
35.20068,126.857948,가로등
35.200687,126.857712,가로등
35.200657,126.857338,가로등
35.200661,126.856995,가로등
35.200798,126.857544,가로등
35.201,126.857536,가로등
35.201176,126.857536,가로등
35.201408,126.857536,가로등
35.201641,126.857544,가로등
35.20182,126.857536,가로등
35.201996,126.857536,가로등
35.202187,126.857544,가로등
35.202381,126.857529,가로등
35.202602,126.857536,가로등
35.202835,126.857536,가로등
35.203007,126.857536,가로등
35.203224,126.857536,가로등
35.203426,126.857529,가로등
35.203632,126.857536,가로등
35.203819,126.857536,가로등
35.20401,126.857544,가로등
35.204227,126.857529,가로등
35.204414,126.857529,가로등
35.204609,126.857529,가로등
35.204857,126.857529,가로등
35.204933,126.857758,가로등
35.204933,126.857986,가로등
35.204937,126.858238,가로등
35.204937,126.858452,가로등
35.199127,126.863014,가로등
35.199146,126.862778,가로등
35.199154,126.862396,가로등
35.199146,126.862114,가로등
35.199142,126.861671,가로등
35.199154,126.861374,가로등
35.19923,126.861069,가로등
35.199383,126.860809,가로등
35.199585,126.860641,가로등
35.199863,126.860565,가로등
35.200119,126.860573,가로등
35.200378,126.860565,가로등
35.200863,126.860542,가로등
35.201038,126.860558,가로등
35.201267,126.860558,가로등
35.201447,126.860542,가로등
35.201668,126.86055,가로등
35.201862,126.86055,가로등
35.202065,126.860542,가로등
35.202255,126.860542,가로등
35.202446,126.86055,가로등
35.202637,126.860558,가로등
35.202843,126.86055,가로등
35.203041,126.860565,가로등
35.20327,126.86055,가로등
35.203472,126.860558,가로등
35.203667,126.860558,가로등
35.203842,126.86055,가로등
35.204025,126.860542,가로등
35.204239,126.86055,가로등
35.204414,126.86055,가로등
35.204609,126.860535,가로등
35.204819,126.860542,가로등
35.200871,126.862694,가로등
35.201042,126.862679,가로등
35.201225,126.862694,가로등
35.17870422,126.8952456,가로등
35.2014081,126.8626957,가로등
35.201591,126.862701,가로등
35.201775,126.862694,가로등
35.201958,126.862701,가로등
35.202183,126.862701,가로등
35.202393,126.862694,가로등
35.20261,126.862679,가로등
35.202812,126.862679,가로등
35.203033,126.862694,가로등
35.203247,126.862686,가로등
35.203434,126.862686,가로등
35.203625,126.862686,가로등
35.203819,126.862694,가로등
35.204025,126.862679,가로등
35.204227,126.862686,가로등
35.204433,126.862694,가로등
35.204674,126.862686,가로등
35.204838,126.862694,가로등
35.205055,126.858917,가로등
35.205013,126.859314,가로등
35.205025,126.859596,가로등
35.205029,126.859962,가로등
35.205017,126.860283,가로등
35.205025,126.860588,가로등
35.205032,126.860901,가로등
35.205029,126.861221,가로등
35.205032,126.861534,가로등
35.205025,126.861862,가로등
35.205025,126.862152,가로등
35.205036,126.862465,가로등
35.205029,126.862801,가로등
35.205032,126.863121,가로등
35.205032,126.863472,가로등
35.205029,126.86377,가로등
35.205032,126.864098,가로등
35.200752,126.864426,가로등
35.200752,126.864067,가로등
35.200798,126.863869,가로등
35.200951,126.863861,가로등
35.201195,126.863922,가로등
35.20153,126.86393,가로등
35.20192,126.864006,가로등
35.202362,126.864082,가로등
35.202755,126.864151,가로등
35.203175,126.864243,가로등
35.203541,126.864334,가로등
35.203983,126.864403,가로등
35.204319,126.864464,가로등
35.204636,126.864479,가로등
35.204979,126.864479,가로등
35.205235,126.864471,가로등
35.205555,126.864487,가로등
35.205914,126.864517,가로등
35.18035147,126.9122821,가로등
35.206127,126.864708,가로등
35.20612,126.865051,가로등
35.206123,126.865372,가로등
35.206078,126.865715,가로등
35.20462,126.86425,가로등
35.204891,126.864204,가로등
35.204384,126.864235,가로등
35.204002,126.864227,가로등
35.203602,126.864143,가로등
35.203217,126.864075,가로등
35.202793,126.863991,가로등
35.202396,126.863892,가로등
35.201973,126.863815,가로등
35.201561,126.863747,가로등
35.201271,126.863678,가로등
35.200974,126.863586,가로등
35.200779,126.863548,가로등
35.18045262,126.9119416,가로등
35.1806035,126.911796,가로등
35.200203,126.890244,가로등
35.199924,126.889984,가로등
35.17668176,126.8794509,가로등
35.212643,126.90097,가로등
35.212849,126.900978,가로등
35.213127,126.90097,가로등
35.213436,126.901016,가로등
35.213726,126.901115,가로등
35.214008,126.901176,가로등
35.214291,126.901268,가로등
35.214535,126.901306,가로등
35.214626,126.9011,가로등
35.214684,126.900635,가로등
35.21471,126.900261,가로등
35.214737,126.89991,가로등
35.214767,126.899574,가로등
35.214775,126.899368,가로등
35.214809,126.898964,가로등
35.214848,126.898674,가로등
35.214825,126.898323,가로등
35.214787,126.89798,가로등
35.212303,126.900978,가로등
35.212116,126.901016,가로등
35.211903,126.901016,가로등
35.211632,126.901016,가로등
35.211361,126.901047,가로등
35.211063,126.901024,가로등
35.210785,126.901039,가로등
35.210506,126.901062,가로등
35.16921195,126.9109164,가로등
35.17293299,126.8574329,가로등
35.1730992,126.857053,가로등
35.212433,126.90081,가로등
35.21244,126.900543,가로등
35.212444,126.900261,가로등
35.212452,126.899963,가로등
35.212444,126.899673,가로등
35.212448,126.89946,가로등
35.21244,126.899117,가로등
35.212456,126.898819,가로등
35.212475,126.898529,가로등
35.212467,126.898232,가로등
35.212456,126.897942,가로등
35.214855,126.901138,가로등
35.214882,126.900818,가로등
35.214924,126.900406,가로등
35.214962,126.900063,가로등
35.214993,126.899681,가로등
35.215012,126.899414,가로등
35.215042,126.899078,가로등
35.215061,126.898666,가로등
35.215042,126.8983,가로등
35.215012,126.897957,가로등
35.214981,126.89772,가로등
35.214436,126.905273,가로등
35.214481,126.905548,가로등
35.2145,126.905922,가로등
35.214535,126.906319,가로등
35.214554,126.906754,가로등
35.214569,126.906937,가로등
35.214596,126.907249,가로등
35.2146,126.907516,가로등
35.214611,126.907814,가로등
35.214561,126.908279,가로등
35.214447,126.904823,가로등
35.214417,126.90461,가로등
35.214413,126.904221,가로등
35.214424,126.903938,가로등
35.214424,126.903625,가로등
35.214443,126.90329,가로등
35.214474,126.902969,가로등
35.214489,126.902626,가로등
35.214516,126.902298,가로등
35.214539,126.901985,가로등
35.214413,126.901649,가로등
35.214581,126.901695,가로등
35.214554,126.908875,가로등
35.214592,126.908562,가로등
35.21463,126.908371,가로등
35.214634,126.908745,가로등
35.214622,126.909088,가로등
35.214523,126.909271,가로등
35.214466,126.909569,가로등
35.214424,126.909943,가로등
35.214355,126.910263,가로등
35.21431,126.910423,가로등
35.214176,126.911125,가로등
35.214146,126.911461,가로등
35.214081,126.911766,가로등
35.214031,126.91214,가로등
35.214188,126.912415,가로등
35.214436,126.912521,가로등
35.2146,126.909431,가로등
35.214565,126.909805,가로등
35.214535,126.910133,가로등
35.214497,126.910378,가로등
35.214458,126.91069,가로등
35.214409,126.910995,가로등
35.214344,126.911354,가로등
35.214294,126.911682,가로등
35.214233,126.912003,가로등
35.214619,126.912476,가로등
35.21476,126.912376,가로등
35.214859,126.91214,가로등
35.2148963,126.9117011,가로등
35.2149065,126.9112311,가로등
35.214909,126.91082,가로등
35.214916,126.910522,가로등
35.214924,126.910248,가로등
35.214935,126.909866,가로등
35.214954,126.909576,가로등
35.214958,126.909218,가로등
35.214958,126.908897,가로등
35.214951,126.908585,가로등
35.214848,126.908463,가로등
35.21484,126.908768,가로등
35.214844,126.909058,가로등
35.214851,126.909409,가로등
35.214836,126.909744,가로등
35.214813,126.910049,가로등
35.214783,126.910385,가로등
35.214764,126.91069,가로등
35.214733,126.911003,가로등
35.214699,126.911293,가로등
35.214638,126.911728,가로등
35.2146,126.912102,가로등
35.21489,126.908081,가로등
35.214851,126.907753,가로등
35.214825,126.907486,가로등
35.214825,126.907265,가로등
35.214809,126.906975,가로등
35.214787,126.906654,가로등
35.214775,126.906281,가로등
35.214752,126.906006,가로등
35.214745,126.905685,가로등
35.214741,126.90535,가로등
35.214745,126.905083,가로등
35.214737,126.904762,가로등
35.214725,126.904411,가로등
35.214748,126.904045,가로등
35.214874,126.901894,가로등
35.215,126.901947,가로등
35.214855,126.902138,가로등
35.214874,126.902351,가로등
35.214848,126.902664,가로등
35.214817,126.903038,가로등
35.21479,126.903351,가로등
35.214741,126.903717,가로등
35.213398,126.917343,가로등
35.213352,126.917648,가로등
35.213314,126.917923,가로등
35.21328,126.918304,가로등
35.213253,126.918648,가로등
35.213173,126.918907,가로등
35.213085,126.919182,가로등
35.213005,126.919479,가로등
35.212891,126.919975,가로등
35.212986,126.920219,가로등
35.212807,126.920326,가로등
35.212894,126.92057,가로등
35.212692,126.920708,가로등
35.212749,126.921021,가로등
35.212524,126.921165,가로등
35.212395,126.921463,가로등
35.212238,126.921768,가로등
35.212044,126.922119,가로등
35.211987,126.92231,가로등
35.21188,126.922493,가로등
35.21183,126.922592,가로등
35.211746,126.922752,가로등
35.211609,126.923058,가로등
35.211502,126.923317,가로등
35.211357,126.92363,가로등
35.211208,126.92395,가로등
35.211098,126.924171,가로등
35.210949,126.9245,가로등
35.210804,126.924805,가로등
35.211155,126.924339,가로등
35.211281,126.924126,가로등
35.211407,126.92392,가로등
35.211605,126.923569,가로등
35.211746,126.923317,가로등
35.211868,126.923096,가로등
35.211979,126.92289,가로등
35.212105,126.922623,가로등
35.212231,126.922325,가로등
35.212437,126.921883,가로등
35.212551,126.921646,가로등
35.212624,126.92141,가로등
35.212708,126.921196,가로등
35.210732,126.924942,가로등
35.2106627,126.925064,가로등
35.2105765,126.9252188,가로등
35.2104844,126.9254009,가로등
35.2103785,126.9256694,가로등
35.210102,126.926178,가로등
35.209908,126.926498,가로등
35.209713,126.926819,가로등
35.209518,126.927116,가로등
35.209351,126.927422,가로등
35.209202,126.927681,가로등
35.20911,126.927818,가로등
35.20895,126.928116,가로등
35.208771,126.928398,가로등
35.208641,126.928635,가로등
35.208492,126.928886,가로등
35.208317,126.929176,가로등
35.208179,126.929398,가로등
35.208019,126.929634,가로등
35.207825,126.929886,가로등
35.2074624,126.9303054,가로등
35.207207,126.93058,가로등
35.207073,126.930702,가로등
35.206841,126.930916,가로등
35.206547,126.931145,가로등
35.206356,126.931297,가로등
35.206188,126.931419,가로등
35.205975,126.931564,가로등
35.20575,126.93177,가로등
35.205536,126.931908,가로등
35.205376,126.932022,가로등
35.205124,126.93222,가로등
35.204941,126.932335,가로등
35.20462,126.932465,가로등
35.20483,126.932785,가로등
35.205116,126.932571,가로등
35.2053475,126.9324255,가로등
35.2053753,126.9323013,가로등
35.205696,126.93206,가로등
35.205914,126.9318916,가로등
35.20612,126.931755,가로등
35.206295,126.931625,가로등
35.20644,126.931519,가로등
35.206696,126.931435,가로등
35.206905,126.931152,가로등
35.207157,126.930923,가로등
35.207386,126.930717,가로등
35.2076888,126.9304004,가로등
35.207962,126.930084,가로등
35.208157,126.92981,가로등
35.208321,126.929573,가로등
35.208466,126.929352,가로등
35.20858,126.929169,가로등
35.208736,126.928871,가로등
35.208935,126.928566,가로등
35.209148,126.92823,가로등
35.209236,126.928055,가로등
35.209385,126.927795,가로등
35.209515,126.927582,가로등
35.209789,126.927116,가로등
35.210007,126.926781,가로등
35.21011,126.926537,가로등
35.210373,126.926094,가로등
35.210648,126.925652,가로등
35.210907,126.925201,가로등
35.211094,126.924965,가로등
35.211185,126.924805,가로등
35.211319,126.924629,가로등
35.21125,126.924713,가로등
35.21143,126.924461,가로등
35.211548,126.924248,가로등
35.211681,126.92408,가로등
35.211838,126.923904,가로등
35.211979,126.923676,가로등
35.212177,126.923424,가로등
35.212296,126.923172,가로등
35.212467,126.923256,가로등
35.212673,126.923424,가로등
35.212921,126.92363,가로등
35.213135,126.923813,가로등
35.213367,126.923981,가로등
35.213638,126.924194,가로등
35.213844,126.92437,가로등
35.214115,126.924568,가로등
35.214035,126.924355,가로등
35.213787,126.924156,가로등
35.213593,126.923996,가로등
35.213356,126.923828,가로등
35.213123,126.923645,가로등
35.212891,126.923447,가로등
35.212612,126.923225,가로등
35.212189,126.923058,가로등
35.212425,126.92305,가로등
35.212349,126.923004,가로등
35.212242,126.92289,가로등
35.212498,126.922844,가로등
35.212631,126.922531,가로등
35.212769,126.922249,가로등
35.212883,126.921928,가로등
35.213005,126.921623,가로등
35.21312,126.921303,가로등
35.213215,126.921021,가로등
35.213295,126.920715,가로등
35.213428,126.920006,가로등
35.211411,126.924248,가로등
35.211555,126.924049,가로등
35.211689,126.923828,가로등
35.211815,126.923607,가로등
35.211948,126.923355,가로등
35.212055,126.923149,가로등
35.212158,126.922974,가로등
35.212296,126.922722,가로등
35.212399,126.922508,가로등
35.212566,126.922134,가로등
35.212742,126.9217,가로등
35.212822,126.921402,가로등
35.212963,126.921036,가로등
35.213058,126.920746,가로등
35.213154,126.920372,가로등
35.213249,126.919968,가로등
35.213387,126.919357,가로등
35.213505,126.918869,가로등
35.213566,126.918556,가로등
35.2136,126.918343,가로등
35.213627,126.918114,가로등
35.213688,126.917931,가로등
35.213722,126.917786,가로등
35.213753,126.91761,가로등
35.213779,126.917473,가로등
35.213795,126.917328,가로등
35.215466,126.902214,가로등
35.215729,126.902435,가로등
35.215981,126.902626,가로등
35.216267,126.902855,가로등
35.216568,126.902946,가로등
35.216869,126.903046,가로등
35.217205,126.903122,가로등
35.217537,126.903183,가로등
35.217846,126.903259,가로등
35.21814,126.903328,가로등
35.21843,126.903381,가로등
35.219006,126.903481,가로등
35.218697,126.903435,가로등
35.219311,126.903458,가로등
35.219578,126.903397,가로등
35.219864,126.903351,가로등
35.220135,126.903275,가로등
35.220406,126.903214,가로등
35.220711,126.903099,가로등
35.220966,126.903038,가로등
35.221237,126.902962,가로등
35.221554,126.902855,가로등
35.221832,126.902779,가로등
35.222153,126.902687,가로등
35.222443,126.902618,가로등
35.222725,126.902527,가로등
35.223011,126.902451,가로등
35.223305,126.902359,가로등
35.223644,126.902229,가로등
35.2154036,126.8793913,가로등
35.215607,126.879349,가로등
35.21574,126.878975,가로등
35.215897,126.878571,가로등
35.216103,126.878876,가로등
35.216423,126.879082,가로등
35.21359015,126.8667495,가로등
35.216526,126.879654,가로등
35.216232,126.879448,가로등
35.215836,126.879211,가로등
35.2157067,126.8795934,가로등
35.2160088,126.8797872,가로등
35.216335,126.8800065,가로등
35.2156418,126.8800595,가로등
35.2154558,126.8797166,가로등
35.2153269,126.8800583,가로등
35.215172,126.880569,가로등
35.214947,126.8806449,가로등
35.2153575,126.8808985,가로등
35.2157721,126.8811746,가로등
35.2158335,126.8806994,가로등
35.2154539,126.8804672,가로등
35.215034,126.879204,가로등
35.214718,126.879021,가로등
35.214806,126.879356,가로등
35.214672,126.879723,가로등
35.214348,126.88015,가로등
35.21402,126.879959,가로등
35.214527,126.879471,가로등
35.21413,126.879257,가로등
35.215004,126.878822,가로등
35.21484,126.878632,가로등
35.214462,126.878426,가로등
35.215004,126.878204,가로등
35.215153,126.878418,가로등
35.215252,126.878143,가로등
35.214836,126.880569,가로등
35.214863,126.880272,가로등
35.215015,126.880051,가로등
35.215034,126.879807,가로등
35.215187,126.879578,가로등
35.215263,126.879196,가로등
35.215374,126.879066,가로등
35.21542,126.878754,가로등
35.215572,126.878548,가로등
35.215595,126.878273,가로등
35.215759,126.878029,가로등
35.215755,126.877823,가로등
35.215946,126.87751,가로등
35.215965,126.877228,가로등
35.21611,126.877075,가로등
35.214691,126.880753,가로등
35.214653,126.881058,가로등
35.2145,126.881279,가로등
35.214462,126.881569,가로등
35.214336,126.881699,가로등
35.214287,126.882065,가로등
35.21418,126.882149,가로등
35.214111,126.882538,가로등
35.213978,126.882698,가로등
35.213848,126.882843,가로등
35.213676,126.882637,가로등
35.213455,126.882599,가로등
35.213303,126.882423,가로등
35.213062,126.88237,가로등
35.212925,126.882225,가로등
35.212452,126.881927,가로등
35.21265,126.882133,가로등
35.2166779,126.8802286,가로등
35.2165728,126.880028,가로등
35.216782,126.879608,가로등
35.216934,126.879227,가로등
35.217155,126.879013,가로등
35.217052,126.878777,가로등
35.217102,126.878365,가로등
35.216785,126.878136,가로등
35.216469,126.877937,가로등
35.216156,126.877739,가로등
35.216381,126.880379,가로등
35.2160227,126.8811147,가로등
35.216198,126.8807746,가로등
35.2160351,126.8814888,가로등
35.215836,126.8814608,가로등
35.2156698,126.8818199,가로등
35.215389,126.882172,가로등
35.215336,126.882416,가로등
35.21505,126.882248,가로등
35.214725,126.882088,가로등
35.2143129,126.8812602,가로등
35.2139444,126.8810718,가로등
35.2137135,126.8809199,가로등
35.2135398,126.8812885,가로등
35.2138246,126.8814539,가로등
35.2141376,126.8816369,가로등
35.214523,126.88089,가로등
35.214268,126.880737,가로등
35.213902,126.880524,가로등
35.213604,126.880257,가로등
35.213615,126.880486,가로등
35.213528,126.880745,가로등
35.213463,126.880966,가로등
35.213417,126.881119,가로등
35.213692,126.879951,가로등
35.213764,126.879707,가로등
35.213814,126.879509,가로등
35.213894,126.879211,가로등
35.21394,126.87899,가로등
35.213993,126.878754,가로등
35.208889,126.875565,가로등
35.208839,126.875969,가로등
35.20895,126.875778,가로등
35.209347,126.875885,가로등
35.209675,126.875977,가로등
35.20953,126.876442,가로등
35.2092626,126.876393,가로등
35.208897,126.87632,가로등
35.208759,126.876579,가로등
35.208885,126.876793,가로등
35.20924,126.876877,가로등
35.209564,126.876945,가로등
35.207859,126.875534,가로등
35.207863,126.875305,가로등
35.207867,126.874985,가로등
35.207882,126.874718,가로등
35.207897,126.874435,가로등
35.207901,126.874229,가로등
35.207909,126.874039,가로등
35.207718,126.875099,가로등
35.207462,126.875046,가로등
35.207218,126.874977,가로등
35.206947,126.874931,가로등
35.206715,126.874886,가로등
35.207893,126.875145,가로등
35.208118,126.875191,가로등
35.208355,126.875244,가로등
35.208584,126.875298,가로등
35.208775,126.875336,가로등
35.209061,126.875404,가로등
35.20929,126.87545,가로등
35.209511,126.875519,가로등
35.209774,126.875587,가로등
35.209961,126.875648,가로등
35.210159,126.875687,가로등
35.210354,126.87574,가로등
35.210629,126.875816,가로등
35.210815,126.87587,가로등
35.207851,126.875786,가로등
35.207855,126.876038,가로등
35.207844,126.876297,가로등
35.207844,126.876534,가로등
35.207775,126.876892,가로등
35.207764,126.877129,가로등
35.20776,126.877441,가로등
35.207817,126.877655,가로등
35.207817,126.877922,가로등
35.207813,126.878174,가로등
35.207809,126.878372,가로등
35.207794,126.878624,가로등
35.20779,126.878967,가로등
35.207783,126.87925,가로등
35.207771,126.879517,가로등
35.207767,126.879776,가로등
35.207775,126.880066,가로등
35.207779,126.880302,가로등
35.20779,126.880554,가로등
35.210365,126.876015,가로등
35.210316,126.876366,가로등
35.210228,126.876892,가로등
35.2103,126.877098,가로등
35.210613,126.877174,가로등
35.210136,126.877426,가로등
35.210098,126.877769,가로등
35.210022,126.878197,가로등
35.210079,126.878441,가로등
35.210411,126.878517,가로등
35.16754895,126.9172765,가로등
35.209961,126.878555,가로등
35.209877,126.879074,가로등
35.209816,126.879532,가로등
35.209892,126.877029,가로등
35.210449,126.875473,가로등
35.210537,126.875076,가로등
35.210171,126.875,가로등
35.210064,126.874809,가로등
35.210125,126.874397,가로등
35.209755,126.874901,가로등
35.209507,126.874847,가로등
35.209118,126.874771,가로등
35.208927,126.874542,가로등
35.208874,126.874817,가로등
35.208858,126.875183,가로등
35.208702,126.87468,가로등
35.208385,126.874611,가로등
35.205105,126.858879,가로등
35.205273,126.858871,가로등
35.205593,126.858887,가로등
35.205936,126.858894,가로등
35.206093,126.85894,가로등
35.206123,126.859184,가로등
35.206123,126.859558,가로등
35.206123,126.859924,가로등
35.206127,126.860291,가로등
35.20615,126.860641,가로등
35.20615,126.861046,가로등
35.206146,126.86142,가로등
35.206146,126.861847,가로등
35.206131,126.862404,가로등
35.206146,126.862801,가로등
35.20615,126.863197,가로등
35.20612,126.863579,가로등
35.206123,126.863922,가로등
35.16763903,126.9172023,가로등
35.205074,126.864227,가로등
35.205261,126.86425,가로등
35.20557,126.864235,가로등
35.205917,126.86425,가로등
35.206345,126.864098,가로등
35.206337,126.863739,가로등
35.206341,126.863396,가로등
35.206329,126.862999,가로등
35.206333,126.86261,가로등
35.206337,126.86203,가로등
35.206356,126.861649,가로등
35.206345,126.861252,가로등
35.206337,126.860756,가로등
35.206341,126.860458,가로등
35.206345,126.860107,가로등
35.206337,126.859749,가로등
35.206341,126.859406,가로등
35.206345,126.859062,가로등
35.206448,126.860931,가로등
35.206596,126.860939,가로등
35.206757,126.860939,가로등
35.207005,126.860924,가로등
35.207203,126.860931,가로등
35.207409,126.860939,가로등
35.207455,126.859291,가로등
35.207249,126.859306,가로등
35.207039,126.859291,가로등
35.206863,126.859306,가로등
35.20673,126.85952,가로등
35.20673,126.859818,가로등
35.206734,126.860069,가로등
35.206734,126.860352,가로등
35.206734,126.860611,가로등
35.206722,126.860825,가로등
35.207596,126.864105,가로등
35.207596,126.863762,가로등
35.207596,126.863449,가로등
35.207592,126.863159,가로등
35.207596,126.862823,가로등
35.207592,126.86248,가로등
35.207596,126.862122,가로등
35.2076,126.861794,가로등
35.207596,126.861526,가로등
35.2076,126.861282,가로등
35.207596,126.860947,가로등
35.2076,126.860626,가로등
35.207603,126.860329,가로등
35.207596,126.860023,가로등
35.207592,126.859665,가로등
35.207592,126.859329,가로등
35.207588,126.859032,가로등
35.207176,126.863571,가로등
35.207172,126.86319,가로등
35.207165,126.862854,가로등
35.207172,126.862511,가로등
35.20718,126.862053,가로등
35.207176,126.861771,가로등
35.20718,126.861359,가로등
35.207172,126.861069,가로등
35.207165,126.860611,가로등
35.207172,126.860214,가로등
35.207165,126.859932,가로등
35.207157,126.859566,가로등
35.206432,126.862198,가로등
35.20681,126.862206,가로등
35.207035,126.862198,가로등
35.207237,126.862198,가로등
35.207424,126.86219,가로등
35.206806,126.862457,가로등
35.206799,126.86274,가로등
35.20681,126.86293,가로등
35.206806,126.863159,가로등
35.206814,126.863441,가로등
35.20681,126.863693,가로등
35.206936,126.863739,가로등
35.20718,126.863747,가로등
35.207424,126.863754,가로등
35.20734,126.861557,가로등
35.207035,126.861488,가로등
35.206779,126.861504,가로등
35.20649,126.861504,가로등
35.207016,126.861626,가로등
35.206905,126.861572,가로등
35.20681,126.861618,가로등
35.206642,126.861565,가로등
35.206528,126.861618,가로등
35.20639,126.861572,가로등
35.206421,126.861534,가로등
35.206261,126.861618,가로등
35.206104,126.861565,가로등
35.205963,126.861618,가로등
35.206074,126.861542,가로등
35.205845,126.861572,가로등
35.205666,126.861618,가로등
35.205559,126.861565,가로등
35.205463,126.861618,가로등
35.205215,126.861565,가로등
35.205414,126.861526,가로등
35.205696,126.861504,가로등
35.206055,126.861496,가로등
35.206337,126.865547,가로등
35.206341,126.865211,가로등
35.206345,126.864876,가로등
35.16775611,126.917054,가로등
35.206604,126.864517,가로등
35.206886,126.864517,가로등
35.207169,126.864525,가로등
35.207493,126.864578,가로등
35.207607,126.864555,가로등
35.207867,126.86451,가로등
35.208149,126.86451,가로등
35.208454,126.864494,가로등
35.208836,126.864502,가로등
35.209175,126.86451,가로등
35.209473,126.86451,가로등
35.209797,126.86451,가로등
35.209915,126.864548,가로등
35.209892,126.864212,가로등
35.209671,126.864235,가로등
35.209377,126.86422,가로등
35.209011,126.86425,가로등
35.208675,126.86425,가로등
35.208309,126.864258,가로등
35.208023,126.864243,가로등
35.207783,126.864235,가로등
35.207645,126.864212,가로등
35.20747,126.86422,가로등
35.20731,126.86425,가로등
35.207016,126.864243,가로등
35.206745,126.86425,가로등
35.206467,126.864235,가로등
35.16785068,126.9169469,가로등
35.207779,126.86496,가로등
35.20779,126.865524,가로등
35.207783,126.865715,가로등
35.207581,126.864632,가로등
35.207584,126.86483,가로등
35.207584,126.865097,가로등
35.20768,126.865166,가로등
35.207588,126.865448,가로등
35.207588,126.8657,가로등
35.207329,126.865166,가로등
35.207104,126.865387,가로등
35.207108,126.865662,가로등
35.207237,126.865852,가로등
35.207447,126.865898,가로등
35.207653,126.865944,가로등
35.207851,126.86599,가로등
35.20805,126.866035,가로등
35.208221,126.866074,가로등
35.208424,126.866112,가로등
35.208668,126.866158,가로등
35.208843,126.866203,가로등
35.209003,126.866234,가로등
35.209198,126.86628,가로등
35.2094,126.866318,가로등
35.209599,126.866356,가로등
35.209793,126.866394,가로등
35.207817,126.864632,가로등
35.207897,126.864784,가로등
35.208103,126.864777,가로등
35.208305,126.864784,가로등
35.208527,126.864784,가로등
35.208645,126.864632,가로등
35.208801,126.864777,가로등
35.208981,126.864769,가로등
35.209183,126.864746,가로등
35.209396,126.864777,가로등
35.209595,126.864777,가로등
35.209801,126.864784,가로등
35.208214,126.865799,가로등
35.208218,126.865562,가로등
35.208214,126.865303,가로등
35.208214,126.865074,가로등
35.208649,126.864983,가로등
35.208649,126.865181,가로등
35.208649,126.865433,가로등
35.208649,126.865723,가로등
35.208656,126.865959,가로등
35.20908,126.866066,가로등
35.209076,126.865784,가로등
35.209084,126.86554,가로등
35.209084,126.865234,가로등
35.20908,126.865051,가로등
35.209507,126.865067,가로등
35.209515,126.865295,가로등
35.209515,126.865547,가로등
35.209515,126.865776,가로등
35.209515,126.866035,가로등
35.210022,126.866348,가로등
35.210026,126.86599,가로등
35.210026,126.865746,가로등
35.210033,126.865479,가로등
35.210026,126.865234,가로등
35.21003,126.86499,가로등
35.210026,126.864761,가로등
35.212811,126.862427,가로등
35.212723,126.86277,가로등
35.212559,126.863205,가로등
35.212315,126.863579,가로등
35.212002,126.863892,가로등
35.211628,126.864075,가로등
35.211216,126.864258,가로등
35.210808,126.864273,가로등
35.210461,126.864227,가로등
35.210167,126.864243,가로등
35.210083,126.864204,가로등
35.210064,126.86454,가로등
35.210293,126.864517,가로등
35.210567,126.864502,가로등
35.21101,126.864494,가로등
35.211536,126.864395,가로등
35.211891,126.864227,가로등
35.212254,126.86393,가로등
35.21249,126.863663,가로등
35.212826,126.863091,가로등
35.213017,126.862679,가로등
35.213215,126.862747,가로등
35.213474,126.862854,가로등
35.213787,126.862961,가로등
35.214077,126.863121,가로등
35.214378,126.863258,가로등
35.21484,126.901459,가로등
35.215065,126.901619,가로등
35.215267,126.901749,가로등
35.215492,126.901932,가로등
35.215683,126.902069,가로등
35.2159,126.902252,가로등
35.21611,126.902412,가로등
35.216446,126.902573,가로등
35.216782,126.902695,가로등
35.217056,126.902756,가로등
35.217384,126.902855,가로등
35.217957,126.902946,가로등
35.218189,126.902992,가로등
35.218502,126.903061,가로등
35.218754,126.903152,가로등
35.219028,126.903175,가로등
35.219307,126.903168,가로등
35.219574,126.903137,가로등
35.219856,126.903076,가로등
35.220108,126.902977,가로등
35.220394,126.902916,가로등
35.22065,126.902824,가로등
35.220932,126.902748,가로등
35.221184,126.902672,가로등
35.221493,126.902542,가로등
35.221767,126.902443,가로등
35.222069,126.902359,가로등
35.222397,126.902298,가로등
35.222595,126.902206,가로등
35.222923,126.902153,가로등
35.223236,126.902077,가로등
35.223553,126.901985,가로등
35.231735,126.896408,가로등
35.231491,126.896652,가로등
35.231274,126.896858,가로등
35.231041,126.897072,가로등
35.230804,126.897278,가로등
35.230572,126.897484,가로등
35.230347,126.897705,가로등
35.230103,126.897942,가로등
35.22987,126.898109,가로등
35.229637,126.898323,가로등
35.229424,126.898499,가로등
35.229218,126.898651,가로등
35.228962,126.898842,가로등
35.228722,126.899017,가로등
35.228508,126.899147,가로등
35.228237,126.899254,가로등
35.227974,126.899361,가로등
35.227722,126.899422,가로등
35.227436,126.89949,가로등
35.227135,126.899559,가로등
35.22686,126.89962,가로등
35.226543,126.899719,가로등
35.226265,126.899879,가로등
35.226006,126.900063,가로등
35.225697,126.900284,가로등
35.225494,126.90049,가로등
35.225353,126.900642,가로등
35.225037,126.900955,가로등
35.224834,126.901184,가로등
35.22464,126.901344,가로등
35.224438,126.901512,가로등
35.224228,126.901642,가로등
35.223965,126.901787,가로등
35.223793,126.901871,가로등
35.223934,126.9021,가로등
35.224102,126.902008,가로등
35.224251,126.901932,가로등
35.224537,126.901764,가로등
35.224754,126.901596,가로등
35.224953,126.901428,가로등
35.225155,126.901237,가로등
35.225449,126.900955,가로등
35.2257,126.900711,가로등
35.225857,126.900581,가로등
35.226196,126.900345,가로등
35.226379,126.900215,가로등
35.226639,126.90004,가로등
35.226913,126.899918,가로등
35.227188,126.899826,가로등
35.227474,126.899757,가로등
35.22776,126.899712,가로등
35.227989,126.899635,가로등
35.228283,126.899544,가로등
35.22858,126.899452,가로등
35.228859,126.899323,가로등
35.229137,126.899117,가로등
35.229351,126.898918,가로등
35.229572,126.898735,가로등
35.229778,126.898552,가로등
35.230007,126.898346,가로등
35.230247,126.89814,가로등
35.230469,126.897919,가로등
35.230705,126.897713,가로등
35.230934,126.897491,가로등
35.231171,126.897301,가로등
35.231422,126.897087,가로등
35.231655,126.896881,가로등
35.231892,126.896683,가로등
35.232029,126.89653,가로등
35.23233,126.896278,가로등
35.232548,126.896072,가로등
35.232773,126.895874,가로등
35.232986,126.895676,가로등
35.233227,126.895477,가로등
35.233448,126.895294,가로등
35.233685,126.895119,가로등
35.233894,126.894974,가로등
35.234154,126.894814,가로등
35.234409,126.894661,가로등
35.234646,126.894531,가로등
35.234909,126.894394,가로등
35.235165,126.894287,가로등
35.235439,126.894188,가로등
35.235683,126.894089,가로등
35.235935,126.894012,가로등
35.23624,126.893906,가로등
35.236572,126.893776,가로등
35.23679,126.893684,가로등
35.237011,126.893593,가로등
35.237267,126.893494,가로등
35.237579,126.893387,가로등
35.237774,126.89328,가로등
35.237991,126.893204,가로등
35.238216,126.89312,가로등
35.238483,126.893021,가로등
35.238781,126.892906,가로등
35.238979,126.892822,가로등
35.238689,126.892502,가로등
35.238476,126.892647,가로등
35.238194,126.892746,가로등
35.237965,126.892853,가로등
35.237701,126.892944,가로등
35.237427,126.893051,가로등
35.23716,126.893166,가로등
35.236893,126.893257,가로등
35.236629,126.893372,가로등
35.236378,126.893471,가로등
35.236065,126.893585,가로등
35.23587,126.893707,가로등
35.235683,126.893784,가로등
35.235352,126.893929,가로등
35.235092,126.894043,가로등
35.234837,126.894157,가로등
35.234562,126.894295,가로등
35.234303,126.894432,가로등
35.234047,126.894577,가로등
35.233807,126.894737,가로등
35.233585,126.894913,가로등
35.233345,126.895081,가로등
35.233109,126.895248,가로등
35.232883,126.895454,가로등
35.232651,126.895638,가로등
35.232403,126.895836,가로등
35.232178,126.896057,가로등
35.231899,126.896286,가로등
35.2384,126.891319,가로등
35.238605,126.891556,가로등
35.238804,126.8918,가로등
35.238972,126.892036,가로등
35.239101,126.892159,가로등
35.239285,126.892227,가로등
35.239471,126.892242,가로등
35.23967,126.892166,가로등
35.239948,126.892006,가로등
35.240147,126.891922,가로등
35.240353,126.8918,가로등
35.240547,126.89167,가로등
35.240734,126.891533,가로등
35.240986,126.891335,가로등
35.241199,126.891151,가로등
35.241371,126.891006,가로등
35.241528,126.890854,가로등
35.241699,126.890709,가로등
35.241886,126.890533,가로등
35.242046,126.89035,가로등
35.239418,126.892639,가로등
35.239704,126.892464,가로등
35.239975,126.892326,가로등
35.240273,126.892151,가로등
35.240513,126.891998,가로등
35.240704,126.891876,가로등
35.240875,126.891716,가로등
35.241085,126.891495,가로등
35.241398,126.891716,가로등
35.241299,126.891304,가로등
35.241505,126.89122,가로등
35.241673,126.891022,가로등
35.241863,126.890869,가로등
35.241993,126.890694,가로등
35.242226,126.890427,가로등
35.238255,126.891174,가로등
35.238071,126.891037,가로등
35.238743,126.892227,가로등
35.238613,126.892014,가로등
35.23822,126.891548,가로등
35.238007,126.891304,가로등
35.237782,126.891151,가로등
35.244267,126.886513,가로등
35.244194,126.886757,가로등
35.244068,126.887123,가로등
35.243931,126.887497,가로등
35.24379,126.887848,가로등
35.243645,126.888168,가로등
35.243484,126.888489,가로등
35.243309,126.888817,가로등
35.243137,126.889137,가로등
35.242939,126.889435,가로등
35.242741,126.889725,가로등
35.242535,126.890007,가로등
35.242294,126.890297,가로등
35.246166,126.887711,가로등
35.246006,126.887978,가로등
35.245857,126.888268,가로등
35.245686,126.88855,가로등
35.245525,126.888824,가로등
35.245193,126.889389,가로등
35.245037,126.889671,가로등
35.244869,126.889938,가로등
35.244686,126.890274,가로등
35.244106,126.886482,가로등
35.244053,126.886703,가로등
35.243938,126.887047,가로등
35.243801,126.887421,가로등
35.243664,126.887772,가로등
35.243504,126.888077,가로등
35.243343,126.888412,가로등
35.243179,126.888725,가로등
35.243004,126.889038,가로등
35.242813,126.889336,가로등
35.24263,126.889618,가로등
35.242424,126.88987,가로등
35.242184,126.890167,가로등
35.244461,126.882179,가로등
35.24427,126.881927,가로등
35.244011,126.881805,가로등
35.243717,126.881638,가로등
35.243397,126.881462,가로등
35.243122,126.88134,가로등
35.242874,126.881203,가로등
35.242573,126.881081,가로등
35.242352,126.880951,가로등
35.242012,126.880745,가로등
35.241863,126.880676,가로등
35.241619,126.880531,가로등
35.241348,126.880386,가로등
35.241173,126.880287,가로등
35.244518,126.882347,가로등
35.244541,126.882706,가로등
35.244553,126.882973,가로등
35.244556,126.88327,가로등
35.244545,126.883575,가로등
35.244537,126.883881,가로등
35.244518,126.884087,가로등
35.244469,126.884506,가로등
35.244434,126.884804,가로등
35.244415,126.885033,가로등
35.244377,126.885284,가로등
35.244358,126.88559,가로등
35.244286,126.885887,가로등
35.244221,126.886162,가로등
35.210865,126.880142,가로등
35.210922,126.879669,가로등
35.210983,126.879295,가로등
35.211052,126.878845,가로등
35.210835,126.878624,가로등
35.211182,126.8787,가로등
35.211529,126.878777,가로등
35.211597,126.878983,가로등
35.211521,126.879509,가로등
35.211437,126.879883,가로등
35.211155,126.879929,가로등
35.211529,126.880142,가로등
35.211819,126.880325,가로등
35.211914,126.880699,가로등
35.212078,126.880157,가로등
35.212185,126.879814,가로등
35.212322,126.879639,가로등
35.212631,126.879799,가로등
35.212753,126.879372,가로등
35.212826,126.87896,가로등
35.212898,126.878586,가로등
35.212265,126.878799,가로등
35.212196,126.87915,가로등
35.212013,126.879448,가로등
35.211708,126.879288,가로등
35.211117,126.878487,가로등
35.211189,126.878075,가로등
35.209312,126.87957,가로등
35.209618,126.879738,가로등
35.209854,126.879898,가로등
35.210094,126.880058,가로등
35.210476,126.880272,가로등
35.210709,126.880417,가로등
35.210953,126.880554,가로등
35.211258,126.880737,가로등
35.211575,126.88092,가로등
35.211826,126.880882,가로등
35.210907,126.880333,가로등
35.211109,126.88047,가로등
35.21151,126.880699,가로등
35.210644,126.880173,가로등
35.210434,126.880051,가로등
35.210083,126.87986,가로등
35.209755,126.879654,가로등
35.209454,126.879463,가로등
35.209248,126.879333,가로등
35.208984,126.879166,가로등
35.208694,126.879013,가로등
35.208408,126.878899,가로등
35.208145,126.878807,가로등
35.207821,126.878708,가로등
35.207493,126.878616,가로등
35.20723,126.878517,가로등
35.20689,126.878418,가로등
35.206631,126.878334,가로등
35.206684,126.87851,가로등
35.206989,126.878601,가로등
35.207302,126.878693,가로등
35.207649,126.878822,가로등
35.20789,126.878891,가로등
35.208214,126.878998,가로등
35.208534,126.879097,가로등
35.208801,126.879242,가로등
35.209095,126.879417,가로등
35.209053,126.879898,가로등
35.208672,126.879654,가로등
35.208408,126.879532,가로등
35.208439,126.879913,가로등
35.208447,126.880241,가로등
35.20866,126.880501,가로등
35.209007,126.880531,가로등
35.208405,126.880554,가로등
35.207951,126.880653,가로등
35.20808,126.880219,가로등
35.208069,126.879807,가로등
35.208122,126.879425,가로등
35.207909,126.879356,가로등
35.207821,126.880821,가로등
35.207932,126.881264,가로등
35.208031,126.881699,가로등
35.20813,126.882088,가로등
35.208202,126.882439,가로등
35.209122,126.881058,가로등
35.209217,126.880753,가로등
35.209194,126.880463,가로등
35.16795874,126.9168014,가로등
35.209297,126.880234,가로등
35.209274,126.879944,가로등
35.209393,126.879662,가로등
35.209366,126.879288,가로등
35.20945,126.879082,가로등
35.209442,126.878838,가로등
35.20953,126.878586,가로등
35.209526,126.878227,가로등
35.209606,126.878082,가로등
35.209599,126.877762,가로등
35.209702,126.87751,가로등
35.209667,126.877258,가로등
35.209782,126.876915,가로등
35.209743,126.876671,가로등
35.209846,126.876526,가로등
35.209824,126.876167,가로등
35.209934,126.875893,가로등
35.209137,126.88131,가로등
35.209087,126.881668,가로등
35.20924,126.881676,가로등
35.209404,126.881866,가로등
35.209652,126.881927,가로등
35.209728,126.882072,가로등
35.210056,126.882179,가로등
35.210243,126.882309,가로등
35.210636,126.882545,가로등
35.210384,126.882492,가로등
35.210766,126.882721,가로등
35.211021,126.882874,가로등
35.211212,126.88298,가로등
35.211384,126.88308,가로등
35.211628,126.883209,가로등
35.211849,126.883255,가로등
35.211926,126.883049,가로등
35.212002,126.882851,가로등
35.212109,126.882568,가로등
35.16814561,126.9165569,가로등
35.212196,126.882332,가로등
35.212284,126.882072,가로등
35.210358,126.880402,가로등
35.210423,126.879776,가로등
35.210503,126.879242,가로등
35.210548,126.878998,가로등
35.210602,126.878632,가로등
35.210663,126.878227,가로등
35.210712,126.877876,가로등
35.210785,126.877441,가로등
35.210835,126.877167,가로등
35.210922,126.876625,가로등
35.210964,126.876335,가로등
35.211018,126.876022,가로등
35.211178,126.875816,가로등
35.211376,126.87587,가로등
35.211552,126.875916,가로등
35.211712,126.875946,가로등
35.211914,126.875992,가로등
35.211094,126.875587,가로등
35.21114,126.875313,가로등
35.211224,126.874733,가로등
35.211044,126.875084,가로등
35.21096,126.875389,가로등
35.210899,126.875786,가로등
35.21088,126.876083,가로등
35.210808,126.876495,가로등
35.210747,126.876846,가로등
35.210686,126.877289,가로등
35.210629,126.87764,가로등
35.21056,126.878014,가로등
35.210503,126.87838,가로등
35.210449,126.878746,가로등
35.210388,126.879135,가로등
35.210323,126.879547,가로등
35.21027,126.879852,가로등
35.210217,126.880165,가로등
35.210175,126.880501,가로등
35.210087,126.880936,가로등
35.210026,126.881302,가로등
35.209961,126.881653,가로등
35.209881,126.882004,가로등
35.209778,126.882416,가로등
35.209656,126.882782,가로등
35.209545,126.883118,가로등
35.209438,126.883415,가로등
35.209328,126.883713,가로등
35.209488,126.883652,가로등
35.20961,126.883347,가로등
35.209709,126.883018,가로등
35.20985,126.882622,가로등
35.209965,126.882271,가로등
35.210026,126.881935,가로등
35.210102,126.881531,가로등
35.210186,126.881134,가로등
35.210262,126.880768,가로등
35.210476,126.880768,가로등
35.210674,126.880867,가로등
35.211037,126.881073,가로등
35.210785,126.881241,가로등
35.210621,126.88176,가로등
35.210503,126.882103,가로등
35.210964,126.882256,가로등
35.211105,126.881866,가로등
35.211246,126.881447,가로등
35.211384,126.88105,가로등
35.210075,126.880516,가로등
35.209766,126.880318,가로등
35.209438,126.880127,가로등
35.209656,126.880562,가로등
35.209579,126.881004,가로등
35.209522,126.881386,가로등
35.215317,126.883102,가로등
35.215298,126.883545,가로등
35.215302,126.883995,가로등
35.215286,126.884415,가로등
35.215157,126.884811,가로등
35.215027,126.885231,가로등
35.214901,126.885628,가로등
35.215492,126.883324,가로등
35.215805,126.883171,가로등
35.216156,126.882828,가로등
35.216354,126.8825,가로등
35.216534,126.882164,가로등
35.2164516,126.881649,가로등
35.2167876,126.88186,가로등
35.2170604,126.88206,가로등
35.217171,126.882248,가로등
35.215199,126.883377,가로등
35.214844,126.883347,가로등
35.214504,126.883202,가로등
35.214172,126.883018,가로등
35.210072,126.863777,가로등
35.210083,126.863213,가로등
35.210049,126.862656,가로등
35.210041,126.862106,가로등
35.210056,126.861526,가로등
35.210041,126.861038,가로등
35.210045,126.860466,가로등
35.210072,126.859962,가로등
35.210075,126.859383,가로등
35.2099,126.859077,가로등
35.209885,126.859604,가로등
35.209881,126.860184,가로등
35.209915,126.860764,가로등
35.209911,126.861275,가로등
35.209919,126.861839,가로등
35.209923,126.86235,가로등
35.209896,126.862946,가로등
35.209885,126.863503,가로등
35.209923,126.863998,가로등
35.206383,126.858917,가로등
35.206482,126.858894,가로등
35.206776,126.858887,가로등
35.207058,126.858894,가로등
35.207375,126.858887,가로등
35.207619,126.858917,가로등
35.207718,126.858887,가로등
35.208031,126.858887,가로등
35.208366,126.858856,가로등
35.208691,126.858833,가로등
35.209103,126.858841,가로등
35.209469,126.858879,가로등
35.20985,126.858902,가로등
35.212421,126.859421,가로등
35.212097,126.859047,가로등
35.211666,126.85878,가로등
35.21122,126.85862,가로등
35.210804,126.858643,가로등
35.210442,126.85862,가로등
35.210163,126.858612,가로등
35.210033,126.858574,가로등
35.209908,126.858559,가로등
35.209919,126.858498,가로등
35.209919,126.858246,가로등
35.209915,126.857979,가로등
35.2099,126.857597,가로등
35.209911,126.857285,가로등
35.209923,126.85685,가로등
35.20966,126.858604,가로등
35.209324,126.858604,가로등
35.209,126.858612,가로등
35.208569,126.85862,가로등
35.208206,126.858612,가로등
35.207867,126.858604,가로등
35.207642,126.858566,가로등
35.207451,126.858566,가로등
35.207233,126.85862,가로등
35.20689,126.858627,가로등
35.206608,126.858612,가로등
35.206387,126.858582,가로등
35.206345,126.858459,가로등
35.206348,126.858116,가로등
35.206345,126.857773,가로등
35.206345,126.85743,가로등
35.206333,126.85704,가로등
35.206364,126.856644,가로등
35.214329,126.86293,가로등
35.214115,126.862846,가로등
35.213741,126.862724,가로등
35.213436,126.862595,가로등
35.213139,126.862465,가로등
35.213032,126.862221,가로등
35.213058,126.8619,가로등
35.213043,126.861343,가로등
35.213036,126.860802,가로등
35.212952,126.86042,가로등
35.212761,126.859901,가로등
35.210102,126.858925,가로등
35.210335,126.858887,가로등
35.210617,126.858879,가로등
35.210979,126.858849,가로등
35.211277,126.858902,가로등
35.211586,126.859001,가로등
35.211849,126.859146,가로등
35.212154,126.859375,가로등
35.212505,126.859818,가로등
35.212635,126.860153,가로등
35.212761,126.860535,가로등
35.212811,126.860893,가로등
35.212818,126.861298,가로등
35.212849,126.861656,가로등
35.212841,126.862099,가로등
35.212658,126.859421,가로등
35.212872,126.8591,가로등
35.213062,126.858902,가로등
35.213226,126.858696,가로등
35.215298,126.861008,가로등
35.215118,126.861427,가로등
35.214958,126.861839,가로등
35.214832,126.862297,가로등
35.214703,126.862747,가로등
35.21463,126.862938,가로등
35.2145,126.863396,가로등
35.21447,126.863579,가로등
35.214348,126.863983,가로등
35.214233,126.864388,가로등
35.214111,126.864784,가로등
35.213997,126.865204,가로등
35.213882,126.865623,가로등
35.214363,126.865311,가로등
35.214455,126.86499,가로등
35.214539,126.864677,가로등
35.214645,126.864441,가로등
35.214706,126.864082,가로등
35.214806,126.863693,가로등
35.21492,126.863274,가로등
35.215042,126.862846,가로등
35.215199,126.862312,가로등
35.215275,126.86203,가로등
35.215424,126.861626,가로등
35.215588,126.861237,가로등
35.215885,126.860443,가로등
35.216057,126.860023,가로등
35.216228,126.859634,가로등
35.216404,126.859222,가로등
35.216202,126.858978,가로등
35.21603,126.859367,가로등
35.215855,126.859802,가로등
35.215691,126.860176,가로등
35.215515,126.860596,가로등
35.216587,126.858826,가로등
35.216759,126.858421,가로등
35.216919,126.858025,가로등
35.217091,126.85762,가로등
35.21727,126.857224,가로등
35.217052,126.856956,가로등
35.216885,126.857353,가로등
35.216709,126.857765,가로등
35.216534,126.858185,가로등
35.216373,126.858582,가로등
35.217896,126.856499,가로등
35.21793,126.856728,가로등
35.218231,126.856819,가로등
35.21822,126.85701,가로등
35.218494,126.857094,가로등
35.218445,126.857246,가로등
35.21875,126.857346,가로등
35.218735,126.857529,가로등
35.219013,126.857597,가로등
35.219017,126.857819,가로등
35.21928,126.85788,가로등
35.219299,126.858093,가로등
35.219563,126.858147,가로등
35.219631,126.858437,가로등
35.219841,126.858429,가로등
35.219849,126.858635,가로등
35.220131,126.858711,가로등
35.220196,126.858971,가로등
35.220402,126.858986,가로등
35.220413,126.8592,가로등
35.220543,126.859123,가로등
35.220604,126.859375,가로등
35.220829,126.85923,가로등
35.220951,126.859024,가로등
35.221218,126.85865,가로등
35.221413,126.858299,가로등
35.221394,126.85804,가로등
35.221207,126.858391,가로등
35.220985,126.858742,가로등
35.220787,126.859016,가로등
35.220779,126.85955,가로등
35.221016,126.859596,가로등
35.221043,126.859787,가로등
35.221272,126.859818,가로등
35.221378,126.860077,가로등
35.221584,126.860046,가로등
35.22168,126.860306,가로등
35.221893,126.860245,가로등
35.221981,126.860481,가로등
35.222317,126.860489,가로등
35.222347,126.860664,가로등
35.222549,126.860619,가로등
35.222652,126.86084,가로등
35.222969,126.861,가로등
35.221901,126.853165,가로등
35.221905,126.853554,가로등
35.221893,126.853996,가로등
35.221905,126.854454,가로등
35.221905,126.854866,가로등
35.221764,126.853287,가로등
35.221668,126.853539,가로등
35.221485,126.853516,가로등
35.221252,126.8535,가로등
35.221004,126.853493,가로등
35.220795,126.853508,가로등
35.220562,126.853516,가로등
35.220337,126.853516,가로등
35.220055,126.853516,가로등
35.219776,126.853493,가로등
35.21962,126.853485,가로등
35.219475,126.8535,가로등
35.219273,126.853493,가로등
35.219036,126.853493,가로등
35.218807,126.853493,가로등
35.218578,126.853485,가로등
35.218349,126.853477,가로등
35.218121,126.853493,가로등
35.221745,126.853813,가로등
35.221737,126.854248,가로등
35.221748,126.854683,가로등
35.221767,126.855095,가로등
35.221764,126.855537,가로등
35.221764,126.855919,가로등
35.221752,126.856247,가로등
35.221764,126.856567,가로등
35.221733,126.856888,가로등
35.221664,126.857292,가로등
35.221561,126.857658,가로등
35.221889,126.855331,가로등
35.221893,126.855751,가로등
35.221882,126.856102,가로등
35.222157,126.856277,가로등
35.222443,126.856346,가로등
35.222809,126.856422,가로등
35.223171,126.856514,가로등
35.223629,126.856636,가로등
35.223866,126.856705,가로등
35.22422,126.856773,가로등
35.224571,126.856857,가로등
35.224922,126.856941,가로등
35.225254,126.857033,가로등
35.225643,126.857124,가로등
35.225986,126.857208,가로등
35.226357,126.8573,가로등
35.226685,126.857391,가로등
35.227039,126.857468,가로등
35.22739,126.857552,가로등
35.227741,126.857635,가로등
35.228092,126.857727,가로등
35.228439,126.857811,가로등
35.221588,126.857918,가로등
35.221729,126.857498,가로등
35.221832,126.857101,가로등
35.221867,126.856674,가로등
35.222023,126.856392,가로등
35.22224,126.856461,가로등
35.222591,126.856544,가로등
35.222946,126.856628,가로등
35.223316,126.85672,가로등
35.223656,126.856796,가로등
35.224022,126.856888,가로등
35.224396,126.856987,가로등
35.224716,126.857056,가로등
35.225075,126.85714,가로등
35.225452,126.857239,가로등
35.225777,126.857315,가로등
35.226131,126.857407,가로등
35.226482,126.857483,가로등
35.226826,126.857567,가로등
35.227188,126.857658,가로등
35.227547,126.857758,가로등
35.227894,126.857841,가로등
35.228268,126.857933,가로등
35.215881,126.882431,가로등
35.216099,126.882034,가로등
35.21629,126.881668,가로등
35.216465,126.88134,가로등
35.216633,126.881004,가로등
35.216793,126.880692,가로등
35.216957,126.880379,가로등
35.217133,126.880043,가로등
35.217278,126.879723,가로등
35.217396,126.879379,가로등
35.217487,126.879021,가로등
35.21756,126.878624,가로등
35.217587,126.87822,가로등
35.217407,126.878754,가로등
35.217438,126.878456,가로등
35.217354,126.879074,가로등
35.21722,126.879501,가로등
35.217068,126.879845,가로등
35.216911,126.880173,가로등
35.21674,126.880486,가로등
35.216591,126.880783,가로등
35.216408,126.881126,가로등
35.21624,126.881462,가로등
35.216068,126.88179,가로등
35.215904,126.882095,가로등
35.215733,126.882393,가로등
35.215527,126.882576,가로등
35.21513,126.882683,가로등
35.214825,126.882622,가로등
35.214531,126.882454,가로등
35.214306,126.882332,가로등
35.214001,126.882141,가로등
35.213696,126.881958,가로등
35.213379,126.881775,가로등
35.213196,126.881859,가로등
35.213512,126.882034,가로등
35.213768,126.882179,가로등
35.213989,126.882317,가로등
35.214333,126.88253,가로등
35.214634,126.882683,가로등
35.214931,126.882828,가로등
35.215446,126.88279,가로등
35.215656,126.882668,가로등
35.212646,126.881516,가로등
35.212841,126.88163,가로등
35.213017,126.881744,가로등
35.213169,126.881577,가로등
35.212975,126.881516,가로등
35.212788,126.881393,가로등
35.212578,126.881294,가로등
35.2122,126.881058,가로등
35.211994,126.880959,가로등
35.211838,126.881065,가로등
35.212231,126.881279,가로등
35.21204,126.88118,가로등
35.212399,126.88118,가로등
35.212425,126.881447,가로등
35.212502,126.881516,가로등
35.212429,126.881699,가로등
35.217617,126.879311,가로등
35.217918,126.879074,가로등
35.217812,126.879509,가로등
35.217659,126.879921,가로등
35.217499,126.880272,가로등
35.216988,126.880531,가로등
35.217346,126.880798,가로등
35.217609,126.880997,가로등
35.217655,126.880714,가로등
35.217827,126.880379,가로등
35.21801,126.880409,가로등
35.21841,126.880028,가로등
35.218292,126.879585,가로등
35.218426,126.879189,가로등
35.218143,126.878998,가로등
35.218182,126.881943,가로등
35.218014,126.882233,가로등
35.217857,126.882515,가로등
35.217785,126.882637,가로등
35.217628,126.882935,가로등
35.218342,126.88163,가로등
35.218407,126.881516,가로등
35.218235,126.8815,가로등
35.217999,126.881317,가로등
35.217758,126.881119,가로등
35.218571,126.881195,가로등
35.218739,126.880867,가로등
35.218903,126.880531,가로등
35.218987,126.880379,가로등
35.219028,126.88028,가로등
35.219143,126.88002,가로등
35.219261,126.879738,가로등
35.219299,126.879623,가로등
35.219383,126.879425,가로등
35.219452,126.879219,가로등
35.218376,126.881775,가로등
35.218174,126.882141,가로등
35.218021,126.882408,가로등
35.217918,126.882599,가로등
35.217819,126.882767,가로등
35.217632,126.88311,가로등
35.21814,126.88401,가로등
35.217941,126.883743,가로등
35.217819,126.883606,가로등
35.217731,126.883507,가로등
35.217621,126.883385,가로등
35.21843,126.881668,가로등
35.218468,126.881599,가로등
35.218712,126.881104,가로등
35.218571,126.881393,가로등
35.218887,126.880753,가로등
35.219074,126.880432,가로등
35.219296,126.880577,가로등
35.219482,126.880699,가로등
35.219643,126.880798,가로등
35.219875,126.880951,가로등
35.220089,126.881104,가로등
35.219124,126.880302,가로등
35.219231,126.87793,가로등
35.219032,126.878082,가로등
35.218849,126.87822,가로등
35.218636,126.878326,가로등
35.219315,126.877853,가로등
35.219524,126.877625,가로등
35.2197,126.877426,가로등
35.219868,126.877228,가로등
35.220043,126.876991,가로등
35.220154,126.876801,가로등
35.220226,126.876633,가로등
35.220299,126.876457,가로등
35.22036,126.87632,가로등
35.219872,126.875412,가로등
35.219654,126.875404,가로등
35.219421,126.875404,가로등
35.219292,126.875404,가로등
35.21907,126.875389,가로등
35.218792,126.875374,가로등
35.218334,126.875351,가로등
35.220173,126.875565,가로등
35.220371,126.875656,가로등
35.220364,126.875229,가로등
35.220352,126.874939,가로등
35.220345,126.874619,가로등
35.22036,126.874275,가로등
35.220379,126.873978,가로등
35.220383,126.873657,가로등
35.220375,126.873306,가로등
35.220379,126.873016,가로등
35.2181606,126.875795,가로등
35.2181608,126.876058,가로등
35.2181453,126.876325,가로등
35.2181231,126.876591,가로등
35.21772,126.876701,가로등
35.21793,126.876724,가로등
35.218136,126.876732,가로등
35.2181098,126.876825,가로등
35.2180852,126.877074,가로등
35.2181013,126.877333,가로등
35.2180452,126.877539,가로등
35.2179507,126.877767,가로등
35.2181715,126.875528,가로등
35.218151,126.875427,가로등
35.218204,126.875336,가로등
35.217995,126.875328,가로등
35.217793,126.875313,가로등
35.218346,126.875435,가로등
35.218575,126.875443,가로등
35.218784,126.87545,가로등
35.219036,126.875481,가로등
35.21928,126.875511,가로등
35.219379,126.875496,가로등
35.220001,126.875511,가로등
35.2197,126.875496,가로등
35.220337,126.875725,가로등
35.218803,126.872826,가로등
35.219086,126.872841,가로등
35.219357,126.872864,가로등
35.219646,126.872871,가로등
35.219879,126.872871,가로등
35.220097,126.872871,가로등
35.220303,126.872879,가로등
35.218384,126.872627,가로등
35.218399,126.872246,가로등
35.218357,126.873085,가로등
35.21833,126.873489,가로등
35.218311,126.873863,가로등
35.218304,126.874245,가로등
35.2183,126.874565,가로등
35.218292,126.874847,가로등
35.218288,126.875107,가로등
35.218288,126.875267,가로등
35.220943,126.876015,가로등
35.220833,126.875931,가로등
35.220604,126.875809,가로등
35.221066,126.876083,가로등
35.221218,126.876183,가로등
35.221447,126.87632,가로등
35.221687,126.87648,가로등
35.221943,126.876648,가로등
35.223946,126.88163,가로등
35.224197,126.881798,가로등
35.224449,126.881958,가로등
35.224586,126.88205,가로등
35.224785,126.882172,가로등
35.22504,126.882339,가로등
35.22525,126.882515,가로등
35.22551,126.88266,가로등
35.225727,126.882835,가로등
35.225784,126.882874,가로등
35.225967,126.883018,가로등
35.2262,126.883194,가로등
35.223717,126.881508,가로등
35.223476,126.881348,가로등
35.223225,126.881195,가로등
35.223083,126.881111,가로등
35.222851,126.880966,가로등
35.22263,126.880859,가로등
35.222382,126.880684,가로등
35.22216,126.880554,가로등
35.22192,126.880417,가로등
35.221645,126.880249,가로등
35.221439,126.880119,가로등
35.221249,126.880013,가로등
35.221134,126.879929,가로등
35.219498,126.878929,가로등
35.219391,126.878868,가로등
35.219219,126.878746,가로등
35.219009,126.878624,가로등
35.219963,126.879234,가로등
35.220226,126.879379,가로등
35.220413,126.879509,가로등
35.2205989,126.879639,가로등
35.220661,126.879654,가로등
35.219753,126.879097,가로등
35.220966,126.880074,가로등
35.221188,126.880203,가로등
35.221424,126.880348,가로등
35.221642,126.880486,가로등
35.221882,126.880615,가로등
35.222107,126.880753,가로등
35.222324,126.88089,가로등
35.22253,126.881012,가로등
35.222775,126.881149,가로등
35.222992,126.881279,가로등
35.223209,126.881409,가로등
35.223438,126.881561,가로등
35.223656,126.881683,가로등
35.223885,126.881836,가로등
35.16830995,126.91634,가로등
35.224361,126.882149,가로등
35.224533,126.882294,가로등
35.224747,126.882439,가로등
35.224953,126.882584,가로등
35.22522,126.882713,가로등
35.225433,126.882866,가로등
35.225643,126.883041,가로등
35.225739,126.883095,가로등
35.22591,126.883224,가로등
35.226112,126.883438,가로등
35.226345,126.883583,가로등
35.226822,126.883934,가로등
35.22665,126.883812,가로등
35.227024,126.884087,가로등
35.227249,126.884201,가로등
35.227451,126.884315,가로등
35.214264,126.872978,가로등
35.214317,126.872787,가로등
35.214188,126.873276,가로등
35.214108,126.873566,가로등
35.214027,126.873863,가로등
35.213966,126.874069,가로등
35.215446,126.871071,가로등
35.215374,126.871223,가로등
35.21521,126.871246,가로등
35.215446,126.871376,가로등
35.214802,126.871315,가로등
35.214512,126.871368,가로등
35.214264,126.871414,가로등
35.213993,126.871437,가로등
35.213718,126.871422,가로등
35.213634,126.87159,가로등
35.213867,126.871613,가로등
35.214119,126.871582,가로등
35.214401,126.871536,가로등
35.214672,126.87149,가로등
35.214989,126.871452,가로등
35.21526,126.871414,가로등
35.244308,126.881287,가로등
35.244335,126.881142,가로등
35.244293,126.880844,가로등
35.244251,126.880539,가로등
35.24419,126.880249,가로등
35.244114,126.879967,가로등
35.244022,126.879631,가로등
35.243931,126.879326,가로등
35.243835,126.878975,가로등
35.243717,126.878578,가로등
35.243645,126.878334,가로등
35.243591,126.878151,가로등
35.243523,126.877907,가로등
35.244198,126.881348,가로등
35.243885,126.881264,가로등
35.24358,126.881157,가로등
35.243237,126.880997,가로등
35.242973,126.880867,가로등
35.242702,126.880714,가로등
35.242466,126.880608,가로등
35.242222,126.880493,가로등
35.241993,126.880363,가로등
35.241783,126.880249,가로등
35.241486,126.880035,가로등
35.241314,126.879936,가로등
35.242935,126.881027,가로등
35.243221,126.881165,가로등
35.243507,126.881294,가로등
35.24379,126.881447,가로등
35.244686,126.881409,가로등
35.244625,126.881157,가로등
35.244568,126.880852,가로등
35.244492,126.880554,가로등
35.2444,126.88028,가로등
35.244335,126.87999,가로등
35.244244,126.879669,가로등
35.244156,126.879379,가로등
35.244083,126.87915,가로등
35.24403,126.878784,가로등
35.243935,126.878471,가로등
35.243824,126.878143,가로등
35.243755,126.877968,가로등
35.243683,126.877731,가로등
35.244995,126.881805,가로등
35.245266,126.881912,가로등
35.245564,126.882027,가로등
35.245888,126.882202,가로등
35.246288,126.882439,가로등
35.246578,126.882545,가로등
35.24688,126.882683,가로등
35.247021,126.882782,가로등
35.245186,126.882339,가로등
35.245472,126.882477,가로등
35.245792,126.882591,가로등
35.246151,126.882736,가로등
35.246456,126.882896,가로등
35.246746,126.883011,가로등
35.246922,126.883072,가로등
35.246361,126.882637,가로등
35.246067,126.882492,가로등
35.245781,126.882362,가로등
35.245457,126.882217,가로등
35.2449,126.882141,가로등
35.244835,126.882278,가로등
35.244751,126.882607,가로등
35.244766,126.882957,가로등
35.244774,126.883263,가로등
35.244762,126.883591,가로등
35.244751,126.883888,가로등
35.244728,126.884201,가로등
35.24469,126.884628,가로등
35.244678,126.884827,가로등
35.244617,126.885086,가로등
35.244541,126.885345,가로등
35.244476,126.885658,가로등
35.244427,126.885948,가로등
35.24437,126.8862,가로등
35.24345,126.877663,가로등
35.243336,126.877258,가로등
35.243214,126.876884,가로등
35.243084,126.876495,가로등
35.242973,126.876076,가로등
35.242836,126.875633,가로등
35.242935,126.875214,가로등
35.242847,126.874916,가로등
35.24276,126.874634,가로등
35.242668,126.874283,가로등
35.242603,126.874008,가로등
35.242508,126.873672,가로등
35.242409,126.873337,가로등
35.242329,126.873047,가로등
35.242218,126.872749,가로등
35.24213,126.872391,가로등
35.242096,126.872131,가로등
35.241917,126.871803,가로등
35.241844,126.871506,가로등
35.241737,126.871201,가로등
35.241634,126.870895,가로등
35.241512,126.870598,가로등
35.241413,126.870293,가로등
35.241318,126.869942,가로등
35.241169,126.869682,가로등
35.241043,126.86937,가로등
35.240948,126.869087,가로등
35.240833,126.868774,가로등
35.24073,126.8685,가로등
35.241714,126.870903,가로등
35.241291,126.870773,가로등
35.241386,126.87104,가로등
35.241585,126.87056,가로등
35.241489,126.870255,가로등
35.241772,126.872124,가로등
35.241898,126.872498,가로등
35.241982,126.872795,가로등
35.242123,126.873108,가로등
35.242184,126.87339,가로등
35.242195,126.87355,가로등
35.24226,126.873825,가로등
35.242359,126.874084,가로등
35.242401,126.874428,가로등
35.242481,126.874733,가로등
35.242649,126.875237,가로등
35.241737,126.871887,가로등
35.241642,126.871597,가로등
35.241554,126.871346,가로등
35.241455,126.87104,가로등
35.241337,126.87072,가로등
35.24123,126.870422,가로등
35.241135,126.870193,가로등
35.240959,126.869835,가로등
35.240856,126.869553,가로등
35.240726,126.86924,가로등
35.240616,126.868935,가로등
35.240524,126.868675,가로등
35.236813,126.867912,가로등
35.23642,126.867722,가로등
35.236202,126.867592,가로등
35.235886,126.867455,가로등
35.235611,126.867302,가로등
35.235306,126.867119,가로등
35.234993,126.866959,가로등
35.234692,126.866814,가로등
35.234314,126.866646,가로등
35.234077,126.866508,가로등
35.233837,126.866386,가로등
35.233704,126.86631,가로등
35.233486,126.866379,가로등
35.233696,126.866478,가로등
35.233894,126.866585,가로등
35.234165,126.866722,가로등
35.234489,126.86689,가로등
35.235157,126.867233,가로등
35.23481,126.867043,가로등
35.235451,126.867378,가로등
35.235775,126.867546,가로등
35.235973,126.867638,가로등
35.236164,126.867729,가로등
35.236385,126.867859,가로등
35.23658,126.867958,가로등
35.236904,126.868126,가로등
35.23724,126.868309,가로등
35.237667,126.868523,가로등
35.237919,126.868637,가로등
35.238251,126.868813,가로등
35.23848,126.868927,가로등
35.238739,126.869064,가로등
35.238724,126.869316,가로등
35.238804,126.869545,가로등
35.238663,126.869835,가로등
35.238983,126.869324,가로등
35.239216,126.869072,가로등
35.239487,126.868889,가로등
35.239765,126.868744,가로등
35.240074,126.868607,가로등
35.240337,126.868484,가로등
35.24028,126.868286,가로등
35.240013,126.868408,가로등
35.239716,126.868546,가로등
35.239407,126.868675,가로등
35.239082,126.868896,가로등
35.238853,126.868965,가로등
35.238659,126.868851,가로등
35.238358,126.868698,가로등
35.238159,126.868553,가로등
35.237911,126.868431,가로등
35.237484,126.868248,가로등
35.237183,126.868095,가로등
35.237667,126.861816,가로등
35.237419,126.861954,가로등
35.237186,126.862091,가로등
35.236923,126.862228,가로등
35.236683,126.862343,가로등
35.236427,126.86248,가로등
35.236183,126.862617,가로등
35.235909,126.862762,가로등
35.235672,126.862885,가로등
35.235382,126.86306,가로등
35.235115,126.863182,가로등
35.234814,126.86335,가로등
35.234608,126.863457,가로등
35.235615,126.863083,가로등
35.235722,126.863419,가로등
35.23584,126.863724,가로등
35.235939,126.864021,가로등
35.236053,126.864326,가로등
35.236168,126.864647,가로등
35.236275,126.864929,가로등
35.236511,126.865112,가로등
35.236755,126.865234,가로등
35.237034,126.865341,가로등
35.237225,126.865479,가로등
35.236889,126.865028,가로등
35.236797,126.864738,가로등
35.236671,126.86441,가로등
35.236557,126.864082,가로등
35.236458,126.863785,가로등
35.236359,126.863464,가로등
35.236263,126.863205,가로등
35.23616,126.862907,가로등
35.215633,126.867424,가로등
35.215649,126.867516,가로등
35.215332,126.867447,가로등
35.215282,126.867332,가로등
35.215012,126.867371,가로등
35.214939,126.867249,가로등
35.214706,126.867325,가로등
35.214581,126.867195,가로등
35.214394,126.867325,가로등
35.214195,126.867401,가로등
35.214005,126.867485,가로등
35.213837,126.867638,가로등
35.213696,126.867813,가로등
35.213596,126.868004,가로등
35.213696,126.867584,가로등
35.213772,126.86731,가로등
35.214043,126.867264,가로등
35.215935,126.867607,가로등
35.217213,126.86805,가로등
35.216881,126.86795,가로등
35.21656,126.867836,가로등
35.216259,126.867722,가로등
35.217545,126.868164,가로등
35.21788,126.868279,가로등
35.218216,126.868393,가로등
35.218521,126.868507,가로등
35.218853,126.868622,가로등
35.219185,126.868736,가로등
35.219444,126.86882,가로등
35.21973,126.86895,가로등
35.220047,126.869057,가로등
35.220318,126.869156,가로등
35.220592,126.869247,가로등
35.2207811,126.869291,가로등
35.220993,126.869354,가로등
35.221317,126.869469,가로등
35.221634,126.869614,가로등
35.2219376,126.869729,가로등
35.2221991,126.869813,가로등
35.222447,126.869898,가로등
35.2227199,126.870071,가로등
35.2229047,126.870128,가로등
35.2231572,126.870213,가로등
35.223342,126.870278,가로등
35.22359,126.87036,가로등
35.2237748,126.870426,가로등
35.2240318,126.870513,가로등
35.224255,126.870615,가로등
35.2245458,126.870727,가로등
35.224388,126.870865,가로등
35.2242371,126.870716,가로등
35.22403,126.870583,가로등
35.223797,126.870499,가로등
35.223618,126.870422,가로등
35.2233308,126.870341,가로등
35.2231302,126.87027,가로등
35.2229228,126.870205,가로등
35.2226704,126.870128,가로등
35.2224202,126.870038,가로등
35.222195,126.869942,가로등
35.2219152,126.869849,가로등
35.2217191,126.869767,가로등
35.2215567,126.869696,가로등
35.221333,126.869614,가로등
35.2211149,126.869562,가로등
35.2228167,126.870002,가로등
35.223148,126.87011,가로등
35.223454,126.870216,가로등
35.223743,126.870323,가로등
35.224052,126.870453,가로등
35.224346,126.870552,가로등
35.224651,126.870697,가로등
35.224934,126.87085,가로등
35.225246,126.871017,가로등
35.225502,126.87117,가로등
35.225742,126.8713,가로등
35.226036,126.871468,가로등
35.226379,126.871666,가로등
35.224876,126.871017,가로등
35.2250713,126.871138,가로등
35.2252833,126.871283,가로등
35.2255223,126.871425,가로등
35.2256959,126.87153,가로등
35.2259191,126.871664,가로등
35.2261356,126.871787,가로등
35.2262663,126.87185,가로등
35.2265211,126.871995,가로등
35.2267827,126.872135,가로등
35.2269968,126.872228,가로등
35.2272133,126.872335,가로등
35.224866,126.870894,가로등
35.2250148,126.870968,가로등
35.2251906,126.871069,가로등
35.2253778,126.871176,가로등
35.2255627,126.871288,가로등
35.225773,126.871399,가로등
35.225994,126.871513,가로등
35.226234,126.871666,가로등
35.226398,126.87175,가로등
35.2266561,126.871822,가로등
35.2272333,126.872139,가로등
35.2269605,126.872005,가로등
35.224613,126.870964,가로등
35.227501,126.87233,가로등
35.227776,126.872505,가로등
35.228062,126.872681,가로등
35.228363,126.872856,가로등
35.228634,126.873016,가로등
35.228928,126.873177,가로등
35.22921,126.873344,가로등
35.229504,126.873505,가로등
35.229778,126.873665,가로등
35.230015,126.87381,가로등
35.230354,126.874008,가로등
35.230629,126.874161,가로등
35.230919,126.874329,가로등
35.231209,126.874504,가로등
35.231476,126.874649,가로등
35.231781,126.874832,가로등
35.232056,126.874985,가로등
35.232346,126.875168,가로등
35.232632,126.87532,가로등
35.232918,126.875488,가로등
35.227417,126.872414,가로등
35.227627,126.872528,가로등
35.227814,126.872635,가로등
35.228077,126.872795,가로등
35.228302,126.872917,가로등
35.228516,126.873047,가로등
35.228718,126.873161,가로등
35.228924,126.873283,가로등
35.229134,126.873413,가로등
35.229355,126.873535,가로등
35.229527,126.87365,가로등
35.229774,126.873795,가로등
35.229977,126.873901,가로등
35.230255,126.874054,가로등
35.230419,126.874153,가로등
35.230614,126.874268,가로등
35.230839,126.874405,가로등
35.231056,126.874504,가로등
35.231472,126.874763,가로등
35.231686,126.874886,가로등
35.232113,126.875122,가로등
35.232353,126.875282,가로등
35.232536,126.875381,가로등
35.232716,126.875481,가로등
35.233204,126.875648,가로등
35.233494,126.875816,가로등
35.233749,126.875961,가로등
35.233994,126.876114,가로등
35.23428,126.876266,가로등
35.234554,126.876434,가로등
35.234852,126.876595,가로등
35.235142,126.876755,가로등
35.235424,126.876923,가로등
35.23571,126.87709,가로등
35.235992,126.877243,가로등
35.236279,126.877419,가로등
35.236576,126.877579,가로등
35.236855,126.877754,가로등
35.237137,126.877922,가로등
35.237446,126.878098,가로등
35.237576,126.877762,가로등
35.237331,126.877625,가로등
35.237019,126.877434,가로등
35.236748,126.877304,가로등
35.236458,126.877121,가로등
35.236225,126.877007,가로등
35.236126,126.876945,가로등
35.235867,126.876793,가로등
35.235561,126.87661,가로등
35.235275,126.87645,가로등
35.234989,126.876282,가로등
35.234776,126.87619,가로등
35.23444,126.875977,가로등
35.234127,126.875786,가로등
35.233353,126.875328,가로등
35.233597,126.875488,가로등
35.233852,126.875626,가로등
35.161587,126.961983,가로등
35.161079,126.962006,가로등
35.160667,126.962067,가로등
35.160259,126.962234,가로등
35.159855,126.96254,가로등
35.159374,126.962692,가로등
35.159004,126.962601,가로등
35.158554,126.962433,가로등
35.158154,126.96225,가로등
35.157715,126.962082,가로등
35.157272,126.962029,가로등
35.156933,126.962234,가로등
35.156597,126.962578,가로등
35.156265,126.962929,가로등
35.155918,126.96331,가로등
35.155613,126.963699,가로등
35.155407,126.964165,가로등
35.155293,126.964661,가로등
35.155212,126.965195,가로등
35.155163,126.965736,가로등
35.155098,126.966286,가로등
35.155037,126.966827,가로등
35.155014,126.967361,가로등
35.155018,126.968002,가로등
35.155037,126.968468,가로등
35.155121,126.969055,가로등
35.154926,126.969604,가로등
35.154442,126.969543,가로등
35.15403,126.96962,가로등
35.153591,126.969536,가로등
35.153141,126.969421,가로등
35.152733,126.96933,가로등
35.152298,126.969475,가로등
35.152565,126.969894,가로등
35.152878,126.970245,가로등
35.153252,126.970505,가로등
35.153709,126.970665,가로등
35.154034,126.971039,가로등
35.154301,126.971466,가로등
35.154594,126.971893,가로등
35.15458759,126.9718738,가로등
35.155212,126.972099,가로등
35.155643,126.972107,가로등
35.156067,126.972404,가로등
35.156437,126.972694,가로등
35.156784,126.973053,가로등
35.15707,126.973442,가로등
35.157452,126.973785,가로등
35.157856,126.974007,가로등
35.158283,126.97419,가로등
35.158691,126.974205,가로등
35.159088,126.973938,가로등
35.159355,126.973938,가로등
35.15992,126.974258,가로등
35.160297,126.974548,가로등
35.160461,126.975021,가로등
35.160198,126.975349,가로등
35.159843,126.975754,가로등
35.15937,126.975792,가로등
35.159039,126.975723,가로등
35.158665,126.975517,가로등
35.158459,126.975677,가로등
35.15876,126.976074,가로등
35.159214,126.976303,가로등
35.159519,126.976608,가로등
35.159927,126.976875,가로등
35.160294,126.977165,가로등
35.160675,126.977432,가로등
35.161125,126.977676,가로등
35.161213,126.978149,가로등
35.161331,126.978706,가로등
35.161518,126.979202,가로등
35.161648,126.979729,가로등
35.161606,126.980362,가로등
35.161598,126.980865,가로등
35.161667,126.981384,가로등
35.16172,126.981964,가로등
35.161652,126.982376,가로등
35.161678,126.982994,가로등
35.161652,126.983536,가로등
35.161549,126.98407,가로등
35.161449,126.984596,가로등
35.161381,126.985199,가로등
35.161331,126.985611,가로등
35.161312,126.986237,가로등
35.161114,126.986748,가로등
35.160736,126.987022,가로등
35.160286,126.987038,가로등
35.159851,126.987,가로등
35.159393,126.987083,가로등
35.158936,126.987137,가로등
35.158512,126.98719,가로등
35.158047,126.987389,가로등
35.157642,126.987556,가로등
35.157207,126.987679,가로등
35.156746,126.987709,가로등
35.156288,126.987686,가로등
35.155838,126.98764,가로등
35.155403,126.987694,가로등
35.155018,126.987854,가로등
35.154602,126.988098,가로등
35.154167,126.988274,가로등
35.153706,126.98838,가로등
35.153271,126.988441,가로등
35.152824,126.988525,가로등
35.152378,126.988609,가로등
35.151943,126.988724,가로등
35.151493,126.988815,가로등
35.151051,126.988747,가로등
35.150604,126.988693,가로등
35.150135,126.988724,가로등
35.149704,126.988731,가로등
35.14941,126.988678,가로등
35.148842,126.988678,가로등
35.148388,126.988525,가로등
35.147469,126.988342,가로등
35.147064,126.988411,가로등
35.146687,126.98848,가로등
35.146912,126.988213,가로등
35.147392,126.987808,가로등
35.147854,126.987686,가로등
35.148041,126.987396,가로등
35.147488,126.987228,가로등
35.147064,126.987129,가로등
35.146637,126.987053,가로등
35.161373,126.978096,가로등
35.161579,126.978661,가로등
35.161766,126.979134,가로등
35.161884,126.979568,가로등
35.161987,126.980125,가로등
35.162243,126.980522,가로등
35.162483,126.98085,가로등
35.162617,126.981316,가로등
35.162716,126.981812,가로등
35.162785,126.9823,가로등
35.162823,126.982811,가로등
35.162949,126.983292,가로등
35.162918,126.984703,가로등
35.16301,126.984283,가로등
35.163101,126.983765,가로등
35.163021,126.985191,가로등
35.163067,126.985687,가로등
35.162971,126.986183,가로등
35.163086,126.986633,가로등
35.163326,126.987061,가로등
35.163601,126.987411,가로등
35.163853,126.987732,가로등
35.163944,126.988266,가로등
35.164063,126.988716,가로등
35.164261,126.989166,가로등
35.164463,126.989624,가로등
35.16465,126.990013,가로등
35.164902,126.990501,가로등
35.165119,126.990891,가로등
35.165314,126.991348,가로등
35.165535,126.99176,가로등
35.165825,126.992119,가로등
35.166142,126.99247,가로등
35.166409,126.992867,가로등
35.166664,126.993195,가로등
35.166977,126.993614,가로등
35.167091,126.99408,가로등
35.167095,126.994576,가로등
35.167194,126.995087,가로등
35.167271,126.995491,가로등
35.167351,126.996025,가로등
35.167507,126.996475,가로등
35.167713,126.996902,가로등
35.167789,126.997414,가로등
35.167805,126.997887,가로등
35.16795,126.998337,가로등
35.168343,126.998497,가로등
35.168747,126.998535,가로등
35.169094,126.998787,가로등
35.169533,126.998894,가로등
35.183426,127.000443,가로등
35.18372,127.000519,가로등
35.184078,127.000557,가로등
35.184433,127.000595,가로등
35.184704,127.000618,가로등
35.18494,127.00071,가로등
35.185177,127.000908,가로등
35.185387,127.001114,가로등
35.1856,127.001335,가로등
35.18581,127.001526,가로등
35.186028,127.001709,가로등
35.186253,127.001884,가로등
35.186485,127.002083,가로등
35.186665,127.002335,가로등
35.186825,127.002625,가로등
35.222088,126.874184,가로등
35.222366,126.874321,가로등
35.222633,126.874458,가로등
35.221729,126.873985,가로등
35.227673,126.872055,가로등
35.22789,126.872192,가로등
35.228172,126.87236,가로등
35.228493,126.872543,가로등
35.228779,126.872704,가로등
35.229061,126.872871,가로등
35.229347,126.873039,가로등
35.22963,126.873199,가로등
35.229916,126.873367,가로등
35.230171,126.873505,가로등
35.230469,126.873688,가로등
35.230766,126.873863,가로등
35.231041,126.874008,가로등
35.231319,126.874168,가로등
35.231598,126.874336,가로등
35.231911,126.874519,가로등
35.23217,126.874664,가로등
35.232464,126.87484,가로등
35.232716,126.874992,가로등
35.233032,126.87516,가로등
35.227444,126.87191,가로등
35.227074,126.871719,가로등
35.226768,126.871529,가로등
35.226467,126.871414,가로등
35.226177,126.871246,가로등
35.225895,126.871078,가로등
35.225616,126.870918,가로등
35.225319,126.870758,가로등
35.225018,126.87059,가로등
35.224735,126.870461,가로등
35.224438,126.8703,가로등
35.22414,126.870171,가로등
35.223835,126.870049,가로등
35.223526,126.869942,가로등
35.22324,126.869827,가로등
35.222927,126.869728,가로등
35.22084,126.868973,가로등
35.221111,126.86908,가로등
35.221455,126.869164,가로등
35.221622,126.869255,가로등
35.22171,126.869293,가로등
35.222099,126.86937,가로등
35.221897,126.869331,가로등
35.222317,126.869453,가로등
35.222637,126.869568,가로등
35.16837075,126.9162741,가로등
35.223068,126.869705,가로등
35.223289,126.869781,가로등
35.223515,126.869858,가로등
35.22374,126.869942,가로등
35.223938,126.870018,가로등
35.224152,126.870102,가로등
35.224346,126.870193,가로등
35.225121,126.870567,가로등
35.22533,126.870674,가로등
35.225525,126.870796,가로등
35.225742,126.870918,가로등
35.225941,126.871025,가로등
35.22617,126.871162,가로등
35.226398,126.8713,가로등
35.226585,126.871407,가로등
35.2249376,126.870432,가로등
35.2248655,126.870435,가로등
35.16843373,126.9161038,가로등
35.16833901,126.9159942,가로등
35.16823086,126.916019,가로등
35.16818139,126.9161645,가로등
35.220203,126.868759,가로등
35.220493,126.868851,가로등
35.219917,126.86869,가로등
35.219601,126.868576,가로등
35.219261,126.868462,가로등
35.218925,126.868347,가로등
35.218594,126.86824,가로등
35.218273,126.868126,가로등
35.217945,126.868004,가로등
35.217613,126.867897,가로등
35.217281,126.867767,가로등
35.216953,126.867653,가로등
35.216629,126.867523,가로등
35.216339,126.867416,가로등
35.216015,126.867287,가로등
35.215714,126.867165,가로등
35.215397,126.867065,가로등
35.215073,126.866989,가로등
35.214745,126.866928,가로등
35.214428,126.86689,가로등
35.214211,126.866753,가로등
35.214226,126.866882,가로등
35.213898,126.866875,가로등
35.213982,126.866562,가로등
35.214088,126.866486,가로등
35.214096,126.866196,가로등
35.214176,126.865898,가로등
35.214294,126.865547,가로등
35.2146,126.866989,가로등
35.214958,126.867043,가로등
35.215317,126.867111,가로등
35.215672,126.867233,가로등
35.227249,126.863007,가로등
35.226887,126.862823,가로등
35.226551,126.862656,가로등
35.226219,126.86248,가로등
35.225899,126.86232,가로등
35.225555,126.862144,가로등
35.22522,126.861969,가로등
35.224884,126.861809,가로등
35.22456,126.861641,가로등
35.224354,126.861526,가로등
35.223892,126.861298,가로등
35.223557,126.86113,가로등
35.223335,126.861,가로등
35.223316,126.861176,가로등
35.2229,126.860786,가로등
35.22366,126.861351,가로등
35.223988,126.861511,가로등
35.224327,126.861687,가로등
35.224659,126.861862,가로등
35.225002,126.86203,가로등
35.225323,126.86219,가로등
35.225662,126.862366,가로등
35.22599,126.862541,가로등
35.226322,126.862709,가로등
35.226585,126.862846,가로등
35.226971,126.863045,가로등
35.16790445,126.9164886,가로등
35.1677401,126.916711,가로등
35.16762303,126.9168676,가로등
35.228004,126.863564,가로등
35.228321,126.863731,가로등
35.228634,126.863892,가로등
35.228973,126.864059,가로등
35.229298,126.86422,가로등
35.229603,126.86438,가로등
35.229809,126.864494,가로등
35.229969,126.864403,가로등
35.229771,126.864296,가로등
35.229515,126.864166,가로등
35.229187,126.864006,가로등
35.228848,126.863846,가로등
35.228516,126.863655,가로등
35.228188,126.863495,가로등
35.227856,126.863335,가로등
35.233078,126.865997,가로등
35.232784,126.865837,가로등
35.23246,126.865669,가로등
35.232128,126.865501,가로등
35.231808,126.865341,가로등
35.231468,126.865173,가로등
35.231155,126.865021,가로등
35.230846,126.864861,가로등
35.230568,126.864708,가로등
35.230358,126.864609,가로등
35.230179,126.864403,가로등
35.230267,126.86412,가로등
35.230354,126.863869,가로등
35.230446,126.863625,가로등
35.230522,126.86338,가로등
35.230621,126.863129,가로등
35.23003,126.864601,가로등
35.230198,126.864685,가로등
35.230404,126.864799,가로등
35.230591,126.864891,가로등
35.230915,126.865051,가로등
35.231236,126.865219,가로등
35.231579,126.865395,가로등
35.231907,126.865562,가로등
35.232269,126.865746,가로등
35.232567,126.865898,가로등
35.232906,126.866074,가로등
35.233097,126.866173,가로등
35.233315,126.86628,가로등
35.233494,126.866028,가로등
35.233616,126.865662,가로등
35.233761,126.865265,가로등
35.233868,126.864929,가로등
35.234028,126.864494,가로등
35.234165,126.864075,가로등
35.234306,126.863678,가로등
35.234444,126.863281,가로등
35.234562,126.862877,가로등
35.234623,126.862556,가로등
35.234463,126.862724,가로등
35.234352,126.863129,가로등
35.234219,126.863525,가로등
35.234081,126.863945,가로등
35.233932,126.864349,가로등
35.233803,126.864754,가로등
35.233662,126.865158,가로등
35.233521,126.86557,가로등
35.23341,126.865868,가로등
35.234684,126.862,가로등
35.234669,126.861565,가로등
35.234608,126.861122,가로등
35.234512,126.86071,가로등
35.234371,126.860306,가로등
35.234783,126.862167,가로등
35.235023,126.862,가로등
35.235252,126.861832,가로등
35.235493,126.861671,가로등
35.235744,126.861526,가로등
35.235981,126.861404,가로등
35.236225,126.861259,가로등
35.236485,126.861122,가로등
35.236729,126.860992,가로등
35.236965,126.860847,가로등
35.237228,126.860725,가로등
35.237396,126.860962,가로등
35.237499,126.861259,가로등
35.23455,126.862183,가로등
35.234562,126.861877,가로등
35.234528,126.861435,가로등
35.234447,126.860977,가로등
35.23431,126.860542,가로등
35.234386,126.862244,가로등
35.234013,126.862144,가로등
35.233673,126.862068,가로등
35.233284,126.861969,가로등
35.232883,126.861862,가로등
35.232586,126.861786,가로등
35.232269,126.861717,가로등
35.231934,126.861649,가로등
35.231644,126.861572,가로등
35.231358,126.861481,가로등
35.231075,126.86142,가로등
35.234188,126.860199,가로등
35.234016,126.861519,가로등
35.233959,126.861229,가로등
35.233891,126.86097,가로등
35.233795,126.860703,가로등
35.233692,126.860413,가로등
35.233746,126.860237,가로등
35.234089,126.860069,가로등
35.233604,126.860229,가로등
35.233353,126.860184,가로등
35.233101,126.860176,가로등
35.23304,126.860435,가로등
35.232994,126.860718,가로등
35.232941,126.861092,가로등
35.232899,126.861328,가로등
35.232864,126.861549,가로등
35.23283,126.861771,가로등
35.234066,126.862015,가로등
35.234035,126.861717,가로등
35.232658,126.862198,가로등
35.232563,126.862724,가로등
35.232418,126.863152,가로등
35.232296,126.863525,가로등
35.232159,126.863922,가로등
35.232834,126.864052,가로등
35.232944,126.863678,가로등
35.233089,126.863274,가로등
35.233223,126.862923,가로등
35.233311,126.862595,가로등
35.233379,126.862175,가로등
35.233368,126.86451,가로등
35.233501,126.864113,가로등
35.233665,126.86367,가로등
35.233776,126.863335,가로등
35.233932,126.862869,가로등
35.234028,126.862411,가로등
35.23362,126.864891,가로등
35.233303,126.864723,가로등
35.232971,126.864571,가로등
35.232635,126.864372,가로등
35.232307,126.864227,가로등
35.231964,126.864044,가로등
35.231628,126.863861,가로등
35.231335,126.863708,가로등
35.230999,126.863564,가로등
35.230663,126.863365,가로등
35.231598,126.863533,가로등
35.231731,126.863098,가로등
35.231892,126.862663,가로등
35.231968,126.862274,가로등
35.232018,126.861908,가로등
35.230999,126.863213,가로등
35.231136,126.862785,가로등
35.231258,126.862335,가로등
35.23135,126.861885,가로등
35.231552,126.858727,가로등
35.23177,126.85878,가로등
35.232105,126.858803,가로등
35.23246,126.858795,가로등
35.232807,126.858711,가로등
35.233078,126.858604,가로등
35.233353,126.858475,가로등
35.233265,126.858345,가로등
35.233059,126.858452,가로등
35.232864,126.858536,가로등
35.232582,126.858604,가로등
35.232246,126.85865,가로등
35.23193,126.858635,가로등
35.231674,126.858604,가로등
35.231453,126.858543,가로등
35.231247,126.858498,가로등
35.23101,126.858444,가로등
35.230667,126.85836,가로등
35.230316,126.858269,가로등
35.229965,126.858185,가로등
35.229603,126.858093,가로등
35.229259,126.858002,가로등
35.228962,126.857941,가로등
35.228893,126.858086,가로등
35.229057,126.858124,가로등
35.229401,126.8582,가로등
35.229774,126.858299,가로등
35.230133,126.858391,가로등
35.230476,126.858482,가로등
35.23082,126.858551,가로등
35.231121,126.858627,가로등
35.231445,126.858833,가로등
35.231407,126.859108,가로등
35.231377,126.859413,가로등
35.231335,126.859673,가로등
35.231274,126.859932,가로등
35.23122,126.860199,가로등
35.231186,126.860474,가로등
35.231129,126.860748,가로등
35.231091,126.861015,가로등
35.231049,126.861275,가로등
35.230984,126.86161,가로등
35.230961,126.861816,가로등
35.230907,126.862091,가로등
35.230854,126.862366,가로등
35.230782,126.862633,가로등
35.230701,126.862892,가로등
35.172279,126.939568,가로등
35.172028,126.939568,가로등
35.171944,126.939247,가로등
35.171738,126.93956,가로등
35.171635,126.939255,가로등
35.171364,126.939255,가로등
35.171078,126.939262,가로등
35.170795,126.939255,가로등
35.170521,126.939255,가로등
35.170246,126.939278,가로등
35.169998,126.939262,가로등
35.169739,126.939262,가로등
35.169445,126.939255,가로등
35.169125,126.939232,가로등
35.168896,126.93924,가로등
35.168633,126.939217,가로등
35.168343,126.939178,가로등
35.168087,126.939163,가로등
35.167812,126.939133,가로등
35.167526,126.93911,가로등
35.167244,126.939072,가로등
35.167076,126.939056,가로등
35.166855,126.939026,가로등
35.166641,126.939003,가로등
35.166626,126.939354,가로등
35.166832,126.939369,가로등
35.167042,126.939369,가로등
35.167179,126.939377,가로등
35.167404,126.939407,가로등
35.167652,126.939423,가로등
35.167881,126.939453,가로등
35.168156,126.939476,가로등
35.168438,126.939507,가로등
35.168724,126.939529,가로등
35.169006,126.939529,가로등
35.169231,126.939545,가로등
35.169556,126.939568,가로등
35.169834,126.939568,가로등
35.170078,126.939575,가로등
35.170345,126.939575,가로등
35.170609,126.939568,가로등
35.170895,126.939568,가로등
35.171185,126.939568,가로등
35.171471,126.93956,가로등
35.172554,126.939583,가로등
35.172798,126.939621,가로등
35.173065,126.939667,가로등
35.173313,126.939728,가로등
35.173584,126.939827,가로등
35.173859,126.939911,가로등
35.174118,126.940018,가로등
35.174377,126.940109,가로등
35.174618,126.940216,가로등
35.174881,126.940338,가로등
35.175087,126.94043,가로등
35.175312,126.940544,가로등
35.175529,126.940651,가로등
35.175739,126.940727,가로등
35.175957,126.940826,가로등
35.176125,126.940895,가로등
35.1763,126.940979,가로등
35.176517,126.941086,가로등
35.1768,126.941078,가로등
35.177105,126.941177,가로등
35.177414,126.941269,가로등
35.1777,126.941338,가로등
35.178017,126.941399,가로등
35.178318,126.941429,가로등
35.178623,126.941452,가로등
35.178921,126.941483,가로등
35.179245,126.941483,가로등
35.179558,126.941452,가로등
35.179886,126.941422,가로등
35.180183,126.941391,가로등
35.180527,126.941345,가로등
35.16736907,126.9178585,가로등
35.180866,126.941292,가로등
35.181179,126.941208,가로등
35.181511,126.941154,가로등
35.181808,126.941093,가로등
35.182117,126.94104,가로등
35.182434,126.940979,가로등
35.182751,126.940926,가로등
35.183033,126.94088,가로등
35.183376,126.940804,가로등
35.183693,126.940742,가로등
35.183994,126.940689,가로등
35.184284,126.940636,가로등
35.184601,126.940575,가로등
35.184998,126.940529,가로등
35.185284,126.940468,가로등
35.185562,126.94043,가로등
35.18713,126.940132,가로등
35.187351,126.940109,가로등
35.187672,126.940048,가로등
35.187984,126.939972,가로등
35.188301,126.939903,가로등
35.18858,126.939819,가로등
35.188877,126.939728,가로등
35.16731063,126.9180643,가로등
35.189182,126.939644,가로등
35.189495,126.939522,가로등
35.189774,126.939384,가로등
35.190056,126.939232,가로등
35.19035,126.939049,가로등
35.190613,126.938866,가로등
35.190876,126.938652,가로등
35.19112,126.938446,가로등
35.191387,126.938164,가로등
35.191616,126.937866,가로등
35.191803,126.937614,가로등
35.191963,126.937431,가로등
35.192059,126.937149,가로등
35.192249,126.936798,가로등
35.192356,126.936577,가로등
35.192478,126.936302,가로등
35.193272,126.936539,가로등
35.193527,126.93647,가로등
35.193005,126.9366,가로등
35.192837,126.936523,가로등
35.192684,126.936363,가로등
35.192631,126.936104,가로등
35.192734,126.935699,가로등
35.192818,126.935387,가로등
35.192902,126.935043,가로등
35.179962,126.938469,가로등
35.179871,126.938728,가로등
35.179749,126.938972,가로등
35.179626,126.939217,가로등
35.179508,126.93943,가로등
35.179382,126.939613,가로등
35.179249,126.939789,가로등
35.179085,126.939964,가로등
35.178909,126.940186,가로등
35.178783,126.940361,가로등
35.178677,126.940613,가로등
35.178581,126.940857,가로등
35.17849,126.941093,가로등
35.17836,126.941322,가로등
35.178192,126.941498,가로등
35.177994,126.941589,가로등
35.177765,126.941605,가로등
35.177555,126.941544,가로등
35.177361,126.941475,가로등
35.177151,126.94136,가로등
35.176941,126.941269,가로등
35.176743,126.941185,가로등
35.178101,126.940353,가로등
35.178345,126.940208,가로등
35.178596,126.940033,가로등
35.178829,126.939819,가로등
35.179035,126.939583,가로등
35.179256,126.939331,가로등
35.179409,126.939079,가로등
35.179539,126.938835,가로등
35.179646,126.938591,가로등
35.179745,126.938324,가로등
35.179836,126.938057,가로등
35.17794,126.940437,가로등
35.177776,126.940491,가로등
35.177536,126.940536,가로등
35.177307,126.94059,가로등
35.177071,126.940628,가로등
35.176842,126.940605,가로등
35.176609,126.94059,가로등
35.176445,126.940559,가로등
35.176796,126.940758,가로등
35.176941,126.940826,가로등
35.177158,126.940887,가로등
35.177448,126.940964,가로등
35.177731,126.94104,가로등
35.178047,126.941101,가로등
35.178337,126.941124,가로등
35.178638,126.941154,가로등
35.178913,126.94117,가로등
35.179234,126.941162,가로등
35.179546,126.941154,가로등
35.176266,126.940506,가로등
35.176094,126.940453,가로등
35.175877,126.940369,가로등
35.175716,126.940308,가로등
35.175533,126.940216,가로등
35.175316,126.940147,가로등
35.17511,126.940048,가로등
35.174839,126.939934,가로등
35.17458,126.939835,가로등
35.174332,126.939735,가로등
35.174095,126.939667,가로등
35.173767,126.939575,가로등
35.173553,126.939522,가로등
35.173271,126.939423,가로등
35.173016,126.939354,가로등
35.172768,126.939316,가로등
35.172497,126.93927,가로등
35.17223,126.939262,가로등
35.166416,126.938957,가로등
35.166206,126.938904,가로등
35.165981,126.938873,가로등
35.165733,126.938828,가로등
35.165516,126.938812,가로등
35.165257,126.938782,가로등
35.164986,126.938728,가로등
35.164711,126.938705,가로등
35.164494,126.93869,가로등
35.16423,126.938698,가로등
35.163975,126.938721,가로등
35.163712,126.938812,가로등
35.163345,126.938812,가로등
35.1636004,126.9392277,가로등
35.163895,126.939293,가로등
35.164158,126.939369,가로등
35.164417,126.939369,가로등
35.164692,126.939339,가로등
35.164948,126.939331,가로등
35.165222,126.939316,가로등
35.165512,126.939308,가로등
35.165737,126.939301,가로등
35.165947,126.939293,가로등
35.166172,126.939323,가로등
35.166389,126.939339,가로등
35.179852,126.941116,가로등
35.180149,126.941063,가로등
35.180477,126.941017,가로등
35.180824,126.940956,가로등
35.181145,126.940903,가로등
35.181458,126.940857,가로등
35.181778,126.940811,가로등
35.182087,126.94075,가로등
35.182373,126.940697,가로등
35.182709,126.940628,가로등
35.18301,126.940567,가로등
35.183327,126.940521,가로등
35.183647,126.940453,가로등
35.183964,126.940392,가로등
35.184254,126.940346,가로등
35.184574,126.940285,가로등
35.184956,126.940224,가로등
35.185257,126.940163,가로등
35.185535,126.940117,가로등
35.187092,126.939812,가로등
35.187313,126.939796,가로등
35.187618,126.939735,가로등
35.187923,126.939682,가로등
35.188213,126.939613,가로등
35.188545,126.939522,가로등
35.188835,126.93943,가로등
35.18911,126.939339,가로등
35.189407,126.939232,가로등
35.18969,126.939087,가로등
35.189941,126.938965,가로등
35.190231,126.938782,가로등
35.190479,126.938583,가로등
35.19072,126.938377,가로등
35.190956,126.938156,가로등
35.191189,126.937904,가로등
35.191376,126.937675,가로등
35.19154,126.937462,가로등
35.1917,126.93721,가로등
35.191914,126.936859,가로등
35.192039,126.936623,가로등
35.192154,126.936356,가로등
35.192276,126.936119,가로등
35.192375,126.935883,가로등
35.192474,126.935585,가로등
35.192566,126.935287,가로등
35.192638,126.934967,가로등
35.176018,126.912529,가로등
35.176502,126.91246,가로등
35.188007,126.863487,가로등
35.188278,126.863602,가로등
35.188541,126.863731,가로등
35.188835,126.863831,가로등
35.18911,126.863945,가로등
35.189392,126.864044,가로등
35.189667,126.864166,가로등
35.189915,126.864265,가로등
35.190197,126.86422,가로등
35.190498,126.864273,가로등
35.190754,126.864311,가로등
35.19104,126.864342,가로등
35.191357,126.864357,가로등
35.191692,126.864388,가로등
35.191967,126.864426,가로등
35.192245,126.86451,가로등
35.192543,126.864418,가로등
35.193077,126.864441,가로등
35.193382,126.864449,가로등
35.193676,126.864456,가로등
35.193951,126.864487,가로등
35.194248,126.864494,가로등
35.194508,126.864494,가로등
35.194782,126.864502,가로등
35.195061,126.864517,가로등
35.195347,126.86454,가로등
35.195648,126.864693,가로등
35.195942,126.864647,가로등
35.196171,126.864655,가로등
35.196381,126.864662,가로등
35.196537,126.86467,가로등
35.196693,126.864693,가로등
35.196888,126.864708,가로등
35.223106,126.85125,가로등
35.223354,126.85125,가로등
35.22361,126.85125,가로등
35.223881,126.851257,가로등
35.224133,126.851273,가로등
35.224373,126.851273,가로등
35.224632,126.851273,가로등
35.224911,126.851265,가로등
35.225132,126.851273,가로등
35.222858,126.85096,가로등
35.222858,126.850685,가로등
35.222874,126.85041,가로등
35.222874,126.850121,가로등
35.222878,126.849953,가로등
35.222881,126.849876,가로등
35.222881,126.849602,가로등
35.222881,126.849297,가로등
35.222885,126.848999,가로등
35.226627,126.847977,가로등
35.226299,126.848137,가로등
35.226109,126.848236,가로등
35.225883,126.848351,가로등
35.225643,126.848473,가로등
35.225414,126.848579,가로등
35.225124,126.848686,가로등
35.225243,126.848976,가로등
35.225246,126.849274,가로등
35.225246,126.849571,가로등
35.225235,126.849899,가로등
35.225231,126.850182,가로등
35.225231,126.850494,가로등
35.225231,126.850807,가로등
35.225231,126.851112,가로등
35.22538,126.848778,가로등
35.225601,126.848679,가로등
35.225822,126.848564,가로등
35.226048,126.84845,가로등
35.226288,126.848335,가로등
35.226528,126.848213,가로등
35.222042,126.848839,가로등
35.22229,126.848839,가로등
35.222515,126.848839,가로등
35.222786,126.848846,가로등
35.22311,126.848877,가로등
35.22327,126.848877,가로등
35.223522,126.848877,가로등
35.223812,126.848846,가로등
35.223961,126.848846,가로등
35.224316,126.848854,가로등
35.224579,126.848854,가로등
35.224827,126.848854,가로등
35.22504,126.848854,가로등
35.224941,126.848686,가로등
35.224686,126.848694,가로등
35.224426,126.848694,가로등
35.224178,126.848679,가로등
35.223927,126.848679,가로등
35.223675,126.848686,가로등
35.223412,126.848694,가로등
35.223129,126.848686,가로등
35.222908,126.848686,가로등
35.222652,126.848679,가로등
35.22239077,126.8485894,가로등
35.222157,126.848679,가로등
35.227066,126.848381,가로등
35.22694,126.847992,가로등
35.226795,126.847603,가로등
35.226673,126.847237,가로등
35.226536,126.846802,가로등
35.226398,126.846405,가로등
35.226276,126.846016,가로등
35.226154,126.845619,가로등
35.226013,126.845238,가로등
35.225906,126.84491,가로등
35.225716,126.844917,가로등
35.225849,126.845329,가로등
35.225975,126.845711,가로등
35.226112,126.846115,가로등
35.226242,126.846504,가로등
35.226372,126.846901,가로등
35.226505,126.847298,가로등
35.226627,126.847687,가로등
35.226791,126.848198,가로등
35.226875,126.84848,가로등
35.227024,126.848862,가로등
35.227177,126.849342,가로등
35.227276,126.849609,가로등
35.227413,126.850021,가로등
35.227547,126.850426,가로등
35.22765,126.850754,가로등
35.227814,126.851212,가로등
35.227936,126.851601,가로등
35.228058,126.851974,가로등
35.228191,126.852356,가로등
35.228359,126.852272,가로등
35.228237,126.851898,가로등
35.228107,126.851509,가로등
35.227974,126.851128,가로등
35.227852,126.850723,가로등
35.227718,126.850342,가로등
35.227577,126.84993,가로등
35.227436,126.849464,가로등
35.227337,126.849159,가로등
35.227196,126.84877,가로등
35.226341,126.852798,가로등
35.225983,126.852798,가로등
35.225624,126.852798,가로등
35.225262,126.852791,가로등
35.224899,126.852791,가로등
35.22451,126.85276,가로등
35.224148,126.852783,가로등
35.223793,126.852776,가로등
35.223438,126.852776,가로등
35.223091,126.852776,가로등
35.22274,126.852768,가로등
35.222359,126.852768,가로등
35.222034,126.852768,가로등
35.222031,126.852997,가로등
35.222355,126.853012,가로등
35.222744,126.853004,가로등
35.223083,126.853004,가로등
35.223442,126.853012,가로등
35.223793,126.853004,가로등
35.224152,126.853012,가로등
35.224518,126.85302,가로등
35.224895,126.853027,가로등
35.225266,126.853035,가로등
35.225471,126.853027,가로등
35.225975,126.85302,가로등
35.226353,126.853035,가로등
35.226719,126.85302,가로등
35.227081,126.853035,가로등
35.227451,126.853004,가로등
35.227829,126.852928,가로등
35.228172,126.852783,가로등
35.22863,126.852539,가로등
35.228939,126.852394,가로등
35.229187,126.852264,가로등
35.229591,126.852028,가로등
35.229931,126.851883,가로등
35.230263,126.851685,가로등
35.230598,126.851501,가로등
35.230621,126.851204,가로등
35.230396,126.851341,가로등
35.230175,126.851479,가로등
35.229855,126.851662,가로등
35.229511,126.85183,가로등
35.229187,126.852013,가로등
35.228867,126.852188,가로등
35.228542,126.852364,가로등
35.2281,126.852585,가로등
35.227776,126.852707,가로등
35.227432,126.852783,가로등
35.227081,126.852806,가로등
35.226707,126.852798,가로등
35.233849,126.849396,가로등
35.233757,126.849602,가로등
35.233467,126.849739,가로등
35.233147,126.849915,가로등
35.232849,126.850082,가로등
35.232533,126.85025,가로등
35.232185,126.850418,가로등
35.23188,126.85054,가로등
35.231636,126.850677,가로등
35.23138,126.850815,가로등
35.231144,126.850929,가로등
35.230816,126.85112,가로등
35.230919,126.851334,가로등
35.231255,126.851151,가로등
35.231525,126.851013,가로등
35.231918,126.850807,가로등
35.23225,126.850632,가로등
35.23259,126.850456,가로등
35.233009,126.850235,가로등
35.233227,126.850121,가로등
35.233536,126.84996,가로등
35.233841,126.849785,가로등
35.234131,126.849632,가로등
35.234001,126.849297,가로등
35.233868,126.848892,가로등
35.233723,126.848503,가로등
35.233582,126.848083,가로등
35.233437,126.847687,가로등
35.233326,126.847374,가로등
35.23315,126.846886,가로등
35.232994,126.846443,가로등
35.232841,126.846016,가로등
35.232689,126.845589,가로등
35.23259,126.845314,가로등
35.232185,126.84481,가로등
35.2323,126.845047,가로등
35.232368,126.845238,가로등
35.2325118,126.8456838,가로등
35.232677,126.846107,가로등
35.232834,126.846542,가로등
35.233017,126.847046,가로등
35.233139,126.847382,가로등
35.233273,126.847778,가로등
35.233421,126.84819,가로등
35.233559,126.848587,가로등
35.233707,126.849007,가로등
35.23111,126.841682,가로등
35.231236,126.842056,가로등
35.231365,126.842438,가로등
35.231503,126.842804,가로등
35.231632,126.843163,가로등
35.231762,126.843544,가로등
35.231838,126.843826,가로등
35.231937,126.844101,가로등
35.23201,126.844322,가로등
35.232101,126.844582,가로등
35.2323,126.84449,가로등
35.23243,126.844849,가로등
35.232178,126.844162,가로등
35.232059,126.843796,가로등
35.23193,126.84343,가로등
35.2318,126.843086,가로등
35.231663,126.842705,가로등
35.231529,126.842331,가로등
35.231396,126.841942,가로등
35.23127,126.841576,가로등
35.231155,126.841263,가로등
35.230999,126.840828,가로등
35.230869,126.840454,가로등
35.230747,126.840111,가로등
35.230598,126.839699,가로등
35.23045,126.839302,가로등
35.230312,126.83889,가로등
35.230164,126.838478,가로등
35.230015,126.838058,가로등
35.22987,126.837662,가로등
35.229725,126.83725,가로등
35.229584,126.836845,가로등
35.229416,126.836937,가로등
35.229561,126.837334,가로등
35.229858,126.838181,가로등
35.230003,126.838593,가로등
35.230148,126.838989,가로등
35.230289,126.839394,가로등
35.230431,126.83979,가로등
35.230572,126.840195,가로등
35.230701,126.840546,가로등
35.230831,126.840927,가로등
35.230965,126.841286,가로등
35.235493,126.853477,가로등
35.235386,126.853233,가로등
35.235271,126.852875,가로등
35.235146,126.852531,가로등
35.235031,126.852196,가로등
35.234894,126.851845,가로등
35.234772,126.851494,가로등
35.234646,126.851143,가로등
35.234543,126.850822,가로등
35.234402,126.850418,가로등
35.234276,126.850075,가로등
35.23402,126.849892,가로등
35.234123,126.850159,가로등
35.234245,126.850525,가로등
35.23439,126.850929,가로등
35.234497,126.851242,가로등
35.234619,126.85157,가로등
35.23476,126.851944,가로등
35.234875,126.852295,가로등
35.234997,126.852631,가로등
35.235111,126.852959,가로등
35.235241,126.853325,가로등
35.235378,126.853706,가로등
35.235497,126.85405,가로등
35.2356,126.854401,가로등
35.235752,126.854759,가로등
35.235878,126.855125,가로등
35.236008,126.855499,가로등
35.236134,126.855835,가로등
35.236252,126.856178,가로등
35.236374,126.856522,가로등
35.236557,126.856445,가로등
35.236404,126.856056,가로등
35.236286,126.855736,가로등
35.236183,126.855453,가로등
35.235996,126.854912,가로등
35.235912,126.854683,가로등
35.235783,126.854301,가로등
35.235668,126.85392,가로등
35.236313,126.856743,가로등
35.236027,126.856895,가로등
35.235676,126.857086,가로등
35.235359,126.857254,가로등
35.235023,126.857422,가로등
35.234695,126.857597,가로등
35.234371,126.857765,가로등
35.234123,126.857903,가로등
35.233887,126.858025,가로등
35.233746,126.858093,가로등
35.233589,126.858505,가로등
35.233749,126.858978,가로등
35.233902,126.859406,가로등
35.234039,126.859787,가로등
35.234184,126.859779,가로등
35.234097,126.85952,가로등
35.23394,126.8591,가로등
35.233765,126.85862,가로등
35.233788,126.858246,가로등
35.233944,126.858162,가로등
35.234276,126.857994,가로등
35.234596,126.857819,가로등
35.234932,126.857643,가로등
35.235249,126.857468,가로등
35.235584,126.8573,가로등
35.235916,126.857124,가로등
35.236221,126.856972,가로등
35.236523,126.856956,가로등
35.236618,126.857224,가로등
35.236717,126.857529,가로등
35.236843,126.857872,가로등
35.236973,126.858238,가로등
35.237095,126.858597,가로등
35.237225,126.858948,가로등
35.237358,126.859299,가로등
35.23748,126.85965,가로등
35.237598,126.860001,가로등
35.237709,126.860306,가로등
35.237839,126.860695,가로등
35.237995,126.861092,가로등
35.238163,126.860992,가로등
35.238037,126.860588,가로등
35.237896,126.860229,가로등
35.237782,126.859917,가로등
35.237656,126.859573,가로등
35.237537,126.859222,가로등
35.237408,126.858849,가로등
35.23727,126.858513,가로등
35.237141,126.858147,가로등
35.237015,126.857773,가로등
35.236897,126.857445,가로등
35.236778,126.85714,가로등
35.236679,126.856834,가로등
35.238991,126.863899,가로등
35.23909,126.864166,가로등
35.239204,126.864487,가로등
35.239326,126.864838,가로등
35.23946,126.865204,가로등
35.239578,126.865547,가로등
35.239697,126.865898,가로등
35.239803,126.866257,가로등
35.239895,126.8666,가로등
35.240009,126.866966,가로등
35.240108,126.867317,가로등
35.240219,126.867691,가로등
35.240318,126.868034,가로등
35.24062,126.868225,가로등
35.24052,126.867928,가로등
35.240398,126.867607,가로등
35.240261,126.867157,가로등
35.24017,126.866867,가로등
35.240074,126.866508,가로등
35.239967,126.86618,가로등
35.239849,126.865807,가로등
35.239731,126.865456,가로등
35.239616,126.865112,가로등
35.239491,126.864746,가로등
35.239368,126.864403,가로등
35.239239,126.864059,가로등
35.239098,126.863632,가로등
35.239017,126.86338,가로등
35.238914,126.863068,가로등
35.238773,126.862701,가로등
35.238663,126.862411,가로등
35.238503,126.861954,가로등
35.238403,126.861687,가로등
35.238274,126.861313,가로등
35.238106,126.861397,가로등
35.238255,126.861809,가로등
35.238369,126.862137,가로등
35.238472,126.86245,가로등
35.238594,126.862793,가로등
35.238674,126.863014,가로등
35.238739,126.863213,가로등
35.238838,126.863495,가로등
35.238804,126.863831,가로등
35.238613,126.863922,가로등
35.2384,126.864059,가로등
35.238209,126.864197,가로등
35.23806,126.864334,가로등
35.237911,126.864517,가로등
35.237785,126.864723,가로등
35.237679,126.864937,가로등
35.237579,126.865196,가로등
35.237492,126.865463,가로등
35.23748,126.865593,가로등
35.237324,126.865944,가로등
35.237415,126.865746,가로등
35.237236,126.866196,가로등
35.237148,126.866455,가로등
35.237057,126.866714,가로등
35.236969,126.866959,가로등
35.236893,126.867203,가로등
35.236797,126.867462,가로등
35.236713,126.867722,가로등
35.234692,126.860794,가로등
35.234879,126.86071,가로등
35.235134,126.860573,가로등
35.235291,126.860481,가로등
35.235508,126.860382,가로등
35.235695,126.860275,가로등
35.235897,126.860184,가로등
35.236084,126.860085,가로등
35.236195,126.860016,가로등
35.236416,126.859909,가로등
35.236572,126.859825,가로등
35.236801,126.859695,가로등
35.236816,126.859619,가로등
35.236702,126.859276,가로등
35.236584,126.85894,가로등
35.2365,126.85881,가로등
35.236385,126.858856,가로등
35.236252,126.858925,가로등
35.236004,126.859047,가로등
35.235798,126.859161,가로등
35.235569,126.859283,가로등
35.235378,126.859383,가로등
35.235168,126.859489,가로등
35.234982,126.859589,가로등
35.234787,126.859695,가로등
35.234585,126.859795,가로등
35.23444,126.859879,가로등
35.228561,126.858498,가로등
35.228558,126.858841,가로등
35.228527,126.859215,가로등
35.228481,126.859581,가로등
35.228416,126.859955,가로등
35.228317,126.860321,가로등
35.228207,126.860664,가로등
35.228092,126.861023,가로등
35.227962,126.861382,가로등
35.22784,126.861732,가로등
35.227722,126.862083,가로등
35.227596,126.862442,가로등
35.22747,126.862816,가로등
35.227623,126.862946,가로등
35.227757,126.862541,가로등
35.227879,126.862206,가로등
35.228001,126.861855,가로등
35.228149,126.86142,가로등
35.228233,126.86116,가로등
35.228359,126.860794,가로등
35.228527,126.860252,가로등
35.228577,126.860039,가로등
35.228653,126.859657,가로등
35.228706,126.859283,가로등
35.228737,126.858902,가로등
35.228741,126.858543,가로등
35.228745,126.858231,가로등
35.228748,126.857735,가로등
35.228752,126.857353,가로등
35.228748,126.856972,가로등
35.228745,126.85659,가로등
35.228748,126.856201,가로등
35.22876,126.855812,가로등
35.228775,126.855446,가로등
35.22876,126.855026,가로등
35.228764,126.854668,가로등
35.228764,126.854271,가로등
35.228748,126.853889,가로등
35.228699,126.853531,가로등
35.22863,126.853172,가로등
35.228535,126.852806,가로등
35.228363,126.852882,가로등
35.228439,126.853203,가로등
35.228508,126.853539,가로등
35.228558,126.853905,가로등
35.228584,126.854294,가로등
35.228577,126.854675,가로등
35.22858,126.855057,가로등
35.228573,126.855446,가로등
35.228577,126.85582,가로등
35.22855,126.856216,가로등
35.228573,126.856575,가로등
35.228565,126.856956,가로등
35.228561,126.857353,가로등
35.228569,126.857666,가로등
35.228561,126.858162,가로등
35.226433,126.859619,가로등
35.226578,126.859444,가로등
35.226543,126.8592,가로등
35.226696,126.859032,가로등
35.226673,126.858727,가로등
35.226807,126.858597,가로등
35.226772,126.858353,가로등
35.226921,126.858177,가로등
35.226883,126.857948,가로등
35.227032,126.857788,가로등
35.226475,126.859871,가로등
35.226326,126.860031,가로등
35.226364,126.860283,가로등
35.226219,126.860443,가로등
35.226254,126.860703,가로등
35.226101,126.860855,가로등
35.226143,126.861115,가로등
35.225979,126.861282,가로등
35.226036,126.861534,가로등
35.225868,126.86171,가로등
35.225918,126.861954,가로등
35.225769,126.862106,가로등
35.224731,126.859238,가로등
35.224892,126.859055,가로등
35.224854,126.858818,가로등
35.225006,126.858635,가로등
35.224968,126.858398,가로등
35.225105,126.858276,가로등
35.225082,126.857986,가로등
35.225235,126.857796,가로등
35.225193,126.857567,가로등
35.225346,126.857384,가로등
35.224781,126.859497,가로등
35.224636,126.85965,가로등
35.224678,126.859856,가로등
35.16718646,126.9177297,가로등
35.224411,126.860489,가로등
35.224449,126.860733,가로등
35.16715277,126.9178916,가로등
35.224339,126.861145,가로등
35.224194,126.861305,가로등
35.223755,126.858765,가로등
35.223907,126.858582,가로등
35.223892,126.858269,가로등
35.224033,126.858131,가로등
35.223995,126.85788,가로등
35.22414,126.857712,가로등
35.224098,126.857506,가로등
35.224247,126.857285,가로등
35.224209,126.857094,가로등
35.223812,126.858948,가로등
35.223656,126.859154,가로등
35.223694,126.85939,가로등
35.223553,126.859558,가로등
35.223595,126.859772,가로등
35.223438,126.85997,가로등
35.223469,126.860229,가로등
35.223328,126.860397,가로등
35.223377,126.860588,가로등
35.223217,126.860802,가로등
35.223064,126.856934,가로등
35.223103,126.857178,가로등
35.222965,126.857353,가로등
35.222996,126.857628,가로등
35.222855,126.857765,가로등
35.222878,126.858017,가로등
35.222733,126.858208,가로등
35.222771,126.858444,가로등
35.222618,126.858612,가로등
35.222656,126.858871,가로등
35.222511,126.859039,가로등
35.222538,126.859283,가로등
35.222397,126.859451,가로등
35.222454,126.859634,가로등
35.222286,126.859879,가로등
35.222317,126.860123,가로등
35.222176,126.860283,가로등
35.19696,126.864273,가로등
35.19595,126.864128,가로등
35.196163,126.864182,가로등
35.19643,126.864227,가로등
35.196606,126.864258,가로등
35.1968,126.864265,가로등
35.195705,126.864204,가로등
35.195412,126.864189,가로등
35.195133,126.864174,가로등
35.194839,126.864159,가로등
35.194542,126.864136,가로등
35.194271,126.86412,가로등
35.193985,126.864105,가로등
35.193691,126.86409,가로등
35.193401,126.864059,가로등
35.193111,126.864067,가로등
35.19257,126.864044,가로등
35.192299,126.864021,가로등
35.19202,126.863945,가로등
35.191711,126.864014,가로등
35.191341,126.863983,가로등
35.191067,126.863968,가로등
35.190804,126.86393,가로등
35.190536,126.863892,가로등
35.190289,126.863846,가로등
35.190025,126.863724,가로등
35.189754,126.863716,가로등
35.189484,126.863655,가로등
35.189209,126.863571,가로등
35.188938,126.863472,가로등
35.188663,126.863365,가로등
35.188393,126.863266,가로등
35.188141,126.863144,가로등
35.187931,126.863022,가로등
35.213062,126.866768,가로등
35.213074,126.866852,가로등
35.213348,126.866608,가로등
35.213593,126.866371,가로등
35.213764,126.866043,가로등
35.213326,126.866882,가로등
35.213566,126.866859,가로등
35.213459,126.867264,가로등
35.213352,126.867622,가로등
35.213196,126.868034,가로등
35.213196,126.867729,가로등
35.21307,126.86747,가로등
35.212982,126.867241,가로등
35.213215,126.867249,가로등
35.213669,126.866524,가로등
35.187672,126.862892,가로등
35.187374,126.862724,가로등
35.187111,126.862564,가로등
35.186863,126.862411,가로등
35.186615,126.862167,가로등
35.187717,126.86277,가로등
35.187485,126.862648,가로등
35.187199,126.862488,가로등
35.186924,126.86232,가로등
35.186356,126.862083,가로등
35.186092,126.861938,가로등
35.185841,126.861778,가로등
35.185574,126.861595,가로등
35.185314,126.861427,가로등
35.185062,126.861259,가로등
35.184746,126.861046,가로등
35.184429,126.860832,가로등
35.184105,126.860626,가로등
35.1838,126.860428,가로등
35.183487,126.860222,가로등
35.183159,126.860008,가로등
35.18251,126.859573,가로등
35.182159,126.859268,가로등
35.181915,126.859093,가로등
35.18166,126.858978,가로등
35.182148,126.859398,가로등
35.181847,126.859222,가로등
35.181522,126.859062,가로등
35.181206,126.858917,가로등
35.180843,126.858795,가로등
35.180485,126.858681,가로등
35.180138,126.858597,가로등
35.179783,126.858513,가로등
35.179482,126.858398,가로등
35.178768,126.858284,가로등
35.179287,126.858345,가로등
35.179035,126.858322,가로등
35.178425,126.858238,가로등
35.178047,126.858162,가로등
35.177715,126.858086,가로등
35.177353,126.858009,가로등
35.176991,126.857918,가로등
35.176624,126.857864,가로등
35.17627,126.857765,가로등
35.1759,126.857697,가로등
35.175556,126.85762,가로등
35.17519,126.857552,가로등
35.17485,126.857475,가로등
35.17453,126.857399,가로등
35.174259,126.857307,가로등
35.173752,126.857193,가로등
35.173532,126.85713,가로등
35.1733066,126.857108,가로등
35.172718,126.858765,가로등
35.17281,126.858353,가로등
35.172977,126.858002,가로등
35.173286,126.857788,가로등
35.173599,126.857727,가로등
35.173912,126.857773,가로등
35.17408,126.85778,가로등
35.174492,126.857819,가로등
35.174786,126.857834,가로등
35.174198,126.857735,가로등
35.173943,126.857681,가로등
35.173649,126.857635,가로등
35.173389,126.857559,가로등
35.173122,126.857483,가로등
35.17514,126.857895,가로등
35.175488,126.857918,가로등
35.175869,126.858017,가로등
35.176228,126.858086,가로등
35.17659,126.858154,가로등
35.176949,126.858246,가로등
35.177322,126.858322,가로등
35.177662,126.858383,가로등
35.178009,126.858459,가로등
35.178398,126.858528,가로등
35.178734,126.85862,가로등
35.179211,126.858772,가로등
35.179455,126.858826,가로등
35.179718,126.858833,가로등
35.180088,126.858894,가로등
35.180443,126.858986,가로등
35.180798,126.859085,가로등
35.181129,126.8592,가로등
35.181461,126.859329,가로등
35.181736,126.85955,가로등
35.182037,126.859695,가로등
35.182358,126.859901,가로등
35.182659,126.860092,가로등
35.183018,126.860329,가로등
35.183346,126.86055,가로등
35.183678,126.860756,가로등
35.183968,126.860962,가로등
35.184288,126.861168,가로등
35.184593,126.861382,가로등
35.184921,126.86158,가로등
35.185173,126.86174,가로등
35.185432,126.861916,가로등
35.185688,126.862083,가로등
35.185951,126.862274,가로등
35.186211,126.86245,가로등
35.186424,126.862663,가로등
35.186707,126.862778,가로등
35.18668,126.8629,가로등
35.186958,126.862961,가로등
35.187218,126.863106,가로등
35.187485,126.863266,가로등
35.186966,126.863098,가로등
35.187241,126.863289,가로등
35.18745,126.863495,가로등
35.187737,126.86338,가로등
35.193745,126.862625,가로등
35.193661,126.86264,가로등
35.193268,126.867065,가로등
35.193165,126.867073,가로등
35.193089,126.866966,가로등
35.192974,126.866966,가로등
35.192787,126.866859,가로등
35.192913,126.866852,가로등
35.192711,126.866737,가로등
35.192596,126.866745,가로등
35.192574,126.866646,가로등
35.207573,126.879684,가로등
35.207344,126.879883,가로등
35.207336,126.880325,가로등
35.207325,126.880669,가로등
35.207577,126.880623,가로등
35.207199,126.879631,가로등
35.206924,126.879562,가로등
35.20694,126.87986,가로등
35.206837,126.880325,가로등
35.206715,126.880714,가로등
35.20689,126.880913,가로등
35.206589,126.880669,가로등
35.206268,126.8806,가로등
35.206013,126.880852,가로등
35.205704,126.881027,가로등
35.205494,126.880867,가로등
35.206257,126.880417,가로등
35.206486,126.880196,가로등
35.206581,126.879807,가로등
35.206699,126.879303,가로등
35.206543,126.878906,가로등
35.206806,126.879005,가로등
35.207157,126.879105,가로등
35.207508,126.879219,가로등
35.155991,126.912186,가로등
35.159042,126.899452,가로등
35.164242,126.908218,가로등
35.163853,126.908943,가로등
35.168758,126.903267,가로등
35.169289,126.897064,가로등
35.1692427,126.8970383,가로등
35.1691886,126.8970232,가로등
35.1691178,126.8970046,가로등
35.169152,126.8969206,가로등
35.1692116,126.8969462,가로등
35.1692635,126.8969612,가로등
35.1693157,126.8969854,가로등
35.171707,126.886818,가로등
35.171696,126.886787,가로등
35.17173,126.886673,가로등
35.171749,126.886719,가로등
35.171757,126.88678,가로등
35.171741,126.886612,가로등
35.171753,126.886902,가로등
35.171787,126.886688,가로등
35.171768,126.886833,가로등
35.17215,126.881157,가로등
35.172169,126.88102,가로등
35.172325,126.881027,가로등
35.172306,126.881165,가로등
35.172337,126.880875,가로등
35.172173,126.880867,가로등
35.172314,126.877846,가로등
35.172306,126.8778,가로등
35.17231,126.877716,가로등
35.172314,126.877563,가로등
35.172325,126.877464,가로등
35.172356,126.877594,가로등
35.172359,126.87767,가로등
35.172417,126.87767,가로등
35.172428,126.877586,가로등
35.172485,126.877594,가로등
35.172485,126.877678,가로등
35.172512,126.877548,가로등
35.172501,126.877739,가로등
35.172504,126.877831,가로등
35.172508,126.877632,가로등
35.172497,126.877899,가로등
35.172523,126.877487,가로등
35.170418,126.877464,가로등
35.1705574,126.8775898,가로등
35.170692,126.877487,가로등
35.1708275,126.8776059,가로등
35.170944,126.877495,가로등
35.171078,126.877602,가로등
35.171223,126.87751,가로등
35.17136,126.877602,가로등
35.171482,126.877525,가로등
35.171623,126.877632,가로등
35.171764,126.877548,가로등
35.171902,126.877632,가로등
35.172035,126.877563,가로등
35.172169,126.877663,가로등
35.172295,126.877579,가로등
35.172462,126.87767,가로등
35.17466,126.877769,가로등
35.174553,126.877762,가로등
35.17445,126.877739,가로등
35.174335,126.877739,가로등
35.174252,126.877739,가로등
35.174118,126.877724,가로등
35.17403,126.877724,가로등
35.17392,126.877716,가로등
35.173813,126.877716,가로등
35.173706,126.877701,가로등
35.173607,126.877701,가로등
35.173492,126.877686,가로등
35.173389,126.877686,가로등
35.173302,126.877678,가로등
35.173218,126.877678,가로등
35.173103,126.87767,가로등
35.173,126.877655,가로등
35.172867,126.877663,가로등
35.172775,126.877663,가로등
35.17263,126.877655,가로등
35.176926,126.878975,가로등
35.16728817,126.9181769,가로등
35.188255,126.862961,가로등
35.188522,126.86306,가로등
35.188831,126.862869,가로등
35.189064,126.86264,가로등
35.189339,126.86245,가로등
35.189602,126.862648,가로등
35.189869,126.862984,가로등
35.186138,126.862053,가로등
35.186081,126.862228,가로등
35.186043,126.862144,가로등
35.1861,126.861992,가로등
35.1791737,126.858388,가로등
35.1791626,126.858508,가로등
35.16720952,126.9185035,가로등
35.1791447,126.858646,가로등
35.1793589,126.858739,가로등
35.1793745,126.858623,가로등
35.16715332,126.9187039,가로등
35.179409,126.858452,가로등
35.176804,126.85788,가로등
35.176781,126.858025,가로등
35.176758,126.85817,가로등
35.176849,126.858185,가로등
35.17688,126.858055,가로등
35.176918,126.857925,가로등
35.174946,126.857559,가로등
35.174911,126.857765,가로등
35.173462,126.864334,가로등
35.173641,126.864357,가로등
35.173794,126.864372,가로등
35.173969,126.86438,가로등
35.174137,126.864395,가로등
35.174301,126.86441,가로등
35.174503,126.864433,가로등
35.174103,126.864204,가로등
35.184566,126.889389,가로등
35.184547,126.889725,가로등
35.18454,126.890038,가로등
35.184509,126.890373,가로등
35.184513,126.890717,가로등
35.184494,126.891037,가로등
35.184479,126.891373,가로등
35.18446,126.891701,가로등
35.184437,126.892029,가로등
35.184399,126.892357,가로등
35.18438,126.892677,가로등
35.184349,126.89299,가로등
35.184326,126.893333,가로등
35.184284,126.893654,가로등
35.184242,126.893967,가로등
35.184208,126.894302,가로등
35.184177,126.894638,가로등
35.184135,126.894966,가로등
35.184097,126.895302,가로등
35.184059,126.895615,가로등
35.184032,126.895935,가로등
35.1835973,126.9113401,가로등
35.1835582,126.911332,가로등
35.1835203,126.9113254,가로등
35.183479,126.9113187,가로등
35.1834384,126.911308,가로등
35.1834,126.9113023,가로등
35.183414,126.911224,가로등
35.1834494,126.9112307,가로등
35.1834867,126.911244,가로등
35.1835249,126.911255,가로등
35.1835557,126.9112644,가로등
35.183597,126.9112778,가로등
35.182381,126.917145,가로등
35.182461,126.91716,가로등
35.182552,126.917175,가로등
35.186745,126.921158,가로등
35.186592,126.921303,가로등
35.186539,126.921585,가로등
35.186359,126.921761,가로등
35.186291,126.922035,가로등
35.186096,126.922241,가로등
35.186043,126.922554,가로등
35.185863,126.922699,가로등
35.185791,126.923027,가로등
35.189037,126.915123,가로등
35.188835,126.915161,가로등
35.188629,126.915154,가로등
35.188534,126.915161,가로등
35.188412,126.915161,가로등
35.18824,126.915176,가로등
35.188042,126.915184,가로등
35.187981,126.915451,가로등
35.18792,126.915726,가로등
35.187878,126.915977,가로등
35.187912,126.91626,가로등
35.187943,126.916527,가로등
35.187996,126.91674,가로등
35.188053,126.916946,가로등
35.162186,126.960007,가로등
35.162128,126.960518,가로등
35.162117,126.961037,가로등
35.162056,126.961624,가로등
35.162155,126.961769,가로등
35.162186,126.961296,가로등
35.16222,126.960793,가로등
35.162258,126.960274,가로등
35.162243,126.959625,가로등
35.162251,126.959129,가로등
35.162243,126.958557,가로등
35.16222,126.958008,가로등
35.162189,126.957489,가로등
35.162178,126.956947,가로등
35.162148,126.956406,가로등
35.162029,126.955879,가로등
35.161903,126.95533,가로등
35.161804,126.954765,가로등
35.161716,126.954224,가로등
35.161728,126.953659,가로등
35.161705,126.95311,가로등
35.161701,126.952583,가로등
35.161663,126.952042,가로등
35.161621,126.951462,가로등
35.161499,126.950935,가로등
35.161369,126.950401,가로등
35.161236,126.949875,가로등
35.161083,126.949371,가로등
35.160915,126.948891,가로등
35.160503,126.947899,가로등
35.160313,126.947464,가로등
35.16011,126.946991,가로등
35.159756,126.946617,가로등
35.159294,126.946373,가로등
35.158752,126.946426,가로등
35.158371,126.946487,가로등
35.158001,126.946785,가로등
35.157749,126.946693,가로등
35.158043,126.946304,가로등
35.158375,126.946014,가로등
35.158779,126.945694,가로등
35.159172,126.945435,가로등
35.159439,126.945015,가로등
35.159271,126.94445,가로등
35.178989,126.939644,가로등
35.179085,126.939514,가로등
35.179161,126.939423,가로등
35.179218,126.93943,가로등
35.178417,126.939262,가로등
35.178623,126.939293,가로등
35.178818,126.939278,가로등
35.179005,126.939262,가로등
35.179256,126.939194,가로등
35.179333,126.939026,가로등
35.179466,126.938812,가로등
35.17955,126.938576,가로등
35.179634,126.938385,가로등
35.179699,126.938194,가로등
35.179752,126.937996,가로등
35.179798,126.937851,가로등
35.195324,126.93499,가로등
35.195316,126.934944,가로등
35.195305,126.934898,가로등
35.195293,126.934845,가로등
35.195282,126.934799,가로등
35.195271,126.934746,가로등
35.203117,126.934113,가로등
35.203175,126.934166,가로등
35.203232,126.934212,가로등
35.2069894,126.9307831,가로등
35.2070463,126.9308886,가로등
35.2071033,126.9309992,가로등
35.208065,126.929619,가로등
35.208111,126.929672,가로등
35.20816,126.929733,가로등
35.210213,126.925987,가로등
35.210278,126.926041,가로등
35.21032,126.926079,가로등
35.213074,126.919594,가로등
35.213142,126.919609,가로등
35.2132,126.91964,가로등
35.213276,126.91967,가로등
35.213345,126.919693,가로등
35.214668,126.905792,가로등
35.214607,126.905792,가로등
35.214554,126.905792,가로등
35.16709489,126.91894,가로등
35.16702071,126.919209,가로등
35.16943234,126.9166215,가로등
35.1692813,126.9165311,가로등
35.16923633,126.9166711,가로등
35.16923633,126.9166711,가로등
35.16910333,126.9166054,가로등
35.16893203,126.9165397,가로등
35.16870885,126.9164027,가로등
35.1685488,126.9163178,가로등
35.16990358,126.9170354,가로등
35.17006589,126.9171285,가로등
35.1702575,126.9172299,가로등
35.17038599,126.9172956,가로등
35.17041745,126.9171721,가로등
35.17060906,126.9172789,가로등
35.1706272,126.917449,가로등
35.1707805,126.9175394,가로등
35.17093154,126.9176299,가로등
35.17108032,126.9177175,가로등
35.17123362,126.9178134,가로등
35.17138015,126.9179038,가로등
35.17074839,126.9200615,가로등
35.17066741,126.9202811,가로등
35.17058867,126.9204843,가로등
35.17058867,126.9204843,가로등
35.17054143,126.9206023,가로등
35.17043346,126.9208933,가로등
35.17031874,126.9212008,가로등
35.17084962,126.9198007,가로등
35.17089461,126.9196881,가로등
35.17098233,126.9194356,가로등
35.1710858,126.9191693,가로등
35.17119152,126.9188837,가로등
35.17127476,126.9186751,가로등
35.17133325,126.9185296,가로등
35.17138272,126.9183759,가로등
35.17145693,126.9181453,가로등
35.17147709,126.9179751,가로등
35.17083635,126.9201849,가로등
35.17041345,126.9213159,가로등
35.17046742,126.9211458,가로등
35.17055967,126.9209261,가로등
35.17064514,126.9206845,가로등
35.17071711,126.9204786,가로등
35.203293,126.900177,가로등
35.203674,126.900002,가로등
35.204132,126.899826,가로등
35.204514,126.899666,가로등
35.204861,126.899536,가로등
35.205193,126.899422,가로등
35.205544,126.899284,가로등
35.202934,126.898956,가로등
35.203007,126.899193,가로등
35.203072,126.899406,가로등
35.203129,126.899597,가로등
35.203175,126.89978,가로등
35.204311,126.898575,가로등
35.204411,126.89888,가로등
35.204494,126.899178,가로등
35.204525,126.899391,가로등
35.202557,126.897438,가로등
35.202591,126.89756,가로등
35.202637,126.897697,가로등
35.202682,126.89785,가로등
35.202744,126.898033,가로등
35.202774,126.898216,가로등
35.20573,126.899055,가로등
35.205341,126.899193,가로등
35.205002,126.899323,가로등
35.20472,126.899445,가로등
35.204304,126.899612,가로등
35.203976,126.899734,가로등
35.20356,126.899879,가로등
35.203247,126.899986,가로등
35.193642,126.89267,가로등
35.193867,126.892647,가로등
35.194099,126.892624,가로등
35.194298,126.892693,가로등
35.194412,126.892853,가로등
35.194477,126.893074,가로등
35.194496,126.893234,가로등
35.194523,126.893394,가로등
35.194538,126.893646,가로등
35.194534,126.893806,가로등
35.194569,126.893967,가로등
35.22451,126.860077,가로등
35.224548,126.860321,가로등
35.2243,126.860916,가로등
35.227901,126.872528,가로등
35.227921,126.872475,가로등
35.227959,126.872398,가로등
35.227993,126.872314,가로등
35.228016,126.872253,가로등
35.228046,126.872284,가로등
35.228035,126.872322,가로등
35.228008,126.872406,가로등
35.22797,126.872482,가로등
35.227947,126.872543,가로등
35.229675,126.87355,가로등
35.229698,126.873489,가로등
35.229725,126.873421,가로등
35.229752,126.87336,가로등
35.229778,126.873291,가로등
35.231411,126.874557,가로등
35.231438,126.874504,가로등
35.231472,126.874443,가로등
35.231491,126.874374,가로등
35.231518,126.874313,가로등
35.233067,126.875519,가로등
35.233093,126.875443,가로등
35.233112,126.875381,가로등
35.233135,126.875328,가로등
35.233158,126.875252,가로등
35.233204,126.875275,가로등
35.233181,126.875351,가로등
35.233154,126.875412,가로등
35.233131,126.875473,가로등
35.233112,126.875542,가로등
35.234821,126.876534,가로등
35.234848,126.876472,가로등
35.234871,126.876411,가로등
35.234894,126.876343,가로등
35.234917,126.876274,가로등
35.236549,126.877525,가로등
35.236576,126.877464,가로등
35.236603,126.877411,가로등
35.236626,126.877342,가로등
35.236649,126.877289,가로등
35.237679,126.878166,가로등
35.237701,126.878113,가로등
35.237717,126.878052,가로등
35.237732,126.877975,가로등
35.23774,126.877914,가로등
35.17092631,126.9199214,가로등
35.17099605,126.9197484,가로등
35.197651,126.864456,가로등
35.17108386,126.9196385,가로등
35.197647,126.864563,가로등
35.1716857,126.919959,가로등
35.197647,126.864655,가로등
35.197647,126.864708,가로등
35.17180521,126.920033,가로등
35.17143317,126.9196848,가로등
35.197655,126.864357,가로등
35.17127312,126.919589,가로등
35.17112428,126.9194189,가로등
35.197929,126.864769,가로등
35.197926,126.864716,가로등
35.17120972,126.9191417,가로등
35.197926,126.864609,가로등
35.17132896,126.9188589,가로등
35.197922,126.86451,가로등
35.17140543,126.918642,가로등
35.197922,126.864403,가로등
35.17149093,126.9184471,가로등
35.209763,126.867439,가로등
35.209766,126.867699,가로등
35.209766,126.867912,가로등
35.209766,126.868195,가로등
35.209778,126.868523,가로등
35.209778,126.868759,가로등
35.209778,126.869034,가로등
35.209782,126.869316,가로등
35.209782,126.869591,가로등
35.209778,126.869865,가로등
35.209774,126.870132,가로등
35.209774,126.870415,가로등
35.209785,126.870697,가로등
35.207081,126.876511,가로등
35.207104,126.876068,가로등
35.207077,126.875763,가로등
35.207031,126.875282,가로등
35.206989,126.874741,가로등
35.206989,126.874321,가로등
35.207336,126.874382,가로등
35.207603,126.874451,가로등
35.207455,126.87542,가로등
35.207443,126.875847,가로등
35.207436,126.876289,가로등
35.207394,126.876579,가로등
35.20742,126.877029,가로등
35.207413,126.877327,가로등
35.20739,126.877876,가로등
35.207539,126.878136,가로등
35.207008,126.877823,가로등
35.207085,126.877274,가로등
35.207108,126.876869,가로등
35.187904,126.863419,가로등
35.187935,126.863312,가로등
35.17158311,126.9181396,가로등
35.188004,126.863075,가로등
35.187702,126.86293,가로등
35.187675,126.863014,가로등
35.17158972,126.9179146,가로등
35.187603,126.863228,가로등
35.2262747,126.871281,가로등
35.226241,126.871367,가로등
35.2262096,126.871444,가로등
35.2261849,126.871507,가로등
35.192139,126.937134,가로등
35.192165,126.937218,가로등
35.192181,126.937302,가로등
35.175262,126.940155,가로등
35.175385,126.940254,가로등
35.175377,126.940346,가로등
35.175377,126.940437,가로등
35.175373,126.940514,가로등
35.240704,126.879951,가로등
35.240856,126.880043,가로등
35.240986,126.880112,가로등
35.241055,126.879837,가로등
35.240948,126.879761,가로등
35.240799,126.879662,가로등
35.240635,126.879585,가로등
35.240456,126.879486,가로등
35.240265,126.879372,가로등
35.240067,126.87925,가로등
35.239899,126.879166,가로등
35.239738,126.879066,가로등
35.239643,126.878998,가로등
35.239441,126.878914,가로등
35.239277,126.878815,가로등
35.239098,126.878708,가로등
35.238907,126.878586,가로등
35.238796,126.87854,가로등
35.238632,126.878433,가로등
35.238419,126.878304,가로등
35.238194,126.878174,가로등
35.238068,126.878082,가로등
35.237934,126.878029,가로등
35.237846,126.877975,가로등
35.237736,126.878265,가로등
35.237835,126.878334,가로등
35.237972,126.878387,가로등
35.23811,126.878494,가로등
35.238338,126.878578,가로등
35.238537,126.878738,가로등
35.238747,126.878799,가로등
35.238846,126.878891,가로등
35.239037,126.879005,가로등
35.239208,126.879082,가로등
35.239368,126.879173,가로등
35.239536,126.879288,가로등
35.239761,126.879448,가로등
35.239975,126.879524,가로등
35.240105,126.879608,가로등
35.240276,126.879723,가로등
35.240459,126.879845,가로등
35.24057,126.87989,가로등
35.184917,126.887138,가로등
35.184834,126.887154,가로등
35.184761,126.887169,가로등
35.184933,126.887207,가로등
35.184841,126.88723,가로등
35.184761,126.88726,가로등
35.207592,126.899132,가로등
35.207466,126.899132,가로등
35.207275,126.899132,가로등
35.207001,126.899139,가로등
35.206635,126.899117,가로등
35.206268,126.899254,가로등
35.183945,126.906296,가로등
35.183838,126.906357,가로등
35.18383,126.906639,가로등
35.183956,126.906563,가로등
35.183956,126.906654,가로등
35.183842,126.906754,가로등
35.183949,126.906395,가로등
35.183819,126.906471,가로등
35.182743,126.926376,가로등
35.182819,126.926376,가로등
35.182816,126.926277,가로등
35.182896,126.926308,가로등
35.182907,126.926193,가로등
35.184856,126.869186,가로등
35.184643,126.869362,가로등
35.184422,126.869568,가로등
35.184322,126.869537,가로등
35.184174,126.869408,가로등
35.168343,126.903336,가로등
35.167934,126.903198,가로등
35.167595,126.903069,가로등
35.167133,126.902878,가로등
35.166847,126.902763,가로등
35.166752,126.902512,가로등
35.167088,126.902626,가로등
35.167488,126.902786,가로등
35.167824,126.902924,가로등
35.168129,126.903046,가로등
35.168476,126.903175,가로등
35.181023,126.880981,가로등
35.237839,126.878159,가로등
35.237999,126.878242,가로등
35.238167,126.878342,가로등
35.238323,126.878441,가로등
35.238472,126.878517,가로등
35.238598,126.878593,가로등
35.238747,126.878685,가로등
35.238884,126.878761,가로등
35.23904,126.878845,가로등
35.239227,126.878975,가로등
35.23941,126.879097,가로등
35.239605,126.879204,가로등
35.239784,126.879318,가로등
35.239967,126.87941,가로등
35.240101,126.879478,가로등
35.24028,126.879562,가로등
35.240433,126.879654,가로등
35.240589,126.879745,가로등
35.24078,126.879852,가로등
35.24094,126.879959,가로등
35.240963,126.879921,가로등
35.240803,126.879807,가로등
35.240616,126.879707,가로등
35.240456,126.879608,가로등
35.240303,126.879517,가로등
35.240116,126.879417,가로등
35.239975,126.879333,가로등
35.239799,126.879234,가로등
35.239632,126.879128,가로등
35.239437,126.879028,가로등
35.239246,126.878914,가로등
35.239063,126.878799,가로등
35.238892,126.878716,가로등
35.23877,126.878639,가로등
35.238617,126.878548,가로등
35.238476,126.878471,가로등
35.238346,126.878403,가로등
35.238182,126.878311,가로등
35.237854,126.878128,가로등
35.238026,126.878212,가로등
35.2225214,126.869879,가로등
35.2225371,126.869829,가로등
35.2225506,126.86978,가로등
35.222573,126.869719,가로등
35.2225955,126.869645,가로등
35.2226202,126.869601,가로등
35.222633,126.869568,가로등
35.17146345,126.9177912,가로등
35.2206796,126.869201,가로등
35.2207066,126.869121,가로등
35.2207313,126.869055,가로등
35.2207583,126.868989,가로등
35.173935,126.857956,가로등
35.173889,126.857941,가로등
35.17382,126.857918,가로등
35.173771,126.857903,가로등
35.173717,126.857887,가로등
35.17132594,126.9177145,가로등
35.173733,126.857864,가로등
35.17117715,126.9176269,가로등
35.1710216,126.917531,가로등
35.173817,126.857887,가로등
35.16450608,126.9194502,가로등
35.16436185,126.9194393,가로등
35.16415905,126.9194423,가로등
35.173908,126.857918,가로등
35.16011726,126.9109401,가로등
35.173992,126.857948,가로등
35.16011726,126.9109401,가로등
35.173241,126.862984,가로등
35.173195,126.862984,가로등
35.173145,126.862984,가로등
35.173103,126.862976,가로등
35.16020957,126.9108302,가로등
35.16184541,126.9047423,가로등
35.1657606,126.9060713,가로등
35.18026,126.890419,가로등
35.18026,126.890633,가로등
35.180252,126.890854,가로등
35.180244,126.891045,가로등
35.180233,126.891312,가로등
35.180244,126.89164,가로등
35.180237,126.892006,가로등
35.179035,126.892029,가로등
35.179047,126.891739,가로등
35.179047,126.891373,가로등
35.179058,126.891052,가로등
35.179104,126.89077,가로등
35.179111,126.890533,가로등
35.179131,126.890266,가로등
35.195225,126.9360279,가로등
35.1926394,126.86435,가로등
35.1927754,126.8643501,가로등
35.1929113,126.8643393,가로등
35.16570668,126.9062772,가로등
35.16598307,126.9052835,가로등
35.1929069,126.8640711,가로등
35.1927753,126.8640711,가로등
35.1926482,126.8640657,가로등
35.16563251,126.9065352,가로등
35.194035,126.871758,가로등
35.193909,126.871613,가로등
35.193611,126.871498,가로등
35.193317,126.871513,가로등
35.193119,126.87159,가로등
35.192947,126.871628,가로등
35.19273,126.871582,가로등
35.192543,126.871628,가로등
35.195805,126.870682,가로등
35.195595,126.870689,가로등
35.195393,126.870689,가로등
35.195255,126.870689,가로등
35.194935,126.870689,가로등
35.194839,126.870888,가로등
35.194851,126.871201,가로등
35.194847,126.871437,가로등
35.194843,126.871666,가로등
35.194836,126.871964,가로등
35.194687,126.872086,가로등
35.194546,126.872078,가로등
35.19437,126.872017,가로등
35.1947094,126.869132,가로등
35.16557636,126.9067713,가로등
35.1946646,126.869429,가로등
35.1944348,126.869468,가로등
35.192535,126.87139,가로등
35.1924627,126.871178,가로등
35.1924039,126.870948,가로등
35.1924441,126.870635,가로등
35.1925385,126.870393,가로등
35.1926193,126.870168,가로등
35.1927092,126.869948,가로등
35.1927856,126.869696,가로등
35.1928709,126.869415,가로등
35.1931999,126.869448,가로등
35.1934523,126.869464,가로등
35.1936461,126.869469,가로등
35.1938715,126.86948,가로등
35.1940608,126.869474,가로등
35.1942365,126.869474,가로등
35.195797,126.867973,가로등
35.195995,126.868103,가로등
35.195984,126.868355,가로등
35.195972,126.868652,가로등
35.195969,126.868843,가로등
35.195965,126.869194,가로등
35.195972,126.869507,가로등
35.195976,126.869675,가로등
35.195972,126.870003,가로등
35.195969,126.870316,가로등
35.195969,126.87059,가로등
35.16552017,126.9069662,가로등
35.16545727,126.9072105,가로등
35.16538312,126.9074877,가로등
35.16530898,126.9077814,가로등
35.186001,126.898712,가로등
35.185989,126.898941,가로등
35.185986,126.899208,가로등
35.185966,126.899506,가로등
35.185947,126.899826,가로등
35.185947,126.900116,가로등
35.185936,126.900421,가로등
35.184086,126.905663,가로등
35.184105,126.905357,가로등
35.184124,126.905045,가로등
35.184151,126.904716,가로등
35.184177,126.904411,가로등
35.184208,126.904091,가로등
35.184231,126.90377,가로등
35.184261,126.90345,가로등
35.184292,126.903114,가로등
35.184315,126.902794,가로등
35.184338,126.902481,가로등
35.178173,126.895233,가로등
35.17794,126.895226,가로등
35.1777,126.895218,가로등
35.17746,126.895203,가로등
35.178341,126.920288,가로등
35.178223,126.920799,가로등
35.178169,126.921005,가로등
35.17804,126.92144,가로등
35.177963,126.921761,가로등
35.177891,126.922028,가로등
35.177799,126.922379,가로등
35.177719,126.922699,가로등
35.177654,126.922928,가로등
35.177551,126.92334,가로등
35.177444,126.923721,가로등
35.177334,126.924156,가로등
35.177235,126.924492,가로등
35.177116,126.924896,가로등
35.177052,126.925156,가로등
35.176975,126.925507,가로등
35.176876,126.925964,가로등
35.176754,126.926384,가로등
35.17667,126.926765,가로등
35.176544,126.927185,가로등
35.176437,126.927559,가로등
35.176579,126.927582,가로등
35.176727,126.92701,가로등
35.176807,126.92659,가로등
35.176907,126.926231,가로등
35.17701,126.925751,가로등
35.177086,126.925407,가로등
35.177189,126.924995,가로등
35.177284,126.924698,가로등
35.177387,126.924316,가로등
35.177483,126.924065,가로등
35.177608,126.923599,가로등
35.177723,126.92318,가로등
35.177792,126.922874,가로등
35.177876,126.922569,가로등
35.177967,126.922226,가로등
35.178047,126.921928,가로등
35.178112,126.921677,가로등
35.178215,126.921227,가로등
35.178303,126.920898,가로등
35.178368,126.920685,가로등
35.178471,126.920341,가로등
35.181808,126.873253,가로등
35.173759,126.912529,가로등
35.1976685,126.87649,가로등
35.1709099,126.8958652,가로등
35.1700753,126.9259439,가로등
35.1707367,126.922904,가로등
35.1702359,126.9259491,가로등
35.1591374,126.913694,가로등
35.1592427,126.9136135,가로등
35.1594049,126.913635,가로등
35.16523255,126.9080312,가로등
35.205168,126.8944777,가로등
35.2051373,126.8943758,가로등
35.2054134,126.8943918,가로등
35.2053213,126.8941182,가로등
35.16516518,126.9083277,가로등
35.2105766,126.8942845,가로등
35.2103006,126.8945689,가로등
35.2102523,126.8945045,가로등
35.1799999,126.9145674,가로등
35.218576,126.87885,가로등
35.1726993,126.9053943,가로등
35.182863,126.8598128,가로등
35.1833015,126.9252319,가로등
35.1789958,126.8586756,가로등
35.1815695,126.9241966,가로등
35.1823851,126.9085701,가로등
35.170908,126.904144,가로등
35.1743436,126.8955238,가로등
35.1738743,126.9129826,가로등
35.1987424,126.9038006,가로등
35.1987906,126.9040367,가로등
35.1988651,126.9042298,가로등
35.1989528,126.9044926,가로등
35.1990098,126.904734,가로등
35.1992465,126.9048359,가로등
35.1995577,126.9048413,가로등
35.1995928,126.9052007,가로등
35.1996673,126.9056299,가로등
35.1997243,126.9058874,가로등
35.183573,126.9065993,가로등
35.1841429,126.9062077,가로등
35.1742077,126.8958886,가로등
35.1656472,126.9161944,가로등
35.1714022,126.8951201,가로등
35.1715557,126.8951309,가로등
35.1717223,126.8951523,가로등
35.171981,126.8951469,가로등
35.1721871,126.895163,가로등
35.1708663,126.8776334,가로등
35.1707962,126.8773974,가로등
35.1706383,126.8776227,가로등
35.1705857,126.8774028,가로등
35.1704015,126.877612,가로등
35.1703357,126.8773813,가로등
35.1701647,126.8776012,가로등
35.1700551,126.8773599,가로등
35.187259,126.8913696,가로등
35.1871187,126.8913696,가로등
35.186198,126.891906,가로등
35.1865093,126.8919382,가로등
35.17260827,126.9085059,가로등
35.2147561,126.8856126,가로등
35.173099,126.8856849,가로등
35.1731473,126.8854059,가로등
35.1732832,126.8851806,가로등
35.1656348,126.893775,가로등
35.1655646,126.8939091,가로등
35.165512,126.8940325,가로등
35.2386358,126.8620659,가로등
35.2002191,126.8907923,가로등
35.2003375,126.8905616,가로등
35.1636788,126.924733,가로등
35.1702217,126.8989409,가로등
35.1721073,126.8919296,가로등
35.1877646,126.8686856,가로등
35.18762,126.8686909,가로등
35.1728922,126.9253231,가로등
35.1664417,126.9023205,가로등
35.1823667,126.9307613,가로등
35.1834286,126.8918867,가로등
35.1776134,126.8643501,가로등
35.1778108,126.8643823,가로등
35.1780519,126.8644413,가로등
35.1782975,126.8644896,가로등
35.1785605,126.864511,가로등
35.1787096,126.8642535,가로등
35.1787184,126.8640068,가로등
35.1787228,126.8637171,가로등
35.17262832,126.9081958,가로등
35.1707635,126.922547,가로등
35.1896319,126.931239,가로등
35.1898278,126.931102,가로등
35.1821931,126.930669,가로등
35.17262809,126.9078939,가로등
35.2144373,126.881918,가로등
35.2145437,126.880097,가로등
35.2146587,126.8803301,가로등
35.2072452,126.878054,가로등
35.2159748,126.880293,가로등
35.1764089,126.8799079,가로등
35.1765448,126.8797685,가로등
35.1733871,126.913612,가로등
35.1732362,126.913681,가로등
35.1730988,126.913736,가로등
35.1729614,126.913804,가로등
35.1727564,126.913914,가로등
35.1730642,126.912569,가로등
35.1729607,126.912822,가로등
35.1727401,126.913132,가로등
35.1726453,126.912962,가로등
35.1724514,126.912864,가로등
35.1721945,126.912765,가로등
35.1719736,126.912678,가로등
35.1717752,126.91259,가로등
35.1714777,126.912475,가로등
35.1712658,126.912382,가로등
35.1710179,126.912272,가로등
35.1726953,126.9135,가로등
35.172664,126.913862,가로등
35.1726687,126.914219,가로등
35.172687,126.914576,가로등
35.1726963,126.914916,가로등
35.17271,126.91524,가로등
35.1727418,126.915602,가로등
35.1729943,126.91572,가로등
35.1728185,126.915671,가로등
35.172575,126.915523,가로등
35.1723541,126.91543,가로등
35.1721377,126.915342,가로등
35.1719168,126.915244,가로등
35.1717049,126.915139,가로등
35.1715201,126.915074,가로등
35.1713578,126.915008,가로등
35.171218,126.914909,가로등
35.1710873,126.914855,가로등
35.170898,126.914773,가로등
35.1707492,126.914707,가로등
35.1705824,126.914663,가로등
35.170375,126.914576,가로등
35.1702533,126.914507,가로등
35.1702891,126.914153,가로등
35.1703925,126.913826,가로등
35.1704622,126.913571,가로등
35.1705319,126.913318,가로등
35.1706083,126.913085,가로등
35.1706915,126.912868,가로등
35.1707746,126.912457,가로등
35.170878,126.912094,가로등
35.1709769,126.91171,가로등
35.170774,126.911617,가로등
35.1707291,126.91182,가로등
35.1706707,126.912029,가로등
35.1706212,126.912221,가로등
35.1705358,126.912506,가로등
35.1704549,126.91277,가로등
35.1704099,126.912934,가로등
35.170365,126.913143,가로등
35.170275,126.913379,가로등
35.1701941,126.913654,가로등
35.1700592,126.914131,가로등
35.1699467,126.914367,가로등
35.17264368,126.9076497,가로등
35.17264799,126.9073917,가로등
35.1679956,126.914759,가로등
35.1679461,126.914924,가로등
35.17264783,126.9071804,가로등
35.1683119,126.91595,가로등
35.1681677,126.916005,가로등
35.1679739,126.915945,가로등
35.1684098,126.914117,가로등
35.1686532,126.914204,가로등
35.1688335,126.914292,가로등
35.1690499,126.91439,가로등
35.1693114,126.914467,가로등
35.1695187,126.914554,가로등
35.1702445,126.914812,가로등
35.1705059,126.914872,가로등
35.1707291,126.915001,가로등
35.1709545,126.915066,가로등
35.1711145,126.91514,가로등
35.1713377,126.915247,가로등
35.1716082,126.915362,가로등
35.1718111,126.91546,가로등
35.1720861,126.915581,가로등
35.172316,126.915685,가로등
35.1725639,126.915784,가로등
35.1727803,126.915888,가로등
35.1729562,126.915997,가로등
35.167542,126.916878,가로등
35.167641,126.916557,가로등
35.167725,126.916245,가로등
35.1726609,126.9066013,가로등
35.17266297,126.9063598,가로등
35.17267627,126.9060826,가로등
35.17267385,126.905863,가로등
35.17267592,126.905627,가로등
35.16809811,126.8908219,가로등
35.16825577,126.8907448,가로등
35.16849905,126.8906457,가로등
35.16866799,126.8905714,가로등
35.17992461,126.9320051,보안등
35.17891079,126.9331203,보안등
35.17992461,126.9320051,보안등
35.17873152,126.933648,보안등
35.17992461,126.9320051,보안등
35.17992461,126.9320051,보안등
35.1787631,126.9341276,보안등
35.17946342,126.9329781,보안등
35.17968214,126.9343913,보안등
35.17968214,126.9343913,보안등
35.17968214,126.9343913,보안등
35.17968214,126.9343913,보안등
35.17992461,126.9320051,보안등
35.17968214,126.9343913,보안등
35.178243,126.936177,보안등
35.178166,126.935466,보안등
35.17853073,126.9355189,보안등
35.178566,126.935955,보안등
35.17889829,126.9360194,보안등
35.178939,126.9364206,보안등
35.17825787,126.936177,보안등
35.17825787,126.936177,보안등
35.17825787,126.936177,보안등
35.17828931,126.9375228,보안등
35.17853503,126.9359925,보안등
35.17853503,126.9359925,보안등
35.178505,126.9359925,보안등
35.17818015,126.936117,보안등
35.17809339,126.9363842,보안등
35.17825787,126.936177,보안등
35.17825787,126.936177,보안등
35.177831,126.936359,보안등
35.177937,126.936117,보안등
35.178051,126.9357563,보안등
35.17825787,126.936177,보안등
35.17825787,126.936177,보안등
35.1778705,126.9375448,보안등
35.17787903,126.9375448,보안등
35.1791843,126.9373258,보안등
35.178341,126.9380026,보안등
35.17898911,126.9396238,보안등
35.17856863,126.9396803,보안등
35.18020868,126.9324786,보안등
35.1804616,126.9330418,보안등
35.18121464,126.9310072,보안등
35.18121464,126.9310072,보안등
35.17992461,126.9320051,보안등
35.1804603,126.9308753,보안등
35.17838494,126.9387618,보안등
35.17804214,126.9392493,보안등
35.18187845,126.939161,보안등
35.1826157,126.9328228,보안등
35.18187853,126.9302819,보안등
35.18050183,126.938854,보안등
35.18050183,126.938854,보안등
35.1822014,126.9294063,보안등
35.18202058,126.9288306,보안등
35.1823684,126.929834,보안등
35.178562,126.9416578,보안등
35.178835,126.941968,보안등
35.17977496,126.9343472,보안등
35.17977496,126.9343472,보안등
35.1825229,126.9387597,보안등
35.17766178,126.9375133,보안등
35.182378,126.932721,보안등
35.18149377,126.9379697,보안등
35.18149377,126.9379697,보안등
35.1844842,126.9374883,보안등
35.184468,126.9374883,보안등
35.1844842,126.9374883,보안등
35.1844842,126.9374883,보안등
35.184421,126.936428,보안등
35.18469948,126.9364095,보안등
35.18518503,126.9347533,보안등
35.18518503,126.9347533,보안등
35.18518503,126.9347533,보안등
35.18518503,126.9347533,보안등
35.18518503,126.9347533,보안등
35.18518503,126.9347533,보안등
35.181411,126.9354683,보안등
35.1823663,126.9327188,보안등
35.18191138,126.932574,보안등
35.182248,126.9325544,보안등
35.18263657,126.932806,보안등
35.18263657,126.932848,보안등
35.183077,126.9318539,보안등
35.18307893,126.9318539,보안등
35.18204069,126.9301336,보안등
35.18202058,126.9288306,보안등
35.18233242,126.929143,보안등
35.18239713,126.9301429,보안등
35.18239713,126.9301429,보안등
35.179767,126.9343472,보안등
35.1780186,126.9356401,보안등
35.18203164,126.928684,보안등
35.181956,126.928851,보안등
35.18189554,126.9293031,보안등
35.181608,126.9294124,보안등
35.1812475,126.9311469,보안등
35.17992461,126.9320051,보안등
35.17992461,126.9320051,보안등
35.18012072,126.9315861,보안등
35.17992461,126.9320051,보안등
35.180277,126.9316373,보안등
35.18019866,126.9319164,보안등
35.17992461,126.9320051,보안등
35.17992461,126.932043,보안등
35.18067421,126.9318331,보안등
35.18078754,126.9318856,보안등
35.17992461,126.9320051,보안등
35.18100148,126.932291,보안등
35.17965298,126.9356495,보안등
35.17965298,126.9356495,보안등
35.17965298,126.9356495,보안등
35.1802429,126.9326174,보안등
35.1802725,126.9327447,보안등
35.18003015,126.9330597,보안등
35.1800799,126.9334224,보안등
35.17948386,126.9374673,보안등
35.17948386,126.9374673,보안등
35.17948386,126.9374673,보안등
35.1826227,126.9385165,보안등
35.182464,126.939461,보안등
35.18303207,126.9324857,보안등
35.1821834,126.9300822,보안등
35.1823416,126.9381669,보안등
35.18311395,126.9329756,보안등
35.18060164,126.9374578,보안등
35.1804379,126.9380995,보안등
35.17924964,126.9397774,보안등
35.17977496,126.9343472,보안등
35.17965298,126.9356495,보안등
35.17909256,126.9404957,보안등
35.17909256,126.9404957,보안등
35.17909256,126.9404957,보안등
35.18141105,126.9291401,보안등
35.17948386,126.9374655,보안등
35.18549493,126.9430689,보안등
35.1840418,126.9409262,보안등
35.18255577,126.9367791,보안등
35.18255577,126.9367791,보안등
35.18236757,126.937027,보안등
35.18236757,126.9370154,보안등
35.18470052,126.9386036,보안등
35.1847167,126.9386036,보안등
35.18549493,126.9430689,보안등
35.18549493,126.9430689,보안등
35.18447043,126.9389229,보안등
35.18549493,126.9430689,보안등
35.18549493,126.9430689,보안등
35.18364926,126.9405546,보안등
35.18549493,126.9430689,보안등
35.18426437,126.9405027,보안등
35.17992461,126.9320051,보안등
35.17879277,126.9347176,보안등
35.179057,126.9404957,보안등
35.17044901,126.9983751,보안등
35.17006167,126.9983177,보안등
35.169836,126.999082,보안등
35.16958547,126.9986534,보안등
35.17093214,126.9991484,보안등
35.16958547,126.9986534,보안등
35.170359,126.99901,보안등
35.16958547,126.998697,보안등
35.16958547,126.9986534,보안등
35.170498,126.9994351,보안등
35.17068427,126.9996722,보안등
35.16958547,126.9986534,보안등
35.17031101,126.999733,보안등
35.17093836,127.0003776,보안등
35.16958547,126.9986534,보안등
35.1712176,126.9999783,보안등
35.17143102,127.0034982,보안등
35.17143102,127.0034982,보안등
35.17143102,127.0034982,보안등
35.17143102,127.0034982,보안등
35.16804293,126.9894135,보안등
35.169801,127.0000288,보안등
35.16548546,126.9835722,보안등
35.16982584,127.0000288,보안등
35.16958547,126.9986534,보안등
35.170308,126.9982166,보안등
35.16978732,126.9964933,보안등
35.16958547,126.9986534,보안등
35.16950644,126.9978431,보안등
35.169916,126.997504,보안등
35.169959,126.997504,보안등
35.1637632,126.983011,보안등
35.16389073,126.9832659,보안등
35.1643243,126.9833257,보안등
35.16483873,126.9830271,보안등
35.16483873,126.9830271,보안등
35.16339244,126.9826254,보안등
35.1630848,126.9821365,보안등
35.1629676,126.9822209,보안등
35.16505258,126.9796398,보안등
35.16528631,126.979629,보안등
35.16662096,126.9781104,보안등
35.16339244,126.9826254,보안등
35.1647479,126.9795213,보안등
35.16426144,126.9795761,보안등
35.164621,126.9787014,보안등
35.164077,126.9796,보안등
35.16433015,126.9803946,보안등
35.16327877,126.9798055,보안등
35.16279434,126.9800659,보안등
35.1626079,126.979893,보안등
35.162188,126.9801596,보안등
35.16664336,126.9781829,보안등
35.17112476,126.9993633,보안등
35.17190895,126.9976395,보안등
35.17117,126.9978033,보안등
35.171861,126.997474,보안등
35.171511,126.997588,보안등
35.17341432,126.9973291,보안등
35.17341432,126.9973647,보안등
35.17341432,126.997348,보안등
35.17357594,126.9972496,보안등
35.17341432,126.9973291,보안등
35.17341432,126.9973291,보안등
35.17503759,126.9971326,보안등
35.17527777,126.9970884,보안등
35.17657328,126.9966196,보안등
35.17657328,126.996616,보안등
35.17721672,126.9963962,보안등
35.164692,126.9789278,보안등
35.16371873,126.9796343,보안등
35.17000858,126.997198,보안등
35.16977542,126.998583,보안등
35.1697607,126.9983308,보안등
35.169337,126.9975919,보안등
35.15404317,126.9076161,보안등
35.15329337,126.904969,보안등
35.154983,126.903182,보안등
35.15329337,126.904969,보안등
35.15515,126.9035958,보안등
35.15404317,126.9076161,보안등
35.15515141,126.904211,보안등
35.1553445,126.9044272,보안등
35.15532446,126.9044272,보안등
35.15533748,126.9048196,보안등
35.15404317,126.9076161,보안등
35.155562,126.9046488,보안등
35.15546665,126.904842,보안등
35.15500119,126.9056399,보안등
35.15504428,126.90496,보안등
35.15404317,126.9076161,보안등
35.15457509,126.9047979,보안등
35.15457509,126.9047979,보안등
35.154395,126.9045394,보안등
35.15404317,126.9076161,보안등
35.15404317,126.9076161,보안등
35.15404317,126.9076161,보안등
35.15404317,126.9076161,보안등
35.154009,126.9076161,보안등
35.153522,126.9052521,보안등
35.1536566,126.9056045,보안등
35.15396932,126.90553,보안등
35.15381201,126.9056199,보안등
35.15416915,126.9059297,보안등
35.15234606,126.9070477,보안등
35.15234606,126.9070477,보안등
35.15234606,126.9070477,보안등
35.15557,126.90473,보안등
35.15435083,126.905957,보안등
35.15429732,126.905484,보안등
35.154435,126.9053993,보안등
35.15416915,126.9059297,보안등
35.1544743,126.905965,보안등
35.1544743,126.9059344,보안등
35.1545707,126.9065326,보안등
35.15404317,126.9076161,보안등
35.15404317,126.9076161,보안등
35.15404317,126.9076161,보안등
35.15386297,126.9082285,보안등
35.15410491,126.9082407,보안등
35.154188,126.9082699,보안등
35.15418678,126.908532,보안등
35.1540048,126.9076161,보안등
35.154352,126.9073164,보안등
35.15404317,126.9076161,보안등
35.15404317,126.9076161,보안등
35.1548293,126.9065916,보안등
35.15485794,126.9066826,보안등
35.154828,126.907047,보안등
35.1548745,126.9068634,보안등
35.15410491,126.9082699,보안등
35.155234,126.907096,보안등
35.15404317,126.9076161,보안등
35.15404317,126.9076161,보안등
35.15504139,126.906207,보안등
35.15518422,126.905946,보안등
35.15404317,126.9076161,보안등
35.15404317,126.9076161,보안등
35.15404317,126.9076161,보안등
35.15586097,126.905114,보안등
35.15615285,126.9054,보안등
35.15615285,126.9054,보안등
35.15410491,126.9082699,보안등
35.15234606,126.9070477,보안등
35.15404317,126.9076161,보안등
35.23704034,126.8561786,보안등
35.23704034,126.8561786,보안등
35.23704034,126.8561786,보안등
35.23802935,126.8550385,보안등
35.23802935,126.8550385,보안등
35.23797132,126.854639,보안등
35.239161,126.853303,보안등
35.2364483,126.854671,보안등
35.23679078,126.854624,보안등
35.23699132,126.8543697,보안등
35.23717114,126.8543723,보안등
35.23661447,126.8534775,보안등
35.237507,126.85382,보안등
35.23772661,126.8530024,보안등
35.2374423,126.852984,보안등
35.23751549,126.8525379,보안등
35.237765,126.8522053,보안등
35.2377662,126.852255,보안등
35.23797897,126.851483,보안등
35.23661447,126.8534775,보안등
35.23661447,126.8534775,보안등
35.236691,126.8529204,보안등
35.236697,126.853909,보안등
35.23661447,126.8534775,보안등
35.23598708,126.854479,보안등
35.2357953,126.8539787,보안등
35.23606772,126.853678,보안등
35.23615637,126.853542,보안등
35.23648687,126.8530575,보안등
35.2367301,126.8519885,보안등
35.23661447,126.8534775,보안등
35.23689982,126.851697,보안등
35.23696879,126.851562,보안등
35.2369312,126.8507122,보안등
35.236529,126.8522699,보안등
35.23554084,126.8532221,보안등
35.235803,126.8527276,보안등
35.23699525,126.8535919,보안등
35.23672949,126.8549827,보안등
35.1809892,126.9947743,보안등
35.181156,126.9944334,보안등
35.18144073,126.993989,보안등
35.18151094,126.9937813,보안등
35.181882,126.992783,보안등
35.181707,126.9922703,보안등
35.1814895,126.9919666,보안등
35.18155657,126.9902494,보안등
35.1819962,126.9897836,보안등
35.18191,126.9882704,보안등
35.18205,126.986951,보안등
35.18198974,126.986447,보안등
35.1802862,126.9957361,보안등
35.19505462,126.8764014,보안등
35.1798156,126.9828643,보안등
35.1798156,126.9828643,보안등
35.180683,126.985157,보안등
35.18101885,126.9852591,보안등
35.18101885,126.985227,보안등
35.18089043,126.9852994,보안등
35.18089043,126.9852994,보안등
35.18255769,126.9988504,보안등
35.1802119,126.996078,보안등
35.18075671,126.9849,보안등
35.18089043,126.9852994,보안등
35.180523,126.984379,보안등
35.18044939,126.99538,보안등
35.18042698,126.9837181,보안등
35.1801691,126.9966526,보안등
35.18105932,126.9924921,보안등
35.18245184,126.9858746,보안등
35.18399677,126.9851014,보안등
35.18443801,126.9844828,보안등
35.18286844,126.985529,보안등
35.1832499,126.9855524,보안등
35.1837203,126.985436,보안등
35.1848573,126.9837951,보안등
35.18874953,126.869671,보안등
35.18874953,126.869671,보안등
35.18879668,126.8689867,보안등
35.18879668,126.8689867,보안등
35.18879668,126.8689867,보안등
35.18822982,126.8687312,보안등
35.18874953,126.869671,보안등
35.18781893,126.8688818,보안등
35.1882053,126.8706143,보안등
35.1882053,126.8706143,보안등
35.18874953,126.869671,보안등
35.18874953,126.869671,보안등
35.1882053,126.8706143,보안등
35.18874953,126.869671,보안등
35.1882053,126.8706143,보안등
35.18874953,126.869671,보안등
35.18874953,126.869671,보안등
35.1882053,126.8706143,보안등
35.18874953,126.869671,보안등
35.18874953,126.869671,보안등
35.18874953,126.869671,보안등
35.18874953,126.869671,보안등
35.18874953,126.869671,보안등
35.186412,126.870535,보안등
35.18744989,126.8676187,보안등
35.187426,126.8676187,보안등
35.18734781,126.867066,보안등
35.18725833,126.8669418,보안등
35.18757353,126.8670152,보안등
35.18734781,126.8670819,보안등
35.18707092,126.866341,보안등
35.18733183,126.8654265,보안등
35.18838953,126.8653082,보안등
35.187544,126.8660517,보안등
35.18756983,126.8660517,보안등
35.19077089,126.862825,보안등
35.19080054,126.8629101,보안등
35.19080054,126.862937,보안등
35.1870187,126.8647471,보안등
35.18700042,126.8641428,보안등
35.187153,126.864014,보안등
35.186726,126.8637748,보안등
35.186552,126.863385,보안등
35.18671765,126.863258,보안등
35.18671765,126.863258,보안등
35.18633028,126.8627729,보안등
35.186075,126.862436,보안등
35.185623,126.862344,보안등
35.1861591,126.8632988,보안등
35.186176,126.863707,보안등
35.18606,126.8632134,보안등
35.186391,126.8636173,보안등
35.18631458,126.8648115,보안등
35.18600591,126.8656439,보안등
35.186037,126.864172,보안등
35.18642339,126.8637655,보안등
35.1866001,126.8636403,보안등
35.18667167,126.8647733,보안등
35.18631458,126.8648115,보안등
35.18631458,126.8648115,보안등
35.18631458,126.8648115,보안등
35.186562,126.866371,보안등
35.1856647,126.8658998,보안등
35.1856647,126.8658998,보안등
35.1856647,126.8658998,보안등
35.1856647,126.8658998,보안등
35.1856647,126.8658998,보안등
35.185648,126.8658998,보안등
35.1856647,126.8658998,보안등
35.1856647,126.8658998,보안등
35.1856647,126.8658998,보안등
35.1856647,126.8658998,보안등
35.1856647,126.8658998,보안등
35.1856647,126.8658998,보안등
35.185092,126.864361,보안등
35.1856647,126.8658998,보안등
35.185007,126.863912,보안등
35.184978,126.863725,보안등
35.1856647,126.8658998,보안등
35.18517945,126.8678511,보안등
35.1864599,126.8671975,보안등
35.18585239,126.8681086,보안등
35.18585239,126.8681378,보안등
35.18516059,126.8684667,보안등
35.18516059,126.8684667,보안등
35.18576703,126.8697804,보안등
35.18621407,126.8696325,보안등
35.18621407,126.8696325,보안등
35.18576703,126.8697804,보안등
35.18576703,126.8697804,보안등
35.18568284,126.8699111,보안등
35.177109,126.858905,보안등
35.17701686,126.859134,보안등
35.19156742,126.8604624,보안등
35.19156742,126.8604624,보안등
35.1773946,126.862801,보안등
35.17823648,126.8603672,보안등
35.17823648,126.8603672,보안등
35.17892572,126.8610467,보안등
35.17745471,126.8462938,보안등
35.17524637,126.854187,보안등
35.17784451,126.8545749,보안등
35.18070487,126.8580373,보안등
35.17876775,126.8617178,보안등
35.177287,126.8570485,보안등
35.17934019,126.8555709,보안등
35.17731039,126.8487538,보안등
35.17731039,126.8487538,보안등
35.1815118,126.8599099,보안등
35.18178242,126.8596895,보안등
35.18280663,126.8601688,보안등
35.18231847,126.8598301,보안등
35.18178242,126.8596055,보안등
35.18280663,126.8601688,보안등
35.18280663,126.8601688,보안등
35.18379997,126.8608798,보안등
35.17919734,126.8545256,보안등
35.17943334,126.8573658,보안등
35.17798479,126.8558784,보안등
35.17796379,126.8516023,보안등
35.18438548,126.861103,보안등
35.18467625,126.8614589,보안등
35.17811064,126.8591394,보안등
35.17810986,126.8591969,보안등
35.17813,126.859166,보안등
35.17811064,126.8591394,보안등
35.17811064,126.8591394,보안등
35.17610622,126.8586643,보안등
35.17610622,126.8586643,보안등
35.17606509,126.858706,보안등
35.17610622,126.858668,보안등
35.17610622,126.8586643,보안등
35.17610622,126.8586643,보안등
35.174878,126.8583707,보안등
35.17466699,126.8581976,보안등
35.17377419,126.8613935,보안등
35.17374069,126.8614675,보안등
35.17388867,126.861993,보안등
35.179574,126.8536879,보안등
35.17971835,126.8541292,보안등
35.18007374,126.8430087,보안등
35.1800268,126.8551392,보안등
35.1803313,126.8560745,보안등
35.17704331,126.8494942,보안등
35.1763113,126.8512955,보안등
35.1755675,126.8548071,보안등
35.17462742,126.8622289,보안등
35.17631158,126.8641139,보안등
35.17540798,126.8618231,보안등
35.17631158,126.8641139,보안등
35.175315,126.862696,보안등
35.17631158,126.8641139,보안등
35.17631158,126.8641139,보안등
35.1779783,126.864569,보안등
35.17810126,126.864975,보안등
35.178309,126.8649058,보안등
35.177714,126.8647456,보안등
35.17747802,126.8664761,보안등
35.1798194,126.8544904,보안등
35.18539263,126.8619357,보안등
35.1750541,126.86598,보안등
35.1752726,126.8659039,보안등
35.1750103,126.8659818,보안등
35.17522808,126.8659039,보안등
35.17522808,126.8659039,보안등
35.1751712,126.865923,보안등
35.1752345,126.856237,보안등
35.17689795,126.8576291,보안등
35.18796237,126.865948,보안등
35.186883,126.8641805,보안등
35.1859111,126.8645048,보안등
35.18647157,126.8702157,보안등
35.1872456,126.8668025,보안등
35.18876373,126.8612691,보안등
35.18876373,126.8612691,보안등
35.18876373,126.8612691,보안등
35.18876373,126.8612691,보안등
35.18876373,126.8612691,보안등
35.18876373,126.8612691,보안등
35.18876373,126.8612691,보안등
35.18876373,126.8612691,보안등
35.1887989,126.8603118,보안등
35.1887379,126.8602821,보안등
35.1886407,126.8602416,보안등
35.1885661,126.8601928,보안등
35.18734781,126.8670003,보안등
35.17743714,126.8440977,보안등
35.17747616,126.8436698,보안등
35.1774498,126.8436203,보안등
35.1774928,126.8428265,보안등
35.17743741,126.842856,보안등
35.1770718,126.8432279,보안등
35.17702261,126.8432022,보안등
35.18586409,126.8623207,보안등
35.18066518,126.8570308,보안등
35.18066518,126.8570609,보안등
35.18066518,126.8570308,보안등
35.18032802,126.8576223,보안등
35.17288893,126.8583637,보안등
35.17637384,126.8510986,보안등
35.17737663,126.8486602,보안등
35.18887105,126.8639422,보안등
35.18831703,126.8634297,보안등
35.18813928,126.8631999,보안등
35.18813928,126.8631999,보안등
35.17689795,126.8576291,보안등
35.17702102,126.8432007,보안등
35.17782459,126.8419684,보안등
35.17787551,126.8442951,보안등
35.17787047,126.8442951,보안등
35.17787047,126.8442951,보안등
35.17787047,126.8442951,보안등
35.17787047,126.8442951,보안등
35.17787047,126.8442951,보안등
35.17787047,126.8442951,보안등
35.17869223,126.8509527,보안등
35.17869223,126.8509527,보안등
35.17869223,126.8509527,보안등
35.17117473,126.9240004,보안등
35.17117473,126.9240004,보안등
35.1690656,126.9320145,보안등
35.16918196,126.9317843,보안등
35.1696964,126.9317418,보안등
35.17117473,126.9240004,보안등
35.17055098,126.932006,보안등
35.17090158,126.931973,보안등
35.17106194,126.9319607,보안등
35.17124,126.932109,보안등
35.17172897,126.932061,보안등
35.17117473,126.9240004,보안등
35.171481,126.9314715,보안등
35.17163776,126.931337,보안등
35.171314,126.9317255,보안등
35.171075,126.931805,보안등
35.17082317,126.9316555,보안등
35.171242,126.9312591,보안등
35.17117473,126.9240004,보안등
35.17117473,126.9240004,보안등
35.17187,126.930981,보안등
35.171357,126.931101,보안등
35.17082317,126.9316555,보안등
35.17082317,126.9316555,보안등
35.17117473,126.9240004,보안등
35.17040681,126.9312797,보안등
35.1692747,126.931124,보안등
35.17117473,126.9240004,보안등
35.16949936,126.931023,보안등
35.169673,126.9312321,보안등
35.17117473,126.9240004,보안등
35.17008604,126.9303766,보안등
35.170054,126.9312198,보안등
35.17040681,126.9312797,보안등
35.17040681,126.9312797,보안등
35.17082317,126.931698,보안등
35.17117473,126.9240004,보안등
35.17099734,126.9307497,보안등
35.17119244,126.930572,보안등
35.171449,126.930163,보안등
35.17117473,126.9240004,보안등
35.17117473,126.9240004,보안등
35.17117473,126.9240004,보안등
35.1715782,126.9293897,보안등
35.1715782,126.9293897,보안등
35.171308,126.929539,보안등
35.17098763,126.9301591,보안등
35.17088561,126.9303473,보안등
35.17076954,126.9302169,보안등
35.1708105,126.9304657,보안등
35.16939,126.93075,보안등
35.1705976,126.9306151,보안등
35.170458,126.930297,보안등
35.170074,126.9303766,보안등
35.17117473,126.9240004,보안등
35.17117473,126.9240004,보안등
35.169471,126.9298325,보안등
35.16969339,126.9301956,보안등
35.16955261,126.930505,보안등
35.17008748,126.9292843,보안등
35.17117473,126.9240004,보안등
35.17010102,126.9291761,보안등
35.17013131,126.929062,보안등
35.169987,126.9290031,보안등
35.170065,126.928667,보안등
35.1698568,126.928489,보안등
35.17032604,126.9281679,보안등
35.17117473,126.9240004,보안등
35.17053253,126.9298353,보안등
35.170703,126.929383,보안등
35.17117473,126.9240004,보안등
35.17092999,126.9293,보안등
35.17117473,126.9240004,보안등
35.17117473,126.9240004,보안등
35.16957329,126.9291914,보안등
35.171692,126.9290022,보안등
35.17117473,126.9240004,보안등
35.17117473,126.9240004,보안등
35.17117473,126.9240004,보안등
35.17211084,126.9288084,보안등
35.172376,126.928471,보안등
35.169893,126.926539,보안등
35.17017931,126.9263857,보안등
35.17245758,126.928306,보안등
35.17241799,126.9281448,보안등
35.17117473,126.9240004,보안등
35.17117473,126.9240004,보안등
35.172035,126.9283411,보안등
35.17205882,126.9284934,보안등
35.17199139,126.928081,보안등
35.17117473,126.9240004,보안등
35.17117473,126.9240004,보안등
35.17117473,126.9240004,보안등
35.17117473,126.9240004,보안등
35.171732,126.9276363,보안등
35.171466,126.928011,보안등
35.171597,126.9276092,보안등
35.17419976,126.9305674,보안등
35.17132034,126.927509,보안등
35.171182,126.927488,보안등
35.171106,126.927061,보안등
35.170846,126.927273,보안등
35.17178893,126.9253137,보안등
35.17117473,126.9240004,보안등
35.17117473,126.9240004,보안등
35.17140672,126.9282421,보안등
35.17148518,126.9283128,보안등
35.17185216,126.9280503,보안등
35.17117473,126.9240004,보안등
35.17125392,126.9285126,보안등
35.17099808,126.9285959,보안등
35.171195,126.9240004,보안등
35.17117473,126.9240004,보안등
35.17117473,126.9240004,보안등
35.17085442,126.927701,보안등
35.17117473,126.9240004,보안등
35.17117473,126.9240004,보안등
35.170477,126.9274525,보안등
35.170282,126.927687,보안등
35.170393,126.9280463,보안등
35.17117473,126.9240004,보안등
35.17016,126.9279998,보안등
35.17019877,126.9269702,보안등
35.17019877,126.9269702,보안등
35.17178893,126.9253137,보안등
35.170499,126.9266799,보안등
35.170672,126.9255514,보안등
35.17069312,126.925595,보안등
35.17117473,126.9240004,보안등
35.17088442,126.9247342,보안등
35.17094174,126.924417,보안등
35.17117473,126.9240004,보안등
35.17117473,126.9240004,보안등
35.17059172,126.9251277,보안등
35.171141,126.923921,보안등
35.17178893,126.9253137,보안등
35.17076384,126.9237592,보안등
35.17117473,126.9240004,보안등
35.17117473,126.9240004,보안등
35.17210452,126.925073,보안등
35.1719913,126.925325,보안등
35.17142654,126.9249545,보안등
35.17178893,126.9253137,보안등
35.171701,126.9253137,보안등
35.17189,126.9261325,보안등
35.17208342,126.9262158,보안등
35.17244413,126.926194,보안등
35.17117473,126.9240004,보안등
35.17230342,126.9267849,보안등
35.17117473,126.9240004,보안등
35.17117473,126.9240004,보안등
35.1723563,126.925655,보안등
35.17259204,126.925856,보안등
35.17117473,126.9240004,보안등
35.17117473,126.9240004,보안등
35.17117473,126.9240004,보안등
35.17319529,126.9261501,보안등
35.173487,126.926174,보안등
35.17117473,126.9240004,보안등
35.172757,126.9273233,보안등
35.17117473,126.9240004,보안등
35.17117473,126.9240004,보안등
35.173197,126.927012,보안등
35.17297971,126.926795,보안등
35.173382,126.926625,보안등
35.17117473,126.9240004,보안등
35.17117473,126.9240004,보안등
35.16891773,126.929605,보안등
35.17025314,126.9334336,보안등
35.16872613,126.930299,보안등
35.16903001,126.930383,보안등
35.16861513,126.93075,보안등
35.168814,126.9307854,보안등
35.17025314,126.9334336,보안등
35.17025314,126.9334336,보안등
35.168388,126.9318732,보안등
35.168327,126.931873,보안등
35.16861285,126.9321121,보안등
35.16822,126.932028,보안등
35.16788841,126.932032,보안등
35.17025314,126.9334336,보안등
35.17025314,126.9334336,보안등
35.167553,126.932004,보안등
35.16722365,126.9322203,보안등
35.17025314,126.9334336,보안등
35.16676343,126.932222,보안등
35.17025314,126.9334336,보안등
35.16607537,126.9318268,보안등
35.16607537,126.9318268,보안등
35.166348,126.9312792,보안등
35.16638504,126.9312792,보안등
35.17025314,126.9334336,보안등
35.16637046,126.9308548,보안등
35.16673835,126.9306215,보안등
35.17025314,126.9334336,보안등
35.167312,126.9303212,보안등
35.16704456,126.9298651,보안등
35.17025314,126.9334336,보안등
35.16709993,126.9297502,보안등
35.16722051,126.929539,보안등
35.16736801,126.92948,보안등
35.1672729,126.9276115,보안등
35.17025314,126.9334336,보안등
35.17025314,126.9334336,보안등
35.17025314,126.9334336,보안등
35.1684331,126.9275563,보안등
35.16943786,126.9223461,보안등
35.16943786,126.9223461,보안등
35.17219342,126.9265477,보안등
35.169806,126.9261485,보안등
35.16943786,126.9223461,보안등
35.17025314,126.9334336,보안등
35.17025314,126.9334336,보안등
35.1719066,126.9263856,보안등
35.16914585,126.9273008,보안등
35.16883188,126.9277462,보안등
35.169511,126.928158,보안등
35.169331,126.9283749,보안등
35.16883188,126.9277462,보안등
35.17025314,126.9334336,보안등
35.168985,126.9294192,보안등
35.17025314,126.9334336,보안등
35.17025314,126.9334336,보안등
35.16864,126.929509,보안등
35.1684161,126.9295206,보안등
35.16883188,126.9277462,보안등
35.17025314,126.9334336,보안등
35.1686806,126.928458,보안등
35.168406,126.9286157,보안등
35.16857,126.9288807,보안등
35.1685,126.9291689,보안등
35.16840091,126.9296859,보안등
35.16861513,126.9307261,보안등
35.16861513,126.9307261,보안등
35.16861513,126.9307261,보안등
35.17025314,126.9334336,보안등
35.17025314,126.9334336,보안등
35.17025314,126.9334336,보안등
35.17025314,126.9334336,보안등
35.17025314,126.9334336,보안등
35.17025314,126.9334336,보안등
35.16748328,126.9318175,보안등
35.17025314,126.9334336,보안등
35.17025314,126.9334336,보안등
35.16773906,126.9306519,보안등
35.16796,126.929082,보안등
35.17025314,126.9334336,보안등
35.16808417,126.9293735,보안등
35.168175,126.9287923,보안등
35.17025314,126.9334336,보안등
35.16763347,126.9304171,보안등
35.167341,126.9305226,보안등
35.167197,126.9304891,보안등
35.167137,126.9307143,보안등
35.167058,126.931099,보안등
35.165494,126.931547,보안등
35.16553028,126.931479,보안등
35.16582203,126.9314172,보안등
35.16553028,126.9314519,보안등
35.165988,126.931398,보안등
35.16553028,126.9314519,보안등
35.166158,126.9310444,보안등
35.16623694,126.9307896,보안등
35.166072,126.930728,보안등
35.165294,126.9314882,보안등
35.1672729,126.9276115,보안등
35.16939383,126.9299738,보안등
35.17117473,126.9240004,보안등
35.17155946,126.927248,보안등
35.17025314,126.9334336,보안등
35.166605,126.9323405,보안등
35.16722365,126.9322203,보안등
35.17025314,126.9334336,보안등
35.17064367,126.9224467,보안등
35.16943786,126.922397,보안등
35.1701734,126.9302176,보안등
35.1794379,126.9290385,보안등
35.17212935,126.9293532,보안등
35.17087702,126.9278183,보안등
35.1693912,126.9268738,보안등
35.1710515,126.924153,보안등
35.1698927,126.9292164,보안등
35.1702972,126.931923,보안등
35.1704072,126.9259508,보안등
35.17138337,126.927435,보안등
35.1694215,126.9223461,보안등
35.17018508,126.9281082,보안등
35.17117473,126.9240004,보안등
35.17142941,126.9269908,보안등
35.17117473,126.9240004,보안등
35.16780547,126.9304601,보안등
35.17025314,126.9334336,보안등
35.17117473,126.9240004,보안등
35.166882,126.93195,보안등
35.17025314,126.9334336,보안등
35.1726765,126.929804,보안등
35.17163606,126.930677,보안등
35.171866,126.9306836,보안등
35.17225295,126.9290606,보안등
35.17117473,126.9240004,보안등
35.17273597,126.9281205,보안등
35.17117473,126.9240004,보안등
35.17117473,126.9240004,보안등
35.1735242,126.9268501,보안등
35.17438036,126.9269888,보안등
35.1744079,126.927327,보안등
35.17117473,126.9240004,보안등
35.17378267,126.927273,보안등
35.17117473,126.9240004,보안등
35.17117473,126.9240004,보안등
35.1736959,126.927476,보안등
35.1735609,126.927751,보안등
35.17117473,126.9240004,보안등
35.17347393,126.9278436,보안등
35.17347393,126.9278436,보안등
35.17117473,126.9240004,보안등
35.1736064,126.9283835,보안등
35.1731309,126.9287797,보안등
35.17117473,126.9240004,보안등
35.1729802,126.9287942,보안등
35.1728766,126.928986,보안등
35.17117473,126.9240004,보안등
35.1728708,126.929458,보안등
35.17117473,126.9240004,보안등
35.17298986,126.9286876,보안등
35.17117473,126.9240004,보안등
35.17117473,126.9240004,보안등
35.17117473,126.9240004,보안등
35.1722619,126.92984,보안등
35.17219902,126.930175,보안등
35.17210712,126.930068,보안등
35.17117473,126.9240004,보안등
35.17270348,126.930543,보안등
35.17297262,126.9308168,보안등
35.17117473,126.9240004,보안등
35.17292531,126.9305214,보안등
35.17117473,126.9240004,보안등
35.17117473,126.9240004,보안등
35.17289855,126.930024,보안등
35.17117473,126.9240004,보안등
35.17117473,126.9240004,보안등
35.17117473,126.9240004,보안등
35.17117473,126.9240004,보안등
35.173456,126.9296457,보안등
35.17278627,126.9357816,보안등
35.17117473,126.9240004,보안등
35.17336,126.9293085,보안등
35.17369245,126.929727,보안등
35.17117473,126.9240004,보안등
35.173746,126.929003,보안등
35.17117473,126.9240004,보안등
35.17117473,126.9240004,보안등
35.17117473,126.9240004,보안등
35.17117473,126.9240004,보안등
35.1739835,126.9286524,보안등
35.17117473,126.9240004,보안등
35.1743333,126.9286343,보안등
35.17117473,126.9240004,보안등
35.17117473,126.9240004,보안등
35.17429089,126.928261,보안등
35.17117473,126.9240004,보안등
35.174487,126.9279024,보안등
35.17428941,126.9277302,보안등
35.17117473,126.9240004,보안등
35.17117473,126.9240004,보안등
35.17489109,126.927703,보안등
35.175042,126.9279004,보안등
35.17117473,126.9240004,보안등
35.17117473,126.9240004,보안등
35.17117473,126.9240004,보안등
35.17454734,126.927661,보안등
35.17117473,126.9240004,보안등
35.17527349,126.9298342,보안등
35.17117473,126.9240004,보안등
35.17541822,126.928751,보안등
35.1762386,126.9324427,보안등
35.17117473,126.9240004,보안등
35.17117473,126.9240004,보안등
35.17117473,126.9240004,보안등
35.17577354,126.9293404,보안등
35.17577354,126.9293404,보안등
35.175209,126.929654,보안등
35.174729,126.9302018,보안등
35.17117473,126.9240004,보안등
35.174949,126.930524,보안등
35.17470361,126.9296082,보안등
35.17470361,126.9296082,보안등
35.17117473,126.9240004,보안등
35.17446,126.9293137,보안등
35.17447149,126.928969,보안등
35.17447149,126.9289522,보안등
35.17447149,126.9289522,보안등
35.1743254,126.9296621,보안등
35.17117473,126.9240004,보안등
35.17117473,126.9240004,보안등
35.174571,126.9306579,보안등
35.17117473,126.9240004,보안등
35.174483,126.930848,보안등
35.174095,126.93082,보안등
35.17117473,126.9240004,보안등
35.173883,126.930186,보안등
35.17394098,126.9299436,보안등
35.17117473,126.9240004,보안등
35.17117473,126.9240004,보안등
35.17117473,126.9240004,보안등
35.17117473,126.9240004,보안등
35.17117473,126.9240004,보안등
35.17462237,126.9319283,보안등
35.1746875,126.9325313,보안등
35.17117473,126.9240004,보안등
35.17117473,126.9240004,보안등
35.17117473,126.9240004,보안등
35.17424891,126.9320454,보안등
35.17503749,126.9316884,보안등
35.17555261,126.9310369,보안등
35.17559182,126.9308903,보안등
35.17117473,126.9240004,보안등
35.175336,126.9315026,보안등
35.174137,126.9313985,보안등
35.17117473,126.9240004,보안등
35.17117473,126.9240004,보안등
35.17303423,126.9309099,보안등
35.17265489,126.9309494,보안등
35.17117473,126.9240004,보안등
35.17117473,126.9240004,보안등
35.17117473,126.9240004,보안등
35.17117473,126.9240004,보안등
35.17117473,126.9240004,보안등
35.1724323,126.9321751,보안등
35.17117473,126.9240004,보안등
35.17117473,126.9240004,보안등
35.17117473,126.9240004,보안등
35.17117473,126.9240004,보안등
35.17117473,126.9240004,보안등
35.17117473,126.9240004,보안등
35.17117473,126.9240004,보안등
35.17117473,126.9240004,보안등
35.17117473,126.9240004,보안등
35.17117473,126.9240004,보안등
35.17117473,126.9240004,보안등
35.177294,126.927617,보안등
35.1774046,126.9282019,보안등
35.17860721,126.928235,보안등
35.179178,126.928497,보안등
35.179449,126.9286872,보안등
35.18000026,126.9288593,보안등
35.17924993,126.9280579,보안등
35.1804254,126.928908,보안등
35.1807092,126.9286295,보안등
35.18101606,126.92843,보안등
35.181563,126.92823,보안등
35.17924993,126.928011,보안등
35.17924993,126.9280579,보안등
35.18124951,126.9311469,보안등
35.17951694,126.9278825,보안등
35.179977,126.9282298,보안등
35.17924993,126.9280579,보안등
35.179654,126.9283863,보안등
35.1782338,126.9279966,보안등
35.17951694,126.9278825,보안등
35.17844956,126.927876,보안등
35.180341,126.928697,보안등
35.1778604,126.9312439,보안등
35.17663006,126.9387585,보안등
35.17740474,126.9366888,보안등
35.17712241,126.9368158,보안등
35.17634018,126.9292607,보안등
35.1779744,126.9306435,보안등
35.1779744,126.9306435,보안등
35.17695504,126.929926,보안등
35.1779744,126.9306435,보안등
35.17804144,126.9294779,보안등
35.1779744,126.9306435,보안등
35.1779744,126.9306435,보안등
35.177942,126.9306435,보안등
35.1776157,126.9300129,보안등
35.17707121,126.9308715,보안등
35.17707121,126.9308715,보안등
35.1779744,126.9306435,보안등
35.1779744,126.9306435,보안등
35.17646227,126.9305944,보안등
35.1779744,126.9306435,보안등
35.1779744,126.9306435,보안등
35.1763761,126.9301158,보안등
35.1763949,126.9301158,보안등
35.17617466,126.9309232,보안등
35.1779744,126.9306435,보안등
35.1779744,126.9306435,보안등
35.17657,126.931392,보안등
35.17646227,126.9305944,보안등
35.17646227,126.9305944,보안등
35.17705377,126.9315916,보안등
35.17707121,126.9308715,보안등
35.17746066,126.9317716,보안등
35.17752677,126.931578,보안등
35.1779744,126.9306435,보안등
35.1779744,126.9306435,보안등
35.17783125,126.9315277,보안등
35.17802635,126.930813,보안등
35.17647507,126.9360879,보안등
35.17788533,126.935304,보안등
35.17775704,126.935229,보안등
35.177648,126.93499,보안등
35.17647507,126.9360879,보안등
35.177452,126.9352478,보안등
35.177338,126.9355565,보안등
35.17647507,126.9360879,보안등
35.177135,126.936149,보안등
35.1770465,126.9363987,보안등
35.17647507,126.9360879,보안등
35.17652991,126.9367895,보안등
35.17642333,126.937459,보안등
35.176706,126.9373192,보안등
35.17687335,126.9371313,보안등
35.17687335,126.9371313,보안등
35.17663006,126.9387585,보안등
35.179803,126.9277782,보안등
35.17893642,126.9284413,보안등
35.17887964,126.9281528,보안등
35.17737477,126.9376505,보안등
35.17754,126.9372283,보안등
35.177739,126.935994,보안등
35.17785553,126.935713,보안등
35.178515,126.9337715,보안등
35.1779744,126.9306435,보안등
35.17959964,126.9327009,보안등
35.17966287,126.9322945,보안등
35.1779744,126.9306435,보안등
35.17987412,126.9317625,보안등
35.17933809,126.9310183,보안등
35.1779744,126.9306435,보안등
35.178439,126.9305985,보안등
35.17849043,126.930323,보안등
35.1779744,126.9306435,보안등
35.178316,126.9309688,보안등
35.1779744,126.9306435,보안등
35.17806873,126.931767,보안등
35.17786219,126.9323723,보안등
35.17786219,126.9323723,보안등
35.17809101,126.9323181,보안등
35.17953334,126.9321202,보안등
35.17953334,126.9321202,보안등
35.1784577,126.932861,보안등
35.17834383,126.933159,보안등
35.178165,126.933401,보안등
35.1779744,126.9306435,보안등
35.17820768,126.9336868,보안등
35.1779744,126.9306435,보안등
35.177671,126.933496,보안등
35.17754886,126.933178,보안등
35.177746,126.932837,보안등
35.177989,126.932855,보안등
35.177843,126.9324968,보안등
35.177886,126.9323723,보안등
35.17737718,126.932413,보안등
35.1779744,126.9306435,보안등
35.17713758,126.9331757,보안등
35.1771511,126.9331757,보안등
35.1779744,126.9306435,보안등
35.17713758,126.9331933,보안등
35.1779744,126.9306435,보안등
35.1765432,126.9334632,보안등
35.1779744,126.9306435,보안등
35.17672206,126.9322106,보안등
35.1779744,126.9306435,보안등
35.1770816,126.9315916,보안등
35.1779744,126.9306435,보안등
35.1779744,126.9306435,보안등
35.1779744,126.9306435,보안등
35.1779744,126.9306435,보안등
35.17648484,126.9332137,보안등
35.17661511,126.932786,보안등
35.17605249,126.932794,보안등
35.176063,126.9331,보안등
35.17583568,126.932882,보안등
35.17572411,126.932594,보안등
35.17591279,126.932499,보안등
35.1779744,126.9306435,보안등
35.17532555,126.9337994,보안등
35.17598834,126.9321903,보안등
35.1779744,126.9306435,보안등
35.17610159,126.93175,보안등
35.17583317,126.9317779,보안등
35.17278627,126.9357816,보안등
35.17242295,126.9357625,보안등
35.1722111,126.9357711,보안등
35.1720616,126.9357649,보안등
35.17149626,126.9376619,보안등
35.17168551,126.936989,보안등
35.17241319,126.9365002,보안등
35.17241319,126.9365002,보안등
35.17241319,126.9365002,보안등
35.17302081,126.9368626,보안등
35.17208384,126.9354347,보안등
35.17181613,126.9349574,보안등
35.17181613,126.9349574,보안등
35.17323151,126.9357872,보안등
35.17321898,126.9355999,보안등
35.1725084,126.935615,보안등
35.17277002,126.9351257,보안등
35.1722076,126.9346478,보안등
35.17230561,126.934863,보안등
35.17258756,126.9341743,보안등
35.17222598,126.934237,보안등
35.172124,126.934065,보안등
35.17195,126.933922,보안등
35.171876,126.9336321,보안등
35.17232326,126.933962,보안등
35.17258756,126.9341743,보안등
35.172588,126.9336959,보안등
35.17025314,126.9334957,보안등
35.1726837,126.9346158,보안등
35.17286676,126.934403,보안등
35.17318,126.934312,보안등
35.173395,126.9340604,보안등
35.17314921,126.9344259,보안등
35.173471,126.9334472,보안등
35.17025314,126.9334336,보안등
35.17025314,126.9334336,보안등
35.172099,126.9333125,보안등
35.17274955,126.9347435,보안등
35.1728775,126.9345963,보안등
35.17313347,126.9353089,보안등
35.17309321,126.9346946,보안등
35.17341238,126.934892,보안등
35.17357129,126.935036,보안등
35.1737588,126.934949,보안등
35.17356303,126.9350941,보안등
35.17348045,126.9357932,보안등
35.173644,126.934789,보안등
35.17314921,126.9344259,보안등
35.1737381,126.9340532,보안등
35.173662,126.93379,보안등
35.17369617,126.9334524,보안등
35.173909,126.9331515,보안등
35.17394298,126.9331515,보안등
35.17394298,126.9331515,보안등
35.17025314,126.933447,보안등
35.17422433,126.9338824,보안등
35.1742742,126.933821,보안등
35.17025314,126.9334336,보안등
35.1740597,126.9339018,보안등
35.17452452,126.934128,보안등
35.1748849,126.9340283,보안등
35.17025314,126.933499,보안등
35.17481735,126.934284,보안등
35.1742613,126.9344268,보안등
35.174488,126.9343532,보안등
35.174208,126.934343,보안등
35.17434277,126.93474,보안등
35.1742613,126.9344268,보안등
35.174356,126.934769,보안등
35.1746781,126.9349283,보안등
35.174619,126.9347408,보안등
35.1744697,126.935042,보안등
35.174096,126.9350159,보안등
35.174957,126.9344568,보안등
35.17647507,126.9360879,보안등
35.17647507,126.9360879,보안등
35.17647507,126.9360879,보안등
35.17629033,126.9342134,보안등
35.17591845,126.933736,보안등
35.17584033,126.934485,보안등
35.17647507,126.9360879,보안등
35.17647507,126.9360879,보안등
35.175129,126.934583,보안등
35.17477037,126.935202,보안등
35.174982,126.9351902,보안등
35.17647507,126.9360879,보안등
35.175558,126.9351493,보안등
35.17569,126.9355577,보안등
35.17647507,126.9360879,보안등
35.17594,126.9355449,보안등
35.176122,126.9356904,보안등
35.17631463,126.935886,보안등
35.17586299,126.936392,보안등
35.17674608,126.936177,보안등
35.17690149,126.935604,보안등
35.176663,126.935826,보안등
35.17677045,126.9359899,보안등
35.1765978,126.9349013,보안등
35.1765978,126.9349013,보안등
35.1765978,126.9349013,보안등
35.17647507,126.9360879,보안등
35.176585,126.934048,보안등
35.17647507,126.9360879,보안등
35.177213,126.9346994,보안등
35.1718271,126.9357619,보안등
35.17246724,126.933009,보안등
35.17303658,126.9333356,보안등
35.17025314,126.9334336,보안등
35.17302542,126.9341861,보안등
35.1732816,126.9334272,보안등
35.17671588,126.9338724,보안등
35.1779744,126.9306435,보안등
35.174371,126.928742,보안등
35.1747325,126.9283467,보안등
35.1728696,126.9313066,보안등
35.17660796,126.9381999,보안등
35.1732818,126.9362845,보안등
35.173205,126.9366969,보안등
35.1754821,126.9413274,보안등
35.1753755,126.9416795,보안등
35.1749773,126.9423357,보안등
35.174782,126.9430234,보안등
35.1745633,126.9434971,보안등
35.174561,126.9439693,보안등
35.1745545,126.9445294,보안등
35.1745974,126.9450233,보안등
35.1746403,126.9455447,보안등
35.1747101,126.9460054,보안등
35.17711418,126.9376359,보안등
35.17538255,126.932822,보안등
35.17722977,126.9326164,보안등
35.1810889,126.9287425,보안등
35.1784417,126.9326429,보안등
35.1745098,126.9292675,보안등
35.1766316,126.9311993,보안등
35.17647835,126.9315965,보안등
35.17804144,126.9294779,보안등
35.1745473,126.9327174,보안등
35.17491838,126.9319473,보안등
35.17397573,126.935292,보안등
35.173293,126.936001,보안등
35.1732126,126.9366635,보안등
35.17302081,126.9368626,보안등
35.174962,126.9336846,보안등
35.17117473,126.9240004,보안등
35.17663006,126.9387585,보안등
35.17559371,126.9404101,보안등
35.1715317,126.937816,보안등
35.1807507,126.928727,보안등
35.17120413,126.9341211,보안등
35.1784594,126.927876,보안등
35.17893642,126.9284413,보안등
35.17864403,126.9289162,보안등
35.17697107,126.9274306,보안등
35.17933809,126.9310183,보안등
35.17933809,126.9310183,보안등
35.17933809,126.9310183,보안등
35.1793576,126.931055,보안등
35.17933809,126.9310183,보안등
35.17830276,126.9300995,보안등
35.17481231,126.9322175,보안등
35.1772511,126.9362854,보안등
35.1765978,126.9349941,보안등
35.17117473,126.9240004,보안등
35.17117473,126.9240004,보안등
35.17117473,126.9240004,보안등
35.17117473,126.9240004,보안등
35.17117473,126.9240004,보안등
35.17174668,126.9303416,보안등
35.17423579,126.93067,보안등
35.17254667,126.935615,보안등
35.1742613,126.93446,보안등
35.17466033,126.9347408,보안등
35.1738642,126.934071,보안등
35.17761243,126.936925,보안등
35.17117473,126.9240004,보안등
35.17117473,126.9240004,보안등
35.17117473,126.9240004,보안등
35.16493274,126.9333233,보안등
35.16493274,126.9333233,보안등
35.1642686,126.9328433,보안등
35.16418082,126.933277,보안등
35.16381916,126.9331941,보안등
35.16341,126.9335447,보안등
35.16301575,126.93362,보안등
35.162908,126.933733,보안등
35.16247467,126.9339498,보안등
35.164246,126.9321553,보안등
35.163341,126.9339924,보안등
35.16345569,126.933828,보안등
35.16394184,126.933864,보안등
35.16484058,126.9317938,보안등
35.1646505,126.9331148,보안등
35.16493274,126.9333233,보안등
35.16493274,126.9333233,보안등
35.16500252,126.932783,보안등
35.164938,126.9318804,보안등
35.17025314,126.9334336,보안등
35.17025314,126.9334336,보안등
35.166073,126.932868,보안등
35.1660975,126.932701,보안등
35.16566363,126.93329,보안등
35.166179,126.93358,보안등
35.166262,126.9339776,보안등
35.1663894,126.932072,보안등
35.16564832,126.9334835,보안등
35.16582752,126.9336996,보안등
35.16529895,126.9335361,보안등
35.1651308,126.9333112,보안등
35.16645678,126.9340301,보안등
35.166111,126.934061,보안등
35.16620771,126.9351485,보안등
35.1654899,126.9342473,보안등
35.16515735,126.9342468,보안등
35.16528991,126.9345857,보안등
35.16528991,126.9345857,보안등
35.16490098,126.9342082,보안등
35.16434229,126.934097,보안등
35.16407356,126.934565,보안등
35.16433327,126.934297,보안등
35.16528991,126.9345857,보안등
35.16528991,126.9345857,보안등
35.1632917,126.9348243,보안등
35.16311578,126.934916,보안등
35.16528991,126.9345857,보안등
35.16474259,126.9370605,보안등
35.16474259,126.9370605,보안등
35.16474259,126.9370605,보안등
35.16474259,126.9370605,보안등
35.16686609,126.9332304,보안등
35.1655598,126.9323601,보안등
35.1656094,126.933849,보안등
35.16916862,126.9352161,보안등
35.16715508,126.9342326,보안등
35.16712975,126.934886,보안등
35.1703806,126.9357185,보안등
35.164429,126.932483,보안등
35.164675,126.931767,보안등
35.16452574,126.932055,보안등
35.163844,126.932524,보안등
35.164053,126.932719,보안등
35.16357707,126.9329595,보안등
35.16357707,126.9329595,보안등
35.16303,126.9333019,보안등
35.163655,126.932559,보안등
35.16297465,126.93322,보안등
35.162697,126.9344445,보안등
35.16289701,126.934303,보안등
35.1631571,126.9343141,보안등
35.16389136,126.934228,보안등
35.16393586,126.933718,보안등
35.16488278,126.9338186,보안등
35.165025,126.9334304,보안등
35.16528991,126.9345857,보안등
35.16474259,126.9370605,보안등
35.16620771,126.9351485,보안등
35.16620771,126.9351485,보안등
35.16620771,126.9351485,보안등
35.16474259,126.9370605,보안등
35.16474259,126.9370605,보안등
35.16613628,126.9360878,보안등
35.16613628,126.9360878,보안등
35.16938728,126.9390211,보안등
35.1676989,126.9375132,보안등
35.16739518,126.937776,보안등
35.16753027,126.9388817,보안등
35.16938728,126.9390211,보안등
35.16850929,126.938381,보안등
35.16938728,126.9390211,보안등
35.16938728,126.939068,보안등
35.167511,126.939611,보안등
35.167304,126.939658,보안등
35.16902509,126.9402398,보안등
35.1702585,126.9394975,보안등
35.17043749,126.9399991,보안등
35.17043749,126.939966,보안등
35.17006319,126.9404231,보안등
35.16963563,126.9398561,보안등
35.1701394,126.94132,보안등
35.1657802,126.944364,보안등
35.165553,126.94451,보안등
35.1655072,126.9464311,보안등
35.165112,126.944538,보안등
35.16527,126.944119,보안등
35.17038422,126.9389163,보안등
35.16419491,126.9421728,보안등
35.1647854,126.9431095,보안등
35.16419491,126.9421728,보안등
35.1641133,126.9421728,보안등
35.1638833,126.941566,보안등
35.16419491,126.9421728,보안등
35.16317086,126.9408866,보안등
35.16309811,126.9403959,보안등
35.16212563,126.9390487,보안등
35.162686,126.940194,보안등
35.162521,126.9399735,보안등
35.16256816,126.9399735,보안등
35.16212563,126.9390487,보안등
35.16002979,126.9403538,보안등
35.16008153,126.9395482,보안등
35.16103432,126.939331,보안등
35.16212563,126.9390487,보안등
35.16044217,126.9409775,보안등
35.16103432,126.939333,보안등
35.16212563,126.9390487,보안등
35.16212563,126.9390487,보안등
35.16212563,126.9390487,보안등
35.16103432,126.939314,보안등
35.16103432,126.939306,보안등
35.1616874,126.9395043,보안등
35.16212563,126.9390487,보안등
35.16212563,126.9390487,보안등
35.16668239,126.933534,보안등
35.1697657,126.9352238,보안등
35.16958791,126.9365385,보안등
35.16882566,126.9360261,보안등
35.1666954,126.9344161,보안등
35.16664982,126.9353163,보안등
35.163035,126.9402075,보안등
35.16299415,126.9396123,보안등
35.16299415,126.93966,보안등
35.16212563,126.9390487,보안등
35.16212563,126.9390487,보안등
35.16212563,126.9390487,보안등
35.16721882,126.93566,보안등
35.16721882,126.9356894,보안등
35.16721882,126.93566,보안등
35.1680849,126.9370735,보안등
35.1674376,126.9368291,보안등
35.16820994,126.9378109,보안등
35.16849312,126.9379397,보안등
35.168826,126.9383497,보안등
35.16860009,126.9377664,보안등
35.16860009,126.9377664,보안등
35.16938728,126.939052,보안등
35.16938728,126.93907,보안등
35.16938728,126.939067,보안등
35.16938728,126.939017,보안등
35.17019,126.9386962,보안등
35.16938728,126.9390211,보안등
35.16938728,126.9390211,보안등
35.16995425,126.9385661,보안등
35.16995425,126.9385661,보안등
35.16995425,126.9385661,보안등
35.16995425,126.9385661,보안등
35.16925756,126.9382905,보안등
35.169238,126.9382905,보안등
35.16900424,126.9382052,보안등
35.16995425,126.9385661,보안등
35.16428702,126.9327345,보안등
35.169927,126.93857,보안등
35.16995425,126.9385661,보안등
35.16995425,126.9385661,보안등
35.169307,126.9376334,보안등
35.16912069,126.9376278,보안등
35.16860009,126.9377664,보안등
35.16669722,126.934438,보안등
35.16765246,126.9342948,보안등
35.16765246,126.9342948,보안등
35.16765246,126.9342948,보안등
35.1671964,126.9342326,보안등
35.167822,126.9337807,보안등
35.167875,126.933745,보안등
35.16777313,126.9340466,보안등
35.168498,126.933934,보안등
35.16947738,126.9341352,보안등
35.16947738,126.9341352,보안등
35.16720309,126.9353448,보안등
35.16720309,126.9353448,보안등
35.16720309,126.9353448,보안등
35.16765246,126.934273,보안등
35.16959407,126.9347453,보안등
35.16959407,126.934751,보안등
35.16916862,126.9352161,보안등
35.16976613,126.9352238,보안등
35.16976613,126.9352238,보안등
35.17014719,126.9344871,보안등
35.16976613,126.9352238,보안등
35.16976613,126.9352238,보안등
35.17071628,126.9349424,보안등
35.17065467,126.9354844,보안등
35.17152059,126.934917,보안등
35.17091633,126.9343373,보안등
35.171044,126.934428,보안등
35.17101321,126.9344532,보안등
35.17115153,126.9339113,보안등
35.17115153,126.9339113,보안등
35.17143792,126.9339716,보안등
35.17080966,126.9339972,보안등
35.17072618,126.9342503,보안등
35.16999798,126.9342,보안등
35.17113298,126.9336186,보안등
35.170624,126.933753,보안등
35.170451,126.9335835,보안등
35.1707138,126.9335339,보안등
35.17025314,126.9334336,보안등
35.17025314,126.9334336,보안등
35.17025314,126.9334336,보안등
35.1715558,126.9330527,보안등
35.17025314,126.9334336,보안등
35.17025314,126.9334336,보안등
35.170279,126.933483,보안등
35.1699326,126.9341145,보안등
35.169941,126.9341145,보안등
35.16945448,126.933372,보안등
35.17025314,126.9334336,보안등
35.17025314,126.9334336,보안등
35.16932,126.933386,보안등
35.17025314,126.9334336,보안등
35.16842388,126.9329945,보안등
35.16842388,126.9329945,보안등
35.168409,126.932958,보안등
35.169915,126.933336,보안등
35.17025314,126.9334,보안등
35.1682957,126.933398,보안등
35.168034,126.93338,보안등
35.16825226,126.9331671,보안등
35.167881,126.9333572,보안등
35.17025314,126.9334336,보안등
35.167627,126.9331571,보안등
35.167723,126.9328238,보안등
35.16728096,126.933379,보안등
35.16707815,126.933326,보안등
35.167239,126.9333356,보안등
35.16710545,126.9336122,보안등
35.17025314,126.9334336,보안등
35.16721389,126.932887,보안등
35.17065467,126.9354844,보안등
35.170889,126.9350831,보안등
35.17059299,126.93582,보안등
35.17065467,126.9354844,보안등
35.17083561,126.935424,보안등
35.17065467,126.9354844,보안등
35.17065467,126.9354844,보안등
35.171279,126.936457,보안등
35.17070829,126.936972,보안등
35.17070829,126.9369676,보안등
35.17071477,126.9368553,보안등
35.17070829,126.9369676,보안등
35.17070829,126.9369676,보안등
35.17089909,126.935966,보안등
35.17070829,126.9369676,보안등
35.17070829,126.9369676,보안등
35.17051432,126.9367008,보안등
35.17065467,126.9354844,보안등
35.16993291,126.9364744,보안등
35.1631663,126.940852,보안등
35.17004594,126.9355563,보안등
35.17004594,126.9355563,보안등
35.169992,126.935704,보안등
35.169903,126.9357921,보안등
35.17004594,126.9355563,보안등
35.16992428,126.9363384,보안등
35.16958791,126.9365385,보안등
35.17004594,126.9355563,보안등
35.16882566,126.9360801,보안등
35.1648585,126.9336554,보안등
35.17004594,126.9355563,보안등
35.168606,126.9356345,보안등
35.1680849,126.9370735,보안등
35.17004594,126.9355563,보안등
35.16991129,126.937166,보안등
35.17070829,126.936902,보안등
35.169497,126.936841,보안등
35.170219,126.9368398,보안등
35.17070829,126.936928,보안등
35.1694613,126.9368355,보안등
35.1624649,126.9342153,보안등
35.16236154,126.9336825,보안등
35.1629992,126.932859,보안등
35.16255968,126.9324933,보안등
35.167001,126.9344048,보안등
35.1650957,126.9319002,보안등
35.165268,126.9327747,보안등
35.1651713,126.9326441,보안등
35.16501478,126.9325493,보안등
35.16986764,126.9385337,보안등
35.1689893,126.9357637,보안등
35.17000092,126.9335027,보안등
35.16340245,126.9347186,보안등
35.1636178,126.9344387,보안등
35.1640535,126.933228,보안등
35.16264155,126.9344445,보안등
35.16264155,126.93445,보안등
35.16301468,126.9342129,보안등
35.16322391,126.934097,보안등
35.1634032,126.9343308,보안등
35.1636204,126.9338426,보안등
35.16367563,126.9338558,보안등
35.16414752,126.9339106,보안등
35.1642365,126.9335863,보안등
35.1644681,126.933453,보안등
35.16457176,126.9333584,보안등
35.16478494,126.9332584,보안등
35.16516654,126.9329854,보안등
35.165374,126.9328744,보안등
35.16562181,126.9330827,보안등
35.1655827,126.9326538,보안등
35.16569573,126.9325063,보안등
35.16577907,126.9322741,보안등
35.16685797,126.9390937,보안등
35.17093284,126.939336,보안등
35.17111765,126.9394776,보안등
35.17077803,126.937522,보안등
35.1679299,126.9374309,보안등
35.1702585,126.9394975,보안등
35.16504438,126.9334304,보안등
35.16334287,126.9345473,보안등
35.165259,126.9332363,보안등
35.16418082,126.933277,보안등
35.16721882,126.93566,보안등
35.17065467,126.9354844,보안등
35.16582752,126.9336123,보안등
35.16566363,126.9332826,보안등
35.16564298,126.9321396,보안등
35.17126178,126.9354459,보안등
35.1712635,126.9358,보안등
35.16212563,126.9390487,보안등
35.16212563,126.9390487,보안등
35.16212563,126.9390487,보안등
35.16316593,126.9408108,보안등
35.16317086,126.9408866,보안등
35.16390148,126.9417619,보안등
35.16382411,126.941566,보안등
35.1641517,126.9421728,보안등
35.16419573,126.942064,보안등
35.16468032,126.9424121,보안등
35.16468032,126.9424121,보안등
35.16468032,126.9424121,보안등
35.16995425,126.9385661,보안등
35.16868581,126.9406373,보안등
35.17117473,126.9240004,보안등
35.1639535,126.933568,보안등
35.16557147,126.9340582,보안등
35.1699385,126.9385661,보안등
35.17043749,126.9399991,보안등
35.17000579,126.9363411,보안등
35.16763305,126.9304276,보안등
35.17117473,126.9240004,보안등
35.17390974,126.9221548,보안등
35.20918368,126.9500233,보안등
35.21055597,126.9496065,보안등
35.19691816,126.952254,보안등
35.19670182,126.951885,보안등
35.19636826,126.9512951,보안등
35.19641637,126.9516604,보안등
35.196321,126.9512951,보안등
35.196263,126.9517178,보안등
35.195937,126.951596,보안등
35.19641637,126.9516604,보안등
35.19508585,126.9494013,보안등
35.19522875,126.9516652,보안등
35.19548444,126.9532105,보안등
35.194803,126.9528775,보안등
35.19548444,126.9532105,보안등
35.19338854,126.9526142,보안등
35.19543,126.9532969,보안등
35.19338854,126.9526142,보안등
35.19338854,126.9526142,보안등
35.19548444,126.9532105,보안등
35.196169,126.9532195,보안등
35.19644125,126.9525979,보안등
35.19620155,126.9525199,보안등
35.19594324,126.9532797,보안등
35.195911,126.95196,보안등
35.195356,126.951044,보안등
35.19508585,126.9494013,보안등
35.19508585,126.9494013,보안등
35.1950897,126.949827,보안등
35.19500301,126.9494215,보안등
35.194988,126.9513582,보안등
35.19508585,126.9494013,보안등
35.19701493,126.9527066,보안등
35.19338854,126.9526142,보안등
35.20113815,126.9602066,보안등
35.19771918,126.9584771,보안등
35.19799162,126.9573286,보안등
35.19645763,126.9558534,보안등
35.19645763,126.9558534,보안등
35.19645763,126.9558534,보안등
35.19645763,126.9558534,보안등
35.199627,126.951911,보안등
35.19975688,126.9510594,보안등
35.21682218,126.9477853,보안등
35.201481,126.953765,보안등
35.201443,126.9533405,보안등
35.201862,126.9538856,보안등
35.202232,126.954052,보안등
35.20207909,126.953691,보안등
35.20281169,126.9548636,보안등
35.20281169,126.9548636,보안등
35.20297323,126.953795,보안등
35.20293579,126.9535757,보안등
35.20321222,126.9532312,보안등
35.20311759,126.952786,보안등
35.20393158,126.9528282,보안등
35.20413235,126.9504503,보안등
35.20393158,126.952876,보안등
35.19229665,126.9535285,보안등
35.20435,126.951938,보안등
35.20479699,126.9517304,보안등
35.204619,126.951814,보안등
35.20508626,126.952192,보안등
35.2048418,126.9524539,보안등
35.20430532,126.9531604,보안등
35.204866,126.953228,보안등
35.20528147,126.951747,보안등
35.205744,126.9511089,보안등
35.2056574,126.9530457,보안등
35.2066494,126.944267,보안등
35.20747859,126.9507605,보안등
35.206448,126.9504494,보안등
35.20735369,126.950065,보안등
35.207472,126.949153,보안등
35.20632383,126.9494891,보안등
35.2061164,126.9493677,보안등
35.20819676,126.9499688,보안등
35.20790932,126.9485559,보안등
35.2085493,126.9478551,보안등
35.20983895,126.9475411,보안등
35.2096,126.946193,보안등
35.21015028,126.9453119,보안등
35.21091605,126.9485762,보안등
35.211286,126.9489369,보안등
35.2105658,126.949601,보안등
35.2099996,126.9498851,보안등
35.21013102,126.949453,보안등
35.21042994,126.9487165,보안등
35.2103182,126.950199,보안등
35.21043785,126.950366,보안등
35.210857,126.9506939,보안등
35.210117,126.950667,보안등
35.210096,126.951337,보안등
35.21006932,126.9513904,보안등
35.20744511,126.9520883,보안등
35.20744511,126.9520883,보안등
35.20964178,126.951375,보안등
35.20890864,126.9521945,보안등
35.20744511,126.9520883,보안등
35.20897638,126.9502321,보안등
35.2073207,126.9505771,보안등
35.213186,126.9483545,보안등
35.21222281,126.949218,보안등
35.212935,126.9492653,보안등
35.213331,126.9492809,보안등
35.2135313,126.949604,보안등
35.213592,126.9490942,보안등
35.213772,126.9492523,보안등
35.213997,126.9493054,보안등
35.20614563,126.9446461,보안등
35.21682218,126.9477852,보안등
35.21682218,126.9477852,보안등
35.2170399,126.9478716,보안등
35.2172385,126.9479197,보안등
35.2063893,126.9486162,보안등
35.20125564,126.953557,보안등
35.20125564,126.953501,보안등
35.19745388,126.953679,보안등
35.19755173,126.9534881,보안등
35.19755992,126.9533155,보안등
35.19755992,126.9533155,보안등
35.19755992,126.9533155,보안등
35.1936266,126.9540753,보안등
35.1928745,126.9541819,보안등
35.192281,126.9542948,보안등
35.19098365,126.9554965,보안등
35.19098365,126.9554965,보안등
35.1908953,126.9538917,보안등
35.19098365,126.9554965,보안등
35.20125564,126.953562,보안등
35.2041857,126.9528394,보안등
35.19447,126.953944,보안등
35.19683475,126.9538268,보안등
35.19338854,126.9526142,보안등
35.19636826,126.9512951,보안등
35.19989528,126.9523605,보안등
35.20255675,126.9592264,보안등
35.20438092,126.958513,보안등
35.19660325,126.9517607,보안등
35.20731235,126.9505771,보안등
35.20521849,126.9577925,보안등
35.20474722,126.9530583,보안등
35.20547183,126.9587885,보안등
35.20780818,126.9504151,보안등
35.20575281,126.950025,보안등
35.21170685,126.9484584,보안등
35.2117885,126.9484584,보안등
35.19918359,126.9534606,보안등
35.19755173,126.9534881,보안등
35.19695199,126.9534108,보안등
35.19161394,126.9545485,보안등
35.1899177,126.956113,보안등
35.18870703,126.9570109,보안등
35.1974202,126.9520126,보안등
35.19508585,126.9494013,보안등
35.21091555,126.9494758,보안등
35.1992371,126.9602132,보안등
35.21454733,126.9500666,보안등
35.20744511,126.9520883,보안등
35.20744511,126.9520883,보안등
35.19695199,126.9534527,보안등
35.19736797,126.9527387,보안등
35.1968407,126.9529806,보안등
35.18989691,126.955556,보안등
35.19338854,126.9526142,보안등
35.19338854,126.9526142,보안등
35.18870876,126.9567161,보안등
35.20297323,126.953795,보안등
35.19548444,126.9532105,보안등
35.1953179,126.951449,보안등
35.1956297,126.951317,보안등
35.1967269,126.9596043,보안등
35.21106356,126.948828,보안등
35.21106356,126.948828,보안등
35.21171874,126.94803,보안등
35.21091605,126.9485762,보안등
35.2102586,126.947852,보안등
35.2133904,126.9492809,보안등
35.187811,126.8981627,보안등
35.18837542,126.8978929,보안등
35.187915,126.8975405,보안등
35.188029,126.8972194,보안등
35.18794858,126.897083,보안등
35.18880754,126.8946496,보안등
35.18952154,126.8949883,보안등
35.18996154,126.8949551,보안등
35.189982,126.8949551,보안등
35.1903859,126.8949933,보안등
35.190369,126.8949933,보안등
35.190585,126.895007,보안등
35.19047429,126.8948496,보안등
35.19047429,126.8948145,보안등
35.19073668,126.8946086,보안등
35.191031,126.8943791,보안등
35.19061601,126.8937071,보안등
35.19061601,126.8937071,보안등
35.1915741,126.8940656,보안등
35.19140176,126.8935447,보안등
35.191211,126.893243,보안등
35.19152206,126.8928971,보안등
35.19152206,126.8928971,보안등
35.19152206,126.8928971,보안등
35.192403,126.8927908,보안등
35.1920201,126.892843,보안등
35.192184,126.8933638,보안등
35.19196,126.893506,보안등
35.191647,126.8936895,보안등
35.19196549,126.893604,보안등
35.191969,126.89456,보안등
35.19217061,126.8948,보안등
35.1921047,126.894808,보안등
35.19217214,126.8944615,보안등
35.19229612,126.894129,보안등
35.19231034,126.893909,보안등
35.19246528,126.8938727,보안등
35.19246528,126.8938727,보안등
35.192619,126.89344,보안등
35.19290547,126.8937273,보안등
35.1935391,126.8939976,보안등
35.1935391,126.8939426,보안등
35.1936767,126.8945855,보안등
35.194047,126.895059,보안등
35.1942117,126.8950365,보안등
35.1932555,126.8943595,보안등
35.1926324,126.894397,보안등
35.19289467,126.8941566,보안등
35.19325167,126.8939263,보안등
35.192465,126.894575,보안등
35.19262157,126.8941764,보안등
35.191894,126.8954133,보안등
35.191745,126.89464,보안등
35.19148234,126.8947963,보안등
35.1909513,126.8948701,보안등
35.19126253,126.895044,보안등
35.19136319,126.8954436,보안등
35.191131,126.895581,보안등
35.19371332,126.8915608,보안등
35.19408089,126.8916923,보안등
35.19162646,126.8923111,보안등
35.19162646,126.8923111,보안등
35.19162646,126.8923111,보안등
35.19162646,126.8923111,보안등
35.19162646,126.8923111,보안등
35.19315189,126.8943389,보안등
35.19084379,126.8945813,보안등
35.18812797,126.890592,보안등
35.19345214,126.8940793,보안등
35.18866686,126.890577,보안등
35.189618,126.8885066,보안등
35.18994065,126.8891447,보안등
35.18989182,126.889637,보안등
35.1905877,126.889207,보안등
35.19033262,126.889575,보안등
35.19050562,126.8890735,보안등
35.19041314,126.888421,보안등
35.19345214,126.8940793,보안등
35.1915231,126.895017,보안등
35.19359488,126.8917806,보안등
35.18838538,126.8910497,보안등
35.18817033,126.891096,보안등
35.18896149,126.8902578,보안등
35.18879346,126.89097,보안등
35.18872588,126.891485,보안등
35.18876207,126.8917337,보안등
35.18822861,126.8920949,보안등
35.18837635,126.8916615,보안등
35.18843006,126.8921935,보안등
35.19314746,126.8920413,보안등
35.18999796,126.8906769,보안등
35.189691,126.8917323,보안등
35.18999796,126.8906769,보안등
35.18999796,126.8906769,보안등
35.18999796,126.8906769,보안등
35.18995682,126.891337,보안등
35.18999796,126.8906769,보안등
35.19033923,126.8921098,보안등
35.18999796,126.8906769,보안등
35.1905753,126.8923099,보안등
35.18888654,126.8938282,보안등
35.18888654,126.8938282,보안등
35.18888654,126.8938282,보안등
35.18879413,126.893053,보안등
35.189233,126.8927615,보안등
35.18962843,126.89274,보안등
35.18975488,126.8927094,보안등
35.18871788,126.8941553,보안등
35.18871788,126.8941553,보안등
35.18944334,126.8894125,보안등
35.18888744,126.8923334,보안등
35.18959122,126.8889852,보안등
35.18888038,126.892221,보안등
35.18871788,126.8941553,보안등
35.18816465,126.892428,보안등
35.18791704,126.8924378,보안등
35.19267492,126.89344,보안등
35.1894425,126.8888136,보안등
35.19017855,126.888756,보안등
35.186781,126.892016,보안등
35.18670327,126.892016,보안등
35.18920117,126.8946519,보안등
35.191633,126.8954517,보안등
35.18512963,126.8874674,보안등
35.18512963,126.8874674,보안등
35.19162646,126.8923111,보안등
35.19179539,126.8913201,보안등
35.18825057,126.8947235,보안등
35.1884255,126.8925203,보안등
35.19079874,126.8930157,보안등
35.1905753,126.8923099,보안등
35.19011015,126.8898479,보안등
35.192477,126.894237,보안등
35.19011015,126.8898479,보안등
35.19287023,126.8920541,보안등
35.1901783,126.8915048,보안등
35.1901893,126.8909953,보안등
35.1944783,126.895271,보안등
35.19401434,126.894959,보안등
35.19026171,126.8987513,보안등
35.1878252,126.8947478,보안등
35.1876657,126.89503,보안등
35.18777452,126.8957122,보안등
35.18801271,126.8960689,보안등
35.18777452,126.8957122,보안등
35.18777452,126.8957122,보안등
35.1905348,126.892998,보안등
35.17061233,126.9354844,보안등
35.1810154,126.9283091,보안등
35.190317,126.9272631,보안등
35.18969571,126.9282673,보안등
35.1894212,126.9283356,보안등
35.1892223,126.9283043,보안등
35.1889344,126.9281473,보안등
35.18878569,126.9281047,보안등
35.188797,126.9276908,보안등
35.18884617,126.9279247,보안등
35.189296,126.9281189,보안등
35.18960432,126.928115,보안등
35.189782,126.9281206,보안등
35.189464,126.9278811,보안등
35.189192,126.9276512,보안등
35.189047,126.9275854,보안등
35.18887596,126.9274194,보안등
35.18932685,126.927022,보안등
35.18693195,126.9267919,보안등
35.18693195,126.9267919,보안등
35.189959,126.9274786,보안등
35.18998187,126.9270294,보안등
35.18987717,126.926959,보안등
35.189546,126.9267161,보안등
35.18948103,126.9266675,보안등
35.18897469,126.9262783,보안등
35.1889138,126.9264997,보안등
35.1887827,126.9268669,보안등
35.18856558,126.9271212,보안등
35.18837514,126.9275112,보안등
35.18826125,126.9277593,보안등
35.18817749,126.9278538,보안등
35.18773376,126.9278646,보안등
35.1875984,126.927702,보안등
35.18776596,126.927442,보안등
35.18820245,126.927538,보안등
35.18830453,126.9273062,보안등
35.18842851,126.9270932,보안등
35.1880267,126.926486,보안등
35.18770137,126.9269203,보안등
35.18756164,126.9271776,보안등
35.18693195,126.9267919,보안등
35.187004,126.9272384,보안등
35.18703954,126.9277168,보안등
35.18693195,126.9267919,보안등
35.18676818,126.9274885,보안등
35.18667402,126.9266362,보안등
35.1862422,126.9260772,보안등
35.18615049,126.9260324,보안등
35.18560393,126.9257557,보안등
35.186354,126.9253489,보안등
35.18654193,126.9258347,보안등
35.18685019,126.9262728,보안등
35.1867617,126.926042,보안등
35.187105,126.9260899,보안등
35.18662253,126.9257084,보안등
35.18662253,126.9257084,보안등
35.186599,126.924849,보안등
35.186776,126.924517,보안등
35.187541,126.926329,보안등
35.187462,126.9265008,보안등
35.1873701,126.9268354,보안등
35.18714699,126.9271207,보안등
35.18792217,126.9264107,보안등
35.18768537,126.9260921,보안등
35.18774822,126.925957,보안등
35.1879793,126.9259986,보안등
35.18693195,126.9267919,보안등
35.1884077,126.9263026,보안등
35.188668,126.926624,보안등
35.18883708,126.926149,보안등
35.18836248,126.9258141,보안등
35.188139,126.925696,보안등
35.18693195,126.9267919,보안등
35.18995996,126.927773,보안등
35.19069404,126.9225471,보안등
35.19074532,126.922168,보안등
35.190801,126.921927,보안등
35.19043428,126.9218672,보안등
35.18918373,126.9227865,보안등
35.18918153,126.9204601,보안등
35.18918153,126.9204601,보안등
35.18918153,126.9204601,보안등
35.18862541,126.920697,보안등
35.18937893,126.920682,보안등
35.18944153,126.9215793,보안등
35.18918373,126.9227865,보안등
35.189848,126.9210764,보안등
35.190066,126.9212588,보안등
35.18918373,126.9227865,보안등
35.18974521,126.921874,보안등
35.190016,126.9220423,보안등
35.18918373,126.9227865,보안등
35.18918373,126.9227865,보안등
35.18918373,126.9227865,보안등
35.190429,126.9227618,보안등
35.190211,126.9226012,보안등
35.18989397,126.922333,보안등
35.189725,126.922622,보안등
35.18918373,126.922779,보안등
35.18918373,126.9227865,보안등
35.18918373,126.9227865,보안등
35.189544,126.9226033,보안등
35.18918373,126.9227865,보안등
35.18944153,126.9215793,보안등
35.1894144,126.9215793,보안등
35.18918373,126.9227865,보안등
35.18918373,126.9227865,보안등
35.18918373,126.9227865,보안등
35.18844392,126.9217371,보안등
35.18918373,126.9227865,보안등
35.18944153,126.9215793,보안등
35.18918373,126.9227865,보안등
35.187874,126.9200933,보안등
35.18918373,126.9227865,보안등
35.18918373,126.9227865,보안등
35.18918373,126.9227865,보안등
35.18918373,126.9227865,보안등
35.18918373,126.9227865,보안등
35.187569,126.9182677,보안등
35.187575,126.9179798,보안등
35.187581,126.917699,보안등
35.18740252,126.917845,보안등
35.1874001,126.9181207,보안등
35.18918373,126.9227865,보안등
35.187314,126.9189782,보안등
35.18731022,126.9192982,보안등
35.18918373,126.9227865,보안등
35.18918373,126.9227865,보안등
35.18918373,126.9227865,보안등
35.18918373,126.9227865,보안등
35.1869591,126.920396,보안등
35.187102,126.9204764,보안등
35.18918373,126.9227865,보안등
35.187361,126.9204258,보안등
35.18918373,126.9227865,보안등
35.18918373,126.9227865,보안등
35.188069,126.9209822,보안등
35.18918373,126.9227865,보안등
35.18918373,126.9227865,보안등
35.18918373,126.9227865,보안등
35.18918373,126.9227865,보안등
35.18918373,126.9227865,보안등
35.19042453,126.921288,보안등
35.18918373,126.9227865,보안등
35.18918373,126.9227865,보안등
35.18741203,126.920061,보안등
35.18918373,126.9227865,보안등
35.18918373,126.9227865,보안등
35.18918373,126.9227865,보안등
35.18918373,126.9227865,보안등
35.18918373,126.9227865,보안등
35.18918373,126.9227865,보안등
35.18918373,126.9227865,보안등
35.18918373,126.9227865,보안등
35.18978044,126.9281206,보안등
35.1904871,126.9235733,보안등
35.1833296,126.9259028,보안등
35.18924475,126.926477,보안등
35.1866782,126.9204113,보안등
35.19554029,126.9353456,보안등
35.18773376,126.9278646,보안등
35.18693195,126.9267919,보안등
35.1886283,126.9259902,보안등
35.18693195,126.9267919,보안등
35.18785138,126.925767,보안등
35.18942325,126.9270994,보안등
35.18693195,126.9267919,보안등
35.179075,126.916022,보안등
35.17743241,126.9168709,보안등
35.178797,126.916168,보안등
35.17865683,126.916499,보안등
35.18083347,126.9187479,보안등
35.18083347,126.9187479,보안등
35.178994,126.917066,보안등
35.1788923,126.9167986,보안등
35.18083347,126.9187479,보안등
35.17743241,126.9168709,보안등
35.17881648,126.91744,보안등
35.178638,126.917576,보안등
35.17827571,126.9177652,보안등
35.178496,126.916831,보안등
35.17743241,126.916833,보안등
35.17833661,126.9165382,보안등
35.17810337,126.9169013,보안등
35.17785938,126.9167246,보안등
35.17743241,126.9168709,보안등
35.177633,126.9169526,보안등
35.177557,126.9176534,보안등
35.17743241,126.9168709,보안등
35.1772317,126.9174051,보안등
35.17721509,126.9169517,보안등
35.17743241,126.9168709,보안등
35.17815495,126.9171366,보안등
35.17743241,126.9168709,보안등
35.178153,126.9178345,보안등
35.1771493,126.916505,보안등
35.176983,126.9170381,보안등
35.176877,126.917138,보안등
35.17743241,126.9168709,보안등
35.17649944,126.9170299,보안등
35.176471,126.917154,보안등
35.176583,126.9166645,보안등
35.17600803,126.916917,보안등
35.17743241,126.9168709,보안등
35.17641933,126.9162709,보안등
35.17871138,126.9158721,보안등
35.17743241,126.9168709,보안등
35.17601,126.9159387,보안등
35.17743241,126.9168709,보안등
35.17601679,126.917468,보안등
35.17598158,126.9177816,보안등
35.17669078,126.9158326,보안등
35.176589,126.916208,보안등
35.17743241,126.9168709,보안등
35.17713332,126.9157771,보안등
35.1771195,126.9161019,보안등
35.177141,126.916505,보안등
35.17743241,126.9168709,보안등
35.17764424,126.9162241,보안등
35.177618,126.9163557,보안등
35.1780122,126.9157134,보안등
35.17812204,126.916321,보안등
35.17850203,126.9156082,보안등
35.17831909,126.9162307,보안등
35.1864712,126.917385,보안등
35.18644748,126.9177458,보안등
35.18644044,126.9182677,보안등
35.18642147,126.9186062,보안등
35.186227,126.918604,보안등
35.18561007,126.9216152,보안등
35.1796143,126.9276324,보안등
35.17937355,126.9271943,보안등
35.18556691,126.91903,보안등
35.1859214,126.9190161,보안등
35.18642157,126.9188908,보안등
35.18561007,126.9216152,보안등
35.18561007,126.9216152,보안등
35.17626212,126.9177772,보안등
35.17743241,126.9168709,보안등
35.18021422,126.9218388,보안등
35.18205631,126.9159924,보안등
35.1765613,126.9158798,보안등
35.18645108,126.9184766,보안등
35.1787148,126.9173193,보안등
35.18561007,126.9216152,보안등
35.1763497,126.915824,보안등
35.17743241,126.9168709,보안등
35.18223926,126.9268854,보안등
35.181966,126.9276214,보안등
35.18262566,126.9167194,보안등
35.18262566,126.9167194,보안등
35.18262566,126.9167194,보안등
35.18262566,126.9167194,보안등
35.18262566,126.9167194,보안등
35.18213574,126.9191626,보안등
35.17881916,126.9245977,보안등
35.17908531,126.9249917,보안등
35.17968771,126.9238221,보안등
35.17968771,126.9238221,보안등
35.17968771,126.9238221,보안등
35.1792775,126.923615,보안등
35.17968771,126.9238221,보안등
35.1796015,126.9238221,보안등
35.179728,126.9226102,보안등
35.18002263,126.9227067,보안등
35.18030051,126.9228334,보안등
35.1805704,126.922932,보안등
35.1803139,126.9230155,보안등
35.180138,126.923167,보안등
35.18006313,126.92332,보안등
35.17994541,126.923771,보안등
35.17986881,126.9240494,보안등
35.17995387,126.9245796,보안등
35.179493,126.9244477,보안등
35.179553,126.9240577,보안등
35.179623,126.9238239,보안등
35.179754,126.9232595,보안등
35.17998693,126.9231177,보안등
35.17949232,126.924911,보안등
35.179533,126.9251382,보안등
35.17907772,126.925146,보안등
35.17933675,126.925264,보안등
35.179627,126.9253126,보안등
35.17989122,126.9254374,보안등
35.179989,126.925561,보안등
35.179866,126.925903,보안등
35.17936188,126.925922,보안등
35.17940174,126.9261052,보안등
35.179613,126.9259047,보안등
35.178972,126.924729,보안등
35.1797634,126.9265424,보안등
35.179935,126.9267926,보안등
35.17974594,126.9266809,보안등
35.17962199,126.9270768,보안등
35.17989375,126.9273805,보안등
35.1801398,126.927152,보안등
35.180261,126.92677,보안등
35.180469,126.9269111,보안등
35.180632,126.9269115,보안등
35.18033555,126.9266644,보안등
35.18068669,126.9266648,보안등
35.18041188,126.925953,보안등
35.18110971,126.925218,보안등
35.1806825,126.9253998,보안등
35.18056325,126.9253671,보안등
35.180546,126.9272836,보안등
35.18038575,126.927444,보안등
35.180379,126.9277872,보안등
35.1807859,126.9279701,보안등
35.181243,126.92773,보안등
35.181024,126.9274486,보안등
35.18033555,126.9266644,보안등
35.18141876,126.923727,보안등
35.18192212,126.9279705,보안등
35.1817634,126.9279276,보안등
35.1819199,126.9270631,보안등
35.18099673,126.926728,보안등
35.18245478,126.926628,보안등
35.18256311,126.9269314,보안등
35.18240243,126.9271328,보안등
35.182671,126.9290386,보안등
35.182393,126.9284098,보안등
35.18287087,126.9283445,보안등
35.1826236,126.928602,보안등
35.1830934,126.9270632,보안등
35.1832252,126.9272874,보안등
35.1833123,126.9275779,보안등
35.182648,126.926503,보안등
35.18056325,126.9253671,보안등
35.18288622,126.928699,보안등
35.18193264,126.9276214,보안등
35.18051292,126.9230527,보안등
35.18038017,126.9235056,보안등
35.1803139,126.9237556,보안등
35.180219,126.923885,보안등
35.18016894,126.924304,보안등
35.17968771,126.9238221,보안등
35.17968771,126.9238221,보안등
35.17898184,126.925457,보안등
35.178804,126.924106,보안등
35.18251928,126.9288528,보안등
35.180249,126.9252546,보안등
35.1800601,126.9253492,보안등
35.17986943,126.9250766,보안등
35.1811782,126.925218,보안등
35.18814836,126.9327872,보안등
35.18892552,126.9333331,보안등
35.17968771,126.9238221,보안등
35.18056325,126.9253821,보안등
35.17938207,126.922449,보안등
35.18300362,126.928014,보안등
35.18019161,126.927097,보안등
35.18033555,126.9266644,보안등
35.21654155,126.8829832,보안등
35.2165404,126.883433,보안등
35.2160749,126.883658,보안등
35.21610301,126.8836933,보안등
35.21667183,126.8843355,보안등
35.216314,126.8843289,보안등
35.21654386,126.884644,보안등
35.21660532,126.8834984,보안등
35.2170271,126.883501,보안등
35.21680119,126.8831328,보안등
35.21671716,126.8830102,보안등
35.21693307,126.8851701,보안등
35.217263,126.8826538,보안등
35.217448,126.8833385,보안등
35.21750341,126.882979,보안등
35.2184067,126.8803128,보안등
35.22480751,126.8828363,보안등
35.21764115,126.882713,보안등
35.21770256,126.8822165,보안등
35.2175768,126.8817152,보안등
35.21767689,126.8815884,보안등
35.2174782,126.8819068,보안등
35.21826909,126.881148,보안등
35.22480751,126.8828024,보안등
35.21821541,126.8803676,보안등
35.218395,126.8801844,보안등
35.2189086,126.8796548,보안등
35.21854545,126.8796907,보안등
35.21894739,126.8792706,보안등
35.2189438,126.8792706,보안등
35.21965248,126.8795043,보안등
35.22002747,126.8799857,보안등
35.22011339,126.8805488,보안등
35.22030881,126.880159,보안등
35.22030881,126.8801972,보안등
35.2208557,126.8815142,보안등
35.22086316,126.8812196,보안등
35.2218775,126.8809964,보안등
35.22255517,126.8817715,보안등
35.22293849,126.8816481,보안등
35.222947,126.8816481,보안등
35.22349487,126.8818176,보안등
35.22735999,126.884823,보안등
35.22765777,126.8847197,보안등
35.2268366,126.8850939,보안등
35.22716697,126.8859685,보안등
35.22689163,126.886457,보안등
35.22660815,126.8868294,보안등
35.2282481,126.884802,보안등
35.2160606,126.8832279,보안등
35.21674345,126.8843884,보안등
35.21329758,126.8814846,보안등
35.21171521,126.8836043,보안등
35.21171521,126.8836043,보안등
35.21309792,126.8848307,보안등
35.21365421,126.8835933,보안등
35.21309792,126.8848307,보안등
35.21309792,126.8848307,보안등
35.21309792,126.8848307,보안등
35.21309792,126.8848307,보안등
35.21309792,126.8848307,보안등
35.21309792,126.8848307,보안등
35.21309792,126.8848307,보안등
35.21309792,126.8848307,보안등
35.21309792,126.8848307,보안등
35.21309792,126.8848307,보안등
35.21309792,126.8848307,보안등
35.2260026,126.882915,보안등
35.21649727,126.8784754,보안등
35.2167689,126.8790803,보안등
35.2167647,126.8790803,보안등
35.1568686,126.9062817,보안등
35.15701571,126.9078167,보안등
35.1568088,126.9082548,보안등
35.1565,126.90798,보안등
35.1561429,126.9077337,보안등
35.1559618,126.9072845,보안등
35.155814,126.9072957,보안등
35.155905,126.907515,보안등
35.1557297,126.9075473,보안등
35.15613139,126.9077319,보안등
35.15604687,126.9078796,보안등
35.15630599,126.908039,보안등
35.155928,126.9079789,보안등
35.1557674,126.9078096,보안등
35.15572583,126.9079132,보안등
35.156064,126.908194,보안등
35.15638295,126.908476,보안등
35.156374,126.9084343,보안등
35.156689,126.9084229,보안등
35.156565,126.908703,보안등
35.156449,126.9089798,보안등
35.156667,126.9088854,보안등
35.1562278,126.908667,보안등
35.15537633,126.9103032,보안등
35.15598801,126.9090876,보안등
35.1562954,126.9095684,보안등
35.155837,126.9091399,보안등
35.1558951,126.909225,보안등
35.1558219,126.9092988,보안등
35.1556435,126.9095353,보안등
35.15578235,126.9100873,보안등
35.1569613,126.9104931,보안등
35.15623497,126.9096627,보안등
35.15636342,126.9097796,보안등
35.156019,126.9102858,보안등
35.15603903,126.9102858,보안등
35.15592861,126.9104077,보안등
35.15726227,126.9112576,보안등
35.1560675,126.9104518,보안등
35.1559245,126.9106382,보안등
35.15538612,126.9097229,보안등
35.155311,126.90962,보안등
35.1552317,126.9097783,보안등
35.15520593,126.9099775,보안등
35.15509591,126.9096387,보안등
35.155002,126.9096387,보안등
35.155876,126.90842,보안등
35.15582798,126.90842,보안등
35.15554168,126.9087535,보안등
35.1552441,126.9089704,보안등
35.15569121,126.909099,보안등
35.15522729,126.909184,보안등
35.15468928,126.9094918,보안등
35.1545703,126.9098931,보안등
35.1542535,126.909645,보안등
35.15538628,126.9099457,보안등
35.15566083,126.9103018,보안등
35.15566083,126.91034,보안등
35.155717,126.9105436,보안등
35.15502675,126.9102173,보안등
35.15532689,126.9105747,보안등
35.1554025,126.9106637,보안등
35.155085,126.9104479,보안등
35.15519152,126.9108234,보안등
35.1548156,126.9103848,보안등
35.15486674,126.9106803,보안등
35.15507291,126.9110955,보안등
35.15539591,126.9111613,보안등
35.15566219,126.911691,보안등
35.15743153,126.9119952,보안등
35.157397,126.9121184,보안등
35.157319,126.91239,보안등
35.157092,126.9123582,보안등
35.157124,126.9126572,보안등
35.1569411,126.9124907,보안등
35.15656994,126.911688,보안등
35.156508,126.911426,보안등
35.15686128,126.9110643,보안등
35.15711815,126.9115214,보안등
35.157471,126.911313,보안등
35.157752,126.911376,보안등
35.15726769,126.91112,보안등
35.15736638,126.9111489,보안등
35.15742275,126.910593,보안등
35.157248,126.9103921,보안등
35.1575708,126.9102773,보안등
35.1558473,126.9081918,보안등
35.15770606,126.9106069,보안등
35.1578457,126.9104144,보안등
35.157497,126.9101741,보안등
35.1572239,126.9096485,보안등
35.157018,126.9090757,보안등
35.1570964,126.9090757,보안등
35.15774,126.9079828,보안등
35.157585,126.9078504,보안등
35.15763126,126.908317,보안등
35.1574069,126.90878,보안등
35.15715373,126.909046,보안등
35.15725,126.908819,보안등
35.157238,126.9093885,보안등
35.15708723,126.9100565,보안등
35.15708723,126.9100565,보안등
35.156932,126.910399,보안등
35.156763,126.910676,보안등
35.156629,126.910853,보안등
35.156442,126.911141,보안등
35.157051,126.9078438,보안등
35.1552417,126.9108904,보안등
35.1568747,126.9095475,보안등
35.1570253,126.910799,보안등
35.157379,126.9094522,보안등
35.1576245,126.9084557,보안등
35.15588072,126.9078508,보안등
35.1563411,126.9112199,보안등
35.1548152,126.9090613,보안등
35.1568613,126.9123699,보안등
35.15691488,126.9104931,보안등
35.15772212,126.910166,보안등
35.15743036,126.909092,보안등
35.15731478,126.9092722,보안등
35.15684454,126.9123699,보안등
35.20099093,126.9066276,보안등
35.20118449,126.9066286,보안등
35.20148818,126.906414,보안등
35.201577,126.9064773,보안등
35.20076435,126.9064817,보안등
35.20169468,126.906726,보안등
35.20109898,126.9063216,보안등
35.20109898,126.9063216,보안등
35.20074,126.906693,보안등
35.20072004,126.906693,보안등
35.199827,126.906171,보안등
35.199865,126.906467,보안등
35.19991676,126.9070124,보안등
35.200356,126.9068242,보안등
35.200095,126.9071205,보안등
35.20026804,126.907188,보안등
35.20053557,126.9070557,보안등
35.20059109,126.9075157,보안등
35.19954279,126.907136,보안등
35.199157,126.9070131,보안등
35.19880889,126.907182,보안등
35.19922377,126.907487,보안등
35.19885826,126.9068409,보안등
35.199705,126.9059387,보안등
35.19974016,126.9052916,보안등
35.19973746,126.9059387,보안등
35.19495921,126.9037989,보안등
35.19886049,126.9048464,보안등
35.19893607,126.9054737,보안등
35.19495921,126.9037602,보안등
35.19860238,126.903977,보안등
35.198557,126.903947,보안등
35.19779791,126.9063522,보안등
35.19855767,126.9029571,보안등
35.19788887,126.9029591,보안등
35.19901561,126.903133,보안등
35.19913984,126.902862,보안등
35.199097,126.903133,보안등
35.1992459,126.9027855,보안등
35.19947307,126.902769,보안등
35.199777,126.9026447,보안등
35.2001192,126.902732,보안등
35.20008961,126.902553,보안등
35.19987533,126.9021377,보안등
35.19958863,126.901794,보안등
35.19938214,126.902168,보안등
35.199257,126.9021775,보안등
35.19971432,126.9024395,보안등
35.19949158,126.9025206,보안등
35.19923404,126.9026117,보안등
35.198974,126.9027036,보안등
35.198953,126.902306,보안등
35.19886431,126.9018318,보안등
35.19855767,126.9029571,보안등
35.1985857,126.9026081,보안등
35.19849265,126.9023524,보안등
35.19849811,126.9020813,보안등
35.19849811,126.9020813,보안등
35.19853973,126.9010959,보안등
35.19847848,126.9013305,보안등
35.19852477,126.9010959,보안등
35.19867117,126.9007487,보안등
35.19852477,126.9010959,보안등
35.19862078,126.9003042,보안등
35.1987298,126.900352,보안등
35.198958,126.900611,보안등
35.19884156,126.9009015,보안등
35.19927316,126.9011696,보안등
35.198908,126.9013227,보안등
35.1988233,126.901059,보안등
35.19826875,126.9005712,보안등
35.19802761,126.9009816,보안등
35.19802761,126.9009816,보안등
35.198024,126.9009816,보안등
35.19802761,126.9009816,보안등
35.19775063,126.9013216,보안등
35.20005533,126.8993941,보안등
35.196933,126.900991,보안등
35.19722083,126.9012229,보안등
35.1974745,126.901746,보안등
35.19727672,126.9016378,보안등
35.19758058,126.901851,보안등
35.19758058,126.9018769,보안등
35.197386,126.9025719,보안등
35.19705857,126.9028899,보안등
35.1969608,126.9028917,보안등
35.19748847,126.9021483,보안등
35.19781893,126.9032994,보안등
35.19781893,126.9032994,보안등
35.19786086,126.9026445,보안등
35.197971,126.9026406,보안등
35.19826288,126.902556,보안등
35.19812152,126.9022969,보안등
35.19631725,126.9004971,보안등
35.19621318,126.9025247,보안등
35.196272,126.9029515,보안등
35.19582854,126.9031652,보안등
35.195806,126.9022648,보안등
35.195878,126.902084,보안등
35.195806,126.9022648,보안등
35.195806,126.9022648,보안등
35.195806,126.9022648,보안등
35.19527546,126.9012583,보안등
35.19514331,126.9006225,보안등
35.195806,126.9022648,보안등
35.196159,126.903303,보안등
35.19624707,126.9033668,보안등
35.196411,126.9031095,보안등
35.19450253,126.9033882,보안등
35.193868,126.902144,보안등
35.19474514,126.9035817,보안등
35.19420729,126.901965,보안등
35.19380891,126.901682,보안등
35.1947201,126.9018084,보안등
35.19361281,126.9013508,보안등
35.1941591,126.8989408,보안등
35.19413261,126.9007887,보안등
35.1944555,126.9011016,보안등
35.19361281,126.9013508,보안등
35.19361281,126.9013508,보안등
35.1933149,126.900452,보안등
35.1952298,126.8964104,보안등
35.19423856,126.8985264,보안등
35.1949071,126.89854,보안등
35.1949261,126.8980528,보안등
35.19458025,126.8970383,보안등
35.19458025,126.8970383,보안등
35.19458025,126.8970383,보안등
35.1952298,126.896431,보안등
35.19555464,126.8995356,보안등
35.195457,126.8962078,보안등
35.19546348,126.8962078,보안등
35.19546348,126.8962078,보안등
35.19546348,126.8962078,보안등
35.19546348,126.8962078,보안등
35.1961273,126.8980255,보안등
35.19581983,126.8978241,보안등
35.19604609,126.898179,보안등
35.19507869,126.8968201,보안등
35.1958654,126.8989865,보안등
35.19579659,126.8990551,보안등
35.19555464,126.8995356,보안등
35.1961249,126.8984997,보안등
35.19614672,126.899189,보안등
35.19643376,126.898939,보안등
35.19629958,126.8984274,보안등
35.19695959,126.8994475,보안등
35.19926475,126.8994863,보안등
35.19926475,126.8994863,보안등
35.19926475,126.8994863,보안등
35.19926475,126.8994863,보안등
35.19926475,126.8994863,보안등
35.20005533,126.8993857,보안등
35.20034,126.8992677,보안등
35.20071382,126.8991156,보안등
35.20085737,126.899009,보안등
35.200823,126.8986587,보안등
35.20062915,126.898537,보안등
35.200579,126.898726,보안등
35.2003709,126.898818,보안등
35.20013374,126.898909,보안등
35.200001,126.8983247,보안등
35.20018297,126.8985255,보안등
35.20045395,126.8984571,보안등
35.20075644,126.898165,보안등
35.20072838,126.897968,보안등
35.20050302,126.898014,보안등
35.20026447,126.8981259,보안등
35.20000891,126.89812,보안등
35.19993704,126.8975848,보안등
35.20041305,126.8977337,보안등
35.20032072,126.897348,보안등
35.20056252,126.897346,보안등
35.20067688,126.897771,보안등
35.2013374,126.8989281,보안등
35.20175126,126.8986732,보안등
35.20175126,126.8986732,보안등
35.20121631,126.8982426,보안등
35.20121631,126.8982426,보안등
35.20139845,126.8974718,보안등
35.2013254,126.8972107,보안등
35.201459,126.8974324,보안등
35.20169058,126.8973571,보안등
35.201909,126.8971107,보안등
35.20196716,126.8969865,보안등
35.20186647,126.896711,보안등
35.2015359,126.8967195,보안등
35.201294,126.8970654,보안등
35.20121826,126.8968189,보안등
35.20117729,126.8966528,보안등
35.20075287,126.8964809,보안등
35.20119,126.8963972,보안등
35.201578,126.8965347,보안등
35.20178916,126.896361,보안등
35.20175786,126.8962414,보안등
35.2017151,126.8959928,보안등
35.20150236,126.896146,보안등
35.20150236,126.896125,보안등
35.200971,126.8962618,보안등
35.20083527,126.896209,보안등
35.20055097,126.8954326,보안등
35.200686,126.8954341,보안등
35.200938,126.8956647,보안등
35.20109914,126.8953971,보안등
35.20154979,126.8954695,보안등
35.2015567,126.895354,보안등
35.20145851,126.895037,보안등
35.20124005,126.8952232,보안등
35.200818,126.8952525,보안등
35.200529,126.895202,보안등
35.20052092,126.8952826,보안등
35.20052331,126.8950263,보안등
35.20003604,126.8950341,보안등
35.20037777,126.8949606,보안등
35.20003604,126.8950341,보안등
35.20003604,126.8950341,보안등
35.20003604,126.8950341,보안등
35.200715,126.8948411,보안등
35.201003,126.8949154,보안등
35.20137571,126.8947101,보안등
35.20123241,126.8942031,보안등
35.202495,126.8991955,보안등
35.20260446,126.899546,보안등
35.20234186,126.899428,보안등
35.20207937,126.89956,보안등
35.2018365,126.899471,보안등
35.20174362,126.8994548,보안등
35.201577,126.899505,보안등
35.20146232,126.899759,보안등
35.20118767,126.899883,보안등
35.20104828,126.899929,보안등
35.201034,126.8999523,보안등
35.201331,126.8999829,보안등
35.201618,126.9001108,보안등
35.20168242,126.9001108,보안등
35.20201942,126.899926,보안등
35.20244805,126.8998046,보안등
35.20265091,126.8996567,보안등
35.2026,126.8997897,보안등
35.202412,126.8999616,보안등
35.20204081,126.900121,보안등
35.20181269,126.9004652,보안등
35.20173605,126.9002204,보안등
35.20173605,126.9002204,보안등
35.20116442,126.9004469,보안등
35.20027882,126.9015252,보안등
35.20034931,126.901649,보안등
35.20046767,126.901845,보안등
35.20095183,126.9017068,보안등
35.201112,126.901805,보안등
35.20133679,126.9018022,보안등
35.20163348,126.9014366,보안등
35.201831,126.901554,보안등
35.20182784,126.9020165,보안등
35.2016853,126.901868,보안등
35.20137241,126.901961,보안등
35.2011671,126.902066,보안등
35.2010039,126.9023434,보안등
35.20073997,126.902431,보안등
35.200682,126.9022065,보안등
35.20091783,126.901512,보안등
35.20125024,126.901409,보안등
35.2014719,126.9013596,보안등
35.201567,126.9013144,보안등
35.20184603,126.9012192,보안등
35.20217931,126.901012,보안등
35.202073,126.901397,보안등
35.20207688,126.9014663,보안등
35.20213141,126.9019022,보안등
35.202311,126.9018128,보안등
35.202508,126.9017254,보안등
35.20265653,126.9014522,보안등
35.202539,126.901127,보안등
35.20252757,126.9009217,보안등
35.2021733,126.9006678,보안등
35.20229703,126.900679,보안등
35.20257,126.900599,보안등
35.20283415,126.9004088,보안등
35.20268263,126.9007342,보안등
35.20156093,126.9007312,보안등
35.20302324,126.9011652,보안등
35.20291399,126.9016018,보안등
35.19903662,126.9014906,보안등
35.20306365,126.9013377,보안등
35.2047545,126.902059,보안등
35.20494911,126.9023265,보안등
35.20523291,126.9027283,보안등
35.20517059,126.9029042,보안등
35.205108,126.9029042,보안등
35.2053746,126.9026622,보안등
35.2053964,126.9027201,보안등
35.20539974,126.9026622,보안등
35.20586104,126.9034563,보안등
35.205408,126.9034424,보안등
35.20638589,126.9044079,보안등
35.20646635,126.904887,보안등
35.206536,126.90551,보안등
35.20652968,126.905568,보안등
35.20713176,126.906112,보안등
35.20703422,126.9064534,보안등
35.20703422,126.9064534,보안등
35.20703422,126.9064534,보안등
35.2070404,126.9068726,보안등
35.20744453,126.9070918,보안등
35.20717234,126.9074413,보안등
35.20717234,126.9074991,보안등
35.206828,126.907867,보안등
35.206732,126.908275,보안등
35.206546,126.908596,보안등
35.20663,126.9087004,보안등
35.20682155,126.9104416,보안등
35.2067928,126.909445,보안등
35.2067347,126.9102168,보안등
35.2067258,126.9101879,보안등
35.20612292,126.9030842,보안등
35.20607175,126.9027804,보안등
35.20586563,126.9024675,보안등
35.20562841,126.9020392,보안등
35.20562841,126.9020392,보안등
35.19947392,126.9036645,보안등
35.20678765,126.9094437,보안등
35.20630733,126.9044316,보안등
35.20630733,126.9044316,보안등
35.20776978,126.9061758,보안등
35.19971154,126.9072681,보안등
35.199793,126.9048586,보안등
35.1997528,126.9039813,보안등
35.19555464,126.8995356,보안등
35.19757546,126.9007288,보안등
35.1968918,126.9004261,보안등
35.19739526,126.9004753,보안등
35.1994811,126.9065606,보안등
35.19790951,126.9014247,보안등
35.1986096,126.9046951,보안등
35.19529726,126.9038782,보안등
35.19529726,126.9038217,보안등
35.19543094,126.9033693,보안등
35.19543094,126.9033212,보안등
35.2068071,126.910438,보안등
35.194144,126.903107,보안등
35.19361281,126.9013508,보안등
35.19413261,126.9007887,보안등
35.19722824,126.8999259,보안등
35.19253901,126.8982854,보안등
35.20020318,126.8972168,보안등
35.231839,126.9015487,보안등
35.231931,126.9017428,보안등
35.23242126,126.9019629,보안등
35.232154,126.9018735,보안등
35.23233307,126.9013656,보안등
35.23190817,126.9022453,보안등
35.23236336,126.902517,보안등
35.23264094,126.90301,보안등
35.2321534,126.9024398,보안등
35.23224744,126.9035983,보안등
35.231933,126.9039874,보안등
35.23305043,126.9032292,보안등
35.232907,126.903168,보안등
35.23293068,126.902928,보안등
35.23316175,126.9027881,보안등
35.23291705,126.9028118,보안등
35.23316175,126.9027881,보안등
35.23421753,126.9029401,보안등
35.2340743,126.9031601,보안등
35.234303,126.9029644,보안등
35.23444887,126.9028929,보안등
35.2328967,126.9020525,보안등
35.23284329,126.9022104,보안등
35.232734,126.9018302,보안등
35.23263151,126.902524,보안등
35.23261572,126.9022389,보안등
35.231535,126.9018154,보안등
35.23126844,126.902321,보안등
35.231584,126.9012489,보안등
35.2315481,126.901049,보안등
35.2312685,126.9008469,보안등
35.23095319,126.9011343,보안등
35.230783,126.9003001,보안등
35.2303051,126.9003251,보안등
35.2296274,126.8999759,보안등
35.22937828,126.9007223,보안등
35.2293304,126.8997817,보안등
35.2290335,126.8993852,보안등
35.22602447,126.8934243,보안등
35.225623,126.8928461,보안등
35.22616891,126.8931723,보안등
35.22639431,126.892513,보안등
35.22585063,126.892628,보안등
35.22585063,126.892641,보안등
35.22539197,126.8926902,보안등
35.22613474,126.8936653,보안등
35.22632664,126.893964,보안등
35.22681093,126.8941962,보안등
35.22705046,126.8946501,보안등
35.227065,126.8946501,보안등
35.227274,126.895312,보안등
35.22770172,126.89532,보안등
35.22785585,126.8952031,보안등
35.227921,126.8953394,보안등
35.228044,126.895741,보안등
35.22759445,126.8966357,보안등
35.22759445,126.8966357,보안등
35.22664059,126.8956128,보안등
35.22664059,126.8956128,보안등
35.22664059,126.8956128,보안등
35.22867946,126.8980385,보안등
35.2286391,126.8980385,보안등
35.2248132,126.9025597,보안등
35.225311,126.9045836,보안등
35.22538855,126.9024372,보안등
35.22415851,126.9038831,보안등
35.22511967,126.9039539,보안등
35.22522461,126.9035316,보안등
35.2251,126.9039539,보안등
35.22534646,126.9043754,보안등
35.22821873,126.8990083,보안등
35.22841257,126.8983672,보안등
35.22538855,126.9024264,보안등
35.22431388,126.8942421,보안등
35.23165297,126.9043614,보안등
35.231899,126.9046548,보안등
35.23161448,126.9005353,보안등
35.23842587,126.9015023,보안등
35.23563644,126.9024439,보안등
35.23539781,126.902829,보안등
35.232109,126.903999,보안등
35.22478704,126.903389,보안등
35.2350861,126.8997312,보안등
35.2338952,126.901123,보안등
35.23361815,126.9016884,보안등
35.23252473,126.902534,보안등
35.2293926,126.9004303,보안등
35.22931579,126.9004303,보안등
35.2256937,126.8933812,보안등
35.2248923,126.905613,보안등
35.23139596,126.9032497,보안등
35.16715508,126.9342326,보안등
35.23766,126.932713,보안등
35.23857013,126.9316023,보안등
35.23942047,126.9306551,보안등
35.239686,126.930263,보안등
35.240318,126.929579,보안등
35.24107102,126.9285371,보안등
35.24117976,126.928148,보안등
35.24186706,126.9275701,보안등
35.241992,126.9268645,보안등
35.242096,126.92671,보안등
35.24275277,126.9260124,보안등
35.24314224,126.9258204,보안등
35.243305,126.9257835,보안등
35.2438622,126.9229738,보안등
35.243921,126.922193,보안등
35.24420097,126.9214848,보안등
35.244442,126.9217269,보안등
35.24447371,126.9224598,보안등
35.24451611,126.922758,보안등
35.24435259,126.922902,보안등
35.244425,126.923109,보안등
35.24385141,126.923735,보안등
35.2443515,126.921519,보안등
35.24454,126.921833,보안등
35.24451,126.9214506,보안등
35.24501029,126.9210724,보안등
35.24468554,126.9208265,보안등
35.2452116,126.9206169,보안등
35.2453423,126.9207517,보안등
35.24554059,126.9208624,보안등
35.24538638,126.9212881,보안등
35.2456321,126.9210694,보안등
35.24560791,126.920436,보안등
35.24575736,126.9200361,보안등
35.24565421,126.9197037,보안등
35.2454572,126.9200198,보안등
35.24518206,126.9202077,보안등
35.24493004,126.9206142,보안등
35.24465712,126.921321,보안등
35.24465712,126.921321,보안등
35.24644198,126.9194213,보안등
35.243456,126.9213439,보안등
35.24361189,126.9211337,보안등
35.24448752,126.9194728,보안등
35.24819938,126.9187283,보안등
35.2436392,126.9192879,보안등
35.24409896,126.9187277,보안등
35.24436298,126.9190839,보안등
35.24441272,126.9183866,보안등
35.2444058,126.9183866,보안등
35.24462689,126.9180092,보안등
35.2450752,126.917054,보안등
35.24985995,126.9164183,보안등
35.25010621,126.9118449,보안등
35.2486219,126.9167239,보안등
35.24801568,126.9170147,보안등
35.24755224,126.9183118,보안등
35.2472343,126.9176197,보안등
35.24688339,126.9180357,보안등
35.2465748,126.9182204,보안등
35.24614788,126.9186716,보안등
35.245938,126.9186372,보안등
35.2492222,126.918439,보안등
35.24322483,126.9196552,보안등
35.24329087,126.9201062,보안등
35.24526895,126.9206169,보안등
35.24341055,126.9234949,보안등
35.2462783,126.9164314,보안등
35.24258913,126.9222881,보안등
35.24275277,126.9260124,보안등
35.24284478,126.925813,보안등
35.2429096,126.925493,보안등
35.2429612,126.9251743,보안등
35.24310432,126.9244466,보안등
35.24310432,126.9244466,보안등
35.24310432,126.9244466,보안등
35.2432557,126.9239715,보안등
35.2434042,126.9236464,보안등
35.2419393,126.9234428,보안등
35.2420313,126.9225008,보안등
35.2421367,126.921982,보안등
35.24436223,126.9201339,보안등
35.24388863,126.919415,보안등
35.24291691,126.92066,보안등
35.24305041,126.9199665,보안등
35.24312897,126.920732,보안등
35.24327425,126.920879,보안등
35.24273474,126.9207397,보안등
35.169212,126.8983878,보안등
35.16308647,126.9034671,보안등
35.16316367,126.9031733,보안등
35.16297575,126.902868,보안등
35.16258436,126.9027196,보안등
35.16258436,126.9027196,보안등
35.16258436,126.9027196,보안등
35.16371959,126.9033636,보안등
35.16321808,126.9023589,보안등
35.163428,126.903079,보안등
35.16368129,126.9029998,보안등
35.16356481,126.9024394,보안등
35.1636186,126.9022293,보안등
35.1638416,126.9020533,보안등
35.16346845,126.903684,보안등
35.16316742,126.9039294,보안등
35.16305459,126.9042916,보안등
35.16264292,126.9042753,보안등
35.16260341,126.9041173,보안등
35.16244884,126.9037941,보안등
35.1623042,126.9034906,보안등
35.16251356,126.9032258,보안등
35.16330138,126.9060077,보안등
35.16371959,126.9033636,보안등
35.1706693,126.893516,보안등
35.16328593,126.905065,보안등
35.16369305,126.905481,보안등
35.164002,126.905783,보안등
35.16406073,126.907225,보안등
35.16406073,126.9072434,보안등
35.16373528,126.9066667,보안등
35.16353881,126.9063831,보안등
35.16342597,126.9046648,보안등
35.1635344,126.9040835,보안등
35.1636656,126.9037985,보안등
35.16364496,126.903581,보안등
35.16371959,126.9033636,보안등
35.16378361,126.903172,보안등
35.1639192,126.902687,보안등
35.1640401,126.9024742,보안등
35.1641061,126.9020319,보안등
35.164521,126.9022885,보안등
35.1649855,126.9024677,보안등
35.164789,126.9029411,보안등
35.16438418,126.9036079,보안등
35.164595,126.903536,보안등
35.16479344,126.90373,보안등
35.1648766,126.9041223,보안등
35.16466085,126.9049171,보안등
35.164442,126.904613,보안등
35.16463484,126.9040553,보안등
35.1641333,126.9036481,보안등
35.16412433,126.9044129,보안등
35.1634238,126.9074524,보안등
35.1629419,126.9073345,보안등
35.16313736,126.907809,보안등
35.162811,126.9077781,보안등
35.162491,126.907049,보안등
35.16247049,126.907026,보안등
35.161702,126.906615,보안등
35.161691,126.906395,보안등
35.16178656,126.9064928,보안등
35.162161,126.9064071,보안등
35.162523,126.906255,보안등
35.1620826,126.9061793,보안등
35.16217852,126.9057423,보안등
35.161778,126.9059945,보안등
35.16332896,126.9005959,보안등
35.1637134,126.900775,보안등
35.164616,126.9008555,보안등
35.16520688,126.9010728,보안등
35.16520688,126.901091,보안등
35.165403,126.9011034,보안등
35.16521204,126.9015375,보안등
35.16524367,126.9009745,보안등
35.16530845,126.9007286,보안등
35.165277,126.9003431,보안등
35.16515512,126.9001709,보안등
35.16515512,126.900102,보안등
35.165717,126.9001399,보안등
35.165896,126.9003841,보안등
35.1661234,126.9004576,보안등
35.165665,126.901249,보안등
35.16568691,126.9014692,보안등
35.1659199,126.8998109,보안등
35.16620589,126.899469,보안등
35.16632623,126.899161,보안등
35.16600052,126.8990933,보안등
35.16600052,126.899021,보안등
35.16560293,126.899572,보안등
35.16560293,126.899526,보안등
35.165301,126.8988509,보안등
35.16620686,126.8982643,보안등
35.16566777,126.9012109,보안등
35.16632,126.8978842,보안등
35.16611466,126.8977925,보안등
35.1658186,126.8976902,보안등
35.16560504,126.8975826,보안등
35.16558666,126.8978551,보안등
35.16671896,126.8975583,보안등
35.16671698,126.8973496,보안등
35.16536864,126.8997942,보안등
35.166287,126.897311,보안등
35.16598924,126.897215,보안등
35.165863,126.8973656,보안등
35.165608,126.8969137,보안등
35.16602563,126.8967055,보안등
35.16638582,126.8964963,보안등
35.16662952,126.8965666,보안등
35.16691357,126.8969251,보안등
35.1670319,126.8964831,보안등
35.167242,126.8963418,보안등
35.16667816,126.8960258,보안등
35.16662273,126.8963226,보안등
35.16644507,126.896357,보안등
35.16654277,126.8961055,보안등
35.16671147,126.895693,보안등
35.16680314,126.8956937,보안등
35.16713274,126.8960372,보안등
35.16566777,126.9012109,보안등
35.167293,126.8953972,보안등
35.16700993,126.895117,보안등
35.16700993,126.895143,보안등
35.16761147,126.8941834,보안등
35.167407,126.8946241,보안등
35.16741801,126.8947944,보안등
35.167591,126.895021,보안등
35.16770656,126.894597,보안등
35.16781258,126.8945113,보안등
35.16786599,126.8934334,보안등
35.16736303,126.8972308,보안등
35.167771,126.8939753,보안등
35.17413858,126.8952848,보안등
35.16900447,126.8926569,보안등
35.16916621,126.892323,보안등
35.16926218,126.8919936,보안등
35.16943928,126.8921812,보안등
35.169474,126.8921812,보안등
35.16959961,126.8930717,보안등
35.16959961,126.8930717,보안등
35.16959961,126.8930717,보안등
35.16940767,126.8923118,보안등
35.169199,126.8922396,보안등
35.16953703,126.8925342,보안등
35.169203,126.892925,보안등
35.1689495,126.8929523,보안등
35.16886666,126.8930065,보안등
35.16918738,126.8932282,보안등
35.16931233,126.8932567,보안등
35.16939706,126.8935681,보안등
35.16956848,126.8936469,보안등
35.1696602,126.893912,보안등
35.169675,126.8937304,보안등
35.16965085,126.8937304,보안등
35.1693462,126.8940138,보안등
35.1694569,126.8942741,보안등
35.16930087,126.8940634,보안등
35.16920629,126.893623,보안등
35.16920629,126.8936157,보안등
35.16888498,126.8933379,보안등
35.1687477,126.8937592,보안등
35.1687805,126.8939591,보안등
35.1688721,126.894199,보안등
35.1686585,126.8943819,보안등
35.1690405,126.8945154,보안등
35.1683726,126.8944185,보안등
35.1685588,126.8948331,보안등
35.16855609,126.8941959,보안등
35.1682761,126.894891,보안등
35.168528,126.8947026,보안등
35.16875847,126.8949114,보안등
35.16901263,126.8948743,보안등
35.16889858,126.8955018,보안등
35.16908695,126.8955652,보안등
35.16911643,126.8947616,보안등
35.16954265,126.8946258,보안등
35.1695799,126.8946258,보안등
35.16938806,126.8951322,보안등
35.1692265,126.8958496,보안등
35.16736303,126.8972308,보안등
35.16887,126.895893,보안등
35.16866227,126.8958476,보안등
35.1686457,126.8954169,보안등
35.168467,126.8958602,보안등
35.16566777,126.9012109,보안등
35.16847706,126.8964911,보안등
35.1687137,126.8960882,보안등
35.16868706,126.8961235,보안등
35.1681078,126.8962097,보안등
35.16803675,126.8964904,보안등
35.16803675,126.8964421,보안등
35.16847706,126.8964911,보안등
35.16871333,126.8965284,보안등
35.16823282,126.8974834,보안등
35.1684915,126.8967965,보안등
35.169205,126.896042,보안등
35.16908388,126.8963682,보안등
35.16888473,126.8967245,보안등
35.168923,126.896792,보안등
35.16978007,126.8948284,보안등
35.16871887,126.8974099,보안등
35.1687921,126.8974235,보안등
35.168718,126.8974235,보안등
35.1684922,126.8981967,보안등
35.16871887,126.8974235,보안등
35.16783361,126.8979356,보안등
35.16823551,126.8986463,보안등
35.16823736,126.8967736,보안등
35.1679836,126.8970409,보안등
35.16830438,126.8969401,보안등
35.1678765,126.8971489,보안등
35.16774836,126.8977181,보안등
35.167889,126.8979356,보안등
35.167726,126.897942,보안등
35.16732261,126.8981041,보안등
35.16749212,126.8983839,보안등
35.16752298,126.8986397,보안등
35.16709167,126.8991613,보안등
35.16765706,126.8992352,보안등
35.16785286,126.8990508,보안등
35.1679582,126.8988816,보안등
35.16775906,126.8995208,보안등
35.16824382,126.8992105,보안등
35.16840247,126.8986798,보안등
35.16827225,126.89902,보안등
35.16824382,126.8992105,보안등
35.16824382,126.8992105,보안등
35.16791936,126.9002169,보안등
35.16791936,126.9002169,보안등
35.167941,126.9002169,보안등
35.16749562,126.901422,보안등
35.16749562,126.901422,보안등
35.16752527,126.9016345,보안등
35.16737646,126.9021896,보안등
35.16737293,126.9025108,보안등
35.1672337,126.9021953,보안등
35.1673194,126.9019661,보안등
35.1673081,126.901555,보안등
35.1673685,126.901277,보안등
35.167491,126.900829,보안등
35.167556,126.9003907,보안등
35.16759116,126.9000944,보안등
35.167225,126.9010497,보안등
35.1673653,126.8994517,보안등
35.16783361,126.8979356,보안등
35.16699828,126.9004446,보안등
35.16692286,126.900803,보안등
35.16687075,126.9009187,보안등
35.16783361,126.8979356,보안등
35.16698875,126.9020339,보안등
35.1666906,126.9019911,보안등
35.16670098,126.9028627,보안등
35.16635285,126.903039,보안등
35.16649346,126.9040793,보안등
35.16572611,126.9058114,보안등
35.16572611,126.9058114,보안등
35.166418,126.9050085,보안등
35.166499,126.9050085,보안등
35.16686687,126.9043902,보안등
35.16686687,126.9043902,보안등
35.16682675,126.9040316,보안등
35.16695595,126.9040779,보안등
35.16695595,126.9040779,보안등
35.166973,126.9040779,보안등
35.16686687,126.9043902,보안등
35.16608522,126.9054634,보안등
35.16608522,126.9054634,보안등
35.16576033,126.9052704,보안등
35.16564357,126.9056876,보안등
35.16592423,126.9058829,보안등
35.16555183,126.9058266,보안등
35.165583,126.906179,보안등
35.169777,126.8948284,보안등
35.16978007,126.8948284,보안등
35.1700123,126.8941491,보안등
35.170014,126.8941491,보안등
35.17016015,126.8936347,보안등
35.170336,126.893601,보안등
35.17020373,126.8934088,보안등
35.17020373,126.8934088,보안등
35.1704919,126.8940708,보안등
35.17049427,126.8940708,보안등
35.17070094,126.8944214,보안등
35.17020515,126.8945189,보안등
35.17026555,126.894677,보안등
35.17044214,126.894981,보안등
35.170648,126.895199,보안등
35.17079,126.8949504,보안등
35.17098921,126.8937347,보안등
35.17088437,126.8941646,보안등
35.1711703,126.894286,보안등
35.17043692,126.8928906,보안등
35.1711453,126.892811,보안등
35.17109736,126.8926182,보안등
35.1706003,126.8925881,보안등
35.17068788,126.892502,보안등
35.1716191,126.891749,보안등
35.1716191,126.891749,보안등
35.17067899,126.892421,보안등
35.17083985,126.8922237,보안등
35.1716191,126.891749,보안등
35.1716191,126.891749,보안등
35.1716191,126.891749,보안등
35.1716911,126.891749,보안등
35.17026051,126.8950891,보안등
35.16925591,126.8983878,보안등
35.17020855,126.8954223,보안등
35.170007,126.8953321,보안등
35.16978007,126.8948284,보안등
35.16971703,126.8954198,보안등
35.1695308,126.8959254,보안등
35.169445,126.8964334,보안등
35.16925591,126.8983878,보안등
35.1693468,126.8972824,보안등
35.16566777,126.9012109,보안등
35.169237,126.8983878,보안등
35.16925591,126.8983878,보안등
35.1663671,126.9005502,보안등
35.16925591,126.8983878,보안등
35.16371959,126.9033636,보안등
35.16355652,126.9017196,보안등
35.16900823,126.898647,보안등
35.16892098,126.898957,보안등
35.16913885,126.8990808,보안등
35.16897672,126.8994297,보안등
35.16897672,126.8994297,보안등
35.16897672,126.8994297,보안등
35.16897672,126.8994297,보안등
35.16897672,126.8994297,보안등
35.16897672,126.8994297,보안등
35.16897672,126.8994297,보안등
35.16978007,126.8948284,보안등
35.16850354,126.901255,보안등
35.16819767,126.9015554,보안등
35.16808438,126.9019659,보안등
35.1680541,126.9020825,보안등
35.16797088,126.9023874,보안등
35.16788602,126.9026651,보안등
35.16788602,126.9026651,보안등
35.16813153,126.9026493,보안등
35.1630605,126.9067301,보안등
35.16839365,126.902762,보안등
35.16827438,126.902454,보안등
35.16925591,126.8983878,보안등
35.16846402,126.901836,보안등
35.16925591,126.8983878,보안등
35.16925591,126.8983878,보안등
35.1630035,126.9069125,보안등
35.1691926,126.8990808,보안등
35.16925591,126.8983878,보안등
35.1681784,126.9047402,보안등
35.167824,126.904777,보안등
35.16786788,126.904468,보안등
35.1682682,126.9041836,보안등
35.16800698,126.9039118,보안등
35.16807016,126.903675,보안등
35.16801037,126.9035292,보안등
35.16801037,126.9035292,보안등
35.167816,126.9040169,보안등
35.16797322,126.9040808,보안등
35.16769838,126.9042241,보안등
35.16774367,126.904692,보안등
35.1694205,126.8989357,보안등
35.16925591,126.8983878,보안등
35.16928863,126.8983459,보안등
35.16978731,126.8984564,보안등
35.16925591,126.8983878,보안등
35.16925591,126.8983878,보안등
35.16934,126.8979563,보안등
35.16925591,126.8983878,보안등
35.16925591,126.8983878,보안등
35.16968826,126.897297,보안등
35.169755,126.8970367,보안등
35.17011662,126.897271,보안등
35.1697696,126.8967919,보안등
35.169957,126.8963065,보안등
35.16994132,126.8959788,보안등
35.170175,126.895623,보안등
35.17061977,126.896182,보안등
35.17029789,126.8966003,보안등
35.1701017,126.8975986,보안등
35.17103838,126.9054621,보안등
35.17103498,126.9051404,보안등
35.1710267,126.9057254,보안등
35.17100897,126.9060262,보안등
35.1711372,126.9057612,보안등
35.1713211,126.9053077,보안등
35.17103838,126.9054621,보안등
35.1716394,126.90545,보안등
35.17137127,126.9055974,보안등
35.17189133,126.905764,보안등
35.17176649,126.9054633,보안등
35.172375,126.905459,보안등
35.17203442,126.905386,보안등
35.1721383,126.9049848,보안등
35.169133,126.904013,보안등
35.16911,126.904441,보안등
35.17107067,126.903991,보안등
35.17079853,126.8988864,보안등
35.17079853,126.8988864,보안등
35.17079853,126.8988864,보안등
35.17148333,126.9028908,보안등
35.1711868,126.9021214,보안등
35.17079853,126.8988864,보안등
35.1709566,126.9021139,보안등
35.1707099,126.902055,보안등
35.17080201,126.9017865,보안등
35.17044695,126.9025781,보안등
35.1705737,126.9019074,보안등
35.170387,126.9022521,보안등
35.17041228,126.901999,보안등
35.17033811,126.901703,보안등
35.17079853,126.8988864,보안등
35.170029,126.9023693,보안등
35.17079853,126.8988864,보안등
35.16957605,126.902864,보안등
35.169768,126.9024503,보안등
35.1629596,126.9071216,보안등
35.16975906,126.9020242,보안등
35.16969111,126.9019315,보안등
35.17079853,126.8988864,보안등
35.169966,126.90141,보안등
35.17009117,126.9010864,보안등
35.1704008,126.9010859,보안등
35.1705227,126.9010605,보안등
35.17073234,126.9010158,보안등
35.17068458,126.9014381,보안등
35.17078356,126.9014915,보안등
35.17087019,126.9009451,보안등
35.17098158,126.9015877,보안등
35.17108379,126.9010309,보안등
35.17079853,126.8988864,보안등
35.17107228,126.9016957,보안등
35.1712696,126.900998,보안등
35.17133429,126.900361,보안등
35.17079853,126.8988864,보안등
35.1711692,126.9004285,보안등
35.17086834,126.9001179,보안등
35.17019359,126.9005662,보안등
35.17031326,126.9003155,보안등
35.1701728,126.900048,보안등
35.170422,126.899989,보안등
35.17043547,126.8996345,보안등
35.170789,126.8988864,보안등
35.171142,126.9000116,보안등
35.1705542,126.899261,보안등
35.17046776,126.8990129,보안등
35.1706592,126.898784,보안등
35.17111085,126.898973,보안등
35.171144,126.8989822,보안등
35.17092976,126.8987566,보안등
35.170884,126.8981928,보안등
35.17130876,126.8986201,보안등
35.171463,126.898591,보안등
35.17099253,126.897807,보안등
35.17122711,126.8975683,보안등
35.17171882,126.8978075,보안등
35.17160742,126.8974972,보안등
35.17131994,126.897346,보안등
35.17112802,126.8972054,보안등
35.17128551,126.8967111,보안등
35.1730706,126.8956601,보안등
35.17083,126.8972903,보안등
35.1705806,126.8982237,보안등
35.1705561,126.8984369,보안등
35.16949766,126.9022386,보안등
35.1701637,126.8999235,보안등
35.16968505,126.9015634,보안등
35.16952143,126.9021113,보안등
35.1694464,126.9025381,보안등
35.16940044,126.902993,보안등
35.17253734,126.8962079,보안등
35.16925591,126.8983878,보안등
35.16925591,126.8983878,보안등
35.17003006,126.90209,보안등
35.16691325,126.8971847,보안등
35.16746472,126.8954127,보안등
35.168316,126.894462,보안등
35.16868076,126.893888,보안등
35.16342597,126.9046648,보안등
35.165033,126.8991694,보안등
35.1643397,126.9048121,보안등
35.17174653,126.8941702,보안등
35.16959808,126.899451,보안등
35.168905,126.9016526,보안등
35.168818,126.902129,보안등
35.17104719,126.896809,보안등
35.171216,126.9007893,보안등
35.170713,126.905342,보안등
35.170653,126.9057197,보안등
35.17430463,126.8938193,보안등
35.17082691,126.8971416,보안등
35.1652009,126.8988147,보안등
35.164904,126.899756,보안등
35.1643959,126.9011793,보안등
35.17099717,126.8975672,보안등
35.1707213,126.8974636,보안등
35.1705395,126.8938074,보안등
35.1695145,126.8930297,보안등
35.16847322,126.8962243,보안등
35.16565792,126.8995278,보안등
35.16471675,126.9056267,보안등
35.1645711,126.9051921,보안등
35.1643932,126.9049672,보안등
35.1640192,126.9049621,보안등
35.163749,126.9049449,보안등
35.16377043,126.9047216,보안등
35.16342597,126.9046648,보안등
35.1631437,126.9045828,보안등
35.1629214,126.9048397,보안등
35.16257885,126.9047026,보안등
35.16230847,126.9046143,보안등
35.16306753,126.9026569,보안등
35.1684922,126.8981967,보안등
35.16340609,126.9078942,보안등
35.16803227,126.8962143,보안등
35.16274096,126.9019746,보안등
35.16355498,126.9051591,보안등
35.16230936,126.9061766,보안등
35.16230936,126.9061766,보안등
35.16203026,126.9054123,보안등
35.1717828,126.9048814,보안등
35.17103838,126.9054621,보안등
35.17200454,126.9052817,보안등
35.170463,126.901356,보안등
35.17103838,126.9054621,보안등
35.17115954,126.9054748,보안등
35.17091874,126.8937207,보안등
35.1703975,126.894509,보안등
35.16267112,126.9018828,보안등
35.16925591,126.8983878,보안등
35.16565792,126.8995278,보안등
35.21647897,126.8617817,보안등
35.2088983,126.867878,보안등
35.21465238,126.8663463,보안등
35.2096171,126.867931,보안등
35.2182539,126.864072,보안등
35.21623196,126.8648318,보안등
35.21568469,126.8646335,보안등
35.21787599,126.8632887,보안등
35.21781819,126.8633849,보안등
35.21787599,126.8632887,보안등
35.21647897,126.8617817,보안등
35.21601026,126.8659855,보안등
35.21521092,126.8659771,보안등
35.21593315,126.8665239,보안등
35.20840773,126.8682173,보안등
35.20861638,126.867571,보안등
35.208232,126.8674,보안등
35.209429,126.8691222,보안등
35.20996502,126.8669478,보안등
35.20996502,126.8669478,보안등
35.20996502,126.8669478,보안등
35.21468251,126.8667594,보안등
35.21468251,126.8667594,보안등
35.21507532,126.866587,보안등
35.20996502,126.8669478,보안등
35.20996502,126.8669478,보안등
35.20996502,126.8669478,보안등
35.20996502,126.8669478,보안등
35.2095612,126.8678137,보안등
35.2165717,126.8648198,보안등
35.21588099,126.8686435,보안등
35.21588099,126.8686435,보안등
35.21588099,126.8686435,보안등
35.21588099,126.8686435,보안등
35.21588099,126.8686435,보안등
35.21588099,126.8686435,보안등
35.21588099,126.8686435,보안등
35.21596764,126.8687192,보안등
35.21590219,126.8680686,보안등
35.21451505,126.8665186,보안등
35.21467467,126.8660205,보안등
35.21647897,126.8617817,보안등
35.21647897,126.8617817,보안등
35.20940379,126.8679468,보안등
35.20998897,126.8615607,보안등
35.20003271,126.8734112,보안등
35.19995254,126.8751441,보안등
35.20003271,126.8734112,보안등
35.19987594,126.8735727,보안등
35.20813895,126.8761635,보안등
35.20863809,126.8771886,보안등
35.20820492,126.875859,보안등
35.20820784,126.8756624,보안등
35.20867721,126.87638,보안등
35.20844734,126.876175,보안등
35.20862294,126.8782602,보안등
35.20891499,126.8770229,보안등
35.20811767,126.8766661,보안등
35.20880754,126.877192,보안등
35.20887688,126.8775763,보안등
35.2089344,126.8770229,보안등
35.209205,126.8772198,보안등
35.20904256,126.8777631,보안등
35.20914607,126.8780704,보안등
35.20897876,126.8779598,보안등
35.20933201,126.877696,보안등
35.20927204,126.8785679,보안등
35.20907171,126.878323,보안등
35.20891412,126.878777,보안등
35.20935799,126.8788016,보안등
35.20982127,126.8730632,보안등
35.20921503,126.8732709,보안등
35.20862025,126.8728829,보안등
35.20921013,126.872868,보안등
35.209101,126.8729779,보안등
35.20862025,126.8728829,보안등
35.208419,126.872921,보안등
35.208343,126.872456,보안등
35.208241,126.873197,보안등
35.20797662,126.8724043,보안등
35.20797662,126.8724043,보안등
35.20797662,126.8724043,보안등
35.2079567,126.8711146,보안등
35.2078967,126.8714558,보안등
35.20862025,126.8728829,보안등
35.20793,126.8715692,보안등
35.20797662,126.8724043,보안등
35.20662802,126.8721774,보안등
35.20670778,126.8721733,보안등
35.206851,126.8722152,보안등
35.20681302,126.8722152,보안등
35.20681302,126.8722152,보안등
35.2077023,126.871886,보안등
35.20847074,126.872076,보안등
35.20820303,126.8715736,보안등
35.20872961,126.871896,보안등
35.20872986,126.8720771,보안등
35.20882857,126.8724225,보안등
35.20890656,126.8711587,보안등
35.209103,126.8717875,보안등
35.20862025,126.8728829,보안등
35.2096564,126.8731086,보안등
35.2096564,126.8731086,보안등
35.206133,126.8724242,보안등
35.20620659,126.8722007,보안등
35.205897,126.872187,보안등
35.20620659,126.8722007,보안등
35.205533,126.87284,보안등
35.20537,126.872733,보안등
35.20553265,126.872424,보안등
35.20565771,126.87206,보안등
35.205204,126.8722633,보안등
35.20497471,126.872374,보안등
35.204805,126.8721023,보안등
35.20485559,126.873126,보안등
35.20484979,126.872841,보안등
35.204504,126.872679,보안등
35.20442851,126.8720678,보안등
35.204497,126.8720678,보안등
35.20407204,126.871055,보안등
35.20522352,126.8719996,보안등
35.20506427,126.871884,보안등
35.205444,126.871908,보안등
35.205539,126.8714418,보안등
35.20585027,126.8719447,보안등
35.2057148,126.871605,보안등
35.205984,126.8719323,보안등
35.21213994,126.8758029,보안등
35.2116333,126.8756298,보안등
35.21218,126.8750422,보안등
35.21196785,126.8763859,보안등
35.21187369,126.876968,보안등
35.212369,126.877062,보안등
35.212769,126.8772128,보안등
35.212432,126.8780547,보안등
35.21253469,126.8782343,보안등
35.212824,126.878615,보안등
35.21290931,126.8780736,보안등
35.212191,126.8784174,보안등
35.211983,126.8783609,보안등
35.2119496,126.877328,보안등
35.21208671,126.877959,보안등
35.21194064,126.8783609,보안등
35.21146249,126.8791788,보안등
35.21194064,126.8783609,보안등
35.21182723,126.87956,보안등
35.211188,126.877957,보안등
35.211456,126.876811,보안등
35.2114536,126.8764595,보안등
35.2092908,126.8770357,보안등
35.20190085,126.8731799,보안등
35.20190085,126.8731799,보안등
35.2019528,126.8731799,보안등
35.19995254,126.8751441,보안등
35.199871,126.8750452,보안등
35.20003271,126.8734112,보안등
35.2006813,126.873606,보안등
35.19982823,126.8750452,보안등
35.2006813,126.873606,보안등
35.19982823,126.8750452,보안등
35.19970349,126.8729715,보안등
35.19975931,126.872652,보안등
35.199422,126.8728608,보안등
35.19920204,126.8728537,보안등
35.19871627,126.8725677,보안등
35.19882362,126.8754261,보안등
35.198231,126.8729381,보안등
35.198739,126.8729123,보안등
35.19910301,126.8731432,보안등
35.199199,126.8731432,보안등
35.19910301,126.873122,보안등
35.19946356,126.8732322,보안등
35.19981983,126.873491,보안등
35.19968144,126.8736765,보안등
35.19930944,126.8738535,보안등
35.1989547,126.8735024,보안등
35.19842266,126.8738267,보안등
35.198407,126.8738267,보안등
35.19877156,126.8732908,보안등
35.19833472,126.8734267,보안등
35.19826397,126.873601,보안등
35.19828263,126.8741229,보안등
35.19811001,126.8745482,보안등
35.19852671,126.8748154,보안등
35.19840758,126.8747542,보안등
35.19882478,126.8747135,보안등
35.19910442,126.8744083,보안등
35.19921303,126.874755,보안등
35.19895297,126.8751688,보안등
35.19863522,126.8750572,보안등
35.19871516,126.8755808,보안등
35.198799,126.8755808,보안등
35.197334,126.875106,보안등
35.197062,126.874923,보안등
35.19670795,126.8751307,보안등
35.19716141,126.8757537,보안등
35.19716141,126.8757537,보안등
35.19679963,126.8762174,보안등
35.196245,126.8761594,보안등
35.19574149,126.876174,보안등
35.195791,126.876174,보안등
35.195621,126.8756619,보안등
35.19565569,126.8756619,보안등
35.195438,126.8755735,보안등
35.19524211,126.8757991,보안등
35.19515296,126.875831,보안등
35.19500883,126.875964,보안등
35.195234,126.876156,보안등
35.1951774,126.8760652,보안등
35.19505462,126.8764014,보안등
35.1947748,126.8762782,보안등
35.19465914,126.8763471,보안등
35.19470329,126.8765975,보안등
35.19394253,126.876797,보안등
35.1939764,126.87637,보안등
35.194076,126.876453,보안등
35.1936887,126.8764888,보안등
35.19339,126.876565,보안등
35.2073499,126.8731668,보안등
35.19308825,126.8764278,보안등
35.191255,126.8775221,보안등
35.19180113,126.8783116,보안등
35.1918821,126.8783116,보안등
35.192142,126.8782289,보안등
35.192331,126.8783484,보안등
35.19239615,126.8783484,보안등
35.19254788,126.8781975,보안등
35.19318376,126.878447,보안등
35.19318376,126.878447,보안등
35.193753,126.878621,보안등
35.19422744,126.8779932,보안등
35.1948422,126.8789549,보안등
35.19513281,126.8800366,보안등
35.19451936,126.878073,보안등
35.19446165,126.8777633,보안등
35.19458005,126.8800738,보안등
35.19599879,126.8838276,보안등
35.19482931,126.8809302,보안등
35.19524573,126.881289,보안등
35.19482931,126.8809302,보안등
35.1936479,126.8795489,보안등
35.195306,126.881964,보안등
35.195362,126.88215,보안등
35.19572639,126.8821831,보안등
35.19579716,126.882816,보안등
35.19568552,126.8832189,보안등
35.19626684,126.883361,보안등
35.195945,126.8841292,보안등
35.196065,126.8842788,보안등
35.19614197,126.884367,보안등
35.19614197,126.8843959,보안등
35.19614197,126.8843959,보안등
35.19725013,126.8855114,보안등
35.19770312,126.8850753,보안등
35.19604743,126.8828085,보안등
35.19669679,126.8833048,보안등
35.19669679,126.8833048,보안등
35.19669679,126.8833048,보안등
35.19669679,126.8833048,보안등
35.19594796,126.8824755,보안등
35.19594796,126.8824755,보안등
35.19645227,126.8818369,보안등
35.19627782,126.8815132,보안등
35.19637659,126.8807154,보안등
35.19637659,126.8807658,보안등
35.19639667,126.8811983,보안등
35.19639667,126.8811983,보안등
35.19639667,126.8811983,보안등
35.19561037,126.8810654,보안등
35.19561037,126.8810654,보안등
35.19561037,126.8810654,보안등
35.19561037,126.8810654,보안등
35.19561037,126.8810654,보안등
35.1984265,126.881463,보안등
35.19827132,126.8807628,보안등
35.19827132,126.8807628,보안등
35.19853895,126.8807747,보안등
35.198895,126.8808249,보안등
35.199147,126.8806036,보안등
35.1990427,126.8814078,보안등
35.1990427,126.8814078,보안등
35.2002809,126.8807703,보안등
35.2002809,126.8807703,보안등
35.2002809,126.8807703,보안등
35.2002809,126.8807703,보안등
35.20014447,126.8818154,보안등
35.200274,126.8807703,보안등
35.2017594,126.8826247,보안등
35.20059136,126.8802626,보안등
35.20059136,126.8802626,보안등
35.2005326,126.8802626,보안등
35.200236,126.8795702,보안등
35.20024023,126.8795702,보안등
35.199614,126.8796351,보안등
35.19961385,126.8796351,보안등
35.19917018,126.8796938,보안등
35.19917018,126.8796938,보안등
35.19917018,126.8796938,보안등
35.19842615,126.8796393,보안등
35.19813344,126.879851,보안등
35.20074122,126.879678,보안등
35.20057917,126.879384,보안등
35.20059136,126.8802603,보안등
35.20077479,126.8786359,보안등
35.20059136,126.8802626,보안등
35.200833,126.8779511,보안등
35.200831,126.877979,보안등
35.200829,126.8779511,보안등
35.20070252,126.8775824,보안등
35.20050117,126.8768822,보안등
35.20050117,126.8768822,보안등
35.20022895,126.8754607,보안등
35.20050117,126.8768822,보안등
35.20022895,126.8754607,보안등
35.20117462,126.8748916,보안등
35.20065746,126.875505,보안등
35.205347,126.8732408,보안등
35.20515508,126.8729159,보안등
35.204998,126.873397,보안등
35.20504833,126.8730562,보안등
35.2057804,126.8729614,보안등
35.206067,126.872954,보안등
35.20370867,126.874032,보안등
35.20413433,126.8738942,보안등
35.20462048,126.874027,보안등
35.2046043,126.874027,보안등
35.20462048,126.874027,보안등
35.20548354,126.8742176,보안등
35.20584299,126.874448,보안등
35.20548354,126.8742176,보안등
35.20613745,126.8753296,보안등
35.20633973,126.8750795,보안등
35.206794,126.872669,보안등
35.206764,126.8722995,보안등
35.20906272,126.877548,보안등
35.20654,126.8818068,보안등
35.20666115,126.8822756,보안등
35.2066229,126.8824249,보안등
35.206564,126.8830374,보안등
35.20704191,126.8827642,보안등
35.20704483,126.8824318,보안등
35.20702792,126.8822815,보안등
35.206898,126.8817204,보안등
35.206892,126.881355,보안등
35.20721628,126.881887,보안등
35.20747607,126.881688,보안등
35.20749659,126.88137,보안등
35.20749194,126.8811854,보안등
35.207279,126.8822813,보안등
35.207282,126.8824317,보안등
35.2074842,126.8827608,보안등
35.20756396,126.8830347,보안등
35.207831,126.8824437,보안등
35.207695,126.8824071,보안등
35.207664,126.8817443,보안등
35.20789749,126.8817644,보안등
35.2073208,126.87316,보안등
35.19871516,126.8755808,보안등
35.19871516,126.8755808,보안등
35.198746,126.8740593,보안등
35.20003271,126.8734112,보안등
35.20016841,126.8750578,보안등
35.1999952,126.8751441,보안등
35.2000136,126.873181,보안등
35.1996112,126.8697345377,보안등
35.20003271,126.8734112,보안등
35.21231705,126.8803565,보안등
35.21231705,126.8803565,보안등
35.20857823,126.8733138,보안등
35.19716141,126.8757537,보안등
35.196939,126.8751681,보안등
35.20933124,126.8841656,보안등
35.2046115,126.873386,보안등
35.21031162,126.8842115,보안등
35.209798,126.8842661,보안등
35.20538848,126.8740439,보안등
35.20465473,126.8731055,보안등
35.20462048,126.874027,보안등
35.20462048,126.874027,보안등
35.19733608,126.869405,보안등
35.19733608,126.869405,보안등
35.19733608,126.8694869,보안등
35.19733608,126.8694543,보안등
35.20773009,126.872779,보안등
35.20685882,126.8817204,보안등
35.21128865,126.8782274,보안등
35.21128865,126.8782274,보안등
35.21128865,126.8782274,보안등
35.21128865,126.8782274,보안등
35.21263703,126.8765386,보안등
35.21257172,126.8767999,보안등
35.20560616,126.87477,보안등
35.20845741,126.8718474,보안등
35.21247722,126.877533,보안등
35.2076437,126.8729084,보안등
35.21031162,126.8842115,보안등
35.21031162,126.8842115,보안등
35.21309792,126.8848307,보안등
35.196561,126.880211,보안등
35.20434739,126.874203,보안등
35.20434739,126.874203,보안등
35.2048152,126.872801,보안등
35.20489379,126.8729055,보안등
35.2050271,126.872861,보안등
35.20945317,126.8772707,보안등
35.2122314,126.877454,보안등
35.20891499,126.877099,보안등
35.2049979,126.87237,보안등
35.2000994,126.8734112,보안등
35.20984224,126.8753756,보안등
35.2099667,126.875131,보안등
35.2096564,126.8731086,보안등
35.20981597,126.8782806,보안등
35.20675544,126.8780028,보안등
35.20893115,126.8756328,보안등
35.20790198,126.870701,보안등
35.20653372,126.8707997,보안등
35.20718682,126.8714608,보안등
35.20757519,126.8706794,보안등
35.206819,126.8704679,보안등
35.20679711,126.8701451,보안등
35.20660242,126.8701466,보안등
35.20679921,126.869923,보안등
35.20669034,126.8696759,보안등
35.20706482,126.8690584,보안등
35.207185,126.8690261,보안등
35.20758911,126.8687035,보안등
35.206391,126.8680637,보안등
35.206706,126.8680528,보안등
35.206941,126.8680307,보안등
35.207292,126.868093,보안등
35.20749883,126.8684056,보안등
35.20759332,126.86808,보안등
35.2078949,126.868085,보안등
35.20786118,126.8676702,보안등
35.207505,126.8678815,보안등
35.20590747,126.871166,보안등
35.205536,126.8710516,보안등
35.205486,126.8707148,보안등
35.2053233,126.8710594,보안등
35.20532339,126.870758,보안등
35.204655,126.87048,보안등
35.20503212,126.8702658,보안등
35.20517948,126.8702559,보안등
35.20543572,126.8704877,보안등
35.205879,126.8701772,보안등
35.206027,126.8694987,보안등
35.205658,126.869709,보안등
35.20551222,126.869756,보안등
35.205275,126.869253,보안등
35.20513945,126.8698241,보안등
35.20496634,126.869234,보안등
35.20472783,126.8698479,보안등
35.204477,126.8695525,보안등
35.20437142,126.869418,보안등
35.204459,126.868781,보안등
35.2046567,126.8687792,보안등
35.204833,126.8691302,보안등
35.205144,126.8687407,보안등
35.205424,126.8687414,보안등
35.20547957,126.8691107,보안등
35.20544322,126.8697441,보안등
35.20567616,126.8690249,보안등
35.205612,126.8685096,보안등
35.20547325,126.8684346,보안등
35.20548578,126.8680178,보안등
35.20564532,126.8680988,보안등
35.205216,126.8676624,보안등
35.20504095,126.8676802,보안등
35.205048,126.8680353,보안등
35.20483738,126.8680451,보안등
35.20460881,126.868057,보안등
35.204441,126.8679004,보안등
35.20438054,126.867443,보안등
35.20442139,126.8673099,보안등
35.20442139,126.8673099,보안등
35.20412534,126.8671702,보안등
35.20392103,126.8668596,보안등
35.20412534,126.8671702,보안등
35.20465435,126.8671696,보안등
35.20438077,126.866728,보안등
35.20464492,126.870121,보안등
35.20461706,126.8706119,보안등
35.20461706,126.8706119,보안등
35.20461706,126.8706119,보안등
35.204241,126.870475,보안등
35.20422813,126.87049,보안등
35.20350019,126.8706088,보안등
35.20812683,126.8688798,보안등
35.20381216,126.867968,보안등
35.20403604,126.867722,보안등
35.206486,126.8700068,보안등
35.20290046,126.8675521,보안등
35.20287059,126.8666104,보안등
35.20249904,126.8666865,보안등
35.20201146,126.867752,보안등
35.2035312,126.8664406,보안등
35.20364229,126.8677332,보안등
35.20758387,126.8707446,보안등
35.20189125,126.8717582,보안등
35.2074434,126.8688426,보안등
35.20781222,126.8688244,보안등
35.2015835,126.871307,보안등
35.201191,126.871187,보안등
35.20093,126.871191,보안등
35.200589,126.871316,보안등
35.200537,126.871342,보안등
35.200537,126.871379,보안등
35.200558,126.870965,보안등
35.20036592,126.8706908,보안등
35.19991189,126.8719445,보안등
35.20007491,126.8718345,보안등
35.20007491,126.8718345,보안등
35.20007491,126.8718345,보안등
35.19994617,126.871213,보안등
35.19991501,126.8708978,보안등
35.19991501,126.8708978,보안등
35.19964,126.8697345,보안등
35.19799929,126.8716756,보안등
35.19949326,126.8697931,보안등
35.19991189,126.8719445,보안등
35.20014909,126.8708129,보안등
35.20014909,126.8708129,보안등
35.19861148,126.8702903,보안등
35.19861148,126.870244,보안등
35.19861148,126.8702903,보안등
35.19824447,126.8703348,보안등
35.199542,126.869211,보안등
35.19981,126.869032,보안등
35.20060208,126.8692746,보안등
35.200626,126.8692746,보안등
35.20079181,126.8701347,보안등
35.20573026,126.8708952,보안등
35.20701232,126.8708475,보안등
35.205231,126.8686118,보안등
35.20201146,126.867752,보안등
35.20201146,126.867752,보안등
35.19898376,126.8647667,보안등
35.1960065,126.8724175,보안등
35.1957523,126.8723709,보안등
35.1955111,126.8723602,보안등
35.19561591,126.8723843,보안등
35.19508233,126.8721939,보안등
35.19561591,126.8723843,보안등
35.20436989,126.86702,보안등
35.2067904,126.8694788,보안등
35.2052352,126.8714159,보안등
35.198971,126.869557,보안등
35.19962265,126.8690105,보안등
35.196597,126.8686907,보안등
35.19733608,126.869405,보안등
35.19451369,126.8677503,보안등
35.19451369,126.8677503,보안등
35.19451369,126.867718,보안등
35.19451369,126.86771,보안등
35.19451369,126.8677503,보안등
35.19451369,126.8677503,보안등
35.19831577,126.8695778,보안등
35.20812361,126.8670601,보안등
35.2085496,126.8671352,보안등
35.20836838,126.8670955,보안등
35.2048144,126.8687699,보안등
35.2007215,126.8701046,보안등
35.2059119,126.8706291,보안등
35.19994617,126.871265,보안등
35.19675045,126.8687682,보안등
35.1967301,126.8687682,보안등
35.2057211,126.8702123,보안등
35.1973808,126.869405,보안등
35.19799929,126.8716756,보안등
35.19861148,126.8702903,보안등
35.19861148,126.8702903,보안등
35.19799929,126.8716756,보안등
35.19799929,126.8716551,보안등
35.19926631,126.8724482,보안등
35.19339657,126.8668245,보안등
35.20544322,126.8697441,보안등
35.19962265,126.8690105,보안등
35.23477762,126.8478567,보안등
35.23494485,126.8467391,보안등
35.23494485,126.8467391,보안등
35.23494485,126.8467391,보안등
35.2345208,126.8486996,보안등
35.23437778,126.8493661,보안등
35.234325,126.844329,보안등
35.233493,126.8445304,보안등
35.2333327,126.8446863,보안등
35.23262953,126.8444519,보안등
35.2323043,126.8437377,보안등
35.2253813,126.8373891,보안등
35.2253813,126.8373891,보안등
35.2253813,126.8373891,보안등
35.2253813,126.8373891,보안등
35.2253813,126.8373891,보안등
35.2253813,126.8373891,보안등
35.22790725,126.851198,보안등
35.18917957,126.907024,보안등
35.189417,126.906332,보안등
35.189715,126.90635,보안등
35.189259,126.905752,보안등
35.189243,126.9059622,보안등
35.1891396,126.9063369,보안등
35.18905881,126.906173,보안등
35.18882725,126.906165,보안등
35.1886033,126.9060468,보안등
35.18832792,126.906226,보안등
35.18836746,126.9057552,보안등
35.188027,126.9059852,보안등
35.187792,126.9059715,보안등
35.187503,126.905995,보안등
35.187721,126.906212,보안등
35.18793707,126.905684,보안등
35.18762229,126.905666,보안등
35.18756241,126.906519,보안등
35.18765929,126.9068604,보안등
35.18768692,126.9073002,보안등
35.18739228,126.9075042,보안등
35.18794024,126.9075383,보안등
35.18769026,126.9077245,보안등
35.187739,126.9079793,보안등
35.18846968,126.9078733,보안등
35.18876566,126.9072418,보안등
35.18688468,126.9148875,보안등
35.18810208,126.907843,보안등
35.18808058,126.9081351,보안등
35.188436,126.9078733,보안등
35.18868016,126.906942,보안등
35.18869077,126.9066746,보안등
35.18868657,126.906484,보안등
35.1887215,126.9072371,보안등
35.188719,126.907879,보안등
35.188703,126.908164,보안등
35.188752,126.908592,보안등
35.18887546,126.907735,보안등
35.18917957,126.907024,보안등
35.189225,126.907048,보안등
35.189241,126.906763,보안등
35.189724,126.907426,보안등
35.18987943,126.9075639,보안등
35.18971,126.907865,보안등
35.18986946,126.9081986,보안등
35.18958484,126.9084708,보안등
35.19001451,126.9088226,보안등
35.18942763,126.9088066,보안등
35.18982199,126.908897,보안등
35.18907073,126.9085089,보안등
35.18910245,126.9081325,보안등
35.189341,126.90787,보안등
35.189342,126.9081321,보안등
35.1890304,126.909058,보안등
35.1893451,126.9094963,보안등
35.189554,126.9094852,보안등
35.18997604,126.9093265,보안등
35.189883,126.909993,보안등
35.189913,126.910287,보안등
35.18985491,126.9109192,보안등
35.189627,126.910666,보안등
35.189924,126.910467,보안등
35.19008368,126.911112,보안등
35.19006915,126.9113998,보안등
35.19025609,126.91156,보안등
35.19000722,126.9120019,보안등
35.18996424,126.9121553,보안등
35.18980458,126.912401,보안등
35.18972102,126.9118602,보안등
35.189515,126.9121927,보안등
35.18962767,126.912318,보안등
35.18933234,126.9115831,보안등
35.189461,126.911207,보안등
35.189668,126.9109679,보안등
35.189303,126.9109225,보안등
35.18947195,126.9101066,보안등
35.18918306,126.9099716,보안등
35.1893393,126.9098253,보안등
35.189181,126.911111,보안등
35.188962,126.910851,보안등
35.188986,126.910395,보안등
35.188752,126.910601,보안등
35.18788053,126.912511,보안등
35.188606,126.910394,보안등
35.18874581,126.910822,보안등
35.18857443,126.9112658,보안등
35.18855435,126.9115503,보안등
35.18853347,126.9118385,보안등
35.18962767,126.9123959,보안등
35.188839,126.912236,보안등
35.188622,126.912195,보안등
35.188162,126.912124,보안등
35.18876566,126.9072371,보안등
35.18876566,126.9072371,보안등
35.18876566,126.9072371,보안등
35.18876566,126.9072371,보안등
35.18845723,126.9104,보안등
35.18814,126.9105943,보안등
35.18788706,126.91059,보안등
35.18758967,126.9104959,보안등
35.18771,126.910922,보안등
35.18876566,126.9072371,보안등
35.18876566,126.9072371,보안등
35.18771427,126.9121419,보안등
35.18737196,126.912013,보안등
35.18876566,126.9072371,보안등
35.187704,126.910297,보안등
35.187711,126.910022,보안등
35.18782419,126.9097479,보안등
35.18761866,126.9094846,보안등
35.187777,126.9094371,보안등
35.18741764,126.909168,보안등
35.18741764,126.9091004,보안등
35.18782707,126.9085475,보안등
35.188049,126.9086999,보안등
35.18824203,126.9091057,보안등
35.18833198,126.908961,보안등
35.187941,126.9097017,보안등
35.188108,126.9098628,보안등
35.18876566,126.9072371,보안등
35.18862356,126.9092147,보안등
35.18883911,126.9090186,보안등
35.1890001,126.908764,보안등
35.188959,126.9093996,보안등
35.18880615,126.90969,보안등
35.18852,126.9097144,보안등
35.18845723,126.9104,보안등
35.18845723,126.9104,보안등
35.18647624,126.9085866,보안등
35.18735385,126.912167,보안등
35.187778,126.9125694,보안등
35.188324,126.910047,보안등
35.18909554,126.910097,보안등
35.18659515,126.911675,보안등
35.18659673,126.9114614,보안등
35.185571,126.9112307,보안등
35.185571,126.9112307,보안등
35.185561,126.9112307,보안등
35.185571,126.9112307,보안등
35.185137,126.911484,보안등
35.18502,126.911496,보안등
35.184804,126.911576,보안등
35.184506,126.911536,보안등
35.184253,126.911496,보안등
35.184055,126.91153,보안등
35.1844836,126.9111113,보안등
35.184562,126.910723,보안등
35.184395,126.910154,보안등
35.18448863,126.909913,보안등
35.18473708,126.9101548,보안등
35.18485075,126.9101703,보안등
35.1847013,126.9097814,보안등
35.18480618,126.909383,보안등
35.18482021,126.9091817,보안등
35.18482933,126.9090003,보안등
35.184347,126.908903,보안등
35.185276,126.908968,보안등
35.18521,126.908617,보안등
35.185091,126.908355,보안등
35.185008,126.908148,보안등
35.18473456,126.90813,보안등
35.18455902,126.9083007,보안등
35.184915,126.907896,보안등
35.18461112,126.907822,보안등
35.18450423,126.907241,보안등
35.18437385,126.9068428,보안등
35.185331,126.906024,보안등
35.185433,126.90633,보안등
35.185489,126.90656,보안등
35.18559898,126.9067049,보안등
35.18567383,126.906007,보안등
35.1858521,126.9058214,보안등
35.185916,126.9056711,보안등
35.18602743,126.906389,보안등
35.186145,126.9064265,보안등
35.18594348,126.906268,보안등
35.186195,126.905848,보안등
35.18633728,126.906649,보안등
35.18603907,126.9067984,보안등
35.18630871,126.9068544,보안등
35.185673,126.906964,보안등
35.18579759,126.907204,보안등
35.186011,126.907432,보안등
35.185922,126.907543,보안등
35.185796,126.907632,보안등
35.185572,126.907811,보안등
35.18528004,126.90799,보안등
35.185647,126.908117,보안등
35.18588879,126.908125,보안등
35.185835,126.907994,보안등
35.18593839,126.907804,보안등
35.186265,126.907648,보안등
35.186444,126.9074503,보안등
35.18679677,126.9072833,보안등
35.186308,126.907207,보안등
35.186638,126.9069878,보안등
35.18682997,126.907015,보안등
35.186775,126.9060136,보안등
35.18670272,126.905964,보안등
35.18641009,126.905682,보안등
35.18636338,126.9055222,보안등
35.18658312,126.9056137,보안등
35.186878,126.905619,보안등
35.18688348,126.9058879,보안등
35.1866,126.90783,보안등
35.18675204,126.907928,보안등
35.18681863,126.9080554,보안등
35.18687867,126.9085527,보안등
35.18623528,126.9081896,보안등
35.18649112,126.9088372,보안등
35.18649063,126.9090168,보안등
35.1864728,126.9095235,보안등
35.186491,126.9096385,보안등
35.186486,126.910159,보안등
35.186632,126.9102752,보안등
35.186481,126.91062,보안등
35.186467,126.911016,보안등
35.186461,126.911345,보안등
35.185571,126.9112307,보안등
35.185571,126.9112307,보안등
35.18559161,126.9102129,보안등
35.185343,126.9102086,보안등
35.185165,126.910649,보안등
35.18503258,126.911088,보안등
35.18506663,126.9100473,보안등
35.185182,126.909496,보안등
35.185397,126.909306,보안등
35.185874,126.9090836,보안등
35.18576551,126.9095232,보안등
35.18564867,126.9098573,보안등
35.18605674,126.9097694,보안등
35.18575837,126.9099841,보안등
35.18623101,126.909286,보안등
35.186325,126.9094175,보안등
35.18629826,126.9088694,보안등
35.18557637,126.908733,보안등
35.182612,126.907334,보안등
35.182441,126.9075495,보안등
35.18198556,126.9076547,보안등
35.18197842,126.907562,보안등
35.18209731,126.907989,보안등
35.183083,126.908646,보안등
35.18301091,126.908801,보안등
35.182952,126.9091455,보안등
35.1829328,126.9094375,보안등
35.1829125,126.9097348,보안등
35.18590225,126.9119857,보안등
35.18590225,126.9119857,보안등
35.1852046,126.9122539,보안등
35.18590225,126.9119857,보안등
35.1852439,126.9132281,보안등
35.183999,126.912508,보안등
35.18401905,126.9123565,보안등
35.18404926,126.9121226,보안등
35.1853768,126.9152031,보안등
35.185396,126.9154228,보안등
35.185541,126.9152884,보안등
35.18538012,126.915597,보안등
35.18558877,126.9156658,보안등
35.185247,126.915764,보안등
35.18568919,126.9156779,보안등
35.186032,126.9156878,보안등
35.186294,126.915893,보안등
35.1864609,126.9159128,보안등
35.1864315,126.916439,보안등
35.1864281,126.9168324,보안등
35.18651806,126.9154009,보안등
35.186028,126.91537,보안등
35.18582268,126.9152992,보안등
35.185374,126.914862,보안등
35.18581897,126.9151504,보안등
35.18605423,126.9151529,보안등
35.18631644,126.915125,보안등
35.18631644,126.915134,보안등
35.18652857,126.91487,보안등
35.18618641,126.9145679,보안등
35.1860365,126.9145577,보안등
35.18582414,126.9145433,보안등
35.18539,126.914577,보안등
35.18536189,126.9142397,보안등
35.18581935,126.9144101,보안등
35.18607535,126.9144198,보안등
35.18654003,126.914245,보안등
35.18654457,126.9138742,보안등
35.18637263,126.913884,보안등
35.185942,126.9137961,보안등
35.18583956,126.9137913,보안등
35.18537865,126.913836,보안등
35.1855132,126.913693,보안등
35.18563052,126.913246,보안등
35.18560484,126.913455,보안등
35.185686,126.9136342,보안등
35.18622614,126.913611,보안등
35.18657713,126.9134071,보안등
35.18652109,126.9130607,보안등
35.18652109,126.9130607,보안등
35.186197,126.91215,보안등
35.18729569,126.9139104,보안등
35.18759497,126.9139552,보안등
35.18795942,126.9137377,보안등
35.18728737,126.9141222,보안등
35.18771534,126.914196,보안등
35.18688468,126.9148875,보안등
35.18836476,126.914308,보안등
35.18836659,126.9146759,보안등
35.187906,126.9145411,보안등
35.18759,126.9145051,보안등
35.187427,126.9147252,보안등
35.18724829,126.9152055,보안등
35.18725422,126.9152988,보안등
35.187426,126.9153673,보안등
35.18772919,126.9153698,보안등
35.187411,126.9157748,보안등
35.18758586,126.9160019,보안등
35.18723915,126.9160611,보안등
35.18747,126.9164024,보안등
35.187722,126.9164147,보안등
35.1874,126.9165515,보안등
35.187572,126.9165574,보안등
35.18776145,126.9152286,보안등
35.188565,126.9146866,보안등
35.188571,126.9143691,보안등
35.1884938,126.9138295,보안등
35.188647,126.9138603,보안등
35.18817952,126.9135989,보안등
35.18885305,126.9142921,보안등
35.18886657,126.9144199,보안등
35.18938836,126.9149285,보안등
35.18922365,126.9143599,보안등
35.18941417,126.914436,보안등
35.18943115,126.9139998,보안등
35.18969069,126.9140436,보안등
35.18994157,126.9140957,보안등
35.1898756,126.9144972,보안등
35.189774,126.9144704,보안등
35.188334,126.91322,보안등
35.188403,126.912857,보안등
35.188006,126.9127629,보안등
35.18776733,126.912778,보안등
35.187395,126.912969,보안등
35.18734864,126.9127119,보안등
35.18735242,126.912578,보안등
35.188481,126.912504,보안등
35.188148,126.9126157,보안등
35.189721,126.9149055,보안등
35.18992449,126.914928,보안등
35.190542,126.915145,보안등
35.19074,126.915142,보안등
35.19141501,126.9169449,보안등
35.19122703,126.9156287,보안등
35.19259316,126.9157611,보안등
35.192218,126.916111,보안등
35.19258996,126.9163513,보안등
35.19335038,126.9171628,보안등
35.19335038,126.9171628,보안등
35.19335038,126.9171628,보안등
35.19335038,126.9171628,보안등
35.193368,126.9171628,보안등
35.19335038,126.9171628,보안등
35.19326205,126.91522,보안등
35.19455825,126.916731,보안등
35.19432749,126.9163083,보안등
35.19455825,126.91677,보안등
35.18217572,126.9077844,보안등
35.182332,126.908326,보안등
35.18209,126.908439,보안등
35.18187718,126.9078937,보안등
35.18172143,126.908093,보안등
35.18183,126.9075763,보안등
35.18240273,126.9061475,보안등
35.17535187,126.9119772,보안등
35.1873964,126.908411,보안등
35.18721335,126.9083199,보안등
35.187568,126.9082439,보안등
35.18876566,126.9072371,보안등
35.18815885,126.9066084,보안등
35.189699,126.912576,보안등
35.189649,126.91306,보안등
35.189608,126.9131882,보안등
35.186284,126.9096459,보안등
35.19061,126.905701,보안등
35.190774,126.9057304,보안등
35.19226254,126.9062983,보안등
35.19125542,126.906683,보안등
35.19104166,126.906901,보안등
35.191264,126.907241,보안등
35.191636,126.907466,보안등
35.19180892,126.9076308,보안등
35.19210881,126.9081067,보안등
35.191689,126.9086583,보안등
35.19185148,126.908593,보안등
35.19213339,126.908967,보안등
35.19270731,126.9089532,보안등
35.19264088,126.909467,보안등
35.19253019,126.909549,보안등
35.19291557,126.909769,보안등
35.192661,126.910264,보안등
35.19301607,126.9099721,보안등
35.19311898,126.9109116,보안등
35.193426,126.9112896,보안등
35.19336,126.9115747,보안등
35.19311898,126.9109116,보안등
35.1919497,126.9109781,보안등
35.19165922,126.9118397,보안등
35.1921834,126.9129287,보안등
35.19382995,126.9133758,보안등
35.18688468,126.9148875,보안등
35.19128087,126.9114002,보안등
35.191317,126.9099338,보안등
35.19064353,126.9093713,보안등
35.19131128,126.9099338,보안등
35.191361,126.908952,보안등
35.1909353,126.9067258,보안등
35.190683,126.9067575,보안등
35.1903901,126.9069192,보안등
35.18277515,126.908616,보안등
35.182742,126.9087785,보안등
35.1824,126.9078305,보안등
35.18837581,126.9138508,보안등
35.18744275,126.907857,보안등
35.18837458,126.9068375,보안등
35.188462,126.908343,보안등
35.19166417,126.9089491,보안등
35.184227,126.91053,보안등
35.18422634,126.909505,보안등
35.188452,126.9113606,보안등
35.18729281,126.9085055,보안등
35.1848459,126.9090003,보안등
35.18557637,126.9087216,보안등
35.1889143,126.914883,보안등
35.1863923,126.9145134,보안등
35.1898892,126.9141731,보안등
35.1873534,126.9085512,보안등
35.1860259,126.9055843,보안등
35.18559898,126.9067049,보안등
35.19259316,126.9157611,보안등
35.19259316,126.9157611,보안등
35.1890365,126.9141482,보안등
35.18894176,126.9116838,보안등
35.1821396,126.9074308,보안등
35.18953957,126.9106203,보안등
35.1882942,126.911746,보안등
35.18876566,126.9072371,보안등
35.18959387,126.9107909,보안등
35.18876566,126.9072371,보안등
35.19467911,126.9165785,보안등
35.1830241,126.9094508,보안등
35.195059,126.915203,보안등
35.18559898,126.9067049,보안등
35.19090071,126.9022227,보안등
35.19122383,126.9022074,보안등
35.19166007,126.9021847,보안등
35.19192,126.902221,보안등
35.1923868,126.9018103,보안등
35.19290886,126.902202,보안등
35.19296967,126.902453,보안등
35.19319364,126.9023018,보안등
35.1925396,126.9023906,보안등
35.19234374,126.9024015,보안등
35.19288806,126.9029451,보안등
35.19288806,126.9029451,보안등
35.19288806,126.9029451,보안등
35.19221866,126.9034395,보안등
35.192381,126.9040369,보안등
35.19224044,126.9040783,보안등
35.19239301,126.9042799,보안등
35.19221866,126.9034395,보안등
35.192008,126.903728,보안등
35.19184335,126.903742,보안등
35.19187309,126.903917,보안등
35.19193662,126.90418,보안등
35.191933,126.9042976,보안등
35.191548,126.903723,보안등
35.191313,126.9038136,보안등
35.19140302,126.903209,보안등
35.191643,126.903294,보안등
35.19122937,126.903927,보안등
35.19134889,126.904079,보안등
35.19155217,126.904296,보안등
35.191736,126.904632,보안등
35.1909991,126.903329,보안등
35.1909308,126.903329,보안등
35.1906608,126.9031544,보안등
35.190739,126.9030202,보안등
35.19095037,126.9030015,보안등
35.19127454,126.9028352,보안등
35.19149484,126.9030694,보안등
35.191965,126.9030648,보안등
35.191469,126.9024399,보안등
35.19173053,126.9027044,보안등
35.19114534,126.9023344,보안등
35.19090071,126.9022227,보안등
35.190751,126.902372,보안등
35.19024161,126.9021883,보안등
35.19024161,126.9021883,보안등
35.19030049,126.9024385,보안등
35.19034271,126.9025933,보안등
35.190442,126.9029702,보안등
35.19039316,126.9032364,보안등
35.19064097,126.9039498,보안등
35.19047379,126.9038608,보안등
35.19028514,126.9038667,보안등
35.1901948,126.9041744,보안등
35.18998835,126.904294,보안등
35.19011085,126.904523,보안등
35.18995402,126.9047114,보안등
35.18928901,126.9046094,보안등
35.189411,126.9046743,보안등
35.18958175,126.905058,보안등
35.189759,126.90519,보안등
35.189947,126.9049202,보안등
35.190162,126.9048234,보안등
35.19051096,126.9049398,보안등
35.19017852,126.904607,보안등
35.189424,126.9042938,보안등
35.19090563,126.9040919,보안등
35.19090563,126.9040919,보안등
35.1898,126.9038456,보안등
35.1899466,126.9038653,보안등
35.18979293,126.903481,보안등
35.19005162,126.9029861,보안등
35.18980846,126.9028013,보안등
35.190004,126.9023973,보안등
35.189982,126.901987,보안등
35.18953681,126.9023683,보안등
35.18950261,126.9033409,보안등
35.18916521,126.9030773,보안등
35.18898175,126.9036015,보안등
35.18874023,126.9028638,보안등
35.18894233,126.902778,보안등
35.18899471,126.9024545,보안등
35.18899471,126.9024545,보안등
35.18838967,126.9021622,보안등
35.18806023,126.9025057,보안등
35.18811597,126.902631,보안등
35.188026,126.902991,보안등
35.188287,126.9030821,보안등
35.19090563,126.9040919,보안등
35.18874023,126.9028638,보안등
35.18800563,126.9032114,보안등
35.187807,126.9038745,보안등
35.187898,126.9038745,보안등
35.19090563,126.9040919,보안등
35.1882609,126.903489,보안등
35.19090563,126.9040919,보안등
35.19090563,126.9040919,보안등
35.19090563,126.9040919,보안등
35.19090563,126.9040919,보안등
35.187609,126.904731,보안등
35.187525,126.9043916,보안등
35.187361,126.904197,보안등
35.1876,126.9036277,보안등
35.187355,126.9027023,보안등
35.187799,126.902147,보안등
35.18785043,126.901916,보안등
35.187897,126.901675,보안등
35.18828414,126.902121,보안등
35.188342,126.9021622,보안등
35.187894,126.9014532,보안등
35.1877868,126.9007831,보안등
35.18779062,126.9003805,보안등
35.187608,126.9004034,보안등
35.1880704,126.9007098,보안등
35.1877478,126.8998301,보안등
35.187738,126.8998301,보안등
35.187573,126.899791,보안등
35.18780938,126.8996376,보안등
35.1880704,126.9007098,보안등
35.18850112,126.9004474,보안등
35.18850112,126.9004798,보안등
35.18850929,126.9001927,보안등
35.1881869,126.899897,보안등
35.18850613,126.8992051,보안등
35.18887341,126.8995056,보안등
35.18959844,126.899699,보안등
35.18955922,126.899931,보안등
35.18955922,126.899906,보안등
35.18955922,126.899906,보안등
35.18955922,126.899906,보안등
35.18979342,126.8998219,보안등
35.18979342,126.8998219,보안등
35.18955922,126.899906,보안등
35.18955922,126.899906,보안등
35.18869,126.9002656,보안등
35.18864987,126.9002656,보안등
35.18864987,126.9002656,보안등
35.18918711,126.9005196,보안등
35.18966739,126.9010268,보안등
35.18966739,126.9010077,보안등
35.18966739,126.9010077,보안등
35.18966739,126.9010077,보안등
35.19004616,126.9004859,보안등
35.19024149,126.9005987,보안등
35.19024149,126.9005987,보안등
35.1904765,126.9009482,보안등
35.1904771,126.9011352,보안등
35.1904358,126.9014084,보안등
35.1904352,126.9016792,보안등
35.190483,126.90063,보안등
35.19049,126.900377,보안등
35.190506,126.900169,보안등
35.190308,126.900193,보안등
35.1905259,126.9000101,보안등
35.1905428,126.899776,보안등
35.1906028,126.8997042,보안등
35.191042,126.899656,보안등
35.19143578,126.8994958,보안등
35.191476,126.8994958,보안등
35.19220189,126.89974,보안등
35.1922159,126.899725,보안등
35.19220189,126.899726,보안등
35.19181726,126.899529,보안등
35.18842055,126.899889,보안등
35.19167514,126.8999979,보안등
35.19167514,126.8999979,보안등
35.19166345,126.9005754,보안등
35.190629,126.900848,보안등
35.190774,126.900846,보안등
35.19065824,126.9002248,보안등
35.19133884,126.9015287,보안등
35.19160036,126.9013562,보안등
35.19159723,126.901145,보안등
35.19196365,126.9010727,보안등
35.19255,126.900976,보안등
35.193019,126.90098,보안등
35.18873642,126.9020546,보안등
35.18903715,126.9019898,보안등
35.186987,126.9026174,보안등
35.18656844,126.9028417,보안등
35.186741,126.9023711,보안등
35.1864106,126.9026899,보안등
35.1865041,126.9024434,보안등
35.18665212,126.9021558,보안등
35.186403,126.9030684,보안등
35.18701143,126.903317,보안등
35.1864107,126.9035188,보안등
35.18647581,126.9038545,보안등
35.18689,126.9038414,보안등
35.186746,126.9038255,보안등
35.18701852,126.904324,보안등
35.18689852,126.9041515,보안등
35.186777,126.9045689,보안등
35.18662081,126.9047176,보안등
35.18648152,126.9047942,보안등
35.1864299,126.9044453,보안등
35.18647142,126.9043218,보안등
35.1866375,126.9041656,보안등
35.18619554,126.9042471,보안등
35.18619554,126.9042471,보안등
35.18631204,126.903938,보안등
35.18609062,126.9041275,보안등
35.1859499,126.9043466,보안등
35.18599195,126.9045866,보안등
35.18599195,126.9045025,보안등
35.185647,126.9042903,보안등
35.1854721,126.9043469,보안등
35.18583242,126.904459,보안등
35.18602875,126.904634,보안등
35.18556436,126.9048675,보안등
35.18467352,126.9046014,보안등
35.18481106,126.905046,보안등
35.18497031,126.905023,보안등
35.18519338,126.9050051,보안등
35.18519338,126.9050051,보안등
35.185329,126.9048712,보안등
35.18532181,126.904521,보안등
35.18516183,126.904244,보안등
35.184691,126.904046,보안등
35.18505158,126.9039472,보안등
35.185177,126.9040998,보안등
35.185073,126.9036801,보안등
35.184996,126.9030497,보안등
35.18500649,126.90264,보안등
35.19090524,126.904821,보안등
35.188982,126.905031,보안등
35.18688358,126.9003762,보안등
35.18644132,126.9001943,보안등
35.18645146,126.9003687,보안등
35.18688358,126.9003762,보안등
35.18624884,126.8987411,보안등
35.18624884,126.8987411,보안등
35.18624884,126.8987411,보안등
35.18624884,126.8987411,보안등
35.19173053,126.9027044,보안등
35.19166345,126.9005754,보안등
35.19281604,126.9012735,보안등
35.19190298,126.9024026,보안등
35.19082065,126.9046796,보안등
35.1848556,126.9057708,보안등
35.1848799,126.9052192,보안등
35.18923544,126.9037347,보안등
35.18923544,126.9037774,보안등
35.189275,126.9037774,보안등
35.18903715,126.9019898,보안등
35.19090563,126.9040919,보안등
35.1896091,126.9042974,보안등
35.1911141,126.9038099,보안등
35.190965,126.9040919,보안등
35.19090563,126.9040919,보안등
35.1877016,126.902919,보안등
35.19230417,126.901077,보안등
35.1879158,126.8995414,보안등
35.25214577,126.9180472,보안등
35.2528381,126.918065,보안등
35.252926,126.9182051,보안등
35.25328847,126.917805,보안등
35.2530789,126.9182769,보안등
35.25332523,126.9182637,보안등
35.253509,126.917857,보안등
35.253799,126.9180963,보안등
35.25428709,126.9180491,보안등
35.25266899,126.9177776,보안등
35.25472949,126.9179011,보안등
35.25346612,126.9174461,보안등
35.25247301,126.917047,보안등
35.25247301,126.917047,보안등
35.25247301,126.9170573,보안등
35.25072188,126.9164139,보안등
35.2502316,126.9164183,보안등
35.24832153,126.8960911,보안등
35.25015499,126.9048344,보안등
35.24939565,126.9043066,보안등
35.25266899,126.9177776,보안등
35.252664,126.9182114,보안등
35.25214577,126.9180472,보안등
35.2522413,126.9183971,보안등
35.2522359,126.9190999,보안등
35.25214646,126.918625,보안등
35.25193586,126.9190151,보안등
35.25088589,126.9034882,보안등
35.251747,126.9039481,보안등
35.25138992,126.904503,보안등
35.25124556,126.9043658,보안등
35.250943,126.9040138,보안등
35.2507394,126.9044088,보안등
35.25060221,126.90463,보안등
35.251019,126.9048193,보안등
35.25123408,126.9049611,보안등
35.25098281,126.904674,보안등
35.25019267,126.9046785,보안등
35.25266899,126.9177776,보안등
35.25047516,126.9049157,보안등
35.25059266,126.9054478,보안등
35.25095234,126.9051537,보안등
35.250397,126.9045645,보안등
35.24985516,126.9041636,보안등
35.24975957,126.9044391,보안등
35.25050135,126.9039513,보안등
35.25011677,126.9038741,보안등
35.25051056,126.9032257,보안등
35.24809628,126.9017994,보안등
35.25028428,126.9030819,보안등
35.24973684,126.9027846,보안등
35.24918639,126.9023921,보안등
35.24918639,126.9023921,보안등
35.2483065,126.9021378,보안등
35.24805026,126.9016844,보안등
35.2474362,126.9013013,보안등
35.24681781,126.9006497,보안등
35.2463694,126.9009167,보안등
35.24709306,126.9004429,보안등
35.2468178,126.8998968,보안등
35.24731565,126.8994712,보안등
35.24738,126.897897,보안등
35.24807506,126.8968844,보안등
35.24835254,126.8960911,보안등
35.2485058,126.8957442,보안등
35.24900174,126.8954226,보안등
35.24872406,126.8955116,보안등
35.24799142,126.896076,보안등
35.248019,126.8955684,보안등
35.24788437,126.8955606,보안등
35.24768202,126.8951408,보안등
35.247707,126.895134,보안등
35.24879642,126.8958995,보안등
35.25093526,126.9054417,보안등
35.2514222,126.9164328,보안등
35.25363753,126.9171749,보안등
35.25221791,126.9194375,보안등
35.25157131,126.905018,보안등
35.25214577,126.9180472,보안등
35.24856357,126.8961216,보안등
35.24877083,126.8969611,보안등
35.24879642,126.8958995,보안등
35.24822939,126.895752,보안등
35.25090937,126.9240476,보안등
35.25165893,126.9192939,보안등
35.22161657,126.8755399,보안등
35.22261915,126.8730225,보안등
35.2218646,126.8754225,보안등
35.22182421,126.8754225,보안등
35.2219048,126.8748789,보안등
35.22208715,126.8720194,보안등
35.22176201,126.8711989,보안등
35.22232614,126.875135,보안등
35.22147154,126.8705152,보안등
35.2221029,126.874718,보안등
35.22203952,126.8744377,보안등
35.22218127,126.875511,보안등
35.2229552,126.8739977,보안등
35.2228598,126.8731979,보안등
35.22292895,126.8729529,보안등
35.22348,126.872447,보안등
35.2238191,126.8716486,보안등
35.2238805,126.8711863,보안등
35.22285732,126.8741009,보안등
35.2227831,126.8743613,보안등
35.2226094,126.8746799,보안등
35.222256,126.8748248,보안등
35.22232614,126.8751277,보안등
35.2223895,126.8751179,보안등
35.2222664,126.8744549,보안등
35.22235925,126.8755257,보안등
35.22173278,126.8760829,보안등
35.221764,126.876091,보안등
35.22132172,126.876091,보안등
35.22220093,126.87582,보안등
35.22220093,126.87582,보안등
35.22176539,126.876252,보안등
35.22164995,126.8768025,보안등
35.2216932,126.8772408,보안등
35.22139181,126.8777032,보안등
35.2211508,126.8780338,보안등
35.22112206,126.8785315,보안등
35.22079357,126.8763908,보안등
35.2206449,126.8765833,보안등
35.22048158,126.8769426,보안등
35.22088589,126.869415,보안등
35.22089317,126.8695036,보안등
35.21309413,126.8767831,보안등
35.2129724,126.8756715,보안등
35.22114524,126.8760759,보안등
35.22810415,126.8712647,보안등
35.213142,126.874077,보안등
35.21324587,126.8743881,보안등
35.21450336,126.8767305,보안등
35.22825936,126.8716138,보안등
35.220551,126.8755362,보안등
35.2215396,126.8749876,보안등
35.220612,126.874756,보안등
35.2134062,126.8769842,보안등
35.22346072,126.8706247,보안등
35.221085,126.875397,보안등
35.22105223,126.8753879,보안등
35.22105223,126.8753879,보안등
35.22105223,126.8753879,보안등
35.22073,126.8741368,보안등
35.22073292,126.873882,보안등
35.22076,126.8739118,보안등
35.22073292,126.8738112,보안등
35.221207,126.8749563,보안등
35.22105223,126.8753879,보안등
35.2216713,126.8742046,보안등
35.22129454,126.8745562,보안등
35.22100278,126.875854,보안등
35.2211721,126.8760759,보안등
35.2212963,126.8756317,보안등
35.2214028,126.8751903,보안등
35.221081,126.8748769,보안등
35.22144364,126.8751903,보안등
35.22144364,126.8751903,보안등
35.21299753,126.8759211,보안등
35.213266,126.876433,보안등
35.21285932,126.8759781,보안등
35.21282,126.876173,보안등
35.2129109,126.876453,보안등
35.21285932,126.8759781,보안등
35.21332,126.8765665,보안등
35.213023,126.87657,보안등
35.213152,126.876876,보안등
35.21332808,126.877248,보안등
35.21346088,126.8772127,보안등
35.21354216,126.877155,보안등
35.21355791,126.877385,보안등
35.21349133,126.876804,보안등
35.213464,126.8764657,보안등
35.21309413,126.8767831,보안등
35.21379847,126.8771631,보안등
35.21391051,126.8765397,보안등
35.21410472,126.8766893,보안등
35.21424757,126.8763208,보안등
35.21422547,126.877138,보안등
35.2147498,126.8772018,보안등
35.21474,126.8775984,보안등
35.215064,126.877025,보안등
35.21524901,126.876793,보안등
35.21533938,126.8767689,보안등
35.215418,126.8771873,보안등
35.21562656,126.8773112,보안등
35.21541782,126.8775942,보안등
35.215053,126.877827,보안등
35.21541782,126.8775942,보안등
35.21478335,126.8775941,보안등
35.215715,126.878257,보안등
35.216131,126.878394,보안등
35.21307759,126.8738534,보안등
35.21315098,126.8736142,보안등
35.21321899,126.8733091,보안등
35.21321912,126.8730936,보안등
35.21232734,126.8732791,보안등
35.21351603,126.8725803,보안등
35.21348705,126.872212,보안등
35.21359329,126.8719148,보안등
35.21295482,126.8741063,보안등
35.21372292,126.8722679,보안등
35.21437895,126.8722916,보안등
35.2144749,126.8728655,보안등
35.21435001,126.873236,보안등
35.214688,126.8733833,보안등
35.21502939,126.8742154,보안등
35.215236,126.873255,보안등
35.215451,126.872954,보안등
35.21516187,126.8728503,보안등
35.21544144,126.872913,보안등
35.2159241,126.8724549,보안등
35.21314993,126.8743328,보안등
35.21529,126.8721782,보안등
35.21566896,126.872106,보안등
35.215956,126.8717949,보안등
35.21640145,126.8720819,보안등
35.218012,126.8709177,보안등
35.21827318,126.8701188,보안등
35.2193639,126.8711531,보안등
35.21899841,126.8720733,보안등
35.2181403,126.8737363,보안등
35.213287,126.8760607,보안등
35.21306934,126.875975,보안등
35.21615555,126.8724147,보안등
35.21617,126.87288,보안등
35.21616597,126.8732399,보안등
35.21474616,126.8739305,보안등
35.214099,126.874062,보안등
35.213381,126.8742966,보안등
35.21314993,126.8743328,보안등
35.2134304,126.8785526,보안등
35.21348699,126.8780765,보안등
35.221699,126.8747273,보안등
35.2149395,126.8774964,보안등
35.22010365,126.870679,보안등
35.22100046,126.8769115,보안등
35.21478981,126.8727422,보안등
35.2143402,126.8776466,보안등
35.21430042,126.877679,보안등
35.2140959,126.878469,보안등
35.21348699,126.8780765,보안등
35.2255558,126.8679202,보안등
35.2257198,126.8685763,보안등
35.22499535,126.8685321,보안등
35.22472278,126.8686956,보안등
35.22468916,126.8690956,보안등
35.22431406,126.8695701,보안등
35.21406102,126.8773445,보안등
35.2144524,126.8770035,보안등
35.21443313,126.8770035,보안등
35.2207069,126.8741368,보안등
35.2153373,126.8728346,보안등
35.21822669,126.8734607,보안등
35.1751472,126.91402,보안등
35.17526,126.9135893,보안등
35.17502538,126.9137045,보안등
35.17541832,126.9135062,보안등
35.17501038,126.9131436,보안등
35.174911,126.9129262,보안등
35.175461,126.913106,보안등
35.175428,126.913391,보안등
35.17546719,126.9136447,보안등
35.17673653,126.9144603,보안등
35.1761631,126.915677,보안등
35.176104,126.9153481,보안등
35.17611,126.9150788,보안등
35.176108,126.914897,보안등
35.176077,126.914448,보안등
35.176321,126.914434,보안등
35.17595016,126.914097,보안등
35.175972,126.913758,보안등
35.175951,126.9136956,보안등
35.17594,126.913165,보안등
35.1762,126.9132166,보안등
35.17637032,126.9132265,보안등
35.1763909,126.9136463,보안등
35.176538,126.9136485,보안등
35.1800098,126.9022186,보안등
35.17672641,126.914518,보안등
35.176486,126.9148319,보안등
35.17637922,126.914936,보안등
35.176528,126.915507,보안등
35.17712503,126.9155608,보안등
35.17713099,126.9151544,보안등
35.17712077,126.9149904,보안등
35.17589377,126.8955302,보안등
35.1770381,126.9146927,보안등
35.1769452,126.9145207,보안등
35.1770136,126.9142854,보안등
35.17709385,126.9141318,보안등
35.1769721,126.9133091,보안등
35.17676903,126.913153,보안등
35.1767529,126.912556,보안등
35.176602,126.9127641,보안등
35.177289,126.9128335,보안등
35.17708942,126.9128546,보안등
35.17743811,126.9130335,보안등
35.177814,126.9131504,보안등
35.17762055,126.9125473,보안등
35.17801047,126.9129098,보안등
35.17801047,126.9129098,보안등
35.178062,126.9125865,보안등
35.17835032,126.912596,보안등
35.178334,126.912793,보안등
35.17727613,126.913081,보안등
35.1774228,126.9135289,보안등
35.17750591,126.9133172,보안등
35.177443,126.91398,보안등
35.1775819,126.9138311,보안등
35.177349,126.9145233,보안등
35.17756341,126.9148374,보안등
35.177667,126.914833,보안등
35.17762308,126.915263,보안등
35.17808125,126.9154687,보안등
35.1779564,126.9152082,보안등
35.17800093,126.9149611,보안등
35.177941,126.9148111,보안등
35.1779302,126.9145906,보안등
35.177781,126.9145274,보안등
35.177986,126.9141087,보안등
35.1790077,126.9129284,보안등
35.17535187,126.9119772,보안등
35.17781335,126.9133017,보안등
35.178067,126.9131694,보안등
35.17817316,126.913091,보안등
35.1781964,126.9135165,보안등
35.17836955,126.9137694,보안등
35.1781925,126.9139504,보안등
35.178231,126.914386,보안등
35.178297,126.9149007,보안등
35.17823281,126.914912,보안등
35.1783234,126.9151218,보안등
35.17828222,126.915494,보안등
35.17896841,126.9154527,보안등
35.17895323,126.9148545,보안등
35.17535187,126.9119772,보안등
35.1788452,126.9144904,보안등
35.178573,126.9144303,보안등
35.17863861,126.914073,보안등
35.1786852,126.9137956,보안등
35.1788216,126.9137908,보안등
35.17853274,126.9133218,보안등
35.1786233,126.9129317,보안등
35.17858021,126.9124025,보안등
35.1787462,126.9129139,보안등
35.17931738,126.9133426,보안등
35.17923536,126.9138481,보안등
35.1789795,126.9143442,보안등
35.17924304,126.914308,보안등
35.1792199,126.9145414,보안등
35.179396,126.9145412,보안등
35.17930607,126.9149269,보안등
35.179327,126.9149269,보안등
35.179242,126.915526,보안등
35.17950338,126.9155832,보안등
35.179463,126.915105,보안등
35.17973491,126.9146355,보안등
35.17950957,126.91414,보안등
35.179515,126.913864,보안등
35.179495,126.9136938,보안등
35.179672,126.9141861,보안등
35.179742,126.9138826,보안등
35.17974347,126.9137387,보안등
35.17985712,126.9133398,보안등
35.17991991,126.9127985,보안등
35.17929679,126.912835,보안등
35.1791633,126.9129273,보안등
35.17921,126.913034,보안등
35.1790365,126.9131116,보안등
35.180426,126.913874,보안등
35.180634,126.913915,보안등
35.180868,126.913978,보안등
35.181194,126.914072,보안등
35.181329,126.914104,보안등
35.18066875,126.9135476,보안등
35.18090306,126.9134847,보안등
35.1809575,126.913174,보안등
35.18069232,126.9129716,보안등
35.1812329,126.9133045,보안등
35.1810283,126.9129168,보안등
35.18094154,126.9127961,보안등
35.18051924,126.9128151,보안등
35.18124008,126.9129773,보안등
35.18112931,126.9126569,보안등
35.180837,126.9125503,보안등
35.181144,126.9126225,보안등
35.18137,126.912621,보안등
35.181578,126.9127625,보안등
35.181885,126.9128285,보안등
35.18151731,126.9130728,보안등
35.181815,126.913021,보안등
35.1814773,126.9133799,보안등
35.181791,126.913263,보안등
35.1819102,126.91346,보안등
35.18131241,126.9136627,보안등
35.181591,126.9138156,보안등
35.1815721,126.9138156,보안등
35.18231,126.9130259,보안등
35.18231265,126.9133023,보안등
35.18261841,126.9130808,보안등
35.182602,126.913318,보안등
35.18225815,126.913521,보안등
35.182532,126.9134985,보안등
35.181928,126.913514,보안등
35.18220987,126.91384,보안등
35.18243458,126.9137735,보안등
35.18217959,126.9140334,보안등
35.18102882,126.912024,보안등
35.18115012,126.911729,보안등
35.182419,126.9108845,보안등
35.18213981,126.9108635,보안등
35.182293,126.910039,보안등
35.182268,126.910259,보안등
35.18263611,126.9102771,보안등
35.18218242,126.9105988,보안등
35.1823788,126.910718,보안등
35.18258229,126.9107506,보안등
35.182706,126.9109323,보안등
35.1829125,126.9109348,보안등
35.18279,126.9112541,보안등
35.18285352,126.911227,보안등
35.18284791,126.9106168,보안등
35.18296642,126.9104722,보안등
35.1828318,126.9103283,보안등
35.18289466,126.9103283,보안등
35.18279,126.9101687,보안등
35.182609,126.9101369,보안등
35.18293397,126.9098643,보안등
35.18313085,126.9098948,보안등
35.182471,126.9097591,보안등
35.17535187,126.9119772,보안등
35.17535187,126.9119772,보안등
35.178986,126.892199,보안등
35.179384,126.892348,보안등
35.179681,126.892355,보안등
35.17984616,126.8921751,보안등
35.1801062,126.8921683,보안등
35.18031514,126.8926831,보안등
35.18016828,126.8925552,보안등
35.180331,126.892445,보안등
35.181201,126.8927215,보안등
35.181097,126.893411,보안등
35.181391,126.89299,보안등
35.18187711,126.8925994,보안등
35.1817755,126.8925259,보안등
35.18174234,126.893119,보안등
35.18198727,126.8932202,보안등
35.18189738,126.8921762,보안등
35.18189738,126.8921762,보안등
35.18189738,126.8921762,보안등
35.18189738,126.892155,보안등
35.18232759,126.892583,보안등
35.18236427,126.8931781,보안등
35.181675,126.89348,보안등
35.182208,126.893675,보안등
35.18263043,126.8936797,보안등
35.18273707,126.8951371,보안등
35.182687,126.894817,보안등
35.182719,126.89429,보안등
35.17963411,126.8991213,보안등
35.182281,126.893747,보안등
35.1810855,126.8936786,보안등
35.18134,126.894385,보안등
35.18106,126.894235,보안등
35.18098106,126.8940086,보안등
35.181515,126.893702,보안등
35.18187,126.894082,보안등
35.181714,126.893853,보안등
35.181975,126.89374,보안등
35.18243529,126.894205,보안등
35.18218,126.894473,보안등
35.182399,126.894832,보안등
35.18121782,126.8948062,보안등
35.181623,126.894755,보안등
35.18162672,126.894383,보안등
35.181891,126.8943836,보안등
35.181894,126.8948363,보안등
35.18196734,126.894858,보안등
35.18169398,126.8948825,보안등
35.181986,126.8948551,보안등
35.182384,126.895184,보안등
35.181536,126.895019,보안등
35.180257,126.893203,보안등
35.1796046,126.8935518,보안등
35.17935,126.893534,보안등
35.1798976,126.8935646,보안등
35.180252,126.893642,보안등
35.180209,126.893884,보안등
35.179434,126.893928,보안등
35.17985033,126.8941387,보안등
35.179958,126.894042,보안등
35.18031743,126.8947832,보안등
35.18019485,126.8943753,보안등
35.18009567,126.8943547,보안등
35.17985153,126.894348,보안등
35.17941665,126.8943093,보안등
35.17931459,126.894534,보안등
35.17930824,126.8949483,보안등
35.179238,126.894172,보안등
35.17905694,126.8929641,보안등
35.17933716,126.8937949,보안등
35.17905694,126.8929641,보안등
35.1793,126.8931439,보안등
35.17919258,126.892668,보안등
35.1745781,126.8952613,보안등
35.17792137,126.892336,보안등
35.17804971,126.8923208,보안등
35.17833454,126.8923234,보안등
35.17821645,126.8927133,보안등
35.17788341,126.8944559,보안등
35.177734,126.893325,보안등
35.177419,126.893296,보안등
35.177294,126.8932957,보안등
35.1772907,126.8932957,보안등
35.177657,126.893721,보안등
35.17788341,126.8944559,보안등
35.17788341,126.8944559,보안등
35.177714,126.894094,보안등
35.1772337,126.8938747,보안등
35.17771519,126.8928665,보안등
35.1773034,126.8944042,보안등
35.17758108,126.8945553,보안등
35.17788341,126.894466,보안등
35.17788341,126.8944559,보안등
35.177946,126.894793,보안등
35.177722,126.8947638,보안등
35.1772828,126.8947832,보안등
35.17713635,126.895911,보안등
35.1771506,126.8960065,보안등
35.177666,126.895675,보안등
35.17772068,126.8962085,보안등
35.177918,126.895661,보안등
35.17782548,126.895836,보안등
35.1778642,126.8962358,보안등
35.177865,126.8965802,보안등
35.17761,126.8963442,보안등
35.177522,126.896742,보안등
35.177223,126.896615,보안등
35.17707528,126.8963823,보안등
35.178697,126.897089,보안등
35.178721,126.896803,보안등
35.178737,126.896539,보안등
35.178779,126.8962176,보안등
35.178775,126.895781,보안등
35.17903818,126.8943123,보안등
35.17903126,126.8948556,보안등
35.178922,126.894046,보안등
35.178953,126.893539,보안등
35.17926931,126.8957917,보안등
35.17895,126.896163,보안등
35.179069,126.896392,보안등
35.179332,126.896597,보안등
35.17920466,126.896588,보안등
35.179046,126.896766,보안등
35.179025,126.897458,보안등
35.179176,126.897192,보안등
35.179536,126.897187,보안등
35.179799,126.89737,보안등
35.179878,126.897128,보안등
35.1799506,126.8973298,보안등
35.1801365,126.897818,보안등
35.18036296,126.8976973,보안등
35.1801457,126.8973632,보안등
35.180375,126.8973411,보안등
35.18066391,126.897505,보안등
35.18075754,126.897845,보안등
35.1805991,126.8966261,보안등
35.180737,126.897372,보안등
35.18086919,126.8977755,보안등
35.181271,126.897691,보안등
35.181588,126.897829,보안등
35.182031,126.897922,보안등
35.1822709,126.8979094,보안등
35.18245656,126.8973351,보안등
35.18237,126.897533,보안등
35.18347332,126.8973794,보안등
35.18347332,126.8973794,보안등
35.1834048,126.8973794,보안등
35.18334278,126.8975601,보안등
35.1834449,126.8970923,보안등
35.18347332,126.8973794,보안등
35.18347332,126.8973794,보안등
35.18347332,126.8973794,보안등
35.18360197,126.895978,보안등
35.18360197,126.8959314,보안등
35.1837055,126.8957799,보안등
35.18357146,126.8951407,보안등
35.18368911,126.8949203,보안등
35.17583434,126.8932644,보안등
35.18387103,126.8946841,보안등
35.18284529,126.8961416,보안등
35.1829832,126.8965686,보안등
35.18256368,126.8971696,보안등
35.18256368,126.8971696,보안등
35.182444,126.896786,보안등
35.18226572,126.8966706,보안등
35.18222543,126.8961494,보안등
35.18222543,126.8961494,보안등
35.18221609,126.8964043,보안등
35.18221609,126.8964043,보안등
35.18181263,126.8974402,보안등
35.18183032,126.8971539,보안등
35.18161215,126.8974213,보안등
35.181023,126.897178,보안등
35.180482,126.897131,보안등
35.18065227,126.8970691,보안등
35.1806385,126.8964872,보안등
35.1806443,126.8962283,보안등
35.180086,126.8960455,보안등
35.179729,126.8965252,보안등
35.179311,126.896202,보안등
35.17932295,126.8965396,보안등
35.18048141,126.8963753,보안등
35.18284057,126.901281,보안등
35.182425,126.9005219,보안등
35.18254083,126.9003487,보안등
35.18237466,126.9000735,보안등
35.1828892,126.899939,보안등
35.182128,126.899487,보안등
35.181999,126.899405,보안등
35.18205737,126.899142,보안등
35.181868,126.898923,보안등
35.181795,126.898771,보안등
35.18284057,126.901281,보안등
35.182713,126.901558,보안등
35.1828481,126.9016693,보안등
35.182609,126.902086,보안등
35.18310455,126.9021351,보안등
35.18307794,126.9009925,보안등
35.1832852,126.9023706,보안등
35.183303,126.902044,보안등
35.183326,126.901649,보안등
35.183323,126.901319,보안등
35.1828892,126.899939,보안등
35.18307794,126.9009925,보안등
35.18307794,126.9009925,보안등
35.18307794,126.9009925,보안등
35.1828892,126.899939,보안등
35.18321082,126.9003675,보안등
35.1828892,126.899939,보안등
35.18254373,126.9007054,보안등
35.1828892,126.899939,보안등
35.18252809,126.9000977,보안등
35.1828892,126.899939,보안등
35.1828892,126.899922,보안등
35.18363473,126.899933,보안등
35.1828892,126.899939,보안등
35.1836318,126.89996,보안등
35.18335205,126.8994813,보안등
35.1830411,126.8994507,보안등
35.1828653,126.899511,보안등
35.18281929,126.899544,보안등
35.18281929,126.899544,보안등
35.18225123,126.8997007,보안등
35.18228448,126.899311,보안등
35.18274787,126.899122,보안등
35.1825269,126.8988245,보안등
35.18288829,126.8989233,보안등
35.18331795,126.899126,보안등
35.18274787,126.8991487,보안등
35.1830393,126.902903,보안등
35.182908,126.903202,보안등
35.18284318,126.9032919,보안등
35.1829388,126.903496,보안등
35.1830145,126.903541,보안등
35.18307139,126.9040636,보안등
35.183241,126.903198,보안등
35.183291,126.903691,보안등
35.18341,126.903931,보안등
35.18312306,126.9054685,보안등
35.183285,126.905042,보안등
35.183101,126.9043868,보안등
35.18292486,126.9039928,보안등
35.1817932,126.9015732,보안등
35.18276664,126.9037214,보안등
35.1827029,126.9034801,보안등
35.1826062,126.90327,보안등
35.1824484,126.9029727,보안등
35.18259818,126.9024868,보안등
35.18227356,126.9020971,보안등
35.18185163,126.9018663,보안등
35.18027272,126.8983285,보안등
35.18192047,126.9015145,보안등
35.1817465,126.9011916,보안등
35.181969,126.9010759,보안등
35.181863,126.901262,보안등
35.18180238,126.9004979,보안등
35.18180238,126.9004979,보안등
35.1818607,126.9040818,보안등
35.18046507,126.8986925,보안등
35.180761,126.899048,보안등
35.180826,126.899256,보안등
35.18087943,126.8994601,보안등
35.18095206,126.8997637,보안등
35.1810213,126.8998926,보안등
35.181231,126.9004543,보안등
35.18136,126.9006499,보안등
35.177742,126.9130955,보안등
35.181572,126.9011548,보안등
35.1814817,126.9012941,보안등
35.18133527,126.900941,보안등
35.181347,126.9009966,보안등
35.18130753,126.901381,보안등
35.18120987,126.9005536,보안등
35.18078964,126.900199,보안등
35.180607,126.899939,보안등
35.18063679,126.89979,보안등
35.18103103,126.9007545,보안등
35.1786955,126.9154898,보안등
35.17899888,126.9013505,보안등
35.18091537,126.9026203,보안등
35.181038,126.9026401,보안등
35.18125418,126.902775,보안등
35.18156576,126.90287,보안등
35.181973,126.9023439,보안등
35.181938,126.9027663,보안등
35.18161391,126.902551,보안등
35.181869,126.902975,보안등
35.181809,126.903283,보안등
35.18134174,126.903189,보안등
35.18122949,126.9030727,보안등
35.180833,126.9029695,보안등
35.181239,126.902039,보안등
35.181651,126.9018383,보안등
35.181408,126.9019197,보안등
35.18104279,126.9024312,보안등
35.181279,126.9025881,보안등
35.180335,126.899911,보안등
35.180301,126.899911,보안등
35.180058,126.90009,보안등
35.18016397,126.9000388,보안등
35.17966057,126.9001573,보안등
35.18021541,126.900703,보안등
35.18028406,126.900967,보안등
35.18011696,126.901264,보안등
35.180106,126.9012993,보안등
35.17983406,126.9012358,보안등
35.180008,126.90155,보안등
35.18000075,126.9019368,보안등
35.17993361,126.902211,보안등
35.1797674,126.9029585,보안등
35.18001472,126.9026071,보안등
35.180128,126.902844,보안등
35.180243,126.9025754,보안등
35.1802957,126.902295,보안등
35.1803242,126.9020367,보안등
35.18042059,126.9013741,보안등
35.1805901,126.9006529,보안등
35.17936884,126.9012331,보안등
35.18085016,126.9012437,보안등
35.18078043,126.9018318,보안등
35.18085016,126.9012437,보안등
35.1812229,126.9012716,보안등
35.17663963,126.8918085,보안등
35.1800591,126.912829,보안등
35.17684922,126.8908159,보안등
35.17716396,126.890664,보안등
35.17705697,126.8908296,보안등
35.1776835,126.890469,보안등
35.17784928,126.8907429,보안등
35.17784928,126.8907429,보안등
35.17784928,126.8907429,보안등
35.174825,126.893529,보안등
35.17502004,126.8936195,보안등
35.17514248,126.893861,보안등
35.17505126,126.8943709,보안등
35.1749448,126.8945722,보안등
35.17466168,126.8947717,보안등
35.17466168,126.8947717,보안등
35.17435997,126.8950523,보안등
35.174401,126.894534,보안등
35.17468445,126.8942119,보안등
35.18272961,126.9092238,보안등
35.182693,126.9093305,보안등
35.174634,126.8964221,보안등
35.17461016,126.8969081,보안등
35.18161447,126.902189,보안등
35.181681,126.90211,보안등
35.178492,126.9032903,보안등
35.18143213,126.8977572,보안등
35.17396355,126.89713,보안등
35.17535187,126.9119772,보안등
35.17535187,126.9119772,보안등
35.17457402,126.8966538,보안등
35.174728,126.8966363,보안등
35.17460128,126.896564,보안등
35.17443729,126.8963999,보안등
35.17416456,126.8965258,보안등
35.17535187,126.9119772,보안등
35.1749762,126.8967996,보안등
35.175143,126.896796,보안등
35.17501758,126.8966063,보안등
35.175217,126.897059,보안등
35.17526175,126.8973381,보안등
35.175257,126.8973381,보안등
35.1754534,126.8970635,보안등
35.17535187,126.9119772,보안등
35.17587658,126.897468,보안등
35.17587117,126.8972468,보안등
35.17535187,126.9119772,보안등
35.17602261,126.89785,보안등
35.176232,126.8977164,보안등
35.17535187,126.9119772,보안등
35.17629038,126.898304,보안등
35.1764311,126.898218,보안등
35.176677,126.89795,보안등
35.176892,126.8979286,보안등
35.176512,126.897711,보안등
35.176365,126.8972862,보안등
35.176272,126.897078,보안등
35.1770399,126.8976184,보안등
35.177369,126.897743,보안등
35.17718082,126.8979801,보안등
35.1769396,126.898234,보안등
35.1768963,126.8987817,보안등
35.17719546,126.8986566,보안등
35.17749914,126.8976027,보안등
35.1775065,126.898042,보안등
35.17737679,126.898478,보안등
35.17727111,126.8988463,보안등
35.17705291,126.8989573,보안등
35.17694272,126.899056,보안등
35.17673653,126.9144603,보안등
35.176969,126.899352,보안등
35.177248,126.8992681,보안등
35.1771818,126.8996711,보안등
35.1771114,126.9000283,보안등
35.17686784,126.9005561,보안등
35.17692852,126.9008869,보안등
35.1771572,126.9013812,보안등
35.17716345,126.9018194,보안등
35.1772375,126.9022125,보안등
35.17724929,126.9024122,보안등
35.17733401,126.902731,보안등
35.177568,126.902758,보안등
35.177909,126.904576,보안등
35.177861,126.9042232,보안등
35.1778281,126.9040465,보안등
35.17791801,126.903753,보안등
35.17798929,126.903526,보안등
35.17812147,126.903341,보안등
35.177762,126.903282,보안등
35.17786792,126.9031244,보안등
35.17766527,126.902612,보안등
35.17791519,126.9023857,보안등
35.17816699,126.902268,보안등
35.1783685,126.9022959,보안등
35.17899888,126.9013505,보안등
35.17899888,126.9013505,보안등
35.17899888,126.9013505,보안등
35.178544,126.90112,보안등
35.17849302,126.900789,보안등
35.17535187,126.9119772,보안등
35.1761718,126.8984487,보안등
35.17818718,126.9011102,보안등
35.17785584,126.9014395,보안등
35.1778583,126.9016797,보안등
35.1777536,126.9018497,보안등
35.177616,126.902131,보안등
35.17752519,126.9011763,보안등
35.17773664,126.9013893,보안등
35.17781864,126.9009173,보안등
35.17767872,126.9008202,보안등
35.177687,126.901011,보안등
35.1774567,126.9008597,보안등
35.17763,126.90066,보안등
35.177699,126.900297,보안등
35.177742,126.9002176,보안등
35.1778048,126.8999831,보안등
35.177622,126.899782,보안등
35.177836,126.8996444,보안등
35.17761337,126.8995703,보안등
35.1775566,126.8989598,보안등
35.17772444,126.8988346,보안등
35.17778952,126.8985377,보안등
35.17781931,126.8983518,보안등
35.17780008,126.898113,보안등
35.17789366,126.8981599,보안등
35.1781168,126.8981982,보안등
35.178293,126.8982326,보안등
35.178569,126.897881,보안등
35.17843368,126.898145,보안등
35.17863656,126.898375,보안등
35.17886638,126.898449,보안등
35.17902396,126.898452,보안등
35.1784426,126.8985364,보안등
35.17836466,126.8987141,보안등
35.1783769,126.8990143,보안등
35.17828085,126.8991738,보안등
35.1782888,126.8993371,보안등
35.17817613,126.8997333,보안등
35.177798,126.899384,보안등
35.177867,126.899035,보안등
35.17789844,126.8985588,보안등
35.17811172,126.89984,보안등
35.17813,126.900126,보안등
35.178087,126.9002972,보안등
35.178592,126.900406,보안등
35.17880268,126.900303,보안등
35.17866,126.899955,보안등
35.178695,126.899811,보안등
35.17869745,126.899593,보안등
35.17865838,126.89942,보안등
35.17873425,126.8991849,보안등
35.1788673,126.8988514,보안등
35.179224,126.898575,보안등
35.179493,126.8982884,보안등
35.17965272,126.898669,보안등
35.17977903,126.8986718,보안등
35.179974,126.898784,보안등
35.179354,126.8988125,보안등
35.179403,126.899418,보안등
35.17940047,126.899616,보안등
35.179083,126.899916,보안등
35.17960553,126.899878,보안등
35.17931295,126.900254,보안등
35.179456,126.900295,보안등
35.17924748,126.9004953,보안등
35.179119,126.9010015,보안등
35.17877,126.9009062,보안등
35.1789607,126.9013505,보안등
35.17864547,126.9017784,보안등
35.17894314,126.902158,보안등
35.178691,126.9017189,보안등
35.17834628,126.9029015,보안등
35.1783579,126.903686,보안등
35.1786008,126.90377,보안등
35.178373,126.90413,보안등
35.179143,126.9023652,보안등
35.179387,126.9025486,보안등
35.17956402,126.902328,보안등
35.1796367,126.9022823,보안등
35.1795011,126.9018989,보안등
35.17899888,126.9013505,보안등
35.179634,126.9021468,보안등
35.1795172,126.9017,보안등
35.17972574,126.9018175,보안등
35.17927348,126.9010901,보안등
35.179448,126.901327,보안등
35.17963888,126.901183,보안등
35.17965,126.9008937,보안등
35.179728,126.9003944,보안등
35.17966057,126.9001573,보안등
35.179776,126.899731,보안등
35.18001,126.8996092,보안등
35.179969,126.899169,보안등
35.179909,126.89951,보안등
35.18033961,126.8989181,보안등
35.18040001,126.8992483,보안등
35.180313,126.899405,보안등
35.18074523,126.899347,보안등
35.17966057,126.9001573,보안등
35.180698,126.902832,보안등
35.180418,126.9028606,보안등
35.18069215,126.9037882,보안등
35.181035,126.9033742,보안등
35.181424,126.9034847,보안등
35.180741,126.9038444,보안등
35.18179744,126.9043967,보안등
35.18070726,126.9042212,보안등
35.180907,126.90425,보안등
35.181106,126.9043725,보안등
35.181485,126.9044268,보안등
35.18127441,126.9039154,보안등
35.181635,126.90401,보안등
35.18182579,126.903594,보안등
35.182255,126.902827,보안등
35.18179744,126.9043967,보안등
35.182116,126.903399,보안등
35.18196331,126.9036647,보안등
35.18222629,126.9042239,보안등
35.182342,126.904418,보안등
35.18248414,126.9041511,보안등
35.18262322,126.9046103,보안등
35.18214847,126.9048371,보안등
35.182045,126.904509,보안등
35.18195183,126.904543,보안등
35.18159056,126.9045319,보안등
35.181477,126.904506,보안등
35.18128,126.9047127,보안등
35.1814839,126.9049489,보안등
35.18183251,126.904743,보안등
35.18156916,126.905086,보안등
35.18193621,126.9050727,보안등
35.181394,126.9051593,보안등
35.18190153,126.905222,보안등
35.181953,126.905312,보안등
35.181729,126.9055518,보안등
35.18170812,126.9057112,보안등
35.18163465,126.9059292,보안등
35.18185579,126.9059744,보안등
35.182049,126.905871,보안등
35.18170649,126.9060438,보안등
35.181559,126.9064577,보안등
35.18149256,126.906668,보안등
35.182062,126.906239,보안등
35.1823501,126.9062403,보안등
35.18240273,126.9061475,보안등
35.182641,126.905544,보안등
35.18251892,126.9058599,보안등
35.182395,126.906294,보안등
35.1825255,126.9068043,보안등
35.183167,126.905987,보안등
35.18311269,126.9059619,보안등
35.183003,126.905792,보안등
35.182902,126.905552,보안등
35.18288068,126.905268,보안등
35.18278906,126.904951,보안등
35.182367,126.9050323,보안등
35.18182877,126.9072964,보안등
35.18177,126.9070315,보안등
35.18197969,126.9069853,보안등
35.18157063,126.9070721,보안등
35.17586363,126.896224,보안등
35.1759595,126.8958629,보안등
35.17589377,126.8955302,보안등
35.17645706,126.8956754,보안등
35.17622354,126.8963263,보안등
35.1756265,126.8971546,보안등
35.18636405,126.894245,보안등
35.18598104,126.8939482,보안등
35.178287,126.888663,보안등
35.17535187,126.9119772,보안등
35.18157063,126.907075,보안등
35.18240273,126.9061475,보안등
35.181875,126.9065566,보안등
35.18195569,126.9064824,보안등
35.18240273,126.9061475,보안등
35.18249994,126.906259,보안등
35.18275999,126.906179,보안등
35.182664,126.9070744,보안등
35.178596,126.8885583,보안등
35.178582,126.8882184,보안등
35.17853,126.8885583,보안등
35.182256,126.9067776,보안등
35.182083,126.9067522,보안등
35.18241781,126.8916527,보안등
35.18241781,126.8916527,보안등
35.18241781,126.8916527,보안등
35.18241781,126.8916527,보안등
35.180695,126.89087,보안등
35.180702,126.890562,보안등
35.1798172,126.886846,보안등
35.179534,126.8870019,보안등
35.1792463,126.8871743,보안등
35.17913095,126.8872146,보안등
35.1786,126.887451,보안등
35.178594,126.887736,보안등
35.18141362,126.8880696,보안등
35.18141362,126.8880236,보안등
35.1814687,126.8880197,보안등
35.18101788,126.8878545,보안등
35.18069932,126.8882245,보안등
35.180315,126.887768,보안등
35.179919,126.887773,보안등
35.179498,126.888108,보안등
35.17980285,126.887975,보안등
35.179886,126.888103,보안등
35.180201,126.88811,보안등
35.180391,126.888129,보안등
35.180437,126.888194,보안등
35.18034787,126.8885072,보안등
35.180538,126.8882785,보안등
35.180324,126.888646,보안등
35.18016079,126.8888446,보안등
35.179774,126.888686,보안등
35.179751,126.889159,보안등
35.179753,126.889389,보안등
35.18005866,126.8892344,보안등
35.17744432,126.896945,보안등
35.180337,126.889096,보안등
35.1802989,126.8893739,보안등
35.180243,126.889723,보안등
35.18191023,126.8909201,보안등
35.182038,126.890808,보안등
35.18241781,126.8916527,보안등
35.18241781,126.8916527,보안등
35.18241781,126.8916527,보안등
35.18241781,126.8916527,보안등
35.18150534,126.8922279,보안등
35.181203,126.89218,보안등
35.17796766,126.9136733,보안등
35.179046,126.892879,보안등
35.179154,126.892889,보안등
35.17938585,126.8927914,보안등
35.17995181,126.8930588,보안등
35.17993927,126.8930215,보안등
35.17995181,126.8930215,보안등
35.18059921,126.8928467,보안등
35.18087273,126.8937475,보안등
35.18087273,126.8937475,보안등
35.18054189,126.8936675,보안등
35.18082985,126.8939501,보안등
35.18087273,126.8937475,보안등
35.18087273,126.8937475,보안등
35.18087273,126.8937475,보안등
35.18087273,126.8937475,보안등
35.18050844,126.8928467,보안등
35.17920485,126.8922992,보안등
35.18053477,126.8925162,보안등
35.180653,126.8921,보안등
35.180677,126.89177,보안등
35.180683,126.891496,보안등
35.18069,126.891265,보안등
35.17731665,126.9155206,보안등
35.17808125,126.9154929,보안등
35.17946281,126.9125097,보안등
35.1826344,126.909666,보안등
35.1822811,126.9127801,보안등
35.18097944,126.8952559,보안등
35.18141362,126.8880696,보안등
35.17514248,126.893861,보안등
35.17806137,126.897779,보안등
35.18216515,126.901775,보안등
35.186005,126.8886644,보안등
35.18606216,126.8886644,보안등
35.18606216,126.8886644,보안등
35.18606216,126.8886644,보안등
35.18606216,126.8886644,보안등
35.18606216,126.8886644,보안등
35.18181394,126.8963372,보안등
35.17925341,126.9141642,보안등
35.178812,126.8999182,보안등
35.1785366,126.8997687,보안등
35.1783803,126.8997117,보안등
35.1816784,126.9024124,보안등
35.17801842,126.9034138,보안등
35.17786048,126.9005257,보안등
35.1787553,126.8882165,보안등
35.17726726,126.9133023,보안등
35.1772924,126.9008075,보안등
35.1780567,126.9047765,보안등
35.18249315,126.8977636,보안등
35.18252684,126.8976316,보안등
35.18284529,126.8961416,보안등
35.1798186,126.902461,보안등
35.1815575,126.8877445,보안등
35.1812402,126.8873954,보안등
35.1808956,126.8870081,보안등
35.180605,126.8866149,보안등
35.1827417,126.9129284,보안등
35.17652607,126.913025,보안등
35.18232003,126.9038542,보안등
35.1767378,126.8975818,보안등
35.1771529,126.9126931,보안등
35.1797318,126.8965252,보안등
35.17971525,126.8881864,보안등
35.17944804,126.888694,보안등
35.17944804,126.888694,보안등
35.17890363,126.9140586,보안등
35.1821076,126.9056419,보안등
35.17979939,126.8966566,보안등
35.1789924,126.8980937,보안등
35.18141362,126.8880696,보안등
35.18141362,126.8880696,보안등
35.18141362,126.8880696,보안등
35.17966832,126.887489,보안등
35.18347332,126.8973794,보안등
35.18228,126.905846,보안등
35.17817788,126.8885693,보안등
35.17817788,126.8885693,보안등
35.1782103,126.8942308,보안등
35.17788341,126.8944559,보안등
35.18027272,126.8983285,보안등
35.18213085,126.902026,보안등
35.1826093,126.9034044,보안등
35.17966057,126.9001573,보안등
35.180055,126.901847,보안등
35.17690353,126.91531,보안등
35.236257,126.8940055,보안등
35.23644041,126.8945085,보안등
35.23644041,126.8945085,보안등
35.23683792,126.894628,보안등
35.23688035,126.8950231,보안등
35.236853,126.8950231,보안등
35.23703638,126.8951317,보안등
35.237158,126.8945769,보안등
35.23711468,126.8945769,보안등
35.23716088,126.895067,보안등
35.23782662,126.8930799,보안등
35.23742656,126.8945933,보안등
35.23782662,126.8930799,보안등
35.237586,126.8951976,보안등
35.238073,126.8959381,보안등
35.23897065,126.896223,보안등
35.239036,126.894918,보안등
35.23931386,126.8949746,보안등
35.23938436,126.8957166,보안등
35.2391511,126.895576,보안등
35.2397539,126.8958071,보안등
35.23936113,126.896093,보안등
35.23936132,126.896443,보안등
35.2401788,126.8963435,보안등
35.2401788,126.8963435,보안등
35.240157,126.8964557,보안등
35.24000093,126.8969284,보안등
35.23950296,126.897004,보안등
35.239248,126.8966727,보안등
35.24000093,126.8969284,보안등
35.2396045,126.8971247,보안등
35.23970587,126.8965591,보안등
35.23847109,126.897708,보안등
35.23881297,126.8976987,보안등
35.238869,126.8974758,보안등
35.23929776,126.8986084,보안등
35.2388325,126.89809,보안등
35.238604,126.8980829,보안등
35.23917675,126.8987665,보안등
35.23922756,126.8989443,보안등
35.23943099,126.8993812,보안등
35.239401,126.8983976,보안등
35.23923517,126.898338,보안등
35.239353,126.8982002,보안등
35.239686,126.8984997,보안등
35.240089,126.8983842,보안등
35.240188,126.8980407,보안등
35.240501,126.898704,보안등
35.24098259,126.898547,보안등
35.24033653,126.8983513,보안등
35.24016219,126.8987579,보안등
35.24004073,126.8989202,보안등
35.24049632,126.899145,보안등
35.239892,126.8992057,보안등
35.239776,126.8988973,보안등
35.24037238,126.8993987,보안등
35.240663,126.8994343,보안등
35.241056,126.8991354,보안등
35.2404383,126.900276,보안등
35.2398516,126.9000735,보안등
35.2398516,126.9000735,보안등
35.2398516,126.9000735,보안등
35.2398516,126.9000735,보안등
35.24160858,126.8987631,보안등
35.24137402,126.8986133,보안등
35.240865,126.8982515,보안등
35.24057316,126.8982748,보안등
35.24011956,126.897583,보안등
35.24032293,126.8980395,보안등
35.2404754,126.8973116,보안등
35.2404794,126.8973116,보안등
35.24013371,126.897162,보안등
35.24005286,126.8979053,보안등
35.23996193,126.8980291,보안등
35.23996193,126.8980291,보안등
35.23953301,126.8980738,보안등
35.23987308,126.8975225,보안등
35.23959562,126.8973908,보안등
35.23929385,126.8971777,보안등
35.2387372,126.8943706,보안등
35.24461074,126.8995875,보안등
35.24461074,126.8995875,보안등
35.24461074,126.8995875,보안등
35.24502714,126.9000629,보안등
35.244937,126.8997367,보안등
35.24545116,126.900078,보안등
35.24607739,126.9004392,보안등
35.24561246,126.8872549,보안등
35.24591142,126.887413,보안등
35.24607711,126.8873829,보안등
35.24610368,126.8866422,보안등
35.24621062,126.8868008,보안등
35.2464798,126.8876908,보안등
35.2466111,126.8885692,보안등
35.24554516,126.8847537,보안등
35.24606061,126.8870743,보안등
35.24117347,126.8986165,보안등
35.24109709,126.8987921,보안등
35.24267,126.898356,보안등
35.24137041,126.8978645,보안등
35.24154738,126.897516,보안등
35.24335981,126.8911176,보안등
35.2453675,126.884678,보안등
35.2454304,126.8847037,보안등
35.24481428,126.8863418,보안등
35.2438085,126.8865481,보안등
35.24323869,126.8862022,보안등
35.24303087,126.8856585,보안등
35.24328752,126.885857,보안등
35.24343933,126.8857284,보안등
35.24262908,126.885515,보안등
35.24238369,126.8846074,보안등
35.24233168,126.884466,보안등
35.24212383,126.884017,보안등
35.24183662,126.8833386,보안등
35.24183662,126.8833386,보안등
35.24175706,126.8827107,보안등
35.24177745,126.8818095,보안등
35.24359056,126.8822277,보안등
35.24351283,126.882439,보안등
35.24286311,126.8831924,보안등
35.23479773,126.8906808,보안등
35.23522868,126.8922003,보안등
35.23529137,126.892431,보안등
35.23459102,126.891037,보안등
35.2446123,126.8867048,보안등
35.24456555,126.8868861,보안등
35.24379464,126.8867557,보안등
35.23871989,126.8943706,보안등
35.2438612,126.8909839,보안등
35.2435031,126.891044,보안등
35.246014,126.8870743,보안등
35.245858,126.886284,보안등
35.24584275,126.8862571,보안등
35.2431386,126.8909231,보안등
35.23600531,126.893529,보안등
35.24099024,126.8776493,보안등
35.23944582,126.8946526,보안등
35.24099024,126.8776493,보안등
35.23842587,126.9015023,보안등
35.23842587,126.9015023,보안등
35.23842587,126.9015023,보안등
35.2377274,126.9012619,보안등
35.2391324,126.8990946,보안등
35.23975485,126.8950568,보안등
35.23929153,126.900395,보안등
35.2377574,126.9012619,보안등
35.24203055,126.8919894,보안등
35.2423649,126.8914325,보안등
35.23973145,126.8957117,보안등
35.236454,126.8960317,보안등
35.23720732,126.897678,보안등
35.23501396,126.8997312,보안등
35.23987104,126.8947312,보안등
35.24451055,126.8855971,보안등
35.24485768,126.884768,보안등
35.24415495,126.890831,보안등
35.23973145,126.8957117,보안등
35.2397669,126.8950568,보안등
35.23884475,126.8945228,보안등
35.24426,126.8844232,보안등
35.23782662,126.8930799,보안등
35.2364824,126.8960317,보안등
35.24118859,126.8999031,보안등
35.24451363,126.884503,보안등
35.24485768,126.884768,보안등
35.24547089,126.884694,보안등
35.2452477,126.884233,보안등
35.24523928,126.8842345,보안등
35.2450668,126.883648,보안등
35.24118859,126.8999031,보안등
35.24286311,126.8831924,보안등
35.23248787,126.8916104,보안등
35.23459102,126.891037,보안등
35.166231,126.917737,보안등
35.16649744,126.9159941,보안등
35.1664658,126.9161187,보안등
35.17287104,126.9204235,보안등
35.1725156,126.920228,보안등
35.17230811,126.920645,보안등
35.1718572,126.920428,보안등
35.17330621,126.9202373,보안등
35.178802,126.9257192,보안등
35.1757487,126.9187554,보안등
35.173917,126.924949,보안등
35.1659001,126.917043,보안등
35.165963,126.9174055,보안등
35.1658703,126.9175939,보안등
35.1655778,126.9174601,보안등
35.1656451,126.9176739,보안등
35.1659743,126.917999,보안등
35.16593884,126.918075,보안등
35.16533523,126.9182276,보안등
35.165826,126.9183071,보안등
35.166215,126.918311,보안등
35.1662166,126.918389,보안등
35.16612627,126.9185155,보안등
35.165343,126.9184672,보안등
35.16555657,126.9186782,보안등
35.166112,126.918916,보안등
35.165888,126.919084,보안등
35.16585287,126.9188923,보안등
35.166508,126.9187932,보안등
35.16639,126.9188336,보안등
35.1667174,126.918512,보안등
35.166422,126.918275,보안등
35.16642416,126.9179549,보안등
35.166148,126.9180088,보안등
35.166372,126.9177795,보안등
35.16649456,126.9181019,보안등
35.16659916,126.9181624,보안등
35.16667385,126.9174794,보안등
35.1667874,126.9174906,보안등
35.16696215,126.9179124,보안등
35.167153,126.9173148,보안등
35.1670382,126.9176849,보안등
35.16657106,126.917035,보안등
35.16645088,126.9172324,보안등
35.1662988,126.9161506,보안등
35.16654089,126.9158169,보안등
35.16651054,126.9166773,보안등
35.16651054,126.9166773,보안등
35.16685,126.9158451,보안등
35.16723104,126.915883,보안등
35.16689046,126.9166745,보안등
35.17806722,126.9261395,보안등
35.1659978,126.9162304,보안등
35.179047,126.9278592,보안등
35.17789634,126.9278361,보안등
35.16699503,126.9184215,보안등
35.17806722,126.9261395,보안등
35.17005067,126.9163429,보안등
35.17005067,126.916373,보안등
35.170148,126.916747,보안등
35.17251654,126.9224999,보안등
35.17310346,126.9232013,보안등
35.17514583,126.9229719,보안등
35.17719844,126.923027,보안등
35.17319311,126.920709,보안등
35.1731008,126.9227481,보안등
35.17540391,126.9211859,보안등
35.17390974,126.9221548,보안등
35.16963391,126.9203048,보안등
35.16987564,126.9205956,보안등
35.17015172,126.920619,보안등
35.17169849,126.9207138,보안등
35.17096558,126.9216376,보안등
35.172841,126.918367,보안등
35.17372412,126.9186982,보안등
35.17367391,126.918928,보안등
35.172908,126.918925,보안등
35.17326116,126.91904,보안등
35.173559,126.919103,보안등
35.173756,126.9188719,보안등
35.173894,126.919219,보안등
35.174281,126.9191626,보안등
35.17439,126.919268,보안등
35.174468,126.918981,보안등
35.174545,126.9195283,보안등
35.174825,126.9196235,보안등
35.17511137,126.9197289,보안등
35.175194,126.919499,보안등
35.175291,126.919267,보안등
35.1748943,126.9191525,보안등
35.17563637,126.9192674,보안등
35.1797576,126.9218411,보안등
35.17648758,126.9196309,보안등
35.1764636,126.9196309,보안등
35.17390974,126.9221548,보안등
35.1762379,126.9212139,보안등
35.1760183,126.921098,보안등
35.1757789,126.9210063,보안등
35.1754673,126.9208954,보안등
35.175716,126.918449,보안등
35.17329902,126.9239029,보안등
35.17991066,126.920086,보안등
35.179915,126.9203597,보안등
35.18031,126.920079,보안등
35.18056671,126.9198264,보안등
35.1806181,126.9201147,보안등
35.180788,126.9201634,보안등
35.18102425,126.9198317,보안등
35.18029233,126.919982,보안등
35.18108753,126.920286,보안등
35.181136,126.920693,보안등
35.18090169,126.920703,보안등
35.180575,126.9205627,보안등
35.180295,126.9204602,보안등
35.18009523,126.9203908,보안등
35.18114581,126.921014,보안등
35.181007,126.9215088,보안등
35.180673,126.921402,보안등
35.18042,126.921307,보안등
35.18035181,126.9217281,보안등
35.180559,126.9218067,보안등
35.1808671,126.9216594,보안등
35.18021422,126.9218388,보안등
35.1810031,126.92198,보안등
35.18060746,126.9221831,보안등
35.180255,126.9220565,보안등
35.18033735,126.922254,보안등
35.180717,126.922391,보안등
35.180863,126.9223471,보안등
35.17971039,126.921885,보안등
35.179823,126.9221482,보안등
35.1800635,126.9212585,보안등
35.179551,126.920794,보안등
35.17971897,126.921196,보안등
35.17976097,126.9210363,보안등
35.179207,126.9206254,보안등
35.178945,126.9208835,보안등
35.178793,126.920812,보안등
35.178648,126.920552,보안등
35.1787275,126.9210096,보안등
35.1790884,126.9212286,보안등
35.17961323,126.9215913,보안등
35.1791989,126.9216144,보안등
35.17957363,126.9217971,보안등
35.17926428,126.9216581,보안등
35.17902846,126.9210942,보안등
35.178643,126.9212683,보안등
35.17902846,126.9210942,보안등
35.17897966,126.9216944,보안등
35.17910723,126.921764,보안등
35.17933334,126.921825,보안등
35.17949251,126.922057,보안등
35.1792415,126.9223436,보안등
35.179058,126.922258,보안등
35.178832,126.922184,보안등
35.178498,126.922035,보안등
35.177652,126.924253,보안등
35.17786,126.924338,보안등
35.178177,126.924465,보안등
35.178502,126.924582,보안등
35.178865,126.92383,보안등
35.178982,126.9234268,보안등
35.179083,126.923026,보안등
35.179188,126.922662,보안등
35.178705,126.9249806,보안등
35.178406,126.92487,보안등
35.17821101,126.9210922,보안등
35.1779243,126.925075,보안등
35.17844893,126.9252554,보안등
35.17908627,126.9258196,보안등
35.17923378,126.9257517,보안등
35.17806722,126.9261395,보안등
35.17806722,126.9261395,보안등
35.179094,126.92621,보안등
35.17865227,126.9272819,보안등
35.17889793,126.9258877,보안등
35.1786507,126.926095,보안등
35.17846284,126.9261726,보안등
35.1785142,126.9258379,보안등
35.1782496,126.9257464,보안등
35.17820197,126.9264447,보안등
35.17821073,126.926047,보안등
35.17802283,126.925588,보안등
35.17768183,126.9259092,보안등
35.177709,126.9256587,보안등
35.177346,126.925343,보안등
35.17731805,126.925609,보안등
35.17726944,126.9258786,보안등
35.17692888,126.9265326,보안등
35.177491,126.926417,보안등
35.1775013,126.9267291,보안등
35.177756,126.926948,보안등
35.17801342,126.926707,보안등
35.17846,126.926943,보안등
35.17806722,126.9261395,보안등
35.17806722,126.9261395,보안등
35.1776923,126.9274668,보안등
35.1775898,126.9277004,보안등
35.1773715,126.9269255,보안등
35.17729,126.9272,보안등
35.17700552,126.9269197,보안등
35.17486864,126.9258258,보안등
35.17525025,126.9251887,보안등
35.17504633,126.9249975,보안등
35.17521699,126.9244604,보안등
35.17527064,126.924095,보안등
35.17534948,126.923731,보안등
35.17554377,126.9232361,보안등
35.17564909,126.9228739,보안등
35.17573208,126.9225545,보안등
35.17584197,126.9221568,보안등
35.17582752,126.9252639,보안등
35.17719844,126.923027,보안등
35.17615697,126.9245434,보안등
35.17615697,126.9245434,보안등
35.17593622,126.9218297,보안등
35.17601246,126.9215277,보안등
35.175634,126.9212714,보안등
35.17251654,126.9224999,보안등
35.175442,126.9217404,보안등
35.17251654,126.9224999,보안등
35.17251654,126.9224999,보안등
35.17251654,126.9224999,보안등
35.17251654,126.9224999,보안등
35.17251654,126.9224999,보안등
35.17251654,126.9224999,보안등
35.17251654,126.9224999,보안등
35.17490808,126.924839,보안등
35.17480997,126.9252517,보안등
35.17480997,126.9252517,보안등
35.17474604,126.9255199,보안등
35.1743693,126.9252088,보안등
35.17251654,126.9224999,보안등
35.17251654,126.9224999,보안등
35.17251654,126.9224999,보안등
35.17251654,126.9224999,보안등
35.17446265,126.9241879,보안등
35.174679,126.9233205,보안등
35.174776,126.923149,보안등
35.17251654,126.9224999,보안등
35.17251654,126.9224999,보안등
35.17251654,126.9224999,보안등
35.1750975,126.9218408,보안등
35.17251654,126.9224999,보안등
35.1752314,126.9216546,보안등
35.175283,126.921418,보안등
35.1753913,126.9213615,보안등
35.1750151,126.9207162,보안등
35.17505628,126.9199403,보안등
35.17498964,126.9202062,보안등
35.1749899,126.9204354,보안등
35.17479962,126.9210147,보안등
35.1747863,126.9211335,보안등
35.17469124,126.9213732,보안등
35.17251654,126.9224999,보안등
35.174622,126.9220955,보안등
35.174489,126.92234,보안등
35.17428244,126.9225727,보안등
35.17251654,126.9224999,보안등
35.17251654,126.9224999,보안등
35.17251654,126.9224999,보안등
35.174193,126.923497,보안등
35.1743539,126.9245434,보안등
35.17251654,126.9224999,보안등
35.17251654,126.9224999,보안등
35.17251654,126.9224999,보안등
35.17321939,126.9247803,보안등
35.17251654,126.9224999,보안등
35.17251654,126.9224999,보안등
35.17251654,126.9224999,보안등
35.17251654,126.9224999,보안등
35.17251654,126.9224999,보안등
35.173699,126.9236884,보안등
35.17251654,126.9224999,보안등
35.17251654,126.9224999,보안등
35.17251654,126.9224999,보안등
35.17251654,126.9224999,보안등
35.17251654,126.9224999,보안등
35.17251654,126.9224999,보안등
35.17251654,126.922445,보안등
35.17251654,126.9224999,보안등
35.17434985,126.921575,보안등
35.174095,126.921566,보안등
35.17426878,126.9212879,보안등
35.17436102,126.9208696,보안등
35.17461551,126.920561,보안등
35.17450561,126.920341,보안등
35.17459606,126.919995,보안등
35.1746956,126.9197972,보안등
35.1742964,126.9195457,보안등
35.1741858,126.9199686,보안등
35.17402211,126.920186,보안등
35.17423999,126.9203578,보안등
35.17423999,126.9203578,보안등
35.1738571,126.9209169,보안등
35.174091,126.9210997,보안등
35.1738957,126.9211324,보안등
35.17251654,126.9224999,보안등
35.17251654,126.9224999,보안등
35.17251654,126.9224999,보안등
35.17251654,126.9224682,보안등
35.17251654,126.9224999,보안등
35.17343,126.922793,보안등
35.173674,126.9228295,보안등
35.17251654,126.9224999,보안등
35.17251654,126.9224999,보안등
35.17251654,126.9224999,보안등
35.1728815,126.9236339,보안등
35.17294071,126.9234784,보안등
35.1731533,126.9225536,보안등
35.17348519,126.920772,보안등
35.1736365,126.9203646,보안등
35.17381762,126.9202593,보안등
35.17354227,126.9201142,보안등
35.173856,126.9199464,보안등
35.173671,126.9197014,보안등
35.1736626,126.9197014,보안등
35.173397,126.9200509,보안등
35.173389,126.9212166,보안등
35.17332,126.9215805,보안등
35.1732667,126.9221278,보안등
35.172989,126.922887,보안등
35.172918,126.9227635,보안등
35.17297902,126.9227635,보안등
35.17283357,126.9236826,보안등
35.1725649,126.9237095,보안등
35.17251084,126.924136,보안등
35.17264346,126.9234964,보안등
35.17244503,126.923518,보안등
35.17233506,126.9235773,보안등
35.17261513,126.923399,보안등
35.17242499,126.9231105,보안등
35.17218414,126.923338,보안등
35.171856,126.9232786,보안등
35.17232634,126.9227509,보안등
35.171808,126.922869,보안등
35.17203598,126.9227004,보안등
35.17251654,126.9224999,보안등
35.17226503,126.922445,보안등
35.172108,126.922052,보안등
35.171818,126.921808,보안등
35.17201336,126.921748,보안등
35.17173312,126.921786,보안등
35.171759,126.9215488,보안등
35.17195911,126.9213374,보안등
35.172093,126.9214367,보안등
35.17216294,126.921208,보안등
35.173452,126.9191417,보안등
35.17328661,126.919511,보안등
35.17342504,126.919798,보안등
35.173243,126.9199858,보안등
35.172393,126.921808,보안등
35.17239599,126.921488,보안등
35.17248078,126.9211684,보안등
35.1723366,126.9208966,보안등
35.1721171,126.9207696,보안등
35.172557,126.9208298,보안등
35.172835,126.920781,보안등
35.1727719,126.920693,보안등
35.172561,126.920411,보안등
35.17285821,126.9204956,보안등
35.1727872,126.9202966,보안등
35.1728359,126.9202991,보안등
35.1728801,126.9202249,보안등
35.172772,126.91986,보안등
35.1730086,126.919639,보안등
35.17310252,126.919338,보안등
35.172756,126.9209882,보안등
35.17293259,126.921082,보안등
35.172991,126.921064,보안등
35.17320115,126.9211466,보안등
35.17338814,126.921258,보안등
35.1730784,126.9205677,보안등
35.173155,126.9203756,보안등
35.1731348,126.9238523,보안등
35.17251654,126.9224999,보안등
35.17251654,126.9224999,보안등
35.17166812,126.9230982,보안등
35.1718548,126.919724,보안등
35.1792648,126.9275026,보안등
35.17907948,126.9278296,보안등
35.17840511,126.927427,보안등
35.17848,126.9272236,보안등
35.17859878,126.927226,보안등
35.178878,126.927332,보안등
35.1790838,126.9274098,보안등
35.17390974,126.9221548,보안등
35.16568964,126.9192813,보안등
35.16578981,126.9161599,보안등
35.16614096,126.9161262,보안등
35.1662034,126.9163476,보안등
35.1663755,126.9164369,보안등
35.16665108,126.9165866,보안등
35.1668047,126.9166745,보안등
35.16689046,126.9166745,보안등
35.16689046,126.9166745,보안등
35.16689046,126.9166745,보안등
35.16537207,126.9187345,보안등
35.16724244,126.917326,보안등
35.16939349,126.9177714,보안등
35.1672527,126.9182013,보안등
35.16589212,126.9196293,보안등
35.16699503,126.9184215,보안등
35.16589212,126.9196293,보안등
35.1668582,126.9190199,보안등
35.16663968,126.919318,보안등
35.17334572,126.9235275,보안등
35.1735353,126.9213594,보안등
35.17436828,126.9237871,보안등
35.17583724,126.9193337,보안등
35.17390974,126.9221548,보안등
35.173121,126.9208791,보안등
35.17390974,126.9221548,보안등
35.1724988,126.9227135,보안등
35.172609,126.9229489,보안등
35.17261513,126.923315,보안등
35.16683315,126.917106,보안등
35.17642988,126.9228344,보안등
35.17642988,126.9228344,보안등
35.1718888,126.920384,보안등
35.17286924,126.875686,보안등
35.17286924,126.8756472,보안등
35.17283086,126.8748808,보안등
35.17314031,126.8749834,보안등
35.17339,126.8756685,보안등
35.17338638,126.8754235,보안등
35.17325694,126.875409,보안등
35.17362385,126.875017,보안등
35.17328354,126.8743798,보안등
35.173292,126.8747623,보안등
35.17307315,126.8743662,보안등
35.17307315,126.8743662,보안등
35.17287397,126.8742113,보안등
35.1730117,126.8740815,보안등
35.173276,126.874097,보안등
35.17288223,126.8738351,보안등
35.172873,126.8738351,보안등
35.173119,126.8738769,보안등
35.17296116,126.8731088,보안등
35.17391595,126.8732683,보안등
35.17391595,126.8732683,보안등
35.17391595,126.8732683,보안등
35.17391595,126.8732683,보안등
35.17421986,126.874239,보안등
35.17404238,126.8744478,보안등
35.17404238,126.874466,보안등
35.17364071,126.874653,보안등
35.17423541,126.875716,보안등
35.174207,126.8752675,보안등
35.17391863,126.875152,보안등
35.173855,126.8752122,보안등
35.17389025,126.874956,보안등
35.173704,126.8747052,보안등
35.17450795,126.8749798,보안등
35.17450795,126.8749037,보안등
35.17475683,126.875616,보안등
35.174378,126.8752693,보안등
35.17491168,126.8749207,보안등
35.17458548,126.8746376,보안등
35.17438,126.8744919,보안등
35.17431328,126.8744919,보안등
35.174904,126.8749207,보안등
35.17516198,126.8743875,보안등
35.17516198,126.8743875,보안등
35.17485316,126.8741146,보안등
35.17485316,126.8741146,보안등
35.175019,126.8741422,보안등
35.17503346,126.874191,보안등
35.174916,126.8739776,보안등
35.17466045,126.8738544,보안등
35.17487102,126.8736431,보안등
35.1745377,126.873828,보안등
35.174532,126.873454,보안등
35.174566,126.873181,보안등
35.1748166,126.8735669,보안등
35.17483406,126.8735978,보안등
35.17492,126.873504,보안등
35.17516413,126.8733373,보안등
35.17516413,126.8733373,보안등
35.17516413,126.8733373,보안등
35.17563638,126.8737085,보안등
35.1757838,126.8733847,보안등
35.1747527,126.8733489,보안등
35.17468048,126.8730054,보안등
35.17491117,126.872616,보안등
35.17504601,126.8719284,보안등
35.1747375,126.8720724,보안등
35.1745895,126.8720884,보안등
35.1740359,126.8720881,보안등
35.17406028,126.8720881,보안등
35.17346178,126.8712366,보안등
35.17326,126.8712325,보안등
35.17329132,126.8710533,보안등
35.17408863,126.871283,보안등
35.17331873,126.870662,보안등
35.17326144,126.8705055,보안등
35.173077,126.8700252,보안등
35.17445629,126.871788,보안등
35.174403,126.871282,보안등
35.174093,126.872813,보안등
35.1752287,126.875071,보안등
35.1750967,126.8756788,보안등
35.175029,126.8753443,보안등
35.17497678,126.8752926,보안등
35.17539424,126.8736794,보안등
35.17580259,126.8737958,보안등
35.17766489,126.8760772,보안등
35.17792731,126.8758432,보안등
35.1779675,126.8758432,보안등
35.1782088,126.8756325,보안등
35.1783792,126.8757007,보안등
35.1786351,126.8758454,보안등
35.1785312,126.8757697,보안등
35.17877403,126.8752156,보안등
35.17956681,126.8740284,보안등
35.17880463,126.8751418,보안등
35.17880463,126.8751418,보안등
35.17880463,126.8751418,보안등
35.1787746,126.8749776,보안등
35.1786176,126.8754355,보안등
35.178156,126.875479,보안등
35.177893,126.875296,보안등
35.177953,126.87501,보안등
35.17842719,126.874885,보안등
35.177314,126.8739856,보안등
35.177522,126.8738654,보안등
35.17771448,126.8739948,보안등
35.177982,126.8740399,보안등
35.1780614,126.873976,보안등
35.178207,126.874128,보안등
35.17843161,126.8746967,보안등
35.17827427,126.873851,보안등
35.178527,126.873663,보안등
35.178432,126.8732494,보안등
35.178535,126.8727048,보안등
35.17854053,126.8723144,보안등
35.17863826,126.8724179,보안등
35.17857726,126.8727048,보안등
35.17869541,126.873077,보안등
35.17858856,126.873397,보안등
35.17856628,126.873927,보안등
35.17856628,126.873927,보안등
35.17859609,126.8743329,보안등
35.17863939,126.8746233,보안등
35.1774013,126.8715344,보안등
35.179593,126.8740284,보안등
35.18011387,126.8740611,보안등
35.18011387,126.8740611,보안등
35.18011387,126.8740611,보안등
35.18011387,126.8740611,보안등
35.18033355,126.8733826,보안등
35.18033355,126.8733826,보안등
35.18006652,126.8730778,보안등
35.18002326,126.8729127,보안등
35.18002326,126.8729127,보안등
35.17872891,126.8723113,보안등
35.17833415,126.8717477,보안등
35.1783207,126.8718235,보안등
35.1783207,126.871896,보안등
35.17805696,126.8723902,보안등
35.17829124,126.8725554,보안등
35.1780989,126.872617,보안등
35.177814,126.872608,보안등
35.17783569,126.872861,보안등
35.177721,126.8731891,보안등
35.177811,126.8721994,보안등
35.177818,126.8719968,보안등
35.17806782,126.8720193,보안등
35.177815,126.8718233,보안등
35.177959,126.8716113,보안등
35.17759965,126.871907,보안등
35.17774757,126.8721919,보안등
35.177512,126.8722552,보안등
35.17754366,126.872602,보안등
35.177218,126.872539,보안등
35.177564,126.8729335,보안등
35.177531,126.8732452,보안등
35.177615,126.873489,보안등
35.177436,126.8735554,보안등
35.177724,126.873652,보안등
35.1781451,126.87374,보안등
35.17823263,126.8732598,보안등
35.178079,126.8730394,보안등
35.1766691,126.8704991,보안등
35.17683916,126.8702041,보안등
35.17708923,126.8704257,보안등
35.17693575,126.8701048,보안등
35.1771371,126.8696102,보안등
35.17796945,126.8688502,보안등
35.17447042,126.8736575,보안등
35.172592,126.8706845,보안등
35.17258895,126.8706845,보안등
35.17258895,126.8706845,보안등
35.17258895,126.8706845,보안등
35.173387,126.868673,보안등
35.173586,126.8685187,보안등
35.173703,126.868646,보안등
35.17382,126.868612,보안등
35.1780704,126.873397,보안등
35.1780548,126.87347,보안등
35.17361521,126.8745571,보안등
35.1743918,126.8724245,보안등
35.17489395,126.8722722,보안등
35.17489395,126.8722722,보안등
35.1746286,126.872902,보안등
35.173436,126.877806,보안등
35.173452,126.877575,보안등
35.1729897,126.8731088,보안등
35.1773681,126.8734386,보안등
35.1752932,126.8724882,보안등
35.1754795,126.8722438,보안등
35.1753067,126.8721164,보안등
35.1755178,126.8716235,보안등
35.1755376,126.8712797,보안등
35.1755677,126.8709776,보안등
35.17406028,126.8720881,보안등
35.17855969,126.8748644,보안등
35.17688756,126.870638,보안등
35.1784543,126.8743566,보안등
35.1787771,126.8742295,보안등
35.17841036,126.874321,보안등
35.171307,126.891261,보안등
35.171376,126.890963,보안등
35.17088485,126.8909457,보안등
35.17125774,126.890813,보안등
35.17117262,126.8904995,보안등
35.17117262,126.890446,보안등
35.17095567,126.890711,보안등
35.1706778,126.8905319,보안등
35.17055595,126.8896605,보안등
35.1705523,126.8896605,보안등
35.17047604,126.890713,보안등
35.17028,126.8904829,보안등
35.17016844,126.891059,보안등
35.170387,126.8909718,보안등
35.17029122,126.8914472,보안등
35.170373,126.8916797,보안등
35.170295,126.892054,보안등
35.170193,126.891438,보안등
35.17015,126.89199,보안등
35.17018191,126.8922865,보안등
35.170112,126.8926635,보안등
35.17000873,126.8926603,보안등
35.17000873,126.8926011,보안등
35.16997423,126.89236,보안등
35.16988163,126.8921372,보안등
35.16980354,126.891853,보안등
35.169859,126.8918141,보안등
35.16975318,126.8915268,보안등
35.16961028,126.891254,보안등
35.16975318,126.8915268,보안등
35.169753,126.8907938,보안등
35.16993972,126.8906742,보안등
35.16992,126.8905354,보안등
35.169557,126.890221,보안등
35.169674,126.8902772,보안등
35.16999423,126.8903496,보안등
35.17036769,126.890232,보안등
35.1706778,126.8905319,보안등
35.17108705,126.890222,보안등
35.17136129,126.8902189,보안등
35.17136129,126.8902189,보안등
35.171719,126.8903399,보안등
35.171953,126.8901187,보안등
35.17197457,126.8901187,보안등
35.17216915,126.8895021,보안등
35.17179328,126.8896914,보안등
35.17187112,126.889441,보안등
35.171739,126.8891894,보안등
35.171587,126.889401,보안등
35.17116718,126.8898737,보안등
35.17124965,126.8896681,보안등
35.171262,126.8896681,보안등
35.17148823,126.888772,보안등
35.171453,126.888772,보안등
35.17168767,126.887985,보안등
35.17181802,126.8879722,보안등
35.17186746,126.88851,보안등
35.171691,126.8886731,보안등
35.17209,126.888209,보안등
35.17197637,126.8889301,보안등
35.172208,126.8884303,보안등
35.172378,126.8883185,보안등
35.17232769,126.8878231,보안등
35.17234107,126.887637,보안등
35.172188,126.887217,보안등
35.172538,126.8870243,보안등
35.172238,126.886692,보안등
35.17202069,126.8866616,보안등
35.17187779,126.8875942,보안등
35.17179524,126.887402,보안등
35.17185702,126.8870643,보안등
35.17192594,126.8866461,보안등
35.17204735,126.886137,보안등
35.1721047,126.8857149,보안등
35.17213929,126.885304,보안등
35.17215099,126.885103,보안등
35.17537179,126.8811186,보안등
35.17259532,126.8859145,보안등
35.172686,126.8852611,보안등
35.172425,126.885367,보안등
35.17248483,126.885703,보안등
35.17227588,126.885978,보안등
35.172272,126.8862697,보안등
35.17055839,126.8897597,보안등
35.17055839,126.8897597,보안등
35.170579,126.8896371,보안등
35.17055595,126.8896605,보안등
35.170656,126.8892914,보안등
35.17055595,126.8896605,보안등
35.17055595,126.8896605,보안등
35.17109343,126.8883709,보안등
35.171385,126.8879148,보안등
35.1723922,126.8886948,보안등
35.17149042,126.8871451,보안등
35.17156819,126.8868318,보안등
35.1714489,126.8868098,보안등
35.1715806,126.8861377,보안등
35.171791,126.886105,보안등
35.17173611,126.8856774,보안등
35.17537179,126.8811186,보안등
35.171641,126.8855144,보안등
35.1718759,126.8850652,보안등
35.171707,126.8848857,보안등
35.171086,126.8849706,보안등
35.17142709,126.885419,보안등
35.17140917,126.8855644,보안등
35.171231,126.8860967,보안등
35.17136918,126.8862745,보안등
35.170785,126.8866624,보안등
35.17092759,126.886598,보안등
35.17105448,126.8868576,보안등
35.171168,126.8870445,보안등
35.170864,126.8873021,보안등
35.170712,126.8872847,보안등
35.171093,126.887517,보안등
35.17084254,126.8874498,보안등
35.17102345,126.8877509,보안등
35.171159,126.8878194,보안등
35.170408,126.887584,보안등
35.17068,126.8880871,보안등
35.17083423,126.8884128,보안등
35.170775,126.888293,보안등
35.170398,126.888528,보안등
35.17065172,126.8886143,보안등
35.170248,126.8878477,보안등
35.170025,126.8882423,보안등
35.17002442,126.888501,보안등
35.16959636,126.8898433,보안등
35.1698685,126.889372,보안등
35.16999245,126.8889959,보안등
35.1701563,126.8892048,보안등
35.1703249,126.8896201,보안등
35.1700883,126.8896166,보안등
35.17027552,126.889825,보안등
35.1705012,126.8899156,보안등
35.17290719,126.889956,보안등
35.17279831,126.8903111,보안등
35.17279831,126.8903111,보안등
35.172796,126.8903111,보안등
35.17279831,126.890349,보안등
35.17279831,126.8903111,보안등
35.17372357,126.8897339,보안등
35.17372357,126.8897339,보안등
35.17372357,126.8897339,보안등
35.17536741,126.8904626,보안등
35.17536741,126.8904626,보안등
35.17536741,126.8904626,보안등
35.17536741,126.8904626,보안등
35.17536741,126.8904626,보안등
35.17536741,126.8904626,보안등
35.17318,126.8901543,보안등
35.17299773,126.8898588,보안등
35.17290466,126.8891128,보안등
35.17304977,126.8894927,보안등
35.17363677,126.889178,보안등
35.17363677,126.889164,보안등
35.17404305,126.888988,보안등
35.1740337,126.888988,보안등
35.17420575,126.8890884,보안등
35.17441743,126.88903,보안등
35.17470361,126.8889376,보안등
35.17491729,126.88893,보안등
35.17552268,126.8895289,보안등
35.175086,126.889552,보안등
35.1752626,126.889472,보안등
35.17552268,126.8895289,보안등
35.17552268,126.8895289,보안등
35.17591714,126.8901539,보안등
35.17619343,126.8900869,보안등
35.17668024,126.8894714,보안등
35.17576214,126.88863,보안등
35.1759768,126.8890644,보안등
35.17565181,126.889301,보안등
35.1755037,126.8893743,보안등
35.175532,126.8889745,보안등
35.175345,126.8891733,보안등
35.173039,126.889437,보안등
35.17509921,126.88895,보안등
35.17543239,126.888835,보안등
35.17494475,126.888531,보안등
35.175083,126.8884764,보안등
35.1748471,126.8883442,보안등
35.1748471,126.8883442,보안등
35.17470459,126.8885255,보안등
35.17470459,126.8885255,보안등
35.1735964,126.888264,보안등
35.173153,126.8888469,보안등
35.173079,126.888651,보안등
35.173314,126.8891149,보안등
35.17335405,126.888644,보안등
35.17367895,126.888738,보안등
35.173644,126.8887388,보안등
35.17390253,126.8883952,보안등
35.173939,126.888327,보안등
35.17441522,126.8882937,보안등
35.17384076,126.8877819,보안등
35.17441522,126.8882937,보안등
35.17547561,126.8864872,보안등
35.17547561,126.8864872,보안등
35.17547561,126.8864872,보안등
35.17547561,126.8864872,보안등
35.174898,126.8869292,보안등
35.17460473,126.886625,보안등
35.174578,126.886331,보안등
35.174252,126.8860765,보안등
35.174145,126.886293,보안등
35.17412078,126.886579,보안등
35.174695,126.8870983,보안등
35.17437763,126.887321,보안등
35.17465178,126.886804,보안등
35.17438574,126.887156,보안등
35.17424274,126.8869829,보안등
35.17432981,126.886763,보안등
35.17407414,126.887018,보안등
35.17395,126.8867439,보안등
35.17392194,126.8863945,보안등
35.173634,126.885597,보안등
35.17353256,126.8854412,보안등
35.173237,126.8856485,보안등
35.1737191,126.885778,보안등
35.17461048,126.8862706,보안등
35.173603,126.886147,보안등
35.17361104,126.8865577,보안등
35.173563,126.8867426,보안등
35.173699,126.8868229,보안등
35.173546,126.8869087,보안등
35.17321534,126.8867476,보안등
35.17324,126.8867476,보안등
35.17321534,126.8867476,보안등
35.17375699,126.887014,보안등
35.173802,126.887187,보안등
35.1738512,126.887405,보안등
35.17378207,126.88758,보안등
35.1743086,126.887401,보안등
35.173961,126.8877211,보안등
35.17410696,126.8877141,보안등
35.17430823,126.887664,보안등
35.17336812,126.8873297,보안등
35.173391,126.8874612,보안등
35.17321,126.887624,보안등
35.173618,126.8876878,보안등
35.173215,126.887755,보안등
35.17329945,126.8879247,보안등
35.17329945,126.8879247,보안등
35.173297,126.8880371,보안등
35.173001,126.8883815,보안등
35.173127,126.8871961,보안등
35.17334232,126.8861503,보안등
35.1731259,126.886465,보안등
35.174133,126.8860098,보안등
35.173381,126.8884,보안등
35.17349,126.8886125,보안등
35.175321,126.886727,보안등
35.17550047,126.8868545,보안등
35.17461048,126.8862706,보안등
35.1766316,126.8871706,보안등
35.17537111,126.8866492,보안등
35.1785969,126.8855126,보안등
35.1785969,126.8855126,보안등
35.1785969,126.8855126,보안등
35.1785969,126.8855126,보안등
35.17461048,126.8862706,보안등
35.1785969,126.8855126,보안등
35.1785969,126.8855126,보안등
35.176181,126.8842453,보안등
35.1785969,126.8855126,보안등
35.1763087,126.8838895,보안등
35.17641101,126.883375,보안등
35.176227,126.8833476,보안등
35.176233,126.8829596,보안등
35.17625325,126.8827517,보안등
35.175998,126.882864,보안등
35.17601904,126.882612,보안등
35.175655,126.882836,보안등
35.1756083,126.8828091,보안등
35.175604,126.882167,보안등
35.1757513,126.882022,보안등
35.17582091,126.88175,보안등
35.17542772,126.8821205,보안등
35.17542772,126.8821205,보안등
35.17539329,126.882235,보안등
35.175389,126.882335,보안등
35.17514483,126.8824474,보안등
35.17506047,126.882634,보안등
35.17485403,126.8834478,보안등
35.17452378,126.8834534,보안등
35.174929,126.8833499,보안등
35.175182,126.883392,보안등
35.174971,126.8830083,보안등
35.175169,126.883045,보안등
35.1753388,126.8829264,보안등
35.17577043,126.8833411,보안등
35.17591452,126.883499,보안등
35.17601297,126.8833347,보안등
35.175907,126.883744,보안등
35.175711,126.8841499,보안등
35.1754882,126.884046,보안등
35.1754882,126.8840764,보안등
35.17581114,126.884406,보안등
35.176028,126.8843341,보안등
35.17562072,126.8845712,보안등
35.175809,126.8849496,보안등
35.176015,126.88472,보안등
35.17567619,126.885624,보안등
35.17575243,126.8855507,보안등
35.175705,126.8851784,보안등
35.17575641,126.8851784,보안등
35.175403,126.8847986,보안등
35.17549781,126.8847986,보안등
35.175221,126.8850409,보안등
35.17517024,126.884931,보안등
35.175225,126.885247,보안등
35.17453391,126.88359,보안등
35.17441567,126.883796,보안등
35.17416048,126.8841547,보안등
35.17416048,126.8841547,보안등
35.17416048,126.8841547,보안등
35.174182,126.8841547,보안등
35.17398203,126.8844563,보안등
35.173686,126.8844,보안등
35.17365654,126.885058,보안등
35.173852,126.88476,보안등
35.17493679,126.8841211,보안등
35.174043,126.8850239,보안등
35.17493679,126.8841211,보안등
35.17493679,126.8841211,보안등
35.174461,126.8854851,보안등
35.17493679,126.8841211,보안등
35.17451974,126.8856505,보안등
35.17473067,126.885638,보안등
35.17500527,126.885491,보안등
35.174916,126.8857635,보안등
35.17507369,126.8858095,보안등
35.17506469,126.8860172,보안등
35.17532776,126.885778,보안등
35.17461048,126.8862706,보안등
35.175307,126.8862291,보안등
35.175502,126.885791,보안등
35.17549298,126.886175,보안등
35.175276,126.8865515,보안등
35.175111,126.886422,보안등
35.174929,126.886205,보안등
35.17481745,126.8861132,보안등
35.17442718,126.8855683,보안등
35.17424052,126.885349,보안등
35.17404917,126.885264,보안등
35.173625,126.8847919,보안등
35.173909,126.8841924,보안등
35.176618,126.883624,보안등
35.17702905,126.8830863,보안등
35.1785969,126.8855126,보안등
35.17702258,126.8829521,보안등
35.17702905,126.8830863,보안등
35.17741423,126.882747,보안등
35.17661118,126.8830285,보안등
35.17681,126.8831403,보안등
35.1769065,126.882755,보안등
35.17678452,126.882297,보안등
35.17662836,126.8824309,보안등
35.1762016,126.8822793,보안등
35.17683448,126.881446,보안등
35.17683448,126.881491,보안등
35.17682871,126.8816658,보안등
35.176665,126.8818396,보안등
35.17669502,126.8814701,보안등
35.17669502,126.8814701,보안등
35.17613232,126.8817586,보안등
35.176126,126.8817586,보안등
35.17613232,126.8817586,보안등
35.1760175,126.881416,보안등
35.176162,126.8810928,보안등
35.17635245,126.8810447,보안등
35.17635245,126.8810447,보안등
35.1763518,126.880798,보안등
35.176061,126.880877,보안등
35.17587672,126.88112,보안등
35.17537179,126.8811186,보안등
35.17537179,126.8811186,보안등
35.17130711,126.8886863,보안등
35.17223619,126.884168,보안등
35.17248474,126.88375,보안등
35.17248474,126.8837441,보안등
35.172276,126.882948,보안등
35.17248474,126.8837441,보안등
35.1723602,126.8823738,보안등
35.17237468,126.882065,보안등
35.17237,126.88194,보안등
35.17248117,126.8815538,보안등
35.172466,126.8813966,보안등
35.17248749,126.8807315,보안등
35.17251422,126.8803264,보안등
35.17254024,126.879828,보안등
35.17257005,126.8797324,보안등
35.172605,126.879435,보안등
35.17255846,126.879191,보안등
35.17262811,126.8790128,보안등
35.172516,126.8787327,보안등
35.17343378,126.8813339,보안등
35.1726634,126.878125,보안등
35.17272132,126.877905,보안등
35.1728485,126.8777539,보안등
35.17304815,126.877955,보안등
35.17313,126.877777,보안등
35.17322,126.877776,보안등
35.17315217,126.877578,보안등
35.17301,126.877548,보안등
35.172839,126.8774284,보안등
35.172686,126.877542,보안등
35.17268941,126.877422,보안등
35.172609,126.8771297,보안등
35.17269733,126.8771297,보안등
35.17271917,126.8765356,보안등
35.17278184,126.8762108,보안등
35.17278026,126.8760742,보안등
35.17279461,126.8759202,보안등
35.1730569,126.8759474,보안등
35.17303939,126.8759474,보안등
35.17312016,126.8760774,보안등
35.17310083,126.8765624,보안등
35.17310947,126.877043,보안등
35.17318878,126.877258,보안등
35.17324954,126.878285,보안등
35.1729612,126.8789678,보안등
35.17276204,126.879044,보안등
35.17290031,126.8792771,보안등
35.172733,126.8797594,보안등
35.173003,126.879711,보안등
35.17310003,126.8791695,보안등
35.172832,126.879735,보안등
35.17268298,126.8798975,보안등
35.17293625,126.8802555,보안등
35.17283991,126.8805468,보안등
35.17265282,126.8804833,보안등
35.17283127,126.880801,보안등
35.17281222,126.8811687,보안등
35.17301312,126.8809635,보안등
35.173024,126.8809635,보안등
35.173025,126.8802033,보안등
35.17303772,126.880392,보안등
35.173094,126.8806066,보안등
35.17280036,126.8814749,보안등
35.1729079,126.881352,보안등
35.172733,126.8816015,보안등
35.17260242,126.8819391,보안등
35.172597,126.8824116,보안등
35.17323741,126.8826647,보안등
35.17307378,126.881888,보안등
35.17310418,126.8813548,보안등
35.17343378,126.8813339,보안등
35.17447442,126.881348,보안등
35.17362372,126.881292,보안등
35.173683,126.8819911,보안등
35.17401843,126.882005,보안등
35.173892,126.8823,보안등
35.17359722,126.8822774,보안등
35.1738133,126.882496,보안등
35.173932,126.882695,보안등
35.17391346,126.882607,보안등
35.17302034,126.882925,보안등
35.17302034,126.882993,보안등
35.17321683,126.8830987,보안등
35.17301497,126.8832353,보안등
35.17320076,126.8833502,보안등
35.17297834,126.8834887,보안등
35.17317292,126.8838337,보안등
35.17317292,126.8838337,보안등
35.17285054,126.8837801,보안등
35.17248474,126.8837441,보안등
35.17273806,126.883416,보안등
35.17274602,126.8831626,보안등
35.17182722,126.8842427,보안등
35.17193515,126.8837178,보안등
35.17187164,126.8834747,보안등
35.172081,126.883269,보안등
35.17180424,126.8833049,보안등
35.172115,126.882072,보안등
35.172129,126.881721,보안등
35.17130711,126.8886863,보안등
35.171952,126.881064,보안등
35.171799,126.8808907,보안등
35.17199492,126.8803929,보안등
35.1720992,126.879722,보안등
35.1720992,126.8797519,보안등
35.172216,126.879436,보안등
35.172232,126.879162,보안등
35.17130711,126.8886863,보안등
35.172016,126.8781808,보안등
35.172251,126.878327,보안등
35.17130711,126.8886863,보안등
35.17189943,126.8764263,보안등
35.17220838,126.8762805,보안등
35.17189943,126.8764263,보안등
35.172237,126.875813,보안등
35.171868,126.87584,보안등
35.171845,126.8760629,보안등
35.17177452,126.8765138,보안등
35.171506,126.878517,보안등
35.17161156,126.8783919,보안등
35.17174222,126.87817,보안등
35.17169516,126.8785254,보안등
35.17167833,126.878839,보안등
35.171692,126.8790983,보안등
35.17139859,126.8794014,보안등
35.171346,126.878921,보안등
35.17135375,126.8790868,보안등
35.17159995,126.879663,보안등
35.17159033,126.8798763,보안등
35.17156032,126.8804293,보안등
35.171598,126.880806,보안등
35.17149935,126.8811174,보안등
35.17149935,126.881179,보안등
35.17092243,126.882215,보안등
35.17147256,126.881741,보안등
35.17179064,126.8822875,보안등
35.17166039,126.8830288,보안등
35.171313,126.8830075,보안등
35.1716135,126.883222,보안등
35.17169647,126.883595,보안등
35.17150456,126.883827,보안등
35.171726,126.8839078,보안등
35.17017669,126.8839946,보안등
35.17038484,126.8835547,보안등
35.17038484,126.8835547,보안등
35.17036527,126.8831704,보안등
35.17048704,126.8826055,보안등
35.17074576,126.8822625,보안등
35.1707168,126.8816236,보안등
35.17094464,126.876595,보안등
35.1706341,126.8816345,보안등
35.1728464,126.881695,보안등
35.176683,126.8896275,보안등
35.17391723,126.886823,보안등
35.175811,126.8829939,보안등
35.175491,126.882663,보안등
35.17510486,126.883799,보안등
35.17493679,126.8841211,보안등
35.17493679,126.8841211,보안등
35.17493679,126.884147,보안등
35.173247,126.8786501,보안등
35.17305523,126.8820931,보안등
35.17343378,126.8813339,보안등
35.17332622,126.880717,보안등
35.17334932,126.8805977,보안등
35.17333602,126.8804551,보안등
35.17353252,126.880277,보안등
35.17335051,126.8802451,보안등
35.173466,126.880089,보안등
35.17341978,126.8798367,보안등
35.17395358,126.880028,보안등
35.17364499,126.8799869,보안등
35.17396345,126.8801719,보안등
35.174018,126.8800346,보안등
35.17343378,126.8813339,보안등
35.17394275,126.880668,보안등
35.174039,126.8807788,보안등
35.17393543,126.8808224,보안등
35.173635,126.8808406,보안등
35.173845,126.881093,보안등
35.17359211,126.881063,보안등
35.1734894,126.8808784,보안등
35.173304,126.880997,보안등
35.17408371,126.8810187,보안등
35.174377,126.881097,보안등
35.174381,126.8806029,보안등
35.17439571,126.8806029,보안등
35.17435509,126.8799965,보안등
35.174602,126.880095,보안등
35.17495799,126.879971,보안등
35.175116,126.8799704,보안등
35.17495425,126.880574,보안등
35.17470818,126.8809379,보안등
35.174656,126.881006,보안등
35.17464457,126.881073,보안등
35.17874916,126.887209,보안등
35.17874916,126.8872658,보안등
35.18035645,126.8861929,보안등
35.17805383,126.8867622,보안등
35.17828641,126.8870756,보안등
35.17828641,126.8870756,보안등
35.173417,126.8798367,보안등
35.173634,126.8798321,보안등
35.17377844,126.8798476,보안등
35.17412046,126.8798956,보안등
35.17579969,126.8799937,보안등
35.17484424,126.8798873,보안등
35.175077,126.879896,보안등
35.17400848,126.8796972,보안등
35.175459,126.8804106,보안등
35.17537179,126.8811186,보안등
35.17113138,126.8874087,보안등
35.1720899,126.8824565,보안등
35.17828641,126.8870756,보안등
35.1724953,126.8889688,보안등
35.17300546,126.8813793,보안등
35.17542548,126.8849884,보안등
35.1728888,126.8785718,보안등
35.1710491,126.8852591,보안등
35.17785307,126.8865965,보안등
35.17571004,126.8811201,보안등
35.1718685,126.8837673,보안등
35.17199507,126.8887768,보안등
35.17189943,126.8764263,보안등
35.1721336,126.8800771,보안등
35.17537179,126.8811186,보안등
35.170849,126.877083,보안등
35.169704,126.891525,보안등
35.1718876,126.8764263,보안등
35.1762642,126.8894807,보안등
35.1730694,126.8880857,보안등
35.17055595,126.8896605,보안등
35.17042631,126.8888386,보안등
35.17012373,126.8893014,보안등
35.170396,126.8893574,보안등
35.17320046,126.8883164,보안등
35.17055595,126.889695,보안등
35.1736518,126.880393,보안등
35.1699833,126.889941,보안등
35.17630039,126.8807631,보안등
35.17547245,126.889456,보안등
35.17218854,126.877739,보안등
35.17537179,126.8811186,보안등
35.17899697,126.885907,보안등
35.17537179,126.8811186,보안등
35.17537179,126.8811186,보안등
35.17537179,126.8811186,보안등
35.17537179,126.8811186,보안등
35.17537179,126.8811186,보안등
35.1731708,126.8862563,보안등
35.18306616,126.8712199,보안등
35.18306616,126.8712199,보안등
35.18258368,126.871597,보안등
35.182388,126.8710447,보안등
35.182128,126.871231,보안등
35.18199,126.870958,보안등
35.182161,126.870923,보안등
35.18255628,126.8706427,보안등
35.18225094,126.8709389,보안등
35.1824017,126.8704058,보안등
35.1823365,126.8701518,보안등
35.182206,126.869956,보안등
35.181547,126.8695249,보안등
35.181547,126.869544,보안등
35.1819431,126.8694764,보안등
35.18162598,126.8687858,보안등
35.18147792,126.868569,보안등
35.18025451,126.8674999,보안등
35.18025451,126.8674999,보안등
35.18203246,126.8692655,보안등
35.1814252,126.8684488,보안등
35.181513,126.8680135,보안등
35.18173509,126.8683547,보안등
35.18178634,126.8684617,보안등
35.18215233,126.8680848,보안등
35.1823347,126.868001,보안등
35.18235428,126.8683798,보안등
35.182034,126.8686659,보안등
35.18214211,126.8692218,보안등
35.1822985,126.8694482,보안등
35.182446,126.8693652,보안등
35.182546,126.869743,보안등
35.182683,126.869917,보안등
35.1790901,126.8712042,보안등
35.17916921,126.8711256,보안등
35.18047858,126.8709052,보안등
35.1793389,126.870703,보안등
35.17965569,126.8704472,보안등
35.184652,126.872294,보안등
35.18461029,126.8722583,보안등
35.183826,126.8714488,보안등
35.18419687,126.8717754,보안등
35.184182,126.8717754,보안등
35.184195,126.872542,보안등
35.18407,126.872664,보안등
35.183909,126.872798,보안등
35.183714,126.873141,보안등
35.18309733,126.8726512,보안등
35.18309733,126.8726512,보안등
35.18303928,126.8740434,보안등
35.18303928,126.8740302,보안등
35.18309733,126.8726512,보안등
35.18227318,126.8729623,보안등
35.18236103,126.8733604,보안등
35.18279251,126.8737883,보안등
35.18279251,126.8737883,보안등
35.1826734,126.8740955,보안등
35.1826734,126.8740955,보안등
35.18275628,126.874394,보안등
35.18390762,126.87539,보안등
35.18390762,126.8753149,보안등
35.18390762,126.8753149,보안등
35.18390762,126.8753149,보안등
35.184795,126.873828,보안등
35.18471442,126.873828,보안등
35.18471442,126.873828,보안등
35.1850257,126.8731678,보안등
35.1845032,126.8731559,보안등
35.1840723,126.8731139,보안등
35.19073445,126.873509,보안등
35.19090484,126.8731786,보안등
35.19112744,126.8728125,보안등
35.18281629,126.880619,보안등
35.18281629,126.880619,보안등
35.18281629,126.880619,보안등
35.18300626,126.8809033,보안등
35.18281629,126.880619,보안등
35.180686,126.8799506,보안등
35.18062727,126.8798173,보안등
35.18062727,126.879827,보안등
35.1806625,126.87955,보안등
35.180643,126.8791755,보안등
35.18073467,126.879134,보안등
35.18053024,126.879477,보안등
35.18073467,126.8791386,보안등
35.180176,126.8794026,보안등
35.18014013,126.879472,보안등
35.18014013,126.8794026,보안등
35.179695,126.879136,보안등
35.180261,126.8674999,보안등
35.179834,126.871999,보안등
35.179834,126.871999,보안등
35.18295614,126.8786718,보안등
35.18295614,126.8786718,보안등
35.18295614,126.8786718,보안등
35.18295614,126.878613,보안등
35.18177795,126.8688507,보안등
35.17849741,126.8774276,보안등
35.17849741,126.8774563,보안등
35.17827573,126.8778657,보안등
35.1815477,126.8685543,보안등
35.18164874,126.8689758,보안등
35.1794151,126.8707363,보안등
35.1829925,126.8704654,보안등
35.18295232,126.8704654,보안등
35.18295232,126.8704711,보안등
35.1834322,126.870653,보안등
35.183516,126.8705084,보안등
35.1836281,126.8704791,보안등
35.18324456,126.8703971,보안등
35.18324456,126.8703971,보안등
35.18324456,126.8703971,보안등
35.18324456,126.8703971,보안등
35.18423,126.86998,보안등
35.184467,126.8701268,보안등
35.18067617,126.8799506,보안등
35.18067617,126.8799506,보안등
35.1847417,126.8731548,보안등
35.184303,126.8731506,보안등
35.18333244,126.8736,보안등
35.1836474,126.8732952,보안등
35.18142776,126.8807512,보안등
35.17092243,126.882215,보안등
35.17092243,126.882215,보안등
35.1715149,126.8773889,보안등
35.1721075,126.877476,보안등
35.1721075,126.8774147,보안등
35.21571617,126.9464328,보안등
35.21597902,126.9458456,보안등
35.216119,126.9462284,보안등
35.2188756,126.9468696,보안등
35.21919992,126.9460823,보안등
35.21906086,126.9456232,보안등
35.2187883,126.9446968,보안등
35.21857918,126.9440818,보안등
35.217431,126.9451819,보안등
35.217409,126.944456,보안등
35.217415,126.944071,보안등
35.21928243,126.9443751,보안등
35.21969256,126.944782,보안등
35.218829,126.9468696,보안등
35.21500435,126.9461349,보안등
35.218466,126.9475887,보안등
35.219176,126.947387,보안등
35.219907,126.9478053,보안등
35.220204,126.947819,보안등
35.21976,126.9472958,보안등
35.22028903,126.9463057,보안등
35.220253,126.946022,보안등
35.2208117,126.9434767,보안등
35.22095177,126.9444599,보안등
35.2213723,126.94288,보안등
35.22052089,126.9445769,보안등
35.22089382,126.9434767,보안등
35.22360652,126.9472736,보안등
35.22392805,126.9473363,보안등
35.22349807,126.9476651,보안등
35.22343084,126.9478853,보안등
35.22349181,126.9482004,보안등
35.22391,126.9476223,보안등
35.22440713,126.947775,보안등
35.22469301,126.9476999,보안등
35.22459,126.9484261,보안등
35.22482355,126.9477534,보안등
35.22516229,126.9479957,보안등
35.22564527,126.9482884,보안등
35.22415486,126.9475922,보안등
35.224182,126.9470269,보안등
35.22419823,126.9466121,보안등
35.227075,126.9458652,보안등
35.227357,126.946004,보안등
35.227647,126.9461358,보안등
35.2278657,126.9466677,보안등
35.22802477,126.9469074,보안등
35.22830981,126.9471785,보안등
35.22821024,126.9474595,보안등
35.22855726,126.9474606,보안등
35.22867507,126.9476126,보안등
35.22879547,126.9478332,보안등
35.22879547,126.9478332,보안등
35.22904167,126.9473341,보안등
35.22896028,126.9471065,보안등
35.22846674,126.946786,보안등
35.228446,126.947148,보안등
35.22881249,126.947112,보안등
35.22858368,126.946434,보안등
35.22861127,126.946235,보안등
35.22833445,126.9460382,보안등
35.2289403,126.9457916,보안등
35.22817434,126.9465693,보안등
35.22762341,126.9459183,보안등
35.22820947,126.9459048,보안등
35.22789294,126.945585,보안등
35.22755065,126.945257,보안등
35.22724202,126.9456408,보안등
35.227818,126.9452345,보안등
35.22803039,126.9455641,보안등
35.22889467,126.9453015,보안등
35.22889467,126.9453015,보안등
35.22447485,126.949526,보안등
35.22447485,126.949526,보안등
35.22349905,126.9485844,보안등
35.228138,126.9479155,보안등
35.2289403,126.9457916,보안등
35.22752634,126.9464909,보안등
35.21316491,126.9454331,보안등
35.22392805,126.9473363,보안등
35.22367669,126.9478102,보안등
35.22879547,126.9478332,보안등
35.22731821,126.9441951,보안등
35.224213,126.9460999,보안등
35.17537179,126.8811186,보안등
35.2465516,126.873371,보안등
35.24651672,126.8735943,보안등
35.24649,126.872648,보안등
35.246459,126.8720804,보안등
35.24645898,126.8720804,보안등
35.24663943,126.871577,보안등
35.2466309,126.872672,보안등
35.24673242,126.8723995,보안등
35.24736736,126.8726891,보안등
35.2479798,126.8734523,보안등
35.247535,126.872612,보안등
35.24746259,126.872215,보안등
35.24746259,126.872212,보안등
35.24762,126.871866,보안등
35.24772764,126.8728723,보안등
35.24774722,126.8730587,보안등
35.24775196,126.8736238,보안등
35.24775196,126.8736238,보안등
35.24789493,126.874762,보안등
35.24794461,126.8733125,보안등
35.24655112,126.8718488,보안등
35.24701375,126.8720748,보안등
35.24677058,126.8716597,보안등
35.24701375,126.8720748,보안등
35.2456973,126.8732259,보안등
35.24510386,126.8729531,보안등
35.24469035,126.8728908,보안등
35.24405641,126.8726155,보안등
35.24347856,126.8726686,보안등
35.24314319,126.8726776,보안등
35.24465003,126.873054,보안등
35.24210368,126.8713186,보안등
35.24195456,126.870863,보안등
35.24192416,126.8701634,보안등
35.24203999,126.870173,보안등
35.24228089,126.870487,보안등
35.24241015,126.8702,보안등
35.242156,126.8695786,보안등
35.241805,126.8697418,보안등
35.24173054,126.8702417,보안등
35.24173054,126.8702417,보안등
35.24194846,126.8690759,보안등
35.24223421,126.8693666,보안등
35.24241116,126.868771,보안등
35.24282953,126.8683813,보안등
35.243122,126.867844,보안등
35.24360335,126.8685627,보안등
35.24477988,126.8788564,보안등
35.244619,126.878838,보안등
35.24516103,126.8795334,보안등
35.24516103,126.8795334,보안등
35.2457078,126.8796902,보안등
35.246056,126.8785422,보안등
35.24609415,126.8791653,보안등
35.24609415,126.8791653,보안등
35.24666078,126.8793561,보안등
35.2410792,126.8797362,보안등
35.24160832,126.8801188,보안등
35.2426972,126.8803239,보안등
35.24697038,126.8739537,보안등
35.24189149,126.8713318,보안등
35.2442357,126.8809195,보안등
35.246676,126.8711881,보안등
35.23080017,126.8636794,보안등
35.23080017,126.8636794,보안등
35.230981,126.8630378,보안등
35.23096747,126.8628103,보안등
35.23108159,126.8624249,보안등
35.23118118,126.8619257,보안등
35.23122391,126.8639392,보안등
35.23149468,126.864025,보안등
35.23144394,126.8634896,보안등
35.23163874,126.8629249,보안등
35.23178981,126.8623672,보안등
35.23180442,126.862139,보안등
35.2319975,126.8618932,보안등
35.23181755,126.864189,보안등
35.23217494,126.8643554,보안등
35.2321475,126.8637491,보안등
35.23212469,126.8637491,보안등
35.23226362,126.8630617,보안등
35.23220412,126.8628085,보안등
35.23249154,126.8622752,보안등
35.23246518,126.8645982,보안등
35.23282611,126.8647041,보안등
35.23267687,126.8640735,보안등
35.23283799,126.8634916,보안등
35.23291957,126.8631791,보안등
35.2332105,126.8624912,보안등
35.23327077,126.8624912,보안등
35.23320891,126.862225,보안등
35.2330827,126.8648464,보안등
35.2335753,126.8650368,보안등
35.2332982,126.8643513,보안등
35.2334967,126.8638947,보안등
35.23350193,126.8636659,보안등
35.23366443,126.8632413,보안등
35.23372393,126.8630099,보안등
35.23385348,126.8623992,보안등
35.2343639,126.8618345,보안등
35.24005839,126.8635204,보안등
35.24005839,126.8635521,보안등
35.2423632,126.8730716,보안등
35.24238183,126.8730716,보안등
35.2425126,126.872722,보안등
35.242399,126.872635,보안등
35.24320295,126.865482,보안등
35.24099024,126.8776493,보안등
35.2410786,126.876985,보안등
35.23905228,126.8702434,보안등
35.24308766,126.869194,보안등
35.2421931,126.873879,보안등
35.24191291,126.874665,보안등
35.24191291,126.874665,보안등
35.24183398,126.8746691,보안등
35.241488,126.8698552,보안등
35.2419995,126.869902,보안등
35.2476738,126.874467,보안등
35.15920222,126.904479,보안등
35.157304,126.9065781,보안등
35.1571775,126.9065173,보안등
35.15707822,126.9062577,보안등
35.1568524,126.9059925,보안등
35.15707087,126.9058388,보안등
35.157231,126.905621,보안등
35.15708043,126.9056247,보안등
35.15803037,126.906621,보안등
35.157809,126.906678,보안등
35.15836989,126.9080835,보안등
35.158306,126.9080835,보안등
35.15864167,126.9067731,보안등
35.15836989,126.9080835,보안등
35.158491,126.907277,보안등
35.15836989,126.9080835,보안등
35.15820106,126.907617,보안등
35.15858007,126.9079027,보안등
35.15848185,126.9083066,보안등
35.158263,126.908121,보안등
35.1582292,126.9083528,보안등
35.158394,126.908602,보안등
35.15822848,126.9090287,보안등
35.15836989,126.9080835,보안등
35.15836989,126.9080835,보안등
35.158013,126.9084361,보안등
35.15818814,126.9092461,보안등
35.15836989,126.9080835,보안등
35.15836989,126.9080835,보안등
35.15847191,126.908622,보안등
35.15813222,126.9077157,보안등
35.15837937,126.908799,보안등
35.1581556,126.9054279,보안등
35.15834911,126.905662,보안등
35.15989484,126.9040496,보안등
35.15989484,126.9040496,보안등
35.1591965,126.9056435,보안등
35.1592139,126.905486,보안등
35.159085,126.905267,보안등
35.15989484,126.9040496,보안등
35.15889,126.904644,보안등
35.15883614,126.9049702,보안등
35.15989484,126.9040496,보안등
35.15846918,126.9046159,보안등
35.15989484,126.9040496,보안등
35.158454,126.9041555,보안등
35.15857409,126.904011,보안등
35.1584437,126.903937,보안등
35.15901441,126.9040436,보안등
35.1586356,126.90359,보안등
35.15901441,126.9040436,보안등
35.15968492,126.9032356,보안등
35.15960068,126.9037365,보안등
35.15958,126.90388,보안등
35.1595053,126.9039444,보안등
35.15941289,126.9041446,보안등
35.15989484,126.9040496,보안등
35.160133,126.9044041,보안등
35.1605376,126.9043579,보안등
35.16040315,126.9040581,보안등
35.16076659,126.9041859,보안등
35.16078591,126.904431,보안등
35.15989484,126.9040496,보안등
35.161032,126.9052802,보안등
35.16091296,126.9056735,보안등
35.1607626,126.906181,보안등
35.15989484,126.9040496,보안등
35.16066627,126.906148,보안등
35.15989484,126.9040496,보안등
35.159866,126.9040496,보안등
35.15999,126.905683,보안등
35.160023,126.905342,보안등
35.160182,126.905033,보안등
35.16020292,126.9058564,보안등
35.15989484,126.9040496,보안등
35.160527,126.90528,보안등
35.160462,126.9049746,보안등
35.15838031,126.9043956,보안등
35.15632765,126.905094,보안등
35.1562063,126.9049669,보안등
35.15612927,126.904791,보안등
35.156218,126.9041388,보안등
35.15601352,126.9043897,보안등
35.155704,126.904171,보안등
35.15591602,126.904002,보안등
35.15592,126.904146,보안등
35.155585,126.903975,보안등
35.15552,126.9036482,보안등
35.15549762,126.903528,보안등
35.15764508,126.9032896,보안등
35.1571849,126.9030061,보안등
35.1588349,126.9021009,보안등
35.1583155,126.9025616,보안등
35.1588335,126.9048341,보안등
35.15795644,126.9029724,보안등
35.1578691,126.9030312,보안등
35.15989484,126.9040496,보안등
35.15989484,126.9040496,보안등
35.1571687,126.903617,보안등
35.1576997,126.9031421,보안등
35.157554,126.9035769,보안등
35.15757499,126.903644,보안등
35.15725884,126.9037108,보안등
35.15682449,126.9040266,보안등
35.1562465,126.9048897,보안등
35.15639321,126.9051241,보안등
35.15634,126.9047045,보안등
35.1565979,126.9050993,보안등
35.1565551,126.9052673,보안등
35.15786487,126.9081815,보안등
35.1613502,126.9042296,보안등
35.15989484,126.9040496,보안등
35.15989484,126.9040496,보안등
35.15829351,126.9094391,보안등
35.15815858,126.9053118,보안등
35.15763422,126.9093941,보안등
35.15765431,126.90902,보안등
35.1582142,126.9096952,보안등
35.1604477,126.906746,보안등
35.15989484,126.9040496,보안등
35.15989484,126.9040496,보안등
35.15989484,126.9040496,보안등
35.15989484,126.9040496,보안등
35.159904,126.904356,보안등
35.16020802,126.9039676,보안등
35.15989484,126.9040496,보안등
35.15989484,126.9040496,보안등
35.15989484,126.9040496,보안등
35.1564764,126.9049181,보안등
35.1592416,126.9015103,보안등
35.15887531,126.9021009,보안등
35.16060383,126.9041848,보안등
35.15847951,126.9051908,보안등
35.1590574,126.9067632,보안등
35.15815089,126.909545,보안등
35.20321,126.8976122,보안등
35.20320882,126.8973657,보안등
35.20344103,126.8972802,보안등
35.20363114,126.8971909,보안등
35.204314,126.8969005,보안등
35.20439443,126.896942,보안등
35.20459436,126.896856,보안등
35.20402171,126.8978505,보안등
35.20382872,126.8979482,보안등
35.20364389,126.89799,보안등
35.203375,126.897898,보안등
35.203168,126.897922,보안등
35.20335373,126.8980786,보안등
35.203619,126.8988109,보안등
35.20549141,126.8984398,보안등
35.205445,126.8984398,보안등
35.20515629,126.8981198,보안등
35.20494513,126.8986901,보안등
35.20490171,126.8990391,보안등
35.20415265,126.899322,보안등
35.20374266,126.8994725,보안등
35.20343347,126.9002051,보안등
35.20349613,126.9004417,보안등
35.20380295,126.900297,보안등
35.20395304,126.9001724,보안등
35.20418861,126.9000753,보안등
35.20445253,126.8999751,보안등
35.20481628,126.8998252,보안등
35.204801,126.899967,보안등
35.20492264,126.9002621,보안등
35.20456567,126.900351,보안등
35.204354,126.900487,보안등
35.20406515,126.9007656,보안등
35.203861,126.9008574,보안등
35.2035873,126.9008238,보안등
35.20362886,126.900957,보안등
35.20367803,126.9013356,보안등
35.203855,126.9012894,보안등
35.20468103,126.8996301,보안등
35.204286,126.9008376,보안등
35.20448351,126.9010475,보안등
35.20483023,126.9006787,보안등
35.20504902,126.9009381,보안등
35.204941,126.9005221,보안등
35.20516628,126.9009273,보안등
35.20534138,126.9005514,보안등
35.20507653,126.9001906,보안등
35.20507,126.899939,보안등
35.20528724,126.9009287,보안등
35.205583,126.9009252,보안등
35.20549169,126.9004013,보안등
35.2054694,126.9002641,보안등
35.20537443,126.89988,보안등
35.205764,126.900934,보안등
35.20597814,126.9009356,보안등
35.2058705,126.9007011,보안등
35.206021,126.900377,보안등
35.20576237,126.8998654,보안등
35.20572729,126.8997325,보안등
35.205832,126.8992719,보안등
35.206384,126.893761,보안등
35.20668569,126.8937986,보안등
35.20699,126.8938082,보안등
35.207197,126.8938055,보안등
35.20728726,126.8938049,보안등
35.20731418,126.893626,보안등
35.20731159,126.893296,보안등
35.20731418,126.89367,보안등
35.206878,126.8936564,보안등
35.206616,126.893494,보안등
35.20654196,126.8934262,보안등
35.20746474,126.8896851,보안등
35.20654288,126.8930485,보안등
35.20907433,126.8939587,보안등
35.206631,126.8932747,보안등
35.20685334,126.893215,보안등
35.20731159,126.893222,보안등
35.2073076,126.893076,보안등
35.20730069,126.8926871,보안등
35.20714423,126.8929009,보안등
35.20685021,126.8929018,보안등
35.20654447,126.8929052,보안등
35.20655156,126.8926697,보안등
35.206059,126.8926736,보안등
35.20591609,126.8926528,보안등
35.2055709,126.8925779,보안등
35.20604838,126.8933328,보안등
35.205301,126.893556,보안등
35.205316,126.893237,보안등
35.205394,126.89295,보안등
35.2057723,126.8925227,보안등
35.20594,126.8925252,보안등
35.206255,126.8925721,보안등
35.206388,126.8921543,보안등
35.20655156,126.8926697,보안등
35.2065497,126.892395,보안등
35.20681022,126.8925357,보안등
35.20730985,126.8925443,보안등
35.20754516,126.8922033,보안등
35.2071742,126.8921681,보안등
35.2071561,126.892104,보안등
35.20674869,126.8921683,보안등
35.2063575,126.8917555,보안등
35.2063593,126.8921543,보안등
35.2058659,126.891962,보안등
35.20599696,126.891897,보안등
35.20622224,126.8914947,보안등
35.20623594,126.8911931,보안등
35.20627989,126.891005,보안등
35.20626402,126.8905452,보안등
35.205934,126.891088,보안등
35.20586825,126.8913605,보안등
35.205715,126.891562,보안등
35.20564739,126.8921386,보안등
35.20564739,126.8921386,보안등
35.20626246,126.8916199,보안등
35.20654797,126.8909659,보안등
35.20684119,126.8909757,보안등
35.20723513,126.8916391,보안등
35.206807,126.891745,보안등
35.20623907,126.8902829,보안등
35.20683408,126.890319,보안등
35.20717038,126.8910005,보안등
35.20717678,126.8907001,보안등
35.20717691,126.890241,보안등
35.20695782,126.889981,보안등
35.207068,126.8895842,보안등
35.20702779,126.889371,보안등
35.20703569,126.8888851,보안등
35.20761082,126.8893556,보안등
35.20781622,126.8890321,보안등
35.20799893,126.889144,보안등
35.207919,126.889144,보안등
35.20820938,126.8886298,보안등
35.20826,126.8890078,보안등
35.20842708,126.8886571,보안등
35.20770951,126.8895438,보안등
35.20786719,126.8905724,보안등
35.2079337,126.8897855,보안등
35.208241,126.8899953,보안등
35.20822855,126.8893859,보안등
35.2083693,126.8892058,보안등
35.208577,126.8892321,보안등
35.20844304,126.8890548,보안등
35.20845051,126.8897399,보안등
35.208218,126.8904277,보안등
35.207942,126.8905567,보안등
35.20798761,126.890886,보안등
35.20803325,126.891035,보안등
35.2100498,126.8924689,보안등
35.20826659,126.8901319,보안등
35.208757,126.8912898,보안등
35.20826659,126.8901319,보안등
35.20935556,126.8911298,보안등
35.209336,126.8911298,보안등
35.20917592,126.8917399,보안등
35.20925819,126.8912112,보안등
35.20928575,126.8902806,보안등
35.20928575,126.8902806,보안등
35.2096701,126.8899562,보안등
35.21003545,126.8897408,보안등
35.21030823,126.8901756,보안등
35.21043112,126.8901169,보안등
35.21076839,126.8900995,보안등
35.211426,126.8900725,보안등
35.211426,126.8900725,보안등
35.211426,126.890088,보안등
35.211426,126.8900725,보안등
35.21142597,126.8907425,보안등
35.21144227,126.891341,보안등
35.211444,126.8911,보안등
35.2114364,126.8919145,보안등
35.21162164,126.8923322,보안등
35.21196349,126.8919874,보안등
35.21236624,126.893345,보안등
35.21236624,126.893345,보안등
35.212322,126.893345,보안등
35.21236624,126.893345,보안등
35.2128875,126.89418,보안등
35.2128875,126.89418,보안등
35.21215387,126.8942633,보안등
35.211951,126.894388,보안등
35.21016693,126.8932375,보안등
35.2105694,126.8927339,보안등
35.21077868,126.8928243,보안등
35.21079254,126.8928909,보안등
35.21100234,126.8928357,보안등
35.21163696,126.8928426,보안등
35.211668,126.8928426,보안등
35.21146808,126.8924691,보안등
35.21146808,126.8924691,보안등
35.21118586,126.8924656,보안등
35.21092106,126.892636,보안등
35.21079058,126.892374,보안등
35.210759,126.8923232,보안등
35.210939,126.8923127,보안등
35.211481,126.8923286,보안등
35.2112771,126.8920899,보안등
35.21141798,126.8917801,보안등
35.210889,126.8914354,보안등
35.21144331,126.8915823,보안등
35.21078419,126.8910188,보안등
35.21078419,126.8910188,보안등
35.211216,126.8909249,보안등
35.21143617,126.8904531,보안등
35.21066267,126.890849,보안등
35.21107841,126.8906375,보안등
35.21077106,126.8902533,보안등
35.2104429,126.8902798,보안등
35.21020249,126.890777,보안등
35.20957531,126.890369,보안등
35.20975613,126.8903436,보안등
35.21020249,126.8907537,보안등
35.21040654,126.8910351,보안등
35.21019337,126.8911359,보안등
35.21078419,126.8910188,보안등
35.21046189,126.891683,보안등
35.210623,126.892023,보안등
35.20684036,126.8905575,보안등
35.21011523,126.893898,보안등
35.20976237,126.8941157,보안등
35.20907433,126.8939587,보안등
35.20943069,126.8935833,보안등
35.20933151,126.8938362,보안등
35.20909881,126.8938904,보안등
35.20866731,126.8937954,보안등
35.208494,126.8937808,보안등
35.208052,126.8937057,보안등
35.2081715,126.8931067,보안등
35.2081715,126.8931067,보안등
35.2084285,126.8936486,보안등
35.20897873,126.8932891,보안등
35.20889821,126.892947,보안등
35.208729,126.89296,보안등
35.20904472,126.8927952,보안등
35.20803216,126.8925673,보안등
35.2091038,126.8923264,보안등
35.20916869,126.892611,보안등
35.20948328,126.8927458,보안등
35.209701,126.8926608,보안등
35.21003609,126.8930649,보안등
35.21003609,126.8930649,보안등
35.209164,126.8933421,보안등
35.20923827,126.892922,보안등
35.20945469,126.8923287,보안등
35.2099411,126.8924729,보안등
35.21024576,126.8919669,보안등
35.20979371,126.8915527,보안등
35.20955052,126.8912009,보안등
35.20955052,126.8912326,보안등
35.20976206,126.8917249,보안등
35.20976206,126.8917249,보안등
35.2096971,126.8918588,보안등
35.20936682,126.891922,보안등
35.20879958,126.8918104,보안등
35.20904653,126.8938249,보안등
35.208762,126.8924285,보안등
35.20851017,126.8921296,보안등
35.20834199,126.8916383,보안등
35.20811191,126.891684,보안등
35.207958,126.891444,보안등
35.20828444,126.8912817,보안등
35.208446,126.891558,보안등
35.20871655,126.8913946,보안등
35.2077846,126.8884792,보안등
35.20786719,126.890549,보안등
35.207618,126.890691,보안등
35.207611,126.8909,보안등
35.2078308,126.8916059,보안등
35.20803216,126.8925673,보안등
35.2080322,126.891973,보안등
35.20820375,126.8923791,보안등
35.20820375,126.892366,보안등
35.20817,126.8929321,보안등
35.20750783,126.8942867,보안등
35.21236624,126.893345,보안등
35.21215538,126.8974875,보안등
35.21236624,126.893345,보안등
35.21236624,126.893345,보안등
35.21310696,126.8973981,보안등
35.2179691,126.8941659,보안등
35.216839,126.8920601,보안등
35.216813,126.8934912,보안등
35.21668508,126.8946304,보안등
35.21668508,126.8946304,보안등
35.21668508,126.8946304,보안등
35.21668508,126.8946304,보안등
35.216632,126.894643,보안등
35.21664456,126.8945721,보안등
35.21639049,126.8950867,보안등
35.21631348,126.8969111,보안등
35.216415,126.895613,보안등
35.21631348,126.8969111,보안등
35.216428,126.896041,보안등
35.21631348,126.8969111,보안등
35.21631348,126.8969111,보안등
35.216361,126.896558,보안등
35.21631348,126.8969111,보안등
35.21631348,126.8969111,보안등
35.21631348,126.8969111,보안등
35.21597019,126.896661,보안등
35.21631348,126.8969111,보안등
35.21562453,126.8977335,보안등
35.21631348,126.8969111,보안등
35.21587279,126.898112,보안등
35.21587279,126.8981112,보안등
35.21555389,126.898534,보안등
35.21555389,126.8985607,보안등
35.21538566,126.8997077,보안등
35.215536,126.899041,보안등
35.21538566,126.8997077,보안등
35.21571777,126.8992875,보안등
35.215352,126.8997077,보안등
35.21571777,126.8992875,보안등
35.21538566,126.8997077,보안등
35.21571777,126.8992875,보안등
35.215051,126.8999205,보안등
35.21571777,126.8992875,보안등
35.206086,126.8817825,보안등
35.206035,126.8817825,보안등
35.206039,126.8823065,보안등
35.20624323,126.8827767,보안등
35.20573621,126.883047,보안등
35.20559491,126.882481,보안등
35.20557619,126.8820832,보안등
35.20576519,126.8817044,보안등
35.20517675,126.881311,보안등
35.20541663,126.8816973,보안등
35.20541423,126.8818238,보안등
35.20518632,126.8827967,보안등
35.2049216,126.8830787,보안등
35.20500476,126.881887,보안등
35.20499858,126.881547,보안등
35.19852429,126.882382,보안등
35.19852429,126.882382,보안등
35.198719,126.8818807,보안등
35.19895264,126.8823177,보안등
35.19944506,126.88242,보안등
35.199621,126.8820101,보안등
35.2017594,126.8826247,보안등
35.2017594,126.8826247,보안등
35.201725,126.8826247,보안등
35.2039638,126.8994066,보안등
35.20763038,126.8901424,보안등
35.2084685,126.8893861,보안등
35.20705529,126.8886832,보안등
35.20160295,126.8807213,보안등
35.20160295,126.8807213,보안등
35.20637844,126.8911777,보안등
35.20755913,126.8886086,보안등
35.20781622,126.8890321,보안등
35.2088362,126.8900462,보안등
35.2091273,126.891002,보안등
35.20928575,126.8902478,보안등
35.21652229,126.9039253,보안등
35.21652229,126.9039253,보안등
35.2165353,126.9039253,보안등
35.2165422,126.9039253,보안등
35.21652229,126.9039253,보안등
35.2169407,126.9050514,보안등
35.2171523,126.9053432,보안등
35.2174337,126.9057345,보안등
35.2176967,126.9060369,보안등
35.2180089,126.9062709,보안등
35.2182451,126.9066263,보안등
35.20861956,126.8927973,보안등
35.20844074,126.893216,보안등
35.2093597,126.893191,보안등
35.16736303,126.8972308,보안등
35.169767,126.8846277,보안등
35.16917721,126.8859337,보안등
35.1686662,126.890852,보안등
35.16818005,126.8911114,보안등
35.166695,126.8872676,보안등
35.16777058,126.8910146,보안등
35.16806402,126.892119,보안등
35.16238329,126.895917,보안등
35.1676503,126.8921289,보안등
35.16766599,126.8852348,보안등
35.16783416,126.8925255,보안등
35.1676623,126.8929013,보안등
35.16771435,126.8929149,보안등
35.1674359,126.8932235,보안등
35.16620384,126.8893455,보안등
35.1627599,126.8958052,보안등
35.16603185,126.8891511,보안등
35.16623438,126.8896443,보안등
35.16623438,126.8896443,보안등
35.1662648,126.8893455,보안등
35.16665425,126.890111,보안등
35.1666891,126.890176,보안등
35.1668539,126.8905762,보안등
35.166986,126.8906578,보안등
35.16632408,126.8914207,보안등
35.16632408,126.8914207,보안등
35.16664881,126.891506,보안등
35.16635276,126.891281,보안등
35.16658466,126.891126,보안등
35.166797,126.8910392,보안등
35.1663129,126.891488,보안등
35.16618136,126.891142,보안등
35.16652114,126.890778,보안등
35.16659634,126.890752,보안등
35.16571942,126.8916262,보안등
35.16571942,126.8916262,보안등
35.16571942,126.8916262,보안등
35.16571942,126.8916262,보안등
35.16571942,126.8916262,보안등
35.1650155,126.8894717,보안등
35.1647929,126.8891384,보안등
35.164534,126.88897,보안등
35.164361,126.888742,보안등
35.164205,126.888492,보안등
35.164059,126.888296,보안등
35.163858,126.888003,보안등
35.16817101,126.8927262,보안등
35.168135,126.8923846,보안등
35.16788979,126.8919093,보안등
35.1677352,126.8917671,보안등
35.16806826,126.8914064,보안등
35.16804061,126.8917865,보안등
35.1682293,126.8918381,보안등
35.16833461,126.8923189,보안등
35.1683586,126.8920626,보안등
35.16790136,126.8923339,보안등
35.16792065,126.8927627,보안등
35.16744719,126.8926919,보안등
35.16795794,126.892965,보안등
35.1676358,126.8933266,보안등
35.1673184,126.8931716,보안등
35.1671742,126.8933199,보안등
35.16703023,126.8936505,보안등
35.1672601,126.8937356,보안등
35.1675033,126.8932713,보안등
35.16758966,126.8935639,보안등
35.16747484,126.8937889,보안등
35.167164,126.894564,보안등
35.16714914,126.894564,보안등
35.16696533,126.8948206,보안등
35.1667401,126.8952514,보안등
35.16674286,126.8952514,보안등
35.16571942,126.8916262,보안등
35.16617682,126.895393,보안등
35.16641721,126.895477,보안등
35.1662109,126.8959861,보안등
35.1660483,126.8959125,보안등
35.16590403,126.8958447,보안등
35.16548911,126.8957194,보안등
35.16582208,126.8961447,보안등
35.16611026,126.896085,보안등
35.16581179,126.8963366,보안등
35.16591134,126.8961773,보안등
35.1669118,126.8946098,보안등
35.1670118,126.8940808,보안등
35.1668577,126.8940563,보안등
35.1667177,126.8934662,보안등
35.166901,126.893483,보안등
35.16726313,126.8926851,보안등
35.16680021,126.892531,보안등
35.16665723,126.8923558,보안등
35.16737131,126.892435,보안등
35.16727967,126.89236,보안등
35.16700088,126.892154,보안등
35.16757277,126.8920525,보안등
35.1673259,126.8918199,보안등
35.1662168,126.8939723,보안등
35.1664331,126.893647,보안등
35.16632984,126.893876,보안등
35.16587272,126.8942491,보안등
35.1661448,126.8942563,보안등
35.16656528,126.8941977,보안등
35.16669782,126.8942527,보안등
35.16624072,126.8947306,보안등
35.1666927,126.8948562,보안등
35.16639719,126.8950466,보안등
35.16621408,126.8951981,보안등
35.16601978,126.8950976,보안등
35.16573303,126.8954144,보안등
35.16573303,126.8954134,보안등
35.16560714,126.895049,보안등
35.16530781,126.8972577,보안등
35.16548759,126.8967869,보안등
35.1652984,126.8966813,보안등
35.1650969,126.8966622,보안등
35.16489943,126.896546,보안등
35.1646659,126.8964853,보안등
35.16458072,126.8963495,보안등
35.16477201,126.8962652,보안등
35.1649209,126.8960481,보안등
35.1642978,126.8967935,보안등
35.1644182,126.8970807,보안등
35.1642639,126.8973661,보안등
35.16460673,126.897499,보안등
35.164831,126.897836,보안등
35.16520553,126.897623,보안등
35.1648977,126.8974305,보안등
35.1649842,126.8969895,보안등
35.1648247,126.8971091,보안등
35.16530781,126.8972577,보안등
35.165274,126.8978677,보안등
35.1648771,126.8986745,보안등
35.16475109,126.899155,보안등
35.164725,126.8985481,보안등
35.16429084,126.8984713,보안등
35.1641723,126.8984906,보안등
35.16393802,126.8978817,보안등
35.16389796,126.8981708,보안등
35.1638514,126.8986209,보안등
35.16376328,126.8988041,보안등
35.1637647,126.8989152,보안등
35.16367469,126.8990327,보안등
35.1639118,126.8990997,보안등
35.1640487,126.899133,보안등
35.1642613,126.8992628,보안등
35.16448079,126.89917,보안등
35.16453595,126.899027,보안등
35.1599348,126.8994491,보안등
35.1648106,126.8994041,보안등
35.16461735,126.8995858,보안등
35.1642753,126.8998003,보안등
35.1642184,126.8995742,보안등
35.16423512,126.897191,보안등
35.1638586,126.8996042,보안등
35.16457561,126.899703,보안등
35.1634873,126.8994204,보안등
35.163275,126.8993505,보안등
35.1637716,126.8998333,보안등
35.16375551,126.9000842,보안등
35.16434492,126.900202,보안등
35.1645084,126.90008,보안등
35.16432461,126.900763,보안등
35.16411237,126.900422,보안등
35.16411237,126.900422,보안등
35.1632095,126.8997661,보안등
35.16357083,126.899994,보안등
35.162436,126.90003,보안등
35.16223,126.9001718,보안등
35.16204565,126.8999912,보안등
35.1621596,126.8997999,보안등
35.1703383,126.8847965,보안등
35.1695958,126.8847014,보안등
35.1608666,126.8986184,보안등
35.161147,126.8983851,보안등
35.1618301,126.8983629,보안등
35.1628475,126.8977111,보안등
35.16275721,126.8980383,보안등
35.16275721,126.8980801,보안등
35.16261151,126.897945,보안등
35.1627583,126.8982508,보안등
35.1630686,126.8982622,보안등
35.1630764,126.8983967,보안등
35.163363,126.897921,보안등
35.163016,126.897443,보안등
35.163046,126.897692,보안등
35.16326694,126.896848,보안등
35.16319033,126.89663,보안등
35.16281158,126.8961869,보안등
35.162508,126.896122,보안등
35.16233,126.896311,보안등
35.1695224,126.8847014,보안등
35.16261443,126.8964791,보안등
35.162519,126.89619,보안등
35.166912,126.890945,보안등
35.16238329,126.895917,보안등
35.16238329,126.895917,보안등
35.16238329,126.895917,보안등
35.16238329,126.895917,보안등
35.16238329,126.8959748,보안등
35.16238329,126.895917,보안등
35.16238329,126.895917,보안등
35.16150221,126.895396,보안등
35.16150221,126.895396,보안등
35.16248272,126.8968426,보안등
35.16248272,126.8968426,보안등
35.16150221,126.895396,보안등
35.16150221,126.895396,보안등
35.16426972,126.8974415,보안등
35.167163,126.8933771,보안등
35.16192209,126.8974279,보안등
35.1618851,126.8974106,보안등
35.161695,126.8970799,보안등
35.16170822,126.8972413,보안등
35.1613672,126.8971899,보안등
35.161109,126.896854,보안등
35.16056123,126.8967179,보안등
35.16056123,126.8967179,보안등
35.16039507,126.8966494,보안등
35.1603958,126.8970542,보안등
35.16056123,126.8967179,보안등
35.16056123,126.8967179,보안등
35.16100301,126.8972561,보안등
35.16103969,126.8974253,보안등
35.16131232,126.8975427,보안등
35.1614938,126.8976924,보안등
35.16145216,126.8978979,보안등
35.1611243,126.8978505,보안등
35.16080728,126.8977287,보안등
35.160508,126.8967179,보안등
35.16033714,126.8976487,보안등
35.16076033,126.8978501,보안등
35.16103241,126.898063,보안등
35.16335907,126.8969286,보안등
35.1608383,126.8984281,보안등
35.16081021,126.8984031,보안등
35.16029545,126.8982286,보안등
35.16027797,126.8980158,보안등
35.1600159,126.8983811,보안등
35.1600159,126.8983811,보안등
35.1598908,126.8992285,보안등
35.1600629,126.8983811,보안등
35.16033387,126.8991997,보안등
35.1602795,126.8982286,보안등
35.1601895,126.8984521,보안등
35.160489,126.8987513,보안등
35.16029545,126.8982286,보안등
35.15974701,126.900331,보안등
35.16052324,126.8998623,보안등
35.15996211,126.9004853,보안등
35.160478,126.9012679,보안등
35.161543,126.9017688,보안등
35.161543,126.9017688,보안등
35.161573,126.9014015,보안등
35.16191544,126.9015825,보안등
35.162233,126.9018604,보안등
35.16218842,126.9021995,보안등
35.1616807,126.9018822,보안등
35.161198,126.9024234,보안등
35.161543,126.9017688,보안등
35.161543,126.9017688,보안등
35.1620862,126.9024707,보안등
35.16187956,126.9031346,보안등
35.15923802,126.8983899,보안등
35.1592013,126.898143,보안등
35.1592776,126.8977432,보안등
35.16723056,126.8932069,보안등
35.16723056,126.8932069,보안등
35.161989,126.9015825,보안등
35.161642,126.900963,보안등
35.16466615,126.8999493,보안등
35.16457164,126.9002332,보안등
35.16449184,126.9005348,보안등
35.1633873,126.9005411,보안등
35.165173,126.8966598,보안등
35.16360148,126.8984148,보안등
35.1635382,126.8988327,보안등
35.16354148,126.8988443,보안등
35.16664288,126.8946095,보안등
35.16461513,126.8970079,보안등
35.16119395,126.9024234,보안등
35.16109772,126.9013515,보안등
35.16081065,126.9011458,보안등
35.16092129,126.9008594,보안등
35.16095274,126.9006293,보안등
35.1657283,126.8940453,보안등
35.1670582,126.8931163,보안등
35.1678286,126.8934334,보안등
35.1611699,126.897125,보안등
35.16617905,126.8944791,보안등
35.1671834,126.891031,보안등
35.16761803,126.8915838,보안등
35.16721857,126.8933181,보안등
35.16773245,126.8933787,보안등
35.16680021,126.8925011,보안등
35.16723056,126.8932069,보안등
35.16764068,126.8927678,보안등
35.21159585,126.943584,보안등
35.21226405,126.943377,보안등
35.212168,126.9426908,보안등
35.21218312,126.9429654,보안등
35.212708,126.9416599,보안등
35.21287,126.9414964,보안등
35.21333836,126.9414663,보안등
35.21333836,126.9414663,보안등
35.21268699,126.9411652,보안등
35.21230081,126.942042,보안등
35.21197877,126.9415898,보안등
35.21227006,126.9416126,보안등
35.21207468,126.9420606,보안등
35.2121333,126.9426908,보안등
35.211678,126.9424149,보안등
35.21162106,126.9421251,보안등
35.21112784,126.9408861,보안등
35.210875,126.9413033,보안등
35.210641,126.9413923,보안등
35.21083712,126.9413033,보안등
35.21036878,126.9416728,보안등
35.21036653,126.9424297,보안등
35.21031,126.9426329,보안등
35.21053381,126.9426009,보안등
35.21117981,126.9424122,보안등
35.21088805,126.9401346,보안등
35.2112998,126.943274,보안등
35.21145403,126.9434362,보안등
35.211357,126.9431073,보안등
35.211501,126.9435119,보안등
35.21107421,126.9430721,보안등
35.21127745,126.9428449,보안등
35.211264,126.9428449,보안등
35.21096822,126.9408347,보안등
35.21224607,126.9390708,보안등
35.21287553,126.9374643,보안등
35.21239395,126.9380692,보안등
35.21384,126.935199,보안등
35.21423251,126.9350391,보안등
35.21353014,126.92733,보안등
35.21468076,126.9321028,보안등
35.21478295,126.9328277,보안등
35.21617333,126.933073,보안등
35.21540641,126.9309453,보안등
35.21602432,126.9321793,보안등
35.21599286,126.931701,보안등
35.21645438,126.931992,보안등
35.21644216,126.9322917,보안등
35.217019,126.9329631,보안등
35.216942,126.9320811,보안등
35.21653867,126.931766,보안등
35.216792,126.931634,보안등
35.21676216,126.9316806,보안등
35.216687,126.9307716,보안등
35.216771,126.9314378,보안등
35.217254,126.9307665,보안등
35.217241,126.9305717,보안등
35.216639,126.9298705,보안등
35.21644138,126.9301231,보안등
35.21654855,126.930595,보안등
35.21631576,126.9295256,보안등
35.21631576,126.9295256,보안등
35.21631576,126.9295256,보안등
35.21704598,126.9291551,보안등
35.21124196,126.9423085,보안등
35.21631576,126.9295256,보안등
35.21726753,126.928228,보안등
35.21738859,126.928525,보안등
35.216415,126.9286172,보안등
35.21631576,126.9295256,보안등
35.2156107,126.930547,보안등
35.21564298,126.930114,보안등
35.21534463,126.9296831,보안등
35.21468076,126.9321028,보안등
35.215569,126.9296134,보안등
35.21608019,126.929681,보안등
35.21631035,126.9294016,보안등
35.21557977,126.9290191,보안등
35.21532951,126.9288001,보안등
35.21582496,126.928759,보안등
35.2160821,126.9287301,보안등
35.21591276,126.9284711,보안등
35.21576936,126.9284714,보안등
35.21596565,126.9278292,보안등
35.21531927,126.9277928,보안등
35.21615881,126.9284254,보안등
35.21660876,126.9284185,보안등
35.21531927,126.9277928,보안등
35.21590276,126.9283204,보안등
35.2158057,126.9282226,보안등
35.21487042,126.9290527,보안등
35.21631576,126.9295256,보안등
35.21509227,126.926652,보안등
35.21519942,126.9266457,보안등
35.2140253,126.9249849,보안등
35.21457983,126.9261675,보안등
35.21408787,126.9263394,보안등
35.2113237,126.9443154,보안등
35.2141645,126.940962,보안등
35.21342569,126.9285163,보안등
35.21503383,126.9309181,보안등
35.2150123,126.9312536,보안등
35.21483236,126.9323082,보안등
35.21786174,126.9330107,보안등
35.21786174,126.9330107,보안등
35.21786174,126.933063,보안등
35.21786174,126.9330107,보안등
35.21071858,126.9408162,보안등
35.2141898,126.932862,보안등
35.21259557,126.9324996,보안등
35.21259557,126.9324996,보안등
35.21259557,126.9324996,보안등
35.21145315,126.9325126,보안등
35.21468076,126.9321028,보안등
35.20991848,126.9313185,보안등
35.20991848,126.9313185,보안등
35.20832339,126.9313565,보안등
35.20756413,126.931366,보안등
35.20756413,126.931363,보안등
35.20639725,126.9315232,보안등
35.2058133,126.9316991,보안등
35.20488363,126.9325001,보안등
35.2042757,126.933096,보안등
35.20186354,126.9340929,보안등
35.20186354,126.9340929,보안등
35.20186354,126.9340929,보안등
35.21157071,126.941809,보안등
35.212929,126.9265886,보안등
35.2174555,126.9263004,보안등
35.2162391,126.9267882,보안등
35.21575513,126.92803,보안등
35.2098356,126.9412339,보안등
35.21119944,126.9440873,보안등
35.20017625,126.934078,보안등
35.2116232,126.943363,보안등
35.214737,126.9344837,보안등
35.21239395,126.9380692,보안등
35.2113609,126.939176,보안등
35.2105466,126.941896,보안등
35.2103521,126.9405742,보안등
35.21036975,126.9405742,보안등
35.21191676,126.939014,보안등
35.21134636,126.939176,보안등
35.2111548,126.9415618,보안등
35.21112784,126.9408861,보안등
35.2153014,126.9295453,보안등
35.21218312,126.9429654,보안등
35.21304952,126.9356405,보안등
35.21147995,126.939762,보안등
35.2116371,126.9370527,보안등
35.2168579,126.9323283,보안등
35.211669,126.943694,보안등
35.21453108,126.9252508,보안등
35.21141675,126.9427476,보안등
35.2124399,126.9222122,보안등
35.21173745,126.9214117,보안등
35.16294836,126.912237,보안등
35.1659733,126.9137663,보안등
35.16581752,126.9138941,보안등
35.16581307,126.9141065,보안등
35.16563531,126.914368,보안등
35.165306,126.91447,보안등
35.16563207,126.9144785,보안등
35.1655802,126.915107,보안등
35.1654215,126.9150135,보안등
35.1650941,126.9149055,보안등
35.16486373,126.9148486,보안등
35.16469649,126.9150321,보안등
35.1648591,126.9154489,보안등
35.16522792,126.9152752,보안등
35.1652658,126.9155246,보안등
35.16483305,126.9158105,보안등
35.16501118,126.9157159,보안등
35.1647601,126.9153855,보안등
35.16437902,126.9156823,보안등
35.16446947,126.9154667,보안등
35.16455221,126.9152033,보안등
35.16470379,126.9147734,보안등
35.16476267,126.914656,보안등
35.16498014,126.9145096,보안등
35.1655198,126.9140445,보안등
35.16397386,126.9155338,보안등
35.16404863,126.9152876,보안등
35.1638322,126.9150045,보안등
35.16353747,126.9146965,보안등
35.16382934,126.9148752,보안등
35.1640021,126.9147069,보안등
35.16390549,126.9145602,보안등
35.16411726,126.9144098,보안등
35.163907,126.9142799,보안등
35.16405065,126.9139879,보안등
35.15780672,126.9126767,보안등
35.1643363,126.9136228,보안등
35.16426873,126.9139246,보안등
35.16426012,126.9129392,보안등
35.16556344,126.9094587,보안등
35.16556344,126.9094587,보안등
35.16423105,126.9146816,보안등
35.1642578,126.9148304,보안등
35.16409018,126.914927,보안등
35.16393237,126.9139633,보안등
35.16402865,126.9135969,보안등
35.163526,126.9132038,보안등
35.16350808,126.9132964,보안등
35.16063944,126.9121511,보안등
35.16233692,126.9144015,보안등
35.16220614,126.9141215,보안등
35.162561,126.91398,보안등
35.16063944,126.9121511,보안등
35.1624556,126.913744,보안등
35.16264058,126.9132517,보안등
35.16063944,126.9121511,보안등
35.16063944,126.9121511,보안등
35.163011,126.9127347,보안등
35.16301517,126.9127347,보안등
35.16301517,126.9127969,보안등
35.16063944,126.9121511,보안등
35.16063944,126.9121511,보안등
35.16300929,126.911948,보안등
35.16250903,126.912098,보안등
35.1620897,126.9118419,보안등
35.16063944,126.9121511,보안등
35.16063944,126.9121511,보안등
35.16224768,126.912391,보안등
35.16063944,126.9121511,보안등
35.16063944,126.9121511,보안등
35.16063944,126.9121511,보안등
35.16063944,126.9121511,보안등
35.16205545,126.9122754,보안등
35.16164917,126.912247,보안등
35.1614733,126.912933,보안등
35.1616558,126.9131186,보안등
35.161695,126.9131186,보안등
35.16156038,126.913366,보안등
35.16141184,126.9136296,보안등
35.16063944,126.9121511,보안등
35.1612123,126.9140196,보안등
35.1613541,126.9141398,보안등
35.161589,126.9141125,보안등
35.1618573,126.9140534,보안등
35.16184602,126.9138646,보안등
35.16063944,126.9121511,보안등
35.16221947,126.913524,보안등
35.16063944,126.9121511,보안등
35.16340914,126.9096404,보안등
35.16063944,126.9121511,보안등
35.1605986,126.9138291,보안등
35.160305,126.9137084,보안등
35.16029669,126.9140151,보안등
35.16085475,126.9135445,보안등
35.16063944,126.9121511,보안등
35.16063944,126.9121511,보안등
35.16063944,126.9121511,보안등
35.16063944,126.9121511,보안등
35.16063944,126.9121511,보안등
35.16085475,126.9135445,보안등
35.1608337,126.9135445,보안등
35.16085475,126.9135445,보안등
35.16063944,126.9121511,보안등
35.16063944,126.9121511,보안등
35.16063944,126.9121511,보안등
35.16063944,126.9121511,보안등
35.159518,126.9134063,보안등
35.159922,126.9120447,보안등
35.160189,126.9119522,보안등
35.16063944,126.9121511,보안등
35.16009148,126.912145,보안등
35.16009148,126.9121779,보안등
35.16063944,126.9121511,보안등
35.16063944,126.9121511,보안등
35.16121996,126.9126407,보안등
35.1613838,126.9118333,보안등
35.162133,126.9133266,보안등
35.161215,126.9115203,보안등
35.16063944,126.9121511,보안등
35.16063944,126.9121511,보안등
35.16063944,126.9121511,보안등
35.16077584,126.91213,보안등
35.16072774,126.9122841,보안등
35.16063944,126.9121511,보안등
35.16227,126.9119229,보안등
35.160736,126.9113669,보안등
35.160619,126.9113515,보안등
35.16063944,126.9121511,보안등
35.16005003,126.9115722,보안등
35.160102,126.9112536,보안등
35.16077327,126.911181,보안등
35.16063944,126.9121511,보안등
35.159119,126.913136,보안등
35.158694,126.912966,보안등
35.158552,126.913133,보안등
35.15911396,126.91272,보안등
35.159202,126.912257,보안등
35.15936831,126.912037,보안등
35.15942186,126.91175,보안등
35.159533,126.9117325,보안등
35.159692,126.911791,보안등
35.15891,126.9128833,보안등
35.158503,126.912793,보안등
35.1613787,126.9133256,보안등
35.1581332,126.9123387,보안등
35.1584218,126.9123852,보안등
35.16063944,126.9121511,보안등
35.16063944,126.9121511,보안등
35.158233,126.9128434,보안등
35.1580683,126.91291,보안등
35.15791402,126.9131033,보안등
35.15799839,126.9127327,보안등
35.15799839,126.912711,보안등
35.157535,126.9124582,보안등
35.1578996,126.9123644,보안등
35.158272,126.912116,보안등
35.158484,126.912045,보안등
35.15875459,126.9118064,보안등
35.15884731,126.9117668,보안등
35.15880928,126.911563,보안등
35.15918158,126.9117968,보안등
35.16063944,126.9121511,보안등
35.15779923,126.9099592,보안등
35.157964,126.9099325,보안등
35.15922893,126.9123678,보안등
35.15800654,126.9109248,보안등
35.16052742,126.9091987,보안등
35.15853312,126.910623,보안등
35.1585422,126.9106934,보안등
35.15853312,126.9106934,보안등
35.15828238,126.911209,보안등
35.15828238,126.911209,보안등
35.15893871,126.9105429,보안등
35.159131,126.9104568,보안등
35.159254,126.910061,보안등
35.15928277,126.9098454,보안등
35.15918607,126.9098537,보안등
35.1590118,126.9097999,보안등
35.158618,126.909647,보안등
35.158723,126.9092408,보안등
35.161519,126.9125585,보안등
35.15893246,126.9086897,보안등
35.159082,126.908977,보안등
35.1586623,126.9077094,보안등
35.16099056,126.9120167,보안등
35.16416914,126.910543,보안등
35.164567,126.911527,보안등
35.164526,126.911978,보안등
35.164674,126.9122163,보안등
35.16452704,126.912275,보안등
35.16445222,126.912473,보안등
35.1643,126.9130361,보안등
35.164222,126.9132003,보안등
35.16438902,126.913397,보안등
35.164115,126.9132684,보안등
35.16399232,126.91373,보안등
35.16426012,126.9129392,보안등
35.16311368,126.9115933,보안등
35.16392022,126.9122265,보안등
35.16317471,126.9113635,보안등
35.163122,126.9113635,보안등
35.16063944,126.9121511,보안등
35.16334261,126.9107199,보안등
35.1630443,126.9102878,보안등
35.16348539,126.9103515,보안등
35.1634398,126.9102225,보안등
35.16063944,126.9121511,보안등
35.1630443,126.9102878,보안등
35.1629254,126.9102471,보안등
35.16063944,126.9121511,보안등
35.16269781,126.9101546,보안등
35.16063944,126.9121511,보안등
35.16259977,126.911113,보안등
35.16307567,126.9107766,보안등
35.162435,126.9110978,보안등
35.1622,126.9110039,보안등
35.162037,126.9109337,보안등
35.162233,126.9106026,보안등
35.162394,126.9105721,보안등
35.162601,126.910512,보안등
35.16161237,126.910872,보안등
35.1617385,126.910535,보안등
35.16178871,126.910535,보안등
35.16161237,126.9108099,보안등
35.1611733,126.9111344,보안등
35.16052742,126.9091987,보안등
35.16103518,126.9093302,보안등
35.160949,126.909084,보안등
35.1609879,126.9087792,보안등
35.16104368,126.9086376,보안등
35.161176,126.908257,보안등
35.161193,126.907965,보안등
35.160949,126.9082069,보안등
35.1605793,126.9091987,보안등
35.15991062,126.9080982,보안등
35.15991062,126.9080982,보안등
35.16015949,126.907393,보안등
35.159862,126.9076647,보안등
35.159735,126.9073505,보안등
35.159555,126.9072632,보안등
35.15933783,126.907534,보안등
35.15922,126.90723,보안등
35.15933384,126.907853,보안등
35.15928053,126.9080487,보안등
35.159204,126.9083496,보안등
35.159032,126.9082951,보안등
35.159312,126.90848,보안등
35.16052742,126.9091987,보안등
35.15959583,126.908475,보안등
35.15982606,126.9084349,보안등
35.1614401,126.9122933,보안등
35.159724,126.9080991,보안등
35.15874939,126.9302484,보안등
35.1598983,126.9077795,보안등
35.16063944,126.9121511,보안등
35.16040331,126.9081123,보안등
35.16031854,126.9084014,보안등
35.16031057,126.9087008,보안등
35.16028549,126.9088098,보안등
35.1599469,126.9091557,보안등
35.1602483,126.9095753,보안등
35.1617316,126.912186,보안등
35.159647,126.909767,보안등
35.159738,126.909876,보안등
35.15951379,126.909554,보안등
35.15932273,126.9092563,보안등
35.15949262,126.909026,보안등
35.161307,126.9085793,보안등
35.16133754,126.9090245,보안등
35.16174966,126.908866,보안등
35.16133754,126.909059,보안등
35.162221,126.909154,보안등
35.1626298,126.9085152,보안등
35.16315297,126.90866,보안등
35.16313666,126.909099,보안등
35.16293,126.9086731,보안등
35.162704,126.908742,보안등
35.1624804,126.9092527,보안등
35.162152,126.9084257,보안등
35.16203829,126.908355,보안등
35.16189422,126.9080653,보안등
35.16189422,126.908041,보안등
35.16157711,126.908188,보안등
35.162375,126.9092717,보안등
35.162337,126.9094935,보안등
35.161843,126.9093289,보안등
35.16136113,126.909228,보안등
35.16136113,126.9092253,보안등
35.16052742,126.9091987,보안등
35.16052742,126.9091987,보안등
35.16151845,126.914362,보안등
35.16077327,126.9111905,보안등
35.1610279,126.9111197,보안등
35.1616251,126.9114217,보안등
35.16151826,126.9113272,보안등
35.161316,126.9113382,보안등
35.16275078,126.9114581,보안등
35.16258838,126.9118654,보안등
35.1620451,126.9115991,보안등
35.1618373,126.9115031,보안등
35.1591085,126.9081694,보안등
35.15908257,126.908153,보안등
35.15752183,126.912599,보안등
35.159206,126.909057,보안등
35.15978089,126.909168,보안등
35.1576562,126.9098381,보안등
35.15913223,126.9075369,보안등
35.158915,126.9080088,보안등
35.15893165,126.908224,보안등
35.1588509,126.908492,보안등
35.1586619,126.9090478,보안등
35.15844,126.9097651,보안등
35.15841336,126.910144,보안등
35.158115,126.910991,보안등
35.15794184,126.911969,보안등
35.15770915,126.912871,보안등
35.1587127,126.9098813,보안등
35.1589166,126.9100824,보안등
35.15929921,126.9104415,보안등
35.16188314,126.910123,보안등
35.1619063,126.9104753,보안등
35.16157808,126.9116616,보안등
35.1613684,126.9126867,보안등
35.16143968,126.9129177,보안등
35.16133974,126.913381,보안등
35.16063944,126.9121511,보안등
35.16063944,126.9121511,보안등
35.1594491,126.9088905,보안등
35.161698,126.9114017,보안등
35.16243023,126.9130411,보안등
35.16389918,126.9127149,보안등
35.1651596,126.9096257,보안등
35.1642468,126.9123788,보안등
35.1637087,126.9122187,보안등
35.16389918,126.9127149,보안등
35.16426012,126.9129392,보안등
35.16467821,126.9116613,보안등
35.16352846,126.9153748,보안등
35.16052742,126.9091987,보안등
35.1610491,126.9096909,보안등
35.1608441,126.9098316,보안등
35.15927938,126.9086733,보안등
35.15836085,126.912558,보안등
35.1599104,126.9085723,보안등
35.16052742,126.9091987,보안등
35.16052742,126.9091987,보안등
35.16052742,126.9091987,보안등
35.16052742,126.909182,보안등
35.16753404,126.9136515,보안등
35.16718785,126.9126933,보안등
35.167455,126.9129976,보안등
35.167047,126.9127264,보안등
35.167507,126.9125793,보안등
35.16726744,126.9123823,보안등
35.167383,126.9121148,보안등
35.167755,126.912198,보안등
35.167955,126.91236,보안등
35.167437,126.911851,보안등
35.167633,126.911908,보안등
35.167323,126.9118053,보안등
35.167156,126.9117721,보안등
35.16730409,126.911437,보안등
35.16709799,126.911539,보안등
35.16782637,126.9116713,보안등
35.167549,126.911345,보안등
35.16758467,126.911069,보안등
35.16808924,126.9111916,보안등
35.16737992,126.9121148,보안등
35.16868809,126.9114193,보안등
35.168396,126.911246,보안등
35.16841059,126.911519,보안등
35.168182,126.9114727,보안등
35.167958,126.9117265,보안등
35.16822391,126.9119337,보안등
35.16852931,126.9122193,보안등
35.168347,126.9120049,보안등
35.168052,126.9119166,보안등
35.16834119,126.912551,보안등
35.167768,126.912604,보안등
35.16786745,126.912729,보안등
35.167852,126.912866,보안등
35.1677009,126.9130037,보안등
35.16761846,126.9133061,보안등
35.16761846,126.913318,보안등
35.16793832,126.9049011,보안등
35.170064,126.9104335,보안등
35.171463,126.912467,보안등
35.1720077,126.9126855,보안등
35.172295,126.912818,보안등
35.172494,126.912893,보안등
35.1686085,126.9111523,보안등
35.17314163,126.913147,보안등
35.17189536,126.912329,보안등
35.171218,126.912372,보안등
35.170847,126.912201,보안등
35.171017,126.912023,보안등
35.17063255,126.9117337,보안등
35.170594,126.912149,보안등
35.1703369,126.9118555,보안등
35.170278,126.912011,보안등
35.169975,126.911466,보안등
35.17003468,126.9117319,보안등
35.169518,126.9114888,보안등
35.16931,126.9114848,보안등
35.16845073,126.91086,보안등
35.16899229,126.9098168,보안등
35.16889868,126.9097545,보안등
35.17033148,126.9085462,보안등
35.16842751,126.9098309,보안등
35.16799693,126.9094754,보안등
35.16808843,126.909978,보안등
35.1679102,126.908992,보안등
35.168215,126.909238,보안등
35.167967,126.908628,보안등
35.168172,126.908394,보안등
35.16844579,126.9086009,보안등
35.168397,126.90822,보안등
35.1685318,126.9078676,보안등
35.16872678,126.9075856,보안등
35.168371,126.907514,보안등
35.16869368,126.9079415,보안등
35.169332,126.908116,보안등
35.169465,126.9081956,보안등
35.16914275,126.9082853,보안등
35.16892298,126.9085022,보안등
35.17033148,126.9085462,보안등
35.168826,126.9087585,보안등
35.16919171,126.909105,보안등
35.16793832,126.9049011,보안등
35.16787574,126.9059812,보안등
35.16784406,126.9055765,보안등
35.16781444,126.9053868,보안등
35.16781424,126.9052435,보안등
35.168091,126.905399,보안등
35.17044295,126.9069802,보안등
35.1705801,126.9070147,보안등
35.17087496,126.906655,보안등
35.17075449,126.9061956,보안등
35.1709195,126.9062401,보안등
35.17054593,126.9061029,보안등
35.17104134,126.906204,보안등
35.17033148,126.9085462,보안등
35.1714365,126.9060493,보안등
35.1716878,126.9058996,보안등
35.1717868,126.9065337,보안등
35.17169688,126.9068115,보안등
35.1723192,126.9061398,보안등
35.17226033,126.9067209,보안등
35.17033148,126.9085462,보안등
35.17220498,126.9068516,보안등
35.17033148,126.9085462,보안등
35.17194,126.9072817,보안등
35.1715807,126.9074086,보안등
35.17146349,126.9077098,보안등
35.1714796,126.9078475,보안등
35.17136786,126.9080743,보안등
35.1713729,126.9073081,보안등
35.17130964,126.9067898,보안등
35.17159691,126.906923,보안등
35.17131765,126.906661,보안등
35.17151033,126.9067387,보안등
35.170989,126.907464,보안등
35.1708676,126.9078037,보안등
35.1709647,126.9071157,보안등
35.17071109,126.9070726,보안등
35.17087765,126.9072961,보안등
35.17062667,126.9073617,보안등
35.171954,126.9079594,보안등
35.171998,126.907816,보안등
35.17222901,126.9110814,보안등
35.172054,126.9089786,보안등
35.172244,126.9090742,보안등
35.17231222,126.9095201,보안등
35.17203176,126.9098141,보안등
35.17222901,126.9110814,보안등
35.17222901,126.9110814,보안등
35.17139706,126.909098,보안등
35.171188,126.9089935,보안등
35.171328,126.9095644,보안등
35.17033148,126.9085462,보안등
35.17078431,126.9091408,보안등
35.1709601,126.9087063,보안등
35.17150936,126.9085311,보안등
35.17033148,126.9085178,보안등
35.17111824,126.9083928,보안등
35.170858,126.9085261,보안등
35.170811,126.908184,보안등
35.170662,126.9086776,보안등
35.1705315,126.9089497,보안등
35.17044068,126.9082616,보안등
35.17022401,126.9081597,보안등
35.17002749,126.908261,보안등
35.1703652,126.9088304,보안등
35.1700573,126.908917,보안등
35.16996543,126.9088965,보안등
35.16991578,126.908591,보안등
35.16972529,126.9093544,보안등
35.170065,126.9095008,보안등
35.170427,126.9095768,보안등
35.1703317,126.9098365,보안등
35.16951,126.9099318,보안등
35.169853,126.909876,보안등
35.17222901,126.9110814,보안등
35.16986086,126.9097203,보안등
35.169495,126.9097235,보안등
35.169594,126.91022,보안등
35.170192,126.9106342,보안등
35.170213,126.9107163,보안등
35.169426,126.910584,보안등
35.17052667,126.9106133,보안등
35.1707079,126.9107999861,보안등
35.170961,126.9108282,보안등
35.17033148,126.9085462,보안등
35.17033148,126.9085462,보안등
35.17099245,126.9109809,보안등
35.170404,126.910999,보안등
35.17123298,126.910352,보안등
35.171589,126.910544,보안등
35.17083,126.910313,보안등
35.17060274,126.9102993,보안등
35.17070719,126.909965,보안등
35.17089018,126.9098125,보안등
35.1706454,126.9097188,보안등
35.1712054,126.9099463,보안등
35.17150456,126.910024,보안등
35.17126956,126.910165,보안등
35.1715868,126.910114,보안등
35.17191,126.910134,보안등
35.1721,126.9102873,보안등
35.1727506,126.9105493,보안등
35.17263806,126.9104123,보안등
35.17250522,126.9107635,보안등
35.17222626,126.9109492,보안등
35.17033148,126.9085462,보안등
35.17033148,126.9085462,보안등
35.172128,126.911328,보안등
35.171865,126.9112534,보안등
35.171782,126.910926,보안등
35.171887,126.9104484,보안등
35.17151034,126.9110662,보안등
35.17033148,126.9085155,보안등
35.1721771,126.9083442,보안등
35.17222901,126.9110814,보안등
35.171588,126.9084123,보안등
35.171362,126.9083337,보안등
35.171046,126.908202,보안등
35.17036662,126.907915,보안등
35.17023113,126.9080409,보안등
35.17033148,126.9085462,보안등
35.1697045,126.9077165,보안등
35.16935889,126.907684,보안등
35.1688519,126.9073092,보안등
35.16853563,126.907271,보안등
35.17033148,126.9085462,보안등
35.16692502,126.9127685,보안등
35.16702518,126.9124159,보안등
35.16710285,126.912132,보안등
35.16771832,126.9092721,보안등
35.16775606,126.9085947,보안등
35.16822564,126.907681,보안등
35.168104,126.9079092,보안등
35.1706652,126.9082045,보안등
35.17110835,126.906435,보안등
35.172259,126.9087948,보안등
35.172303,126.9096557,보안등
35.17247543,126.909983,보안등
35.16927725,126.908783,보안등
35.168635,126.9116905,보안등
35.168748,126.9101935,보안등
35.1717549,126.9076856,보안등
35.17190428,126.91149,보안등
35.1708915,126.9100421,보안등
35.16753404,126.9136515,보안등
35.1679108,126.9135661,보안등
35.16754758,126.913382,보안등
35.16732,126.913458,보안등
35.1682132,126.9125667,보안등
35.17158636,126.9056246,보안등
35.16736347,126.9110689,보안등
35.16723245,126.9113704,보안등
35.1673614,126.9107,보안등
35.16670611,126.912944,보안등
35.17226314,126.9059272,보안등
35.1682545,126.9089421,보안등
35.1722526,126.9068212,보안등
35.17201862,126.919456,보안등
35.17437718,126.9161276,보안등
35.1712256,126.9118092,보안등
35.16855783,126.9119063,보안등
35.17033148,126.9085462,보안등
35.168608,126.9100024,보안등
35.17336018,126.9135628,보안등
35.16832353,126.9079128,보안등
35.16855783,126.9119063,보안등
35.17160793,126.9062478,보안등
35.17195395,126.9064027,보안등
35.17232824,126.9072288,보안등
35.17124252,126.9070734,보안등
35.1721161,126.9077754,보안등
35.17033148,126.9085462,보안등
35.17188861,126.907646,보안등
35.17033148,126.9085462,보안등
35.1712259,126.9075991,보안등
35.17033148,126.9085462,보안등
35.17177424,126.9096751,보안등
35.17033148,126.908511,보안등
35.1718574,126.9079907,보안등
35.17033148,126.9085462,보안등
35.17030333,126.9086382,보안등
35.17222901,126.9110814,보안등
35.17255556,126.9109499,보안등
35.17255556,126.9109499,보안등
35.1726072,126.9107748,보안등
35.1722783,126.9110814,보안등
35.17185134,126.910351,보안등
35.17222901,126.9110814,보안등
35.17061877,126.9094242,보안등
35.1704279,126.9107937,보안등
35.1701384,126.9099957,보안등
35.1697394,126.9097986,보안등
35.17030333,126.9086382,보안등
35.17030333,126.9086382,보안등
35.1703106,126.9091996,보안등
35.1702436,126.9087869,보안등
35.1708576,126.9074205,보안등
35.1701647,126.9069836,보안등
35.17033148,126.9085462,보안등
35.17103409,126.9066603,보안등
35.1704848,126.9060005,보안등
35.17030333,126.9086382,보안등
35.1717609,126.9061557,보안등
35.17169336,126.9069822,보안등
35.17222901,126.9110814,보안등
35.17190056,126.909234,보안등
35.17536562,126.9186443,보안등
35.17512202,126.918556,보안등
35.17455227,126.9183403,보안등
35.17438197,126.9180419,보안등
35.17354044,126.918072,보안등
35.17337103,126.9178468,보안등
35.17306079,126.9178942,보안등
35.1730884,126.9173358,보안등
35.17320837,126.917132,보안등
35.17339195,126.9168009,보안등
35.17437718,126.9161276,보안등
35.17351124,126.917534,보안등
35.1738907,126.9174199,보안등
35.17389813,126.9169124,보안등
35.1743898,126.9161276,보안등
35.17437718,126.9161276,보안등
35.1742218,126.9177704,보안등
35.17394299,126.9176506,보안등
35.1744271,126.9174635,보안등
35.17437718,126.9161276,보안등
35.17522616,126.9176258,보안등
35.17522616,126.9176258,보안등
35.17437718,126.9161276,보안등
35.1750166,126.9181147,보안등
35.17522616,126.9176258,보안등
35.1756522,126.9173481,보안등
35.175522,126.9178794,보안등
35.1752809,126.9176258,보안등
35.17541335,126.9169922,보안등
35.17437718,126.9161276,보안등
35.1748798,126.9167724,보안등
35.17437718,126.9161276,보안등
35.17437718,126.9161276,보안등
35.1744482,126.9157177,보안등
35.17427491,126.9166852,보안등
35.1744013,126.9166865,보안등
35.17437718,126.9161276,보안등
35.1738551,126.916591,보안등
35.17437718,126.9161276,보안등
35.17437718,126.9161168,보안등
35.17437718,126.9161276,보안등
35.17437718,126.9161276,보안등
35.17437718,126.9161276,보안등
35.17437718,126.9161276,보안등
35.17437718,126.9161276,보안등
35.17437718,126.9161276,보안등
35.1732942,126.916063,보안등
35.173412,126.9158495,보안등
35.17437718,126.9161276,보안등
35.17437718,126.9161276,보안등
35.17437718,126.9161276,보안등
35.17437718,126.9161276,보안등
35.1743341,126.9161276,보안등
35.17437718,126.9161276,보안등
35.1740693,126.9143226,보안등
35.1731834,126.9139918,보안등
35.173842,126.9131998,보안등
35.17385353,126.9131998,보안등
35.17437718,126.9161276,보안등
35.1745272,126.913866,보안등
35.1743457,126.9139936,보안등
35.1745189,126.9144553,보안등
35.17437718,126.9161276,보안등
35.17437718,126.9161276,보안등
35.17466086,126.9152505,보안등
35.17511036,126.9158849,보안등
35.17564388,126.9158697,보안등
35.17576717,126.9166742,보안등
35.1720689,126.915993,보안등
35.1751256,126.9155307,보안등
35.1752972,126.9155209,보안등
35.17542277,126.9157236,보안등
35.17556651,126.9165256,보안등
35.17551337,126.91482,보안등
35.17528226,126.9149695,보안등
35.17556651,126.9165256,보안등
35.17547831,126.914713,보안등
35.1730933,126.9148591,보안등
35.172901,126.9155284,보안등
35.17282,126.9152194,보안등
35.172814,126.9148575,보안등
35.1719345,126.9157892,보안등
35.1723557,126.9164405,보안등
35.17216277,126.916947,보안등
35.172243,126.9170497,보안등
35.17197436,126.9163829,보안등
35.1724832,126.9171836,보안등
35.1725806,126.9167906,보안등
35.17259505,126.9164041,보안등
35.17262813,126.9161983,보안등
35.17255449,126.916023,보안등
35.17220972,126.9158764,보안등
35.17197436,126.9163829,보안등
35.17113569,126.9165855,보안등
35.171245,126.916378,보안등
35.1713432,126.9166629,보안등
35.17102073,126.917366,보안등
35.1705977,126.9171084,보안등
35.1708119,126.9174062,보안등
35.17114299,126.917368,보안등
35.17102073,126.917393,보안등
35.1713954,126.9172879,보안등
35.17102073,126.917366,보안등
35.1708795,126.9175052,보안등
35.170313,126.916939,보안등
35.170327,126.9164928,보안등
35.17005067,126.9163429,보안등
35.16979752,126.9161611,보안등
35.170108,126.91625,보안등
35.17030045,126.916145,보안등
35.170357,126.915797,보안등
35.1705,126.9162887,보안등
35.17049089,126.916293,보안등
35.17077626,126.9154636,보안등
35.17077626,126.9154636,보안등
35.1707147,126.91536,보안등
35.1708859,126.9150759,보안등
35.1705575,126.9152748,보안등
35.1703424,126.9155289,보안등
35.1702596,126.9152001,보안등
35.17005755,126.915385,보안등
35.1701869,126.9149898,보안등
35.170249,126.914876,보안등
35.1700685,126.9159945,보안등
35.16733166,126.914488,보안등
35.1732858,126.9204161,보안등
35.1679931,126.914446,보안등
35.17197436,126.9163829,보안등
35.1719517,126.916913,보안등
35.172158,126.9190004,보안등
35.1720287,126.9193165,보안등
35.17232233,126.9186373,보안등
35.172334,126.918186,보안등
35.17217697,126.9195485,보안등
35.17183266,126.9171491,보안등
35.16758137,126.9143799,보안등
35.1692,126.915461,보안등
35.17386427,126.918167,보안등
35.16815702,126.9172901,보안등
35.16896465,126.915882,보안등
35.16928321,126.916495,보안등
35.1694072,126.9161564,보안등
35.169477,126.916056,보안등
35.1695894,126.915743,보안등
35.1696839,126.9155093,보안등
35.16953101,126.915568,보안등
35.1692263,126.9154353,보안등
35.1678289,126.9138518,보안등
35.16781871,126.9141391,보안등
35.16772209,126.9144132,보안등
35.16776509,126.9148012,보안등
35.1675274,126.914956,보안등
35.167231,126.9149955,보안등
35.1673487,126.9155109,보안등
35.1674395,126.9152462,보안등
35.16764703,126.9153391,보안등
35.16737548,126.9138744,보안등
35.1671602,126.9141386,보안등
35.16714013,126.9144185,보안등
35.1670413,126.9148563,보안등
35.16701136,126.9151556,보안등
35.1667772,126.9147137,보안등
35.1665979,126.914504,보안등
35.16651054,126.9166773,보안등
35.16671872,126.9155956,보안등
35.16712187,126.915457,보안등
35.1662568,126.9153688,보안등
35.16618093,126.9149756,보안등
35.1716743,126.9169117,보안등
35.16666241,126.9139104,보안등
35.16653503,126.9140631,보안등
35.1669878,126.913547,보안등
35.16698487,126.9136495,보안등
35.166762,126.914462,보안등
35.16658104,126.914504,보안등
35.170485,126.917091,보안등
35.170573,126.916815,보안등
35.17072395,126.9163083,보안등
35.17094896,126.9159956,보안등
35.170969,126.915698,보안등
35.171065,126.915436,보안등
35.168014,126.916893,보안등
35.16847589,126.917021,보안등
35.1736338,126.916519,보안등
35.1735382,126.9154962,보안등
35.1732055,126.9169745,보안등
35.171352,126.91619,보안등
35.1721095,126.9170512,보안등
35.169931,126.915572,보안등
35.169328,126.9156666,보안등
35.1691112,126.9159971,보안등
35.16917356,126.9159717,보안등
35.17077626,126.9154636,보안등
35.17135399,126.9157712,보안등
35.17216177,126.9167093,보안등
35.17437718,126.9161276,보안등
35.17583383,126.914806,보안등
35.1734916,126.914756,보안등
35.166619,126.914145,보안등
35.16651054,126.9166773,보안등
35.1744014,126.9152638,보안등
35.17424313,126.9159359,보안등
35.17522041,126.9166326,보안등
35.1755019,126.9165256,보안등
35.17151078,126.917671,보안등
35.17410296,126.9137349,보안등
35.17459144,126.9140578,보안등
35.17437718,126.9161276,보안등
35.1757076,126.9182045,보안등
35.17437718,126.9161276,보안등
35.17231032,126.9184642,보안등
35.16753404,126.9136515,보안등
35.16753404,126.9136515,보안등
35.16656286,126.9134072,보안등
35.16656286,126.9134072,보안등
35.17241491,126.9179147,보안등
35.17241856,126.9171836,보안등
35.17390082,126.914097,보안등
35.17030045,126.9161116,보안등
35.1710552,126.917349,보안등
35.17066965,126.9167867,보안등
35.1713793,126.916679,보안등
35.17138292,126.9166788,보안등
35.1714895,126.916375,보안등
35.171548,126.916226,보안등
35.1716019,126.9158531,보안등
35.1716581,126.915894,보안등
35.17166852,126.9158531,보안등
35.17166852,126.9158531,보안등
35.1722667,126.916083,보안등
35.1723432,126.9157646,보안등
35.17543394,126.9176823,보안등
35.17522616,126.9176258,보안등
35.17522616,126.9176258,보안등
35.17522616,126.9176258,보안등
35.1675438,126.913874,보안등
35.17080434,126.9162726,보안등
35.17583188,126.914512,보안등
35.17305487,126.9140858,보안등
35.16827774,126.909238,보안등
35.22923495,126.892494,보안등
35.22903823,126.8927247,보안등
35.22904246,126.89321,보안등
35.22867579,126.892788,보안등
35.22854147,126.892814,보안등
35.22817841,126.89269,보안등
35.22850765,126.892452,보안등
35.22858913,126.8920678,보안등
35.22887173,126.8922975,보안등
35.22886834,126.8918254,보안등
35.22906274,126.8917017,보안등
35.2296055,126.8936663,보안등
35.22928517,126.8938073,보안등
35.22957478,126.8919838,보안등
35.22935807,126.8919572,보안등
35.22927733,126.893199,보안등
35.22932714,126.89154,보안등
35.22965537,126.890592,보안등
35.22947467,126.8899202,보안등
35.22927577,126.8892733,보안등
35.230414,126.8933413,보안등
35.23042451,126.8933413,보안등
35.23125884,126.8947308,보안등
35.23042451,126.8933413,보안등
35.23042451,126.8933413,보안등
35.22985652,126.8914589,보안등
35.23045385,126.8913996,보안등
35.23129485,126.8920162,보안등
35.23148313,126.8903021,보안등
35.23223284,126.8909844,보안등
35.23278159,126.883803,보안등
35.23277283,126.8835941,보안등
35.23289902,126.8839736,보안등
35.232898,126.8845841,보안등
35.232658,126.8846005,보안등
35.233337,126.8832111,보안등
35.22816402,126.8849765,보안등
35.22816402,126.8849765,보안등
35.229219,126.8853489,보안등
35.23136997,126.8856716,보안등
35.22966705,126.885298,보안등
35.23136997,126.8856716,보안등
35.2298559,126.885235,보안등
35.23018,126.8849098,보안등
35.230654,126.8848337,보안등
35.23098952,126.8847375,보안등
35.23107714,126.8843717,보안등
35.23128776,126.884345,보안등
35.23117218,126.8846872,보안등
35.23128303,126.8840182,보안등
35.2318005,126.8844787,보안등
35.23216112,126.8837285,보안등
35.23228549,126.884096,보안등
35.232143,126.8847121,보안등
35.23233167,126.883353,보안등
35.231955,126.8909724,보안등
35.23134361,126.8912052,보안등
35.23257804,126.8895512,보안등
35.23326711,126.8898327,보안등
35.23180046,126.886881,보안등
35.23197945,126.886287,보안등
35.231837,126.8852715,보안등
35.23235877,126.8855043,보안등
35.232352,126.8856691,보안등
35.231599,126.88516,보안등
35.23161024,126.884983,보안등
35.23333183,126.8832111,보안등
35.23257804,126.8895512,보안등
35.23046841,126.8864357,보안등
35.23070053,126.8865797,보안등
35.23051048,126.8870655,보안등
35.2306855,126.8880032,보안등
35.22999676,126.8882826,보안등
35.23012927,126.8891698,보안등
35.22927577,126.8892733,보안등
35.2322579,126.887607,보안등
35.23244237,126.8882537,보안등
35.2337969,126.8901161,보안등
35.23266165,126.8839234,보안등
35.22963366,126.8927319,보안등
35.2326284,126.8836716,보안등
35.228756,126.895072,보안등
35.2284524,126.8951286,보안등
35.22901706,126.892432,보안등
35.23133642,126.8844978,보안등
35.231586,126.888354,보안등
35.23284606,126.8815449,보안등
35.23211536,126.884996,보안등
35.22906164,126.894763,보안등
35.23258488,126.883605,보안등
35.23149263,126.8835792,보안등
35.23192875,126.8856213,보안등
35.2317427,126.8841795,보안등
35.23284606,126.8815449,보안등
35.23216112,126.8837285,보안등
35.23226999,126.8876984,보안등
35.23342928,126.8896569,보안등
35.1775361,126.9596959,보안등
35.17394453,126.9605117,보안등
35.17704837,126.9591431,보안등
35.176663,126.95956,보안등
35.1767169,126.959444,보안등
35.17630298,126.9595493,보안등
35.17600763,126.9596251,보안등
35.17551389,126.959442,보안등
35.17532017,126.9596656,보안등
35.17496048,126.959765,보안등
35.17464123,126.9598186,보안등
35.17468113,126.9602585,보안등
35.175109,126.960171,보안등
35.17540175,126.9606915,보안등
35.17504059,126.9612817,보안등
35.1754285,126.9611163,보안등
35.1754802,126.960833,보안등
35.17394453,126.9605117,보안등
35.175593,126.9598103,보안등
35.175776,126.9599991,보안등
35.17621011,126.9600125,보안등
35.17436046,126.9601061,보안등
35.174322,126.9601061,보안등
35.17528936,126.960326,보안등
35.17528936,126.96031,보안등
35.16062562,126.9484846,보안등
35.17306581,126.9609734,보안등
35.17268713,126.9652644,보안등
35.17322649,126.9626743,보안등
35.17341769,126.9639635,보안등
35.17492936,126.963768,보안등
35.17492936,126.9637147,보안등
35.17578298,126.9647253,보안등
35.17578298,126.9647253,보안등
35.175948,126.964598,보안등
35.17633132,126.9648793,보안등
35.17640265,126.9649903,보안등
35.17604,126.9661491,보안등
35.176016,126.9661491,보안등
35.17601482,126.9654061,보안등
35.175543,126.9660422,보안등
35.17601482,126.9654061,보안등
35.17601482,126.9654061,보안등
35.17601482,126.9654061,보안등
35.174577,126.964484,보안등
35.174733,126.9646656,보안등
35.17410381,126.964323,보안등
35.17443056,126.9649564,보안등
35.17471681,126.964899,보안등
35.17481285,126.9653612,보안등
35.17484521,126.9656904,보안등
35.17484521,126.9656904,보안등
35.17476676,126.9659703,보안등
35.17481285,126.9653612,보안등
35.17445848,126.9652161,보안등
35.17402576,126.9662936,보안등
35.17405073,126.9659024,보안등
35.17405073,126.9659024,보안등
35.17405073,126.9659024,보안등
35.17328102,126.9657538,보안등
35.1730991,126.9660657,보안등
35.17340413,126.9670271,보안등
35.17354587,126.966804,보안등
35.1730456,126.9664248,보안등
35.17255059,126.9665375,보안등
35.1727896,126.9660327,보안등
35.17273397,126.9660327,보안등
35.17202812,126.9663643,보안등
35.172487,126.965718,보안등
35.17317812,126.965218,보안등
35.17317812,126.96527,보안등
35.17366214,126.9642893,보안등
35.1736753,126.9642893,보안등
35.17314855,126.9605256,보안등
35.17597501,126.960737,보안등
35.1747528,126.9627301,보안등
35.16316201,126.9610091,보안등
35.16316201,126.9610091,보안등
35.15966655,126.9466999,보안등
35.15966655,126.9466999,보안등
35.16316201,126.9610091,보안등
35.1756013,126.9596204,보안등
35.16415358,126.9617533,보안등
35.1645376,126.9619455,보안등
35.1647174,126.9619665,보안등
35.17268713,126.9652644,보안등
35.16572217,126.962002,보안등
35.16663882,126.9619989,보안등
35.17127023,126.9608893,보안등
35.1763777,126.9597561,보안등
35.16728097,126.9622494,보안등
35.16956536,126.9625522,보안등
35.16807193,126.9618093,보안등
35.17394453,126.9605117,보안등
35.17394453,126.9605888,보안등
35.16835359,126.9633942,보안등
35.16835359,126.9633942,보안등
35.17939381,126.9611986,보안등
35.18375324,126.9588384,보안등
35.17016848,126.9621734,보안등
35.17065097,126.9627576,보안등
35.1715139,126.9634858,보안등
35.172283,126.963931,보안등
35.17377383,126.9662475,보안등
35.17394072,126.9664103,보안등
35.17492936,126.9637147,보안등
35.17492936,126.9637604,보안등
35.17492936,126.9637147,보안등
35.1751192,126.9629445,보안등
35.1756014,126.962625,보안등
35.17655892,126.9622222,보안등
35.17655892,126.9622222,보안등
35.1782606,126.9617516,보안등
35.179856,126.960981,보안등
35.17929755,126.9613482,보안등
35.1833634,126.958966,보안등
35.1841532,126.9585937,보안등
35.185745,126.958117,보안등
35.18752965,126.9569584,보안등
35.18687327,126.9576343,보안등
35.172074,126.9604009,보안등
35.1704003,126.9610934,보안등
35.1708324,126.960928,보안등
35.17224037,126.9653595,보안등
35.17005328,126.964057,보안등
35.18665628,126.9578696,보안등
35.1845787,126.9586817,보안등
35.18297174,126.959414,보안등
35.18082737,126.9605253,보안등
35.17929755,126.9613482,보안등
35.1695635,126.9674707,보안등
35.17233083,126.9687645,보안등
35.17898941,126.960993,보안등
35.17869681,126.960865,보안등
35.17818013,126.96036,보안등
35.1734271,126.959813,보안등
35.1736026,126.959259,보안등
35.17370838,126.9578439,보안등
35.1820794,126.9990568,보안등
35.18193942,126.9988697,보안등
35.18237468,126.9984297,보안등
35.18237829,126.998717,보안등
35.18217025,126.9980851,보안등
35.18265194,126.9989616,보안등
35.18257921,126.9995211,보안등
35.18259669,126.9992628,보안등
35.18281112,126.9990847,보안등
35.18321962,126.9995114,보안등
35.183238,126.999771,보안등
35.18349525,126.9992818,보안등
35.18362991,126.9989042,보안등
35.18551784,127.0040196,보안등
35.18551784,127.0040196,보안등
35.1837049,127.00116,보안등
35.18400974,127.0016641,보안등
35.18400974,127.0016877,보안등
35.184348,127.0024012,보안등
35.184348,127.0024012,보안등
35.18412644,127.0027937,보안등
35.183705,127.0030113,보안등
35.18341058,127.002868,보안등
35.183007,127.0037382,보안등
35.183422,127.0022517,보안등
35.18306781,127.002474,보안등
35.18267878,127.002711,보안등
35.18551784,127.0040196,보안등
35.18387912,127.0025222,보안등
35.18478607,127.0019152,보안등
35.18421895,127.0011214,보안등
35.1845376,127.004369,보안등
35.18507048,127.0041875,보안등
35.18522941,127.0035953,보안등
35.18522941,127.0035953,보안등
35.185555,127.0028078,보안등
35.185219,127.0035953,보안등
35.18500139,127.005286,보안등
35.185104,127.0049201,보안등
35.1858025,127.0031588,보안등
35.1858025,127.0031588,보안등
35.182476,127.001362,보안등
35.18114937,127.0021113,보안등
35.1828517,126.9999939,보안등
35.182817,126.9999939,보안등
35.182527,127.0002232,보안등
35.182426,126.999865,보안등
35.1825189,126.9996223,보안등
35.1823764,126.9994131,보안등
35.18203091,126.9992656,보안등
35.18183072,126.999289,보안등
35.18148372,126.999187,보안등
35.1809979,126.9992603,보안등
35.1805529,126.999116,보안등
35.17991695,126.999055,보안등
35.17945064,126.9989994,보안등
35.17914683,126.9988114,보안등
35.1789978,126.9981119,보안등
35.17841756,126.9973525,보안등
35.17886416,126.9976869,보안등
35.17797226,126.9967742,보안등
35.17769642,126.9966047,보안등
35.17844827,126.997168,보안등
35.18024638,126.9973158,보안등
35.17574216,127.0113121,보안등
35.17617576,127.011771,보안등
35.176011,127.0122,보안등
35.175954,127.012914,보안등
35.176074,127.0131472,보안등
35.17569767,127.0135663,보안등
35.1764659,127.013592,보안등
35.17579853,127.0143563,보안등
35.17522909,127.0148188,보안등
35.17522909,127.0148188,보안등
35.17562294,127.015112,보안등
35.175805,127.010116,보안등
35.176131,127.010321,보안등
35.176628,127.010414,보안등
35.185535,127.004003,보안등
35.18199519,127.0084299,보안등
35.18169031,127.0090236,보안등
35.181776,127.009495,보안등
35.18168789,127.0100858,보안등
35.180999,127.0109021,보안등
35.18299318,127.008517,보안등
35.182513,127.008059,보안등
35.18190707,127.0080267,보안등
35.181816,127.007782,보안등
35.18190707,127.008078,보안등
35.180143,127.008175,보안등
35.179326,127.0082219,보안등
35.1786621,127.0080077,보안등
35.17779915,127.0092255,보안등
35.177413,127.0096091,보안등
35.176564,127.0091329,보안등
35.176607,127.0089804,보안등
35.1765032,127.0088257,보안등
35.17599252,127.0084442,보안등
35.17277816,127.006859,보안등
35.172972,127.007549,보안등
35.174833,127.009184,보안등
35.17459446,127.00959,보안등
35.17442252,127.0098204,보안등
35.17495789,127.0102533,보안등
35.17484,127.0102872,보안등
35.17481655,127.0102872,보안등
35.17435504,127.0115002,보안등
35.174023,127.011488,보안등
35.17469798,127.0108454,보안등
35.174857,127.011006,보안등
35.17517858,127.0108857,보안등
35.17561045,127.010516,보안등
35.17561045,127.0105458,보안등
35.18014936,126.9972342,보안등
35.1770465,127.0104106,보안등
35.17874796,127.0095033,보안등
35.17874796,127.0095033,보안등
35.17981341,127.0091025,보안등
35.17981341,127.0091025,보안등
35.17790247,127.0095746,보안등
35.18091902,127.0085278,보안등
35.1812112,127.007832,보안등
35.17143102,127.0034982,보안등
35.17143102,127.0034982,보안등
35.1823764,126.9994131,보안등
35.182402,126.9993464,보안등
35.18397243,127.0022669,보안등
35.18267302,127.0022095,보안등
35.1836576,127.0026945,보안등
35.1770028,127.0094868,보안등
35.17596321,127.0086286,보안등
35.18078155,127.0037505,보안등
35.18194814,127.0030512,보안등
35.17596321,127.0086286,보안등
35.18316708,127.0034001,보안등
35.1761577,127.009827,보안등
35.17790247,127.009583,보안등
35.17602608,127.0142035,보안등
35.18316708,127.0034001,보안등
35.24840969,126.9331424,보안등
35.24886663,126.9325933,보안등
35.24946011,126.932048,보안등
35.2497106,126.9317128,보안등
35.24963948,126.9315441,보안등
35.250267,126.9304678,보안등
35.25088844,126.930682,보안등
35.25171236,126.9291188,보안등
35.25122448,126.930316,보안등
35.251229,126.9299192,보안등
35.2509598,126.9300092,보안등
35.25149245,126.929687,보안등
35.251623,126.9295593,보안등
35.25127945,126.929578,보안등
35.251592,126.9291644,보안등
35.25118111,126.929417,보안등
35.25079402,126.929609,보안등
35.25087179,126.9288746,보안등
35.25101396,126.9287474,보안등
35.2508996,126.9284448,보안등
35.25129747,126.928717,보안등
35.251579,126.9289121,보안등
35.251014,126.9283021,보안등
35.251106,126.9272658,보안등
35.25111012,126.927063,보안등
35.25111012,126.927064,보안등
35.25111012,126.927064,보안등
35.251714,126.926657,보안등
35.25194521,126.926901,보안등
35.25194521,126.9269014,보안등
35.25194521,126.9269014,보안등
35.25237,126.926509,보안등
35.25230653,126.9262594,보안등
35.25200312,126.9262256,보안등
35.251457,126.926302,보안등
35.25130984,126.9265777,보안등
35.25145232,126.9263997,보안등
35.2509986,126.925691,보안등
35.25108346,126.925979,보안등
35.25107692,126.9273428,보안등
35.25066071,126.9267606,보안등
35.25111012,126.927064,보안등
35.252523,126.925529,보안등
35.24942192,126.9235843,보안등
35.249403,126.9235843,보안등
35.248569,126.9259,보안등
35.2481155,126.9260916,보안등
35.247256,126.9264194,보안등
35.24721267,126.9264194,보안등
35.24704224,126.9251259,보안등
35.24817976,126.925283,보안등
35.24628885,126.9257964,보안등
35.24609408,126.9263936,보안등
35.246105,126.9266441,보안등
35.24634688,126.926744,보안등
35.24614771,126.9269888,보안등
35.24636135,126.9271663,보안등
35.24596305,126.9271744,보안등
35.24620421,126.926198,보안등
35.24602693,126.926332,보안등
35.24589321,126.925278,보안등
35.245374,126.926448,보안등
35.24516404,126.9266257,보안등
35.2444316,126.9260058,보안등
35.24445735,126.926149,보안등
35.2439707,126.9259484,보안등
35.251613,126.9266515,보안등
35.24691477,126.9226927,보안등
35.24769047,126.9220021,보안등
35.24886965,126.9222993,보안등
35.248243,126.9207227,보안등
35.25087179,126.9288746,보안등
35.25087179,126.9288746,보안등
35.24963948,126.9315441,보안등
35.24967218,126.9314086,보안등
35.24886663,126.9325933,보안등
35.24967218,126.9314086,보안등
35.24967218,126.9314086,보안등
35.24967218,126.9314086,보안등
35.24967218,126.9314086,보안등
35.24845914,126.9217112,보안등
35.24919193,126.931997,보안등
35.24919193,126.9319095,보안등
35.24919193,126.9319095,보안등
35.24919193,126.9319095,보안등
35.165505,126.9208371,보안등
35.165625,126.9201205,보안등
35.16551,126.920175,보안등
35.16562275,126.920317,보안등
35.16533912,126.9206888,보안등
35.16554411,126.9209976,보안등
35.164715,126.92102,보안등
35.16522017,126.9211665,보안등
35.16536698,126.9215396,보안등
35.16511323,126.9213711,보안등
35.16505133,126.9219024,보안등
35.16484,126.9217623,보안등
35.16482343,126.922095,보안등
35.164555,126.9220287,보안등
35.16464578,126.9223311,보안등
35.16473599,126.9225926,보안등
35.16515469,126.9223368,보안등
35.16535743,126.9226686,보안등
35.16501809,126.9228311,보안등
35.164626,126.9232764,보안등
35.164944,126.923486,보안등
35.1649611,126.9230045,보안등
35.1652126,126.9229684,보안등
35.16560077,126.9230997,보안등
35.16597559,126.923223,보안등
35.16610382,126.9234737,보안등
35.165712,126.9234955,보안등
35.1655862,126.9237048,보안등
35.16544091,126.9236879,보안등
35.16596421,126.9239235,보안등
35.165912,126.922848,보안등
35.166122,126.9230987,보안등
35.166057,126.922846,보안등
35.16574159,126.9227993,보안등
35.166026,126.922625,보안등
35.16581459,126.9222312,보안등
35.1653409,126.9223434,보안등
35.166104,126.922066,보안등
35.16592692,126.9219794,보안등
35.166093,126.9216953,보안등
35.166255,126.9221465,보안등
35.166311,126.922279,보안등
35.16629847,126.922416,보안등
35.166414,126.9224418,보안등
35.16649953,126.9227873,보안등
35.16639436,126.922886,보안등
35.16662538,126.923081,보안등
35.166429,126.9232334,보안등
35.16660073,126.9233242,보안등
35.166737,126.9232981,보안등
35.166324,126.9234623,보안등
35.166586,126.9236224,보안등
35.166326,126.9236931,보안등
35.1665834,126.9241362,보안등
35.16640825,126.924181,보안등
35.16658721,126.9243197,보안등
35.16645137,126.924424,보안등
35.166159,126.924272,보안등
35.16652218,126.9245459,보안등
35.166639,126.9244172,보안등
35.166854,126.9244837,보안등
35.1667129,126.9232335,보안등
35.166389,126.9228103,보안등
35.16650252,126.921886,보안등
35.166315,126.921449,보안등
35.16599149,126.921605,보안등
35.16588685,126.921706,보안등
35.16577317,126.9215876,보안등
35.16563705,126.921274,보안등
35.166873,126.9214274,보안등
35.166574,126.921226,보안등
35.16663934,126.921358,보안등
35.166814,126.9217321,보안등
35.166051,126.9213541,보안등
35.165889,126.9211298,보안등
35.16567008,126.9210821,보안등
35.16626455,126.9208324,보안등
35.16679018,126.9209168,보안등
35.166843,126.921014,보안등
35.16703,126.9208467,보안등
35.16696695,126.9206634,보안등
35.16684552,126.920356,보안등
35.16766616,126.920884,보안등
35.16771248,126.9209539,보안등
35.167466,126.9212695,보안등
35.16732012,126.9216455,보안등
35.1676981,126.9211807,보안등
35.167389,126.9216455,보안등
35.16746707,126.9218385,보안등
35.16728323,126.9217562,보안등
35.16720413,126.9220909,보안등
35.16723696,126.922208,보안등
35.167486,126.9223686,보안등
35.16730304,126.922524,보안등
35.167318,126.9227147,보안등
35.16719888,126.9228854,보안등
35.167456,126.9231031,보안등
35.16724633,126.9231074,보안등
35.16712347,126.922952,보안등
35.16674957,126.922355,보안등
35.1630805,126.9304135,보안등
35.16320886,126.9307003,보안등
35.162591,126.929456,보안등
35.16228765,126.9301934,보안등
35.1623987,126.9297942,보안등
35.1624036,126.930348,보안등
35.1620127,126.9301589,보안등
35.161619,126.9305427,보안등
35.16129426,126.9306669,보안등
35.161523,126.930996,보안등
35.1616537,126.9313833,보안등
35.16181947,126.9311396,보안등
35.16215919,126.930991,보안등
35.161816,126.931585,보안등
35.16289454,126.9316344,보안등
35.16197811,126.93143,보안등
35.16238733,126.9311205,보안등
35.16257,126.9311611,보안등
35.162825,126.9313408,보안등
35.16286344,126.9309155,보안등
35.16324195,126.9312014,보안등
35.16305806,126.9314995,보안등
35.1632269,126.9318478,보안등
35.16293557,126.931835,보안등
35.16375854,126.932044,보안등
35.163831,126.9322054,보안등
35.16404142,126.9319375,보안등
35.1613183,126.93174,보안등
35.16163325,126.9317619,보안등
35.16395026,126.9317173,보안등
35.16418782,126.9313229,보안등
35.16360808,126.93168,보안등
35.1635265,126.9318251,보안등
35.16338838,126.931267,보안등
35.16330161,126.9308635,보안등
35.163393,126.9315214,보안등
35.16341739,126.931799,보안등
35.16415144,126.9310793,보안등
35.16386498,126.931221,보안등
35.16435919,126.931356,보안등
35.16130354,126.93146,보안등
35.16418337,126.9319112,보안등
35.1608692,126.9311665,보안등
35.1608339,126.931082,보안등
35.1606455,126.93103,보안등
35.16093822,126.931795,보안등
35.16115906,126.931792,보안등
35.161113,126.931539,보안등
35.16314032,126.9320464,보안등
35.1628498,126.9324962,보안등
35.16297465,126.9332025,보안등
35.162461,126.93207,보안등
35.162385,126.9325663,보안등
35.1611558,126.9309118,보안등
35.16292,126.93298,보안등
35.16126056,126.930846,보안등
35.1613982,126.9341325,보안등
35.16233565,126.9321887,보안등
35.16233565,126.932128,보안등
35.162711,126.932923,보안등
35.162323,126.933839,보안등
35.16461274,126.9216957,보안등
35.16482939,126.9216506,보안등
35.16424244,126.9230806,보안등
35.1659959,126.9199227,보안등
35.165833,126.920112,보안등
35.16253526,126.9302002,보안등
35.1628832,126.9296912,보안등
35.162915,126.930313,보안등
35.1632166,126.9301893,보안등
35.16328065,126.9306158,보안등
35.16582801,126.920974,보안등
35.1659552,126.9209266,보안등
35.16351926,126.930674,보안등
35.16596486,126.9207215,보안등
35.162788,126.930375,보안등
35.162745,126.930606,보안등
35.16248212,126.930801,보안등
35.16215961,126.930916,보안등
35.1634202,126.9320092,보안등
35.16620831,126.923545,보안등
35.166019,126.923264,보안등
35.16550852,126.9203693,보안등
35.16797862,126.920487,보안등
35.167603,126.920435,보안등
35.16825141,126.920572,보안등
35.16820951,126.920436,보안등
35.16227711,126.932914,보안등
35.1613982,126.9341325,보안등
35.1618416,126.932744,보안등
35.1614882,126.932688,보안등
35.16163411,126.932312,보안등
35.16200839,126.9341944,보안등
35.16213271,126.9345574,보안등
35.1617418,126.9345473,보안등
35.16158607,126.934125,보안등
35.1615565,126.93396,보안등
35.16194947,126.9334087,보안등
35.1619809,126.934074,보안등
35.16163325,126.9317619,보안등
35.16659553,126.92488,보안등
35.166509,126.9248987,보안등
35.16631,126.9250387,보안등
35.166072,126.9249626,보안등
35.16658232,126.9251536,보안등
35.16623116,126.925146,보안등
35.16652,126.925332,보안등
35.16665435,126.9256172,보안등
35.166323,126.9253958,보안등
35.16616938,126.925251,보안등
35.16635281,126.9256984,보안등
35.16654499,126.9257259,보안등
35.16709039,126.9254006,보안등
35.16704259,126.9255929,보안등
35.16705315,126.9258219,보안등
35.16712652,126.9258856,보안등
35.167001,126.9261747,보안등
35.1667891,126.9262602,보안등
35.1668902,126.9268164,보안등
35.16656352,126.926654,보안등
35.1665659,126.9270354,보안등
35.16182472,126.9316926,보안등
35.1667925,126.927082,보안등
35.166764,126.9274465,보안등
35.1668683,126.927718,보안등
35.16669879,126.9276807,보안등
35.1666895,126.9278787,보안등
35.16655751,126.9282475,보안등
35.16681069,126.9237936,보안등
35.1666031,126.921863,보안등
35.1667306,126.920297,보안등
35.1668322,126.9203495,보안등
35.166523,126.920524,보안등
35.16725378,126.9206776,보안등
35.16737244,126.9208772,보안등
35.16735295,126.9211335,보안등
35.16724179,126.92136,보안등
35.167072,126.921494,보안등
35.1670854,126.9219518,보안등
35.16710234,126.9221978,보안등
35.16702363,126.9224429,보안등
35.16677052,126.9227903,보안등
35.1669001,126.9230776,보안등
35.16674506,126.923634,보안등
35.16688256,126.924129,보안등
35.16699475,126.924699,보안등
35.16706165,126.924973,보안등
35.16710578,126.9255857,보안등
35.16712652,126.9258952,보안등
35.16711975,126.9261918,보안등
35.16689161,126.9263885,보안등
35.16328344,126.9282947,보안등
35.16693536,126.927191,보안등
35.16675337,126.9232335,보안등
35.16675337,126.9232335,보안등
35.16471468,126.9256972,보안등
35.16471468,126.9256972,보안등
35.16471468,126.9256972,보안등
35.16471468,126.9256972,보안등
35.165744,126.930304,보안등
35.16489985,126.9227185,보안등
35.1613982,126.9341325,보안등
35.1613982,126.9341325,보안등
35.16550852,126.9203693,보안등
35.1643016,126.931389,보안등
35.16423931,126.931656,보안등
35.1613982,126.9341325,보안등
35.16149663,126.932118,보안등
35.1612026,126.9324334,보안등
35.16154746,126.932288,보안등
35.16132976,126.9325489,보안등
35.16126954,126.9322123,보안등
35.16374287,126.9311027,보안등
35.16253374,126.929107,보안등
35.16194233,126.930067,보안등
35.16183123,126.930095,보안등
35.161514,126.930408,보안등
35.16100735,126.930814,보안등
35.1617076,126.930917,보안등
35.1616717,126.9311416,보안등
35.16641359,126.9210205,보안등
35.1651558,126.9223368,보안등
35.162267,126.9295898,보안등
35.1647766,126.9217091,보안등
35.1669391,126.9274512,보안등
35.1638516,126.9310062,보안등
35.1618654,126.930977,보안등
35.1672353,126.9201018,보안등
35.16766368,126.9211807,보안등
35.1651668,126.9235823,보안등
35.1649977,126.923486,보안등
35.16185635,126.9305311,보안등
35.16550852,126.9203693,보안등
35.16550852,126.9203693,보안등
35.15466738,126.970019,보안등
35.154652,126.970421,보안등
35.15481682,126.9696747,보안등
35.1548356,126.9701854,보안등
35.15504364,126.9709569,보안등
35.155256,126.9702593,보안등
35.155625,126.971331,보안등
35.15521872,126.9699678,보안등
35.15416302,126.9691484,보안등
35.15470019,126.9676028,보안등
35.1539537,126.969138,보안등
35.15442,126.9692035,보안등
35.15416302,126.9691484,보안등
35.15416302,126.9691484,보안등
35.15363006,126.9666008,보안등
35.15418066,126.9676815,보안등
35.15418066,126.9676815,보안등
35.1537687,126.966866,보안등
35.15381877,126.9653918,보안등
35.153882,126.9653918,보안등
35.15381877,126.9653918,보안등
35.15361317,126.9647665,보안등
35.15333171,126.9647868,보안등
35.15333171,126.9647868,보안등
35.151582,126.968715,보안등
35.151008,126.968997,보안등
35.1504971,126.9695369,보안등
35.14639331,126.964075,보안등
35.14639331,126.9640071,보안등
35.15300206,126.966896,보안등
35.15456656,126.9691624,보안등
35.14901664,126.960825,보안등
35.14927169,126.9604473,보안등
35.149035,126.9604135,보안등
35.14900965,126.9604135,보안등
35.15672145,126.9717769,보안등
35.15672145,126.9717769,보안등
35.15646208,126.9710361,보안등
35.15668904,126.9603256,보안등
35.15692585,126.9598583,보안등
35.15692585,126.9598583,보안등
35.15692585,126.9598583,보안등
35.15675983,126.9593568,보안등
35.15365744,126.9646328,보안등
35.14743149,126.961398,보안등
35.15361317,126.9647665,보안등
35.15672145,126.9717769,보안등
35.15672145,126.9717769,보안등
35.15672145,126.9717769,보안등
35.15078473,126.9719725,보안등
35.14781697,126.9679902,보안등
35.14713578,126.9672343,보안등
35.15229437,126.9696935,보안등
35.15146088,126.9700737,보안등
35.15179373,126.9705238,보안등
35.15146088,126.9700737,보안등
35.15078473,126.9719725,보안등
35.15078473,126.9719725,보안등
35.14937899,126.97305,보안등
35.15025152,126.9734037,보안등
35.24330212,126.9136799,보안등
35.24430661,126.9156677,보안등
35.24400735,126.9162301,보안등
35.24349049,126.9163616,보안등
35.24298749,126.9168658,보안등
35.24301568,126.9175388,보안등
35.242431,126.9178764,보안등
35.242208,126.917899,보안등
35.24195198,126.918416,보안등
35.24205356,126.9190969,보안등
35.24379331,126.913975,보안등
35.2438851,126.9134986,보안등
35.24362597,126.9133932,보안등
35.2436419,126.9129812,보안등
35.2428967,126.9142864,보안등
35.242663,126.9143027,보안등
35.24254978,126.9139125,보안등
35.24231202,126.9143181,보안등
35.24211244,126.9139065,보안등
35.24306689,126.9145592,보안등
35.24225337,126.9149967,보안등
35.241984,126.9148752,보안등
35.24163416,126.915026,보안등
35.2411654,126.915448,보안등
35.24125285,126.9148784,보안등
35.241175,126.9143412,보안등
35.24091762,126.9147393,보안등
35.24086857,126.9155578,보안등
35.24086857,126.9155578,보안등
35.23989098,126.9158331,보안등
35.23975437,126.9158828,보안등
35.23924465,126.9159983,보안등
35.23923295,126.9155119,보안등
35.24649373,126.9140707,보안등
35.24555605,126.9152376,보안등
35.24555605,126.9152076,보안등
35.24615338,126.9153386,보안등
35.24646393,126.9159133,보안등
35.24576311,126.9158812,보안등
35.24304365,126.9107877,보안등
35.24291687,126.9108647,보안등
35.24265184,126.911026,보안등
35.24211454,126.9107119,보안등
35.24177938,126.9108994,보안등
35.241657,126.9106947,보안등
35.24150431,126.9105578,보안등
35.24133972,126.9108051,보안등
35.24140945,126.910658,보안등
35.24078967,126.910257,보안등
35.2407905,126.9108612,보안등
35.24072286,126.914359,보안등
35.2401961,126.9154156,보안등
